assembly_accession	bioproject	biosample	wgs_master	excluded_from_refseq	refseq_category	relation_to_type_material	taxid	species_taxid	organism_name	infraspecific_name	isolate	version_status	assembly_level	release_type	genome_rep	seq_rel_date	asm_name	submitter	gbrs_paired_asm	paired_asm_comp	ftp_path	local_filename
GCF_002208985.1	PRJNA224116	SAMN06173300	na	na	na	na	545	545	Citrobacter koseri	strain=FDAARGOS_287	na	latest	Complete Genome	Major	Full	2018-03-06	ASM220898v3		GCA_002208985.3	identical	https://ftp.ncbi.nlm.nih.gov/genomes/all/GCF/002/208/985/GCF_002208985.1_ASM220898v3	./Development/ThreeFold/data/external/Citrobacter/GCF_002208985.1_ASM220898v3_genomic.fna.gz
GCF_002393245.1	PRJNA224116	SAMN07312437	na	na	na	na	545	545	Citrobacter koseri	strain=FDAARGOS_393	na	latest	Complete Genome	Major	Full	2017-09-28	ASM239324v1		GCA_002393245.1	identical	https://ftp.ncbi.nlm.nih.gov/genomes/all/GCF/002/393/245/GCF_002393245.1_ASM239324v1	./Development/ThreeFold/data/external/Citrobacter/GCF_002393245.1_ASM239324v1_genomic.fna.gz
GCF_002947035.1	PRJNA224116	SAMN04014866	na	na	na	na	545	545	Citrobacter koseri	strain=AR_0025	na	latest	Complete Genome	Major	Full	2018-02-18	ASM294703v1		GCA_002947035.1	identical	https://ftp.ncbi.nlm.nih.gov/genomes/all/GCF/002/947/035/GCF_002947035.1_ASM294703v1	./Development/ThreeFold/data/external/Citrobacter/GCF_002947035.1_ASM294703v1_genomic.fna.gz
GCF_002947675.1	PRJNA224116	SAMN04014865	na	na	na	na	545	545	Citrobacter koseri	strain=AR_0024	na	latest	Complete Genome	Major	Full	2018-02-18	ASM294767v1		GCA_002947675.1	identical	https://ftp.ncbi.nlm.nih.gov/genomes/all/GCF/002/947/675/GCF_002947675.1_ASM294767v1	./Development/ThreeFold/data/external/Citrobacter/GCF_002947675.1_ASM294767v1_genomic.fna.gz
GCF_003812405.1	PRJNA224116	SAMN10163225	na	na	na	na	545	545	Citrobacter koseri	strain=FDAARGOS_530	na	latest	Complete Genome	Major	Full	2018-11-21	ASM381240v1		GCA_003812405.1	identical	https://ftp.ncbi.nlm.nih.gov/genomes/all/GCF/003/812/405/GCF_003812405.1_ASM381240v1	./Development/ThreeFold/data/external/Citrobacter/GCF_003812405.1_ASM381240v1_genomic.fna.gz
GCF_008693945.1	PRJNA224116	SAMN11056361	na	na	na	na	545	545	Citrobacter koseri	strain=FDAARGOS_646	na	latest	Complete Genome	Major	Full	2019-09-25	ASM869394v1		GCA_008693945.1	identical	https://ftp.ncbi.nlm.nih.gov/genomes/all/GCF/008/693/945/GCF_008693945.1_ASM869394v1	./Development/ThreeFold/data/external/Citrobacter/GCF_008693945.1_ASM869394v1_genomic.fna.gz
GCF_014679775.1	PRJNA224116	SAMD00244769	na	na	na	na	545	545	Citrobacter koseri	strain=MPUCK001	na	latest	Complete Genome	Major	Full	2020-09-15	ASM1467977v1		GCA_014679775.1	identical	https://ftp.ncbi.nlm.nih.gov/genomes/all/GCF/014/679/775/GCF_014679775.1_ASM1467977v1	./Development/ThreeFold/data/external/Citrobacter/GCF_014679775.1_ASM1467977v1_genomic.fna.gz
GCF_016128275.1	PRJNA224116	SAMN16357198	na	na	na	na	545	545	Citrobacter koseri	strain=FDAARGOS_1029	na	latest	Complete Genome	Major	Full	2020-12-20	ASM1612827v1		GCA_016128275.1	identical	https://ftp.ncbi.nlm.nih.gov/genomes/all/GCF/016/128/275/GCF_016128275.1_ASM1612827v1	./Development/ThreeFold/data/external/Citrobacter/GCF_016128275.1_ASM1612827v1_genomic.fna.gz
GCF_019443705.1	PRJNA224116	SAMN14371231	na	na	na	na	545	545	Citrobacter koseri	strain=NJ	na	latest	Complete Genome	Major	Full	2021-08-03	ASM1944370v1		GCA_019443705.1	identical	https://ftp.ncbi.nlm.nih.gov/genomes/all/GCF/019/443/705/GCF_019443705.1_ASM1944370v1	./Development/ThreeFold/data/external/Citrobacter/GCF_019443705.1_ASM1944370v1_genomic.fna.gz
GCF_022846555.1	PRJNA224116	SAMD00441895	na	na	na	na	545	545	Citrobacter koseri	strain=TUM13189	na	latest	Complete Genome	Major	Full	2022-03-15	ASM2284655v1		GCA_022846555.1	identical	https://ftp.ncbi.nlm.nih.gov/genomes/all/GCF/022/846/555/GCF_022846555.1_ASM2284655v1	./Development/ThreeFold/data/external/Citrobacter/GCF_022846555.1_ASM2284655v1_genomic.fna.gz
GCF_023169985.1	PRJNA224116	SAMD00441896	na	na	na	na	545	545	Citrobacter koseri	strain=TUM20903	na	latest	Complete Genome	Major	Full	2022-03-15	ASM2316998v1		GCA_023169985.1	identical	https://ftp.ncbi.nlm.nih.gov/genomes/all/GCF/023/169/985/GCF_023169985.1_ASM2316998v1	./Development/ThreeFold/data/external/Citrobacter/GCF_023169985.1_ASM2316998v1_genomic.fna.gz
GCF_029025745.1	PRJNA224116	SAMN33442942	na	na	na	na	545	545	Citrobacter koseri	strain=L2395	na	latest	Complete Genome	Major	Full	2023-03-08	ASM2902574v1		GCA_029025745.1	identical	https://ftp.ncbi.nlm.nih.gov/genomes/all/GCF/029/025/745/GCF_029025745.1_ASM2902574v1	./Development/ThreeFold/data/external/Citrobacter/GCF_029025745.1_ASM2902574v1_genomic.fna.gz
GCF_032938575.1	PRJNA224116	SAMN37823616	na	na	na	na	545	545	Citrobacter koseri	strain=K1018	na	latest	Complete Genome	Major	Full	2023-10-23	ASM3293857v1		GCA_032938575.1	identical	https://ftp.ncbi.nlm.nih.gov/genomes/all/GCF/032/938/575/GCF_032938575.1_ASM3293857v1	./Development/ThreeFold/data/external/Citrobacter/GCF_032938575.1_ASM3293857v1_genomic.fna.gz
GCF_032939275.1	PRJNA224116	SAMN37824052	na	na	na	na	545	545	Citrobacter koseri	strain=K1721	na	latest	Complete Genome	Major	Full	2023-10-23	ASM3293927v1		GCA_032939275.1	identical	https://ftp.ncbi.nlm.nih.gov/genomes/all/GCF/032/939/275/GCF_032939275.1_ASM3293927v1	./Development/ThreeFold/data/external/Citrobacter/GCF_032939275.1_ASM3293927v1_genomic.fna.gz
GCF_032940055.1	PRJNA224116	SAMN37824475	na	na	na	na	545	545	Citrobacter koseri	strain=K4022	na	latest	Complete Genome	Major	Full	2023-10-23	ASM3294005v1		GCA_032940055.1	identical	https://ftp.ncbi.nlm.nih.gov/genomes/all/GCF/032/940/055/GCF_032940055.1_ASM3294005v1	./Development/ThreeFold/data/external/Citrobacter/GCF_032940055.1_ASM3294005v1_genomic.fna.gz
GCF_032941735.1	PRJNA224116	SAMN37824923	na	na	na	na	545	545	Citrobacter koseri	strain=K118	na	latest	Complete Genome	Major	Full	2023-10-23	ASM3294173v1		GCA_032941735.1	identical	https://ftp.ncbi.nlm.nih.gov/genomes/all/GCF/032/941/735/GCF_032941735.1_ASM3294173v1	./Development/ThreeFold/data/external/Citrobacter/GCF_032941735.1_ASM3294173v1_genomic.fna.gz
GCF_032943435.1	PRJNA224116	SAMN37825802	na	na	na	na	545	545	Citrobacter koseri	strain=K616	na	latest	Complete Genome	Major	Full	2023-10-23	ASM3294343v1		GCA_032943435.1	identical	https://ftp.ncbi.nlm.nih.gov/genomes/all/GCF/032/943/435/GCF_032943435.1_ASM3294343v1	./Development/ThreeFold/data/external/Citrobacter/GCF_032943435.1_ASM3294343v1_genomic.fna.gz
GCF_032944275.1	PRJNA224116	SAMN37830235	na	na	na	na	545	545	Citrobacter koseri	strain=K1118	na	latest	Complete Genome	Major	Full	2023-10-23	ASM3294427v1		GCA_032944275.1	identical	https://ftp.ncbi.nlm.nih.gov/genomes/all/GCF/032/944/275/GCF_032944275.1_ASM3294427v1	./Development/ThreeFold/data/external/Citrobacter/GCF_032944275.1_ASM3294427v1_genomic.fna.gz
GCF_032945095.1	PRJNA224116	SAMN37851225	na	na	na	na	545	545	Citrobacter koseri	strain=K1818	na	latest	Complete Genome	Major	Full	2023-10-23	ASM3294509v1		GCA_032945095.1	identical	https://ftp.ncbi.nlm.nih.gov/genomes/all/GCF/032/945/095/GCF_032945095.1_ASM3294509v1	./Development/ThreeFold/data/external/Citrobacter/GCF_032945095.1_ASM3294509v1_genomic.fna.gz
GCF_032946055.1	PRJNA224116	SAMN37851623	na	na	na	na	545	545	Citrobacter koseri	strain=K2521	na	latest	Complete Genome	Major	Full	2023-10-23	ASM3294605v1		GCA_032946055.1	identical	https://ftp.ncbi.nlm.nih.gov/genomes/all/GCF/032/946/055/GCF_032946055.1_ASM3294605v1	./Development/ThreeFold/data/external/Citrobacter/GCF_032946055.1_ASM3294605v1_genomic.fna.gz
GCF_032947135.1	PRJNA224116	SAMN37851753	na	na	na	na	545	545	Citrobacter koseri	strain=K2721	na	latest	Complete Genome	Major	Full	2023-10-23	ASM3294713v1		GCA_032947135.1	identical	https://ftp.ncbi.nlm.nih.gov/genomes/all/GCF/032/947/135/GCF_032947135.1_ASM3294713v1	./Development/ThreeFold/data/external/Citrobacter/GCF_032947135.1_ASM3294713v1_genomic.fna.gz
GCF_033153635.1	PRJNA224116	SAMN37830357	na	na	na	na	545	545	Citrobacter koseri	strain=K1219	na	latest	Complete Genome	Major	Full	2023-10-31	ASM3315363v1		GCA_033153635.1	identical	https://ftp.ncbi.nlm.nih.gov/genomes/all/GCF/033/153/635/GCF_033153635.1_ASM3315363v1	./Development/ThreeFold/data/external/Citrobacter/GCF_033153635.1_ASM3315363v1_genomic.fna.gz
GCF_034424455.1	PRJNA224116	SAMN38562703	na	na	na	na	545	545	Citrobacter koseri	strain=HAMBI_1287	na	latest	Complete Genome	Major	Full	2023-12-17	ASM3442445v1		GCA_034424455.1	identical	https://ftp.ncbi.nlm.nih.gov/genomes/all/GCF/034/424/455/GCF_034424455.1_ASM3442445v1	./Development/ThreeFold/data/external/Citrobacter/GCF_034424455.1_ASM3442445v1_genomic.fna.gz
GCF_036289045.1	PRJNA224116	SAMN37814089	na	na	na	na	545	545	Citrobacter koseri	strain=K820	na	latest	Complete Genome	Major	Full	2024-01-23	ASM3628904v1		GCA_036289045.1	identical	https://ftp.ncbi.nlm.nih.gov/genomes/all/GCF/036/289/045/GCF_036289045.1_ASM3628904v1	./Development/ThreeFold/data/external/Citrobacter/GCF_036289045.1_ASM3628904v1_genomic.fna.gz
GCF_037848175.1	PRJNA224116	SAMN37848897	na	na	na	na	545	545	Citrobacter koseri	strain=44VAs_B2	na	latest	Complete Genome	Major	Full	2024-04-05	ASM3784817v1		GCA_037848175.1	identical	https://ftp.ncbi.nlm.nih.gov/genomes/all/GCF/037/848/175/GCF_037848175.1_ASM3784817v1	./Development/ThreeFold/data/external/Citrobacter/GCF_037848175.1_ASM3784817v1_genomic.fna.gz
GCF_041344885.1	PRJNA224116	SAMN43062515	na	na	na	na	545	545	Citrobacter koseri	strain=CRE191	na	latest	Complete Genome	Major	Full	2024-08-21	ASM4134488v1		GCA_041344885.1	identical	https://ftp.ncbi.nlm.nih.gov/genomes/all/GCF/041/344/885/GCF_041344885.1_ASM4134488v1	./Development/ThreeFold/data/external/Citrobacter/GCF_041344885.1_ASM4134488v1_genomic.fna.gz
GCF_905337805.2	PRJNA224116	SAMEA8158506	na	na	na	na	545	545	Citrobacter koseri	na	0	latest	Complete Genome	Major	Full	2022-05-24	AN2353v1_cp		GCA_905337805.2	identical	https://ftp.ncbi.nlm.nih.gov/genomes/all/GCF/905/337/805/GCF_905337805.2_AN2353v1_cp	./Development/ThreeFold/data/external/Citrobacter/GCF_905337805.2_AN2353v1_cp_genomic.fna.gz
GCF_905337845.2	PRJNA224116	SAMEA8158505	na	na	na	na	545	545	Citrobacter koseri	na	0	latest	Complete Genome	Major	Full	2022-05-24	AN2351v1_cp		GCA_905337845.2	identical	https://ftp.ncbi.nlm.nih.gov/genomes/all/GCF/905/337/845/GCF_905337845.2_AN2351v1_cp	./Development/ThreeFold/data/external/Citrobacter/GCF_905337845.2_AN2351v1_cp_genomic.fna.gz
GCF_000783755.2	PRJNA224116	SAMN02934525	na	na	na	na	546	546	Citrobacter freundii	strain=FDAARGOS_73	na	latest	Complete Genome	Major	Full	2018-01-30	ASM78375v2		GCA_000783755.2	identical	https://ftp.ncbi.nlm.nih.gov/genomes/all/GCF/000/783/755/GCF_000783755.2_ASM78375v2	./Development/ThreeFold/data/external/Citrobacter/GCF_000783755.2_ASM78375v2_genomic.fna.gz
GCF_001022155.1	PRJNA224116	SAMN03733741	na	na	na	na	546	546	Citrobacter freundii	strain=CAV1321	na	latest	Complete Genome	Major	Full	2015-06-09	ASM102215v1		GCA_001022155.1	identical	https://ftp.ncbi.nlm.nih.gov/genomes/all/GCF/001/022/155/GCF_001022155.1_ASM102215v1	./Development/ThreeFold/data/external/Citrobacter/GCF_001022155.1_ASM102215v1_genomic.fna.gz
GCF_001022275.1	PRJNA224116	SAMN03733754	na	na	na	na	546	546	Citrobacter freundii	strain=CAV1741	na	latest	Complete Genome	Major	Full	2015-06-09	ASM102227v1		GCA_001022275.1	identical	https://ftp.ncbi.nlm.nih.gov/genomes/all/GCF/001/022/275/GCF_001022275.1_ASM102227v1	./Development/ThreeFold/data/external/Citrobacter/GCF_001022275.1_ASM102227v1_genomic.fna.gz
GCF_001702455.1	PRJNA224116	SAMN05464624	na	na	na	na	546	546	Citrobacter freundii	strain=B38	na	latest	Complete Genome	Major	Full	2016-08-10	ASM170245v1		GCA_001702455.1	identical	https://ftp.ncbi.nlm.nih.gov/genomes/all/GCF/001/702/455/GCF_001702455.1_ASM170245v1	./Development/ThreeFold/data/external/Citrobacter/GCF_001702455.1_ASM170245v1_genomic.fna.gz
GCF_001718055.1	PRJNA224116	SAMN05570461	na	na	na	na	546	546	Citrobacter freundii	strain=SL151	na	latest	Complete Genome	Major	Full	2016-09-02	ASM171805v1		GCA_001718055.1	identical	https://ftp.ncbi.nlm.nih.gov/genomes/all/GCF/001/718/055/GCF_001718055.1_ASM171805v1	./Development/ThreeFold/data/external/Citrobacter/GCF_001718055.1_ASM171805v1_genomic.fna.gz
GCF_002211705.1	PRJNA224116	SAMN07260758	na	na	na	na	546	546	Citrobacter freundii	strain=705SK3	na	latest	Complete Genome	Major	Full	2017-06-30	ASM221170v1		GCA_002211705.1	identical	https://ftp.ncbi.nlm.nih.gov/genomes/all/GCF/002/211/705/GCF_002211705.1_ASM221170v1	./Development/ThreeFold/data/external/Citrobacter/GCF_002211705.1_ASM221170v1_genomic.fna.gz
GCF_002215385.1	PRJNA224116	SAMN07280739	na	na	na	na	546	546	Citrobacter freundii	strain=18-1	na	latest	Complete Genome	Major	Full	2017-07-06	ASM221538v1		GCA_002215385.1	identical	https://ftp.ncbi.nlm.nih.gov/genomes/all/GCF/002/215/385/GCF_002215385.1_ASM221538v1	./Development/ThreeFold/data/external/Citrobacter/GCF_002215385.1_ASM221538v1_genomic.fna.gz
GCF_002796505.1	PRJNA224116	SAMN04014863	na	na	na	na	546	546	Citrobacter freundii	strain=AR_0022	na	latest	Complete Genome	Major	Full	2017-11-27	ASM279650v1		GCA_002796505.1	identical	https://ftp.ncbi.nlm.nih.gov/genomes/all/GCF/002/796/505/GCF_002796505.1_ASM279650v1	./Development/ThreeFold/data/external/Citrobacter/GCF_002796505.1_ASM279650v1_genomic.fna.gz
GCF_003571565.1	PRJNA224116	SAMN04014957	na	na	na	na	546	546	Citrobacter freundii	strain=AR_0116	na	latest	Complete Genome	Major	Full	2018-09-16	ASM357156v1		GCA_003571565.1	identical	https://ftp.ncbi.nlm.nih.gov/genomes/all/GCF/003/571/565/GCF_003571565.1_ASM357156v1	./Development/ThreeFold/data/external/Citrobacter/GCF_003571565.1_ASM357156v1_genomic.fna.gz
GCF_003665535.1	PRJNA224116	SAMN07729551	na	na	na	na	546	546	Citrobacter freundii	strain=UMH19	na	latest	Complete Genome	Major	Full	2018-10-17	ASM366553v1		GCA_003665535.1	identical	https://ftp.ncbi.nlm.nih.gov/genomes/all/GCF/003/665/535/GCF_003665535.1_ASM366553v1	./Development/ThreeFold/data/external/Citrobacter/GCF_003665535.1_ASM366553v1_genomic.fna.gz
GCF_003665595.1	PRJNA224116	SAMN07729547	na	na	na	na	546	546	Citrobacter freundii	strain=UMH15	na	latest	Complete Genome	Major	Full	2018-10-17	ASM366559v1		GCA_003665595.1	identical	https://ftp.ncbi.nlm.nih.gov/genomes/all/GCF/003/665/595/GCF_003665595.1_ASM366559v1	./Development/ThreeFold/data/external/Citrobacter/GCF_003665595.1_ASM366559v1_genomic.fna.gz
GCF_003665615.1	PRJNA224116	SAMN07729546	na	na	na	na	546	546	Citrobacter freundii	strain=UMH14	na	latest	Complete Genome	Major	Full	2018-10-17	ASM366561v1		GCA_003665615.1	identical	https://ftp.ncbi.nlm.nih.gov/genomes/all/GCF/003/665/615/GCF_003665615.1_ASM366561v1	./Development/ThreeFold/data/external/Citrobacter/GCF_003665615.1_ASM366561v1_genomic.fna.gz
GCF_003665635.1	PRJNA224116	SAMN07729545	na	na	na	na	546	546	Citrobacter freundii	strain=UMH13	na	latest	Complete Genome	Major	Full	2018-10-17	ASM366563v1		GCA_003665635.1	identical	https://ftp.ncbi.nlm.nih.gov/genomes/all/GCF/003/665/635/GCF_003665635.1_ASM366563v1	./Development/ThreeFold/data/external/Citrobacter/GCF_003665635.1_ASM366563v1_genomic.fna.gz
GCF_003665655.1	PRJNA224116	SAMN07729552	na	na	na	na	546	546	Citrobacter freundii	strain=HM38	na	latest	Complete Genome	Major	Full	2018-10-17	ASM366565v1		GCA_003665655.1	identical	https://ftp.ncbi.nlm.nih.gov/genomes/all/GCF/003/665/655/GCF_003665655.1_ASM366565v1	./Development/ThreeFold/data/external/Citrobacter/GCF_003665655.1_ASM366565v1_genomic.fna.gz
GCF_003665675.1	PRJNA224116	SAMN07729548	na	na	na	na	546	546	Citrobacter freundii	strain=UMH16	na	latest	Complete Genome	Major	Full	2018-10-17	ASM366567v1		GCA_003665675.1	identical	https://ftp.ncbi.nlm.nih.gov/genomes/all/GCF/003/665/675/GCF_003665675.1_ASM366567v1	./Development/ThreeFold/data/external/Citrobacter/GCF_003665675.1_ASM366567v1_genomic.fna.gz
GCF_003812325.1	PRJNA224116	SAMN10163243	na	na	na	na	546	546	Citrobacter freundii	strain=FDAARGOS_550	na	latest	Complete Genome	Major	Full	2018-11-21	ASM381232v1		GCA_003812325.1	identical	https://ftp.ncbi.nlm.nih.gov/genomes/all/GCF/003/812/325/GCF_003812325.1_ASM381232v1	./Development/ThreeFold/data/external/Citrobacter/GCF_003812325.1_ASM381232v1_genomic.fna.gz
GCF_003812345.1	PRJNA224116	SAMN10163242	na	na	na	na	546	546	Citrobacter freundii	strain=FDAARGOS_549	na	latest	Complete Genome	Major	Full	2018-11-21	ASM381234v1		GCA_003812345.1	identical	https://ftp.ncbi.nlm.nih.gov/genomes/all/GCF/003/812/345/GCF_003812345.1_ASM381234v1	./Development/ThreeFold/data/external/Citrobacter/GCF_003812345.1_ASM381234v1_genomic.fna.gz
GCF_004103775.1	PRJNA224116	SAMN10754625	na	na	na	na	546	546	Citrobacter freundii	strain=R17	na	latest	Complete Genome	Major	Full	2019-01-23	ASM410377v1		GCA_004103775.1	identical	https://ftp.ncbi.nlm.nih.gov/genomes/all/GCF/004/103/775/GCF_004103775.1_ASM410377v1	./Development/ThreeFold/data/external/Citrobacter/GCF_004103775.1_ASM410377v1_genomic.fna.gz
GCF_004344985.1	PRJNA224116	SAMN11055879	na	na	na	na	546	546	Citrobacter freundii	strain=CAV1857	na	latest	Complete Genome	Major	Full	2019-03-12	ASM434498v1		GCA_004344985.1	identical	https://ftp.ncbi.nlm.nih.gov/genomes/all/GCF/004/344/985/GCF_004344985.1_ASM434498v1	./Development/ThreeFold/data/external/Citrobacter/GCF_004344985.1_ASM434498v1_genomic.fna.gz
GCF_004792475.1	PRJNA224116	SAMN11268911	na	na	na	na	546	546	Citrobacter freundii	strain=Upstream_1	na	latest	Complete Genome	Major	Full	2019-04-14	ASM479247v1		GCA_004792475.1	identical	https://ftp.ncbi.nlm.nih.gov/genomes/all/GCF/004/792/475/GCF_004792475.1_ASM479247v1	./Development/ThreeFold/data/external/Citrobacter/GCF_004792475.1_ASM479247v1_genomic.fna.gz
GCF_005960425.1	PRJNA224116	SAMN11845725	na	na	na	na	546	546	Citrobacter freundii	strain=R47	na	latest	Complete Genome	Major	Full	2019-06-04	ASM596042v1		GCA_005960425.1	identical	https://ftp.ncbi.nlm.nih.gov/genomes/all/GCF/005/960/425/GCF_005960425.1_ASM596042v1	./Development/ThreeFold/data/external/Citrobacter/GCF_005960425.1_ASM596042v1_genomic.fna.gz
GCF_008931485.1	PRJNA224116	SAMN12289284	na	na	na	na	546	546	Citrobacter freundii	strain=C50	na	latest	Complete Genome	Major	Full	2019-10-09	ASM893148v1		GCA_008931485.1	identical	https://ftp.ncbi.nlm.nih.gov/genomes/all/GCF/008/931/485/GCF_008931485.1_ASM893148v1	./Development/ThreeFold/data/external/Citrobacter/GCF_008931485.1_ASM893148v1_genomic.fna.gz
GCF_008931505.1	PRJNA224116	SAMN12289346	na	na	na	na	546	546	Citrobacter freundii	strain=E33	na	latest	Complete Genome	Major	Full	2019-10-09	ASM893150v1		GCA_008931505.1	identical	https://ftp.ncbi.nlm.nih.gov/genomes/all/GCF/008/931/505/GCF_008931505.1_ASM893150v1	./Development/ThreeFold/data/external/Citrobacter/GCF_008931505.1_ASM893150v1_genomic.fna.gz
GCF_008931625.1	PRJNA224116	SAMN12289395	na	na	na	na	546	546	Citrobacter freundii	strain=E11	na	latest	Complete Genome	Major	Full	2019-10-09	ASM893162v1		GCA_008931625.1	identical	https://ftp.ncbi.nlm.nih.gov/genomes/all/GCF/008/931/625/GCF_008931625.1_ASM893162v1	./Development/ThreeFold/data/external/Citrobacter/GCF_008931625.1_ASM893162v1_genomic.fna.gz
GCF_008931685.1	PRJNA224116	SAMN12289332	na	na	na	na	546	546	Citrobacter freundii	strain=E51	na	latest	Complete Genome	Major	Full	2019-10-09	ASM893168v1		GCA_008931685.1	identical	https://ftp.ncbi.nlm.nih.gov/genomes/all/GCF/008/931/685/GCF_008931685.1_ASM893168v1	./Development/ThreeFold/data/external/Citrobacter/GCF_008931685.1_ASM893168v1_genomic.fna.gz
GCF_009664025.1	PRJNA224116	SAMN11287982	na	na	na	na	546	546	Citrobacter freundii	strain=154	na	latest	Complete Genome	Major	Full	2019-11-15	ASM966402v1		GCA_009664025.1	identical	https://ftp.ncbi.nlm.nih.gov/genomes/all/GCF/009/664/025/GCF_009664025.1_ASM966402v1	./Development/ThreeFold/data/external/Citrobacter/GCF_009664025.1_ASM966402v1_genomic.fna.gz
GCF_009664045.1	PRJNA224116	SAMN11288321	na	na	na	na	546	546	Citrobacter freundii	strain=565	na	latest	Complete Genome	Major	Full	2019-11-15	ASM966404v1		GCA_009664045.1	identical	https://ftp.ncbi.nlm.nih.gov/genomes/all/GCF/009/664/045/GCF_009664045.1_ASM966404v1	./Development/ThreeFold/data/external/Citrobacter/GCF_009664045.1_ASM966404v1_genomic.fna.gz
GCF_009664065.1	PRJNA224116	SAMN11288343	na	na	na	na	546	546	Citrobacter freundii	strain=680	na	latest	Complete Genome	Major	Full	2019-11-15	ASM966406v1		GCA_009664065.1	identical	https://ftp.ncbi.nlm.nih.gov/genomes/all/GCF/009/664/065/GCF_009664065.1_ASM966406v1	./Development/ThreeFold/data/external/Citrobacter/GCF_009664065.1_ASM966406v1_genomic.fna.gz
GCF_009857035.1	PRJNA224116	SAMN13282750	na	na	na	na	546	546	Citrobacter freundii	strain=L75	na	latest	Complete Genome	Major	Full	2020-01-12	ASM985703v1		GCA_009857035.1	identical	https://ftp.ncbi.nlm.nih.gov/genomes/all/GCF/009/857/035/GCF_009857035.1_ASM985703v1	./Development/ThreeFold/data/external/Citrobacter/GCF_009857035.1_ASM985703v1_genomic.fna.gz
GCF_010365585.1	PRJNA224116	SAMN13951913	na	na	na	na	546	546	Citrobacter freundii	strain=62	na	latest	Complete Genome	Major	Full	2020-02-09	ASM1036558v1		GCA_010365585.1	identical	https://ftp.ncbi.nlm.nih.gov/genomes/all/GCF/010/365/585/GCF_010365585.1_ASM1036558v1	./Development/ThreeFold/data/external/Citrobacter/GCF_010365585.1_ASM1036558v1_genomic.fna.gz
GCF_013085885.1	PRJNA224116	SAMN13978991	na	na	na	na	546	546	Citrobacter freundii	strain=CitB	na	latest	Complete Genome	Major	Full	2020-05-14	ASM1308588v1		GCA_013085885.1	identical	https://ftp.ncbi.nlm.nih.gov/genomes/all/GCF/013/085/885/GCF_013085885.1_ASM1308588v1	./Development/ThreeFold/data/external/Citrobacter/GCF_013085885.1_ASM1308588v1_genomic.fna.gz
GCF_013371705.1	PRJNA224116	SAMN13737474	na	na	na	na	546	546	Citrobacter freundii	strain=ZY198	na	latest	Complete Genome	Major	Full	2020-06-24	ASM1337170v1		GCA_013371705.1	identical	https://ftp.ncbi.nlm.nih.gov/genomes/all/GCF/013/371/705/GCF_013371705.1_ASM1337170v1	./Development/ThreeFold/data/external/Citrobacter/GCF_013371705.1_ASM1337170v1_genomic.fna.gz
GCF_013389635.1	PRJNA224116	SAMN15394190	na	na	na	na	546	546	Citrobacter freundii	strain=M92	na	latest	Complete Genome	Major	Full	2020-07-06	ASM1338963v1		GCA_013389635.1	identical	https://ftp.ncbi.nlm.nih.gov/genomes/all/GCF/013/389/635/GCF_013389635.1_ASM1338963v1	./Development/ThreeFold/data/external/Citrobacter/GCF_013389635.1_ASM1338963v1_genomic.fna.gz
GCF_013390245.1	PRJNA224116	SAMN13412315	na	na	na	na	546	546	Citrobacter freundii	strain=111	na	latest	Complete Genome	Major	Full	2020-07-06	ASM1339024v1		GCA_013390245.1	identical	https://ftp.ncbi.nlm.nih.gov/genomes/all/GCF/013/390/245/GCF_013390245.1_ASM1339024v1	./Development/ThreeFold/data/external/Citrobacter/GCF_013390245.1_ASM1339024v1_genomic.fna.gz
GCF_013589875.1	PRJNA224116	SAMN15148491	na	na	na	na	546	546	Citrobacter freundii	strain=RHBSTW-00110	na	latest	Complete Genome	Major	Full	2020-07-24	ASM1358987v1		GCA_013589875.1	identical	https://ftp.ncbi.nlm.nih.gov/genomes/all/GCF/013/589/875/GCF_013589875.1_ASM1358987v1	./Development/ThreeFold/data/external/Citrobacter/GCF_013589875.1_ASM1358987v1_genomic.fna.gz
GCF_013590555.1	PRJNA224116	SAMN15148477	na	na	na	na	546	546	Citrobacter freundii	strain=RHBSTW-00084	na	latest	Complete Genome	Major	Full	2020-07-24	ASM1359055v1		GCA_013590555.1	identical	https://ftp.ncbi.nlm.nih.gov/genomes/all/GCF/013/590/555/GCF_013590555.1_ASM1359055v1	./Development/ThreeFold/data/external/Citrobacter/GCF_013590555.1_ASM1359055v1_genomic.fna.gz
GCF_013604545.1	PRJNA224116	SAMN15148721	na	na	na	na	546	546	Citrobacter freundii	strain=RHBSTW-00862	na	latest	Complete Genome	Major	Full	2020-07-24	ASM1360454v1		GCA_013604545.1	identical	https://ftp.ncbi.nlm.nih.gov/genomes/all/GCF/013/604/545/GCF_013604545.1_ASM1360454v1	./Development/ThreeFold/data/external/Citrobacter/GCF_013604545.1_ASM1360454v1_genomic.fna.gz
GCF_013612875.1	PRJNA224116	SAMN15148600	na	na	na	na	546	546	Citrobacter freundii	strain=RHBSTW-00398	na	latest	Complete Genome	Major	Full	2020-07-24	ASM1361287v1		GCA_013612875.1	identical	https://ftp.ncbi.nlm.nih.gov/genomes/all/GCF/013/612/875/GCF_013612875.1_ASM1361287v1	./Development/ThreeFold/data/external/Citrobacter/GCF_013612875.1_ASM1361287v1_genomic.fna.gz
GCF_013614655.1	PRJNA224116	SAMN15148536	na	na	na	na	546	546	Citrobacter freundii	strain=RHBSTW-00200	na	latest	Complete Genome	Major	Full	2020-07-24	ASM1361465v1		GCA_013614655.1	identical	https://ftp.ncbi.nlm.nih.gov/genomes/all/GCF/013/614/655/GCF_013614655.1_ASM1361465v1	./Development/ThreeFold/data/external/Citrobacter/GCF_013614655.1_ASM1361465v1_genomic.fna.gz
GCF_013724765.1	PRJNA224116	SAMN15148753	na	na	na	na	546	546	Citrobacter freundii	strain=RHBSTW-00965	na	latest	Complete Genome	Major	Full	2020-07-27	ASM1372476v1		GCA_013724765.1	identical	https://ftp.ncbi.nlm.nih.gov/genomes/all/GCF/013/724/765/GCF_013724765.1_ASM1372476v1	./Development/ThreeFold/data/external/Citrobacter/GCF_013724765.1_ASM1372476v1_genomic.fna.gz
GCF_013724985.1	PRJNA224116	SAMN15148754	na	na	na	na	546	546	Citrobacter freundii	strain=RHBSTW-00968	na	latest	Complete Genome	Major	Full	2020-07-27	ASM1372498v1		GCA_013724985.1	identical	https://ftp.ncbi.nlm.nih.gov/genomes/all/GCF/013/724/985/GCF_013724985.1_ASM1372498v1	./Development/ThreeFold/data/external/Citrobacter/GCF_013724985.1_ASM1372498v1_genomic.fna.gz
GCF_013725165.1	PRJNA224116	SAMN15148750	na	na	na	na	546	546	Citrobacter freundii	strain=RHBSTW-00942	na	latest	Complete Genome	Major	Full	2020-07-27	ASM1372516v1		GCA_013725165.1	identical	https://ftp.ncbi.nlm.nih.gov/genomes/all/GCF/013/725/165/GCF_013725165.1_ASM1372516v1	./Development/ThreeFold/data/external/Citrobacter/GCF_013725165.1_ASM1372516v1_genomic.fna.gz
GCF_013725595.1	PRJNA224116	SAMN15148747	na	na	na	na	546	546	Citrobacter freundii	strain=RHBSTW-00935	na	latest	Complete Genome	Major	Full	2020-07-27	ASM1372559v1		GCA_013725595.1	identical	https://ftp.ncbi.nlm.nih.gov/genomes/all/GCF/013/725/595/GCF_013725595.1_ASM1372559v1	./Development/ThreeFold/data/external/Citrobacter/GCF_013725595.1_ASM1372559v1_genomic.fna.gz
GCF_013726215.1	PRJNA224116	SAMN15148744	na	na	na	na	546	546	Citrobacter freundii	strain=RHBSTW-00923	na	latest	Complete Genome	Major	Full	2020-07-27	ASM1372621v1		GCA_013726215.1	identical	https://ftp.ncbi.nlm.nih.gov/genomes/all/GCF/013/726/215/GCF_013726215.1_ASM1372621v1	./Development/ThreeFold/data/external/Citrobacter/GCF_013726215.1_ASM1372621v1_genomic.fna.gz
GCF_013726615.1	PRJNA224116	SAMN15148742	na	na	na	na	546	546	Citrobacter freundii	strain=RHBSTW-00915	na	latest	Complete Genome	Major	Full	2020-07-27	ASM1372661v1		GCA_013726615.1	identical	https://ftp.ncbi.nlm.nih.gov/genomes/all/GCF/013/726/615/GCF_013726615.1_ASM1372661v1	./Development/ThreeFold/data/external/Citrobacter/GCF_013726615.1_ASM1372661v1_genomic.fna.gz
GCF_013727455.1	PRJNA224116	SAMN15148736	na	na	na	na	546	546	Citrobacter freundii	strain=RHBSTW-00902	na	latest	Complete Genome	Major	Full	2020-07-27	ASM1372745v1		GCA_013727455.1	identical	https://ftp.ncbi.nlm.nih.gov/genomes/all/GCF/013/727/455/GCF_013727455.1_ASM1372745v1	./Development/ThreeFold/data/external/Citrobacter/GCF_013727455.1_ASM1372745v1_genomic.fna.gz
GCF_013731955.1	PRJNA224116	SAMN15148707	na	na	na	na	546	546	Citrobacter freundii	strain=RHBSTW-00830	na	latest	Complete Genome	Major	Full	2020-07-27	ASM1373195v1		GCA_013731955.1	identical	https://ftp.ncbi.nlm.nih.gov/genomes/all/GCF/013/731/955/GCF_013731955.1_ASM1373195v1	./Development/ThreeFold/data/external/Citrobacter/GCF_013731955.1_ASM1373195v1_genomic.fna.gz
GCF_013738635.1	PRJNA224116	SAMN15148687	na	na	na	na	546	546	Citrobacter freundii	strain=RHBSTW-00697	na	latest	Complete Genome	Major	Full	2020-07-27	ASM1373863v1		GCA_013738635.1	identical	https://ftp.ncbi.nlm.nih.gov/genomes/all/GCF/013/738/635/GCF_013738635.1_ASM1373863v1	./Development/ThreeFold/data/external/Citrobacter/GCF_013738635.1_ASM1373863v1_genomic.fna.gz
GCF_013739375.1	PRJNA224116	SAMN15148674	na	na	na	na	546	546	Citrobacter freundii	strain=RHBSTW-00658	na	latest	Complete Genome	Major	Full	2020-07-27	ASM1373937v1		GCA_013739375.1	identical	https://ftp.ncbi.nlm.nih.gov/genomes/all/GCF/013/739/375/GCF_013739375.1_ASM1373937v1	./Development/ThreeFold/data/external/Citrobacter/GCF_013739375.1_ASM1373937v1_genomic.fna.gz
GCF_013740875.1	PRJNA224116	SAMN15148615	na	na	na	na	546	546	Citrobacter freundii	strain=RHBSTW-00444	na	latest	Complete Genome	Major	Full	2020-07-27	ASM1374087v1		GCA_013740875.1	identical	https://ftp.ncbi.nlm.nih.gov/genomes/all/GCF/013/740/875/GCF_013740875.1_ASM1374087v1	./Development/ThreeFold/data/external/Citrobacter/GCF_013740875.1_ASM1374087v1_genomic.fna.gz
GCF_013741395.1	PRJNA224116	SAMN15148595	na	na	na	na	546	546	Citrobacter freundii	strain=RHBSTW-00370	na	latest	Complete Genome	Major	Full	2020-07-27	ASM1374139v1		GCA_013741395.1	identical	https://ftp.ncbi.nlm.nih.gov/genomes/all/GCF/013/741/395/GCF_013741395.1_ASM1374139v1	./Development/ThreeFold/data/external/Citrobacter/GCF_013741395.1_ASM1374139v1_genomic.fna.gz
GCF_013743055.1	PRJNA224116	SAMN15148564	na	na	na	na	546	546	Citrobacter freundii	strain=RHBSTW-00302	na	latest	Complete Genome	Major	Full	2020-07-27	ASM1374305v1		GCA_013743055.1	identical	https://ftp.ncbi.nlm.nih.gov/genomes/all/GCF/013/743/055/GCF_013743055.1_ASM1374305v1	./Development/ThreeFold/data/external/Citrobacter/GCF_013743055.1_ASM1374305v1_genomic.fna.gz
GCF_013745755.1	PRJNA224116	SAMN15148688	na	na	na	na	546	546	Citrobacter freundii	strain=RHBSTW-00714	na	latest	Complete Genome	Major	Full	2020-07-27	ASM1374575v1		GCA_013745755.1	identical	https://ftp.ncbi.nlm.nih.gov/genomes/all/GCF/013/745/755/GCF_013745755.1_ASM1374575v1	./Development/ThreeFold/data/external/Citrobacter/GCF_013745755.1_ASM1374575v1_genomic.fna.gz
GCF_013748235.1	PRJNA224116	SAMN15148631	na	na	na	na	546	546	Citrobacter freundii	strain=RHBSTW-00486	na	latest	Complete Genome	Major	Full	2020-07-27	ASM1374823v1		GCA_013748235.1	identical	https://ftp.ncbi.nlm.nih.gov/genomes/all/GCF/013/748/235/GCF_013748235.1_ASM1374823v1	./Development/ThreeFold/data/external/Citrobacter/GCF_013748235.1_ASM1374823v1_genomic.fna.gz
GCF_013748855.1	PRJNA224116	SAMN15148618	na	na	na	na	546	546	Citrobacter freundii	strain=RHBSTW-00449	na	latest	Complete Genome	Major	Full	2020-07-27	ASM1374885v1		GCA_013748855.1	identical	https://ftp.ncbi.nlm.nih.gov/genomes/all/GCF/013/748/855/GCF_013748855.1_ASM1374885v1	./Development/ThreeFold/data/external/Citrobacter/GCF_013748855.1_ASM1374885v1_genomic.fna.gz
GCF_013749535.1	PRJNA224116	SAMN15148611	na	na	na	na	546	546	Citrobacter freundii	strain=RHBSTW-00435	na	latest	Complete Genome	Major	Full	2020-07-27	ASM1374953v1		GCA_013749535.1	identical	https://ftp.ncbi.nlm.nih.gov/genomes/all/GCF/013/749/535/GCF_013749535.1_ASM1374953v1	./Development/ThreeFold/data/external/Citrobacter/GCF_013749535.1_ASM1374953v1_genomic.fna.gz
GCF_013751655.1	PRJNA224116	SAMN15148588	na	na	na	na	546	546	Citrobacter freundii	strain=RHBSTW-00350	na	latest	Complete Genome	Major	Full	2020-07-27	ASM1375165v1		GCA_013751655.1	identical	https://ftp.ncbi.nlm.nih.gov/genomes/all/GCF/013/751/655/GCF_013751655.1_ASM1375165v1	./Development/ThreeFold/data/external/Citrobacter/GCF_013751655.1_ASM1375165v1_genomic.fna.gz
GCF_013751895.1	PRJNA224116	SAMN15148584	na	na	na	na	546	546	Citrobacter freundii	strain=RHBSTW-00342	na	latest	Complete Genome	Major	Full	2020-07-27	ASM1375189v1		GCA_013751895.1	identical	https://ftp.ncbi.nlm.nih.gov/genomes/all/GCF/013/751/895/GCF_013751895.1_ASM1375189v1	./Development/ThreeFold/data/external/Citrobacter/GCF_013751895.1_ASM1375189v1_genomic.fna.gz
GCF_013781965.1	PRJNA224116	SAMN15148768	na	na	na	na	546	546	Citrobacter freundii	strain=RHBSTW-01016	na	latest	Complete Genome	Major	Full	2020-07-28	ASM1378196v1		GCA_013781965.1	identical	https://ftp.ncbi.nlm.nih.gov/genomes/all/GCF/013/781/965/GCF_013781965.1_ASM1378196v1	./Development/ThreeFold/data/external/Citrobacter/GCF_013781965.1_ASM1378196v1_genomic.fna.gz
GCF_013782845.1	PRJNA224116	SAMN15148761	na	na	na	na	546	546	Citrobacter freundii	strain=RHBSTW-00985	na	latest	Complete Genome	Major	Full	2020-07-28	ASM1378284v1		GCA_013782845.1	identical	https://ftp.ncbi.nlm.nih.gov/genomes/all/GCF/013/782/845/GCF_013782845.1_ASM1378284v1	./Development/ThreeFold/data/external/Citrobacter/GCF_013782845.1_ASM1378284v1_genomic.fna.gz
GCF_013784225.1	PRJNA224116	SAMN15148658	na	na	na	na	546	546	Citrobacter freundii	strain=RHBSTW-00589	na	latest	Complete Genome	Major	Full	2020-07-28	ASM1378422v1		GCA_013784225.1	identical	https://ftp.ncbi.nlm.nih.gov/genomes/all/GCF/013/784/225/GCF_013784225.1_ASM1378422v1	./Development/ThreeFold/data/external/Citrobacter/GCF_013784225.1_ASM1378422v1_genomic.fna.gz
GCF_013784645.1	PRJNA224116	SAMN15148638	na	na	na	na	546	546	Citrobacter freundii	strain=RHBSTW-00502	na	latest	Complete Genome	Major	Full	2020-07-28	ASM1378464v1		GCA_013784645.1	identical	https://ftp.ncbi.nlm.nih.gov/genomes/all/GCF/013/784/645/GCF_013784645.1_ASM1378464v1	./Development/ThreeFold/data/external/Citrobacter/GCF_013784645.1_ASM1378464v1_genomic.fna.gz
GCF_013785085.1	PRJNA224116	SAMN15148628	na	na	na	na	546	546	Citrobacter freundii	strain=RHBSTW-00477	na	latest	Complete Genome	Major	Full	2020-07-28	ASM1378508v1		GCA_013785085.1	identical	https://ftp.ncbi.nlm.nih.gov/genomes/all/GCF/013/785/085/GCF_013785085.1_ASM1378508v1	./Development/ThreeFold/data/external/Citrobacter/GCF_013785085.1_ASM1378508v1_genomic.fna.gz
GCF_013785525.1	PRJNA224116	SAMN15148603	na	na	na	na	546	546	Citrobacter freundii	strain=RHBSTW-00408	na	latest	Complete Genome	Major	Full	2020-07-28	ASM1378552v1		GCA_013785525.1	identical	https://ftp.ncbi.nlm.nih.gov/genomes/all/GCF/013/785/525/GCF_013785525.1_ASM1378552v1	./Development/ThreeFold/data/external/Citrobacter/GCF_013785525.1_ASM1378552v1_genomic.fna.gz
GCF_013786025.1	PRJNA224116	SAMN15148581	na	na	na	na	546	546	Citrobacter freundii	strain=RHBSTW-00334	na	latest	Complete Genome	Major	Full	2020-07-28	ASM1378602v1		GCA_013786025.1	identical	https://ftp.ncbi.nlm.nih.gov/genomes/all/GCF/013/786/025/GCF_013786025.1_ASM1378602v1	./Development/ThreeFold/data/external/Citrobacter/GCF_013786025.1_ASM1378602v1_genomic.fna.gz
GCF_013786145.1	PRJNA224116	SAMN15148568	na	na	na	na	546	546	Citrobacter freundii	strain=RHBSTW-00310	na	latest	Complete Genome	Major	Full	2020-07-28	ASM1378614v1		GCA_013786145.1	identical	https://ftp.ncbi.nlm.nih.gov/genomes/all/GCF/013/786/145/GCF_013786145.1_ASM1378614v1	./Development/ThreeFold/data/external/Citrobacter/GCF_013786145.1_ASM1378614v1_genomic.fna.gz
GCF_013786205.1	PRJNA224116	SAMN15148556	na	na	na	na	546	546	Citrobacter freundii	strain=RHBSTW-00267	na	latest	Complete Genome	Major	Full	2020-07-28	ASM1378620v1		GCA_013786205.1	identical	https://ftp.ncbi.nlm.nih.gov/genomes/all/GCF/013/786/205/GCF_013786205.1_ASM1378620v1	./Development/ThreeFold/data/external/Citrobacter/GCF_013786205.1_ASM1378620v1_genomic.fna.gz
GCF_013786565.1	PRJNA224116	SAMN15148543	na	na	na	na	546	546	Citrobacter freundii	strain=RHBSTW-00214	na	latest	Complete Genome	Major	Full	2020-07-28	ASM1378656v1		GCA_013786565.1	identical	https://ftp.ncbi.nlm.nih.gov/genomes/all/GCF/013/786/565/GCF_013786565.1_ASM1378656v1	./Development/ThreeFold/data/external/Citrobacter/GCF_013786565.1_ASM1378656v1_genomic.fna.gz
GCF_013790265.1	PRJNA224116	SAMN15148520	na	na	na	na	546	546	Citrobacter freundii	strain=RHBSTW-00162	na	latest	Complete Genome	Major	Full	2020-07-28	ASM1379026v1		GCA_013790265.1	identical	https://ftp.ncbi.nlm.nih.gov/genomes/all/GCF/013/790/265/GCF_013790265.1_ASM1379026v1	./Development/ThreeFold/data/external/Citrobacter/GCF_013790265.1_ASM1379026v1_genomic.fna.gz
GCF_013791065.1	PRJNA224116	SAMN15148506	na	na	na	na	546	546	Citrobacter freundii	strain=RHBSTW-00135	na	latest	Complete Genome	Major	Full	2020-07-28	ASM1379106v1		GCA_013791065.1	identical	https://ftp.ncbi.nlm.nih.gov/genomes/all/GCF/013/791/065/GCF_013791065.1_ASM1379106v1	./Development/ThreeFold/data/external/Citrobacter/GCF_013791065.1_ASM1379106v1_genomic.fna.gz
GCF_013791615.1	PRJNA224116	SAMN15148500	na	na	na	na	546	546	Citrobacter freundii	strain=RHBSTW-00126	na	latest	Complete Genome	Major	Full	2020-07-28	ASM1379161v1		GCA_013791615.1	identical	https://ftp.ncbi.nlm.nih.gov/genomes/all/GCF/013/791/615/GCF_013791615.1_ASM1379161v1	./Development/ThreeFold/data/external/Citrobacter/GCF_013791615.1_ASM1379161v1_genomic.fna.gz
GCF_013792125.1	PRJNA224116	SAMN15148496	na	na	na	na	546	546	Citrobacter freundii	strain=RHBSTW-00120	na	latest	Complete Genome	Major	Full	2020-07-28	ASM1379212v1		GCA_013792125.1	identical	https://ftp.ncbi.nlm.nih.gov/genomes/all/GCF/013/792/125/GCF_013792125.1_ASM1379212v1	./Development/ThreeFold/data/external/Citrobacter/GCF_013792125.1_ASM1379212v1_genomic.fna.gz
GCF_013792365.1	PRJNA224116	SAMN15148495	na	na	na	na	546	546	Citrobacter freundii	strain=RHBSTW-00119	na	latest	Complete Genome	Major	Full	2020-07-28	ASM1379236v1		GCA_013792365.1	identical	https://ftp.ncbi.nlm.nih.gov/genomes/all/GCF/013/792/365/GCF_013792365.1_ASM1379236v1	./Development/ThreeFold/data/external/Citrobacter/GCF_013792365.1_ASM1379236v1_genomic.fna.gz
GCF_013801705.1	PRJNA224116	SAMN15148428	na	na	na	na	546	546	Citrobacter freundii	strain=RHB41-C16	na	latest	Complete Genome	Major	Full	2020-07-28	ASM1380170v1		GCA_013801705.1	identical	https://ftp.ncbi.nlm.nih.gov/genomes/all/GCF/013/801/705/GCF_013801705.1_ASM1380170v1	./Development/ThreeFold/data/external/Citrobacter/GCF_013801705.1_ASM1380170v1_genomic.fna.gz
GCF_013815045.1	PRJNA224116	SAMN15148363	na	na	na	na	546	546	Citrobacter freundii	strain=RHB36-C06	na	latest	Complete Genome	Major	Full	2020-07-28	ASM1381504v1		GCA_013815045.1	identical	https://ftp.ncbi.nlm.nih.gov/genomes/all/GCF/013/815/045/GCF_013815045.1_ASM1381504v1	./Development/ThreeFold/data/external/Citrobacter/GCF_013815045.1_ASM1381504v1_genomic.fna.gz
GCF_013821695.1	PRJNA224116	SAMN15148307	na	na	na	na	546	546	Citrobacter freundii	strain=RHB31-C16	na	latest	Complete Genome	Major	Full	2020-07-28	ASM1382169v1		GCA_013821695.1	identical	https://ftp.ncbi.nlm.nih.gov/genomes/all/GCF/013/821/695/GCF_013821695.1_ASM1382169v1	./Development/ThreeFold/data/external/Citrobacter/GCF_013821695.1_ASM1382169v1_genomic.fna.gz
GCF_013828645.1	PRJNA224116	SAMN15148277	na	na	na	na	546	546	Citrobacter freundii	strain=RHB29-C07	na	latest	Complete Genome	Major	Full	2020-07-28	ASM1382864v1		GCA_013828645.1	identical	https://ftp.ncbi.nlm.nih.gov/genomes/all/GCF/013/828/645/GCF_013828645.1_ASM1382864v1	./Development/ThreeFold/data/external/Citrobacter/GCF_013828645.1_ASM1382864v1_genomic.fna.gz
GCF_013874155.1	PRJNA224116	SAMN15589939	na	na	na	na	546	546	Citrobacter freundii	strain=CIFR51929	na	latest	Complete Genome	Major	Full	2020-07-29	ASM1387415v1		GCA_013874155.1	identical	https://ftp.ncbi.nlm.nih.gov/genomes/all/GCF/013/874/155/GCF_013874155.1_ASM1387415v1	./Development/ThreeFold/data/external/Citrobacter/GCF_013874155.1_ASM1387415v1_genomic.fna.gz
GCF_013882995.1	PRJNA224116	SAMN15148223	na	na	na	na	546	546	Citrobacter freundii	strain=RHB24-C05	na	latest	Complete Genome	Major	Full	2020-07-29	ASM1388299v1		GCA_013882995.1	identical	https://ftp.ncbi.nlm.nih.gov/genomes/all/GCF/013/882/995/GCF_013882995.1_ASM1388299v1	./Development/ThreeFold/data/external/Citrobacter/GCF_013882995.1_ASM1388299v1_genomic.fna.gz
GCF_013883595.1	PRJNA224116	SAMN15148221	na	na	na	na	546	546	Citrobacter freundii	strain=RHB24-C03	na	latest	Complete Genome	Major	Full	2020-07-29	ASM1388359v1		GCA_013883595.1	identical	https://ftp.ncbi.nlm.nih.gov/genomes/all/GCF/013/883/595/GCF_013883595.1_ASM1388359v1	./Development/ThreeFold/data/external/Citrobacter/GCF_013883595.1_ASM1388359v1_genomic.fna.gz
GCF_013899365.1	PRJNA224116	SAMN15148085	na	na	na	na	546	546	Citrobacter freundii	strain=RHB12-C19	na	latest	Complete Genome	Major	Full	2020-07-29	ASM1389936v1		GCA_013899365.1	identical	https://ftp.ncbi.nlm.nih.gov/genomes/all/GCF/013/899/365/GCF_013899365.1_ASM1389936v1	./Development/ThreeFold/data/external/Citrobacter/GCF_013899365.1_ASM1389936v1_genomic.fna.gz
GCF_014169975.1	PRJNA224116	SAMN15086848	na	na	na	na	546	546	Citrobacter freundii	strain=IDR1900015725-01-02	na	latest	Complete Genome	Major	Full	2020-08-12	ASM1416997v1		GCA_014169975.1	identical	https://ftp.ncbi.nlm.nih.gov/genomes/all/GCF/014/169/975/GCF_014169975.1_ASM1416997v1	./Development/ThreeFold/data/external/Citrobacter/GCF_014169975.1_ASM1416997v1_genomic.fna.gz
GCF_014170055.1	PRJNA224116	SAMN15086845	na	na	na	na	546	546	Citrobacter freundii	strain=IDR1800045912-01-00	na	latest	Complete Genome	Major	Full	2020-08-12	ASM1417005v1		GCA_014170055.1	identical	https://ftp.ncbi.nlm.nih.gov/genomes/all/GCF/014/170/055/GCF_014170055.1_ASM1417005v1	./Development/ThreeFold/data/external/Citrobacter/GCF_014170055.1_ASM1417005v1_genomic.fna.gz
GCF_014189285.1	PRJNA224116	SAMN11506077	na	na	na	na	546	546	Citrobacter freundii	strain=N18-04128	na	latest	Complete Genome	Major	Full	2020-08-14	ASM1418928v1		GCA_014189285.1	identical	https://ftp.ncbi.nlm.nih.gov/genomes/all/GCF/014/189/285/GCF_014189285.1_ASM1418928v1	./Development/ThreeFold/data/external/Citrobacter/GCF_014189285.1_ASM1418928v1_genomic.fna.gz
GCF_014189355.1	PRJNA224116	SAMN11506022	na	na	na	na	546	546	Citrobacter freundii	strain=N18-04078	na	latest	Complete Genome	Major	Full	2020-08-14	ASM1418935v1		GCA_014189355.1	identical	https://ftp.ncbi.nlm.nih.gov/genomes/all/GCF/014/189/355/GCF_014189355.1_ASM1418935v1	./Development/ThreeFold/data/external/Citrobacter/GCF_014189355.1_ASM1418935v1_genomic.fna.gz
GCF_014189375.1	PRJNA224116	SAMN11506036	na	na	na	na	546	546	Citrobacter freundii	strain=N18-04085	na	latest	Complete Genome	Major	Full	2020-08-14	ASM1418937v1		GCA_014189375.1	identical	https://ftp.ncbi.nlm.nih.gov/genomes/all/GCF/014/189/375/GCF_014189375.1_ASM1418937v1	./Development/ThreeFold/data/external/Citrobacter/GCF_014189375.1_ASM1418937v1_genomic.fna.gz
GCF_014725915.1	PRJNA224116	SAMN11505996	na	na	na	na	546	546	Citrobacter freundii	strain=N16-03880	na	latest	Complete Genome	Major	Full	2020-09-24	ASM1472591v1		GCA_014725915.1	identical	https://ftp.ncbi.nlm.nih.gov/genomes/all/GCF/014/725/915/GCF_014725915.1_ASM1472591v1	./Development/ThreeFold/data/external/Citrobacter/GCF_014725915.1_ASM1472591v1_genomic.fna.gz
GCF_016939595.1	PRJNA224116	SAMN16933277	na	na	na	na	546	546	Citrobacter freundii	strain=CF48846	na	latest	Complete Genome	Major	Full	2021-02-25	ASM1693959v1		GCA_016939595.1	identical	https://ftp.ncbi.nlm.nih.gov/genomes/all/GCF/016/939/595/GCF_016939595.1_ASM1693959v1	./Development/ThreeFold/data/external/Citrobacter/GCF_016939595.1_ASM1693959v1_genomic.fna.gz
GCF_016939615.1	PRJNA224116	SAMN16933282	na	na	na	na	546	546	Citrobacter freundii	strain=CF49969	na	latest	Complete Genome	Major	Full	2021-02-25	ASM1693961v1		GCA_016939615.1	identical	https://ftp.ncbi.nlm.nih.gov/genomes/all/GCF/016/939/615/GCF_016939615.1_ASM1693961v1	./Development/ThreeFold/data/external/Citrobacter/GCF_016939615.1_ASM1693961v1_genomic.fna.gz
GCF_016939655.1	PRJNA224116	SAMN16933285	na	na	na	na	546	546	Citrobacter freundii	strain=CF50935	na	latest	Complete Genome	Major	Full	2021-02-25	ASM1693965v1		GCA_016939655.1	identical	https://ftp.ncbi.nlm.nih.gov/genomes/all/GCF/016/939/655/GCF_016939655.1_ASM1693965v1	./Development/ThreeFold/data/external/Citrobacter/GCF_016939655.1_ASM1693965v1_genomic.fna.gz
GCF_017086505.1	PRJNA224116	SAMN13140889	na	na	na	na	546	546	Citrobacter freundii	strain=zone4	na	latest	Complete Genome	Major	Full	2021-03-01	ASM1708650v1		GCA_017086505.1	identical	https://ftp.ncbi.nlm.nih.gov/genomes/all/GCF/017/086/505/GCF_017086505.1_ASM1708650v1	./Development/ThreeFold/data/external/Citrobacter/GCF_017086505.1_ASM1708650v1_genomic.fna.gz
GCF_020575245.1	PRJNA224116	SAMN22334928	na	na	na	na	546	546	Citrobacter freundii	strain=2021CK-01443	na	latest	Complete Genome	Major	Full	2023-01-04	ASM2057524v2		GCA_020575245.2	identical	https://ftp.ncbi.nlm.nih.gov/genomes/all/GCF/020/575/245/GCF_020575245.1_ASM2057524v2	./Development/ThreeFold/data/external/Citrobacter/GCF_020575245.1_ASM2057524v2_genomic.fna.gz
GCF_020695525.1	PRJNA224116	SAMN22377426	na	na	na	na	546	546	Citrobacter freundii	strain=56415CZ	na	latest	Complete Genome	Major	Full	2021-11-01	ASM2069552v1		GCA_020695525.1	identical	https://ftp.ncbi.nlm.nih.gov/genomes/all/GCF/020/695/525/GCF_020695525.1_ASM2069552v1	./Development/ThreeFold/data/external/Citrobacter/GCF_020695525.1_ASM2069552v1_genomic.fna.gz
GCF_020809005.1	PRJNA224116	SAMN21601121	na	na	na	na	546	546	Citrobacter freundii	strain=DY2010	na	latest	Complete Genome	Major	Full	2021-11-09	ASM2080900v1		GCA_020809005.1	identical	https://ftp.ncbi.nlm.nih.gov/genomes/all/GCF/020/809/005/GCF_020809005.1_ASM2080900v1	./Development/ThreeFold/data/external/Citrobacter/GCF_020809005.1_ASM2080900v1_genomic.fna.gz
GCF_022430505.1	PRJNA224116	SAMN26087385	na	na	na	na	546	546	Citrobacter freundii	strain=SCLZS47	na	latest	Complete Genome	Major	Full	2022-03-01	ASM2243050v1		GCA_022430505.1	identical	https://ftp.ncbi.nlm.nih.gov/genomes/all/GCF/022/430/505/GCF_022430505.1_ASM2243050v1	./Development/ThreeFold/data/external/Citrobacter/GCF_022430505.1_ASM2243050v1_genomic.fna.gz
GCF_022646275.1	PRJNA224116	SAMN15694748	na	na	na	na	546	546	Citrobacter freundii	strain=3863	na	latest	Complete Genome	Major	Full	2022-03-21	ASM2264627v1		GCA_022646275.1	identical	https://ftp.ncbi.nlm.nih.gov/genomes/all/GCF/022/646/275/GCF_022646275.1_ASM2264627v1	./Development/ThreeFold/data/external/Citrobacter/GCF_022646275.1_ASM2264627v1_genomic.fna.gz
GCF_023330605.1	PRJNA224116	SAMN28095538	na	na	na	na	546	546	Citrobacter freundii	strain=GMU8049	na	latest	Complete Genome	Major	Full	2022-05-11	ASM2333060v1		GCA_023330605.1	identical	https://ftp.ncbi.nlm.nih.gov/genomes/all/GCF/023/330/605/GCF_023330605.1_ASM2333060v1	./Development/ThreeFold/data/external/Citrobacter/GCF_023330605.1_ASM2333060v1_genomic.fna.gz
GCF_023374915.1	PRJNA224116	SAMN24404972	na	na	na	na	546	546	Citrobacter freundii	strain=Cf7308	na	latest	Complete Genome	Major	Full	2022-05-16	ASM2337491v1		GCA_023374915.1	identical	https://ftp.ncbi.nlm.nih.gov/genomes/all/GCF/023/374/915/GCF_023374915.1_ASM2337491v1	./Development/ThreeFold/data/external/Citrobacter/GCF_023374915.1_ASM2337491v1_genomic.fna.gz
GCF_023612475.1	PRJNA224116	SAMN18062620	na	na	na	na	546	546	Citrobacter freundii	strain=MEI002	na	latest	Complete Genome	Major	Full	2022-05-31	ASM2361247v1		GCA_023612475.1	identical	https://ftp.ncbi.nlm.nih.gov/genomes/all/GCF/023/612/475/GCF_023612475.1_ASM2361247v1	./Development/ThreeFold/data/external/Citrobacter/GCF_023612475.1_ASM2361247v1_genomic.fna.gz
GCF_023658085.1	PRJNA224116	SAMN28680541	na	na	na	na	546	546	Citrobacter freundii	strain=59174	na	latest	Complete Genome	Major	Full	2022-06-07	ASM2365808v1		GCA_023658085.1	identical	https://ftp.ncbi.nlm.nih.gov/genomes/all/GCF/023/658/085/GCF_023658085.1_ASM2365808v1	./Development/ThreeFold/data/external/Citrobacter/GCF_023658085.1_ASM2365808v1_genomic.fna.gz
GCF_023756145.1	PRJNA224116	SAMN29151494	na	na	na	na	546	546	Citrobacter freundii	strain=2022CK-00369	na	latest	Complete Genome	Major	Full	2023-01-17	ASM2375614v2		GCA_023756145.2	identical	https://ftp.ncbi.nlm.nih.gov/genomes/all/GCF/023/756/145/GCF_023756145.1_ASM2375614v2	./Development/ThreeFold/data/external/Citrobacter/GCF_023756145.1_ASM2375614v2_genomic.fna.gz
GCF_024800305.1	PRJNA224116	SAMN30470988	na	na	na	na	546	546	Citrobacter freundii	strain=140542	na	latest	Complete Genome	Major	Full	2022-08-31	ASM2480030v1		GCA_024800305.1	identical	https://ftp.ncbi.nlm.nih.gov/genomes/all/GCF/024/800/305/GCF_024800305.1_ASM2480030v1	./Development/ThreeFold/data/external/Citrobacter/GCF_024800305.1_ASM2480030v1_genomic.fna.gz
GCF_025999575.1	PRJNA224116	SAMD00515064	na	na	na	na	546	546	Citrobacter freundii	strain=CF20-4P-1	gut contents of Mastacembelus	latest	Complete Genome	Major	Full	2022-10-22	ASM2599957v1		GCA_025999575.1	identical	https://ftp.ncbi.nlm.nih.gov/genomes/all/GCF/025/999/575/GCF_025999575.1_ASM2599957v1	./Development/ThreeFold/data/external/Citrobacter/GCF_025999575.1_ASM2599957v1_genomic.fna.gz
GCF_026240835.1	PRJNA224116	SAMN31693425	na	na	na	na	546	546	Citrobacter freundii	strain=CF1807	na	latest	Complete Genome	Major	Full	2022-11-20	ASM2624083v1		GCA_026240835.1	identical	https://ftp.ncbi.nlm.nih.gov/genomes/all/GCF/026/240/835/GCF_026240835.1_ASM2624083v1	./Development/ThreeFold/data/external/Citrobacter/GCF_026240835.1_ASM2624083v1_genomic.fna.gz
GCF_026240855.1	PRJNA224116	SAMN31693662	na	na	na	na	546	546	Citrobacter freundii	strain=CF2206	na	latest	Complete Genome	Major	Full	2022-11-20	ASM2624085v1		GCA_026240855.1	identical	https://ftp.ncbi.nlm.nih.gov/genomes/all/GCF/026/240/855/GCF_026240855.1_ASM2624085v1	./Development/ThreeFold/data/external/Citrobacter/GCF_026240855.1_ASM2624085v1_genomic.fna.gz
GCF_026240875.1	PRJNA224116	SAMN31693747	na	na	na	na	546	546	Citrobacter freundii	strain=CFA1707	na	latest	Complete Genome	Major	Full	2022-11-20	ASM2624087v1		GCA_026240875.1	identical	https://ftp.ncbi.nlm.nih.gov/genomes/all/GCF/026/240/875/GCF_026240875.1_ASM2624087v1	./Development/ThreeFold/data/external/Citrobacter/GCF_026240875.1_ASM2624087v1_genomic.fna.gz
GCF_026526975.1	PRJNA224116	SAMN31929640	na	na	na	na	546	546	Citrobacter freundii	strain=CFSAN077772	na	latest	Complete Genome	Major	Full	2022-12-15	ASM2652697v2		GCA_026526975.2	identical	https://ftp.ncbi.nlm.nih.gov/genomes/all/GCF/026/526/975/GCF_026526975.1_ASM2652697v2	./Development/ThreeFold/data/external/Citrobacter/GCF_026526975.1_ASM2652697v2_genomic.fna.gz
GCF_027271215.1	PRJNA224116	SAMN32252807	na	na	na	na	546	546	Citrobacter freundii	strain=2953647	na	latest	Complete Genome	Major	Full	2022-12-25	ASM2727121v1		GCA_027271215.1	identical	https://ftp.ncbi.nlm.nih.gov/genomes/all/GCF/027/271/215/GCF_027271215.1_ASM2727121v1	./Development/ThreeFold/data/external/Citrobacter/GCF_027271215.1_ASM2727121v1_genomic.fna.gz
GCF_027595105.3	PRJNA224116	SAMN28016853	na	na	na	na	546	546	Citrobacter freundii	strain=NY2385	na	latest	Complete Genome	Minor	Full	2023-06-28	ASM2759510v3		GCA_027595105.3	identical	https://ftp.ncbi.nlm.nih.gov/genomes/all/GCF/027/595/105/GCF_027595105.3_ASM2759510v3	./Development/ThreeFold/data/external/Citrobacter/GCF_027595105.3_ASM2759510v3_genomic.fna.gz
GCF_029716005.1	PRJNA224116	SAMN15488551	na	na	na	na	546	546	Citrobacter freundii	strain=RHB16-SO-C03	na	latest	Complete Genome	Major	Full	2023-04-13	ASM2971600v1		GCA_029716005.1	identical	https://ftp.ncbi.nlm.nih.gov/genomes/all/GCF/029/716/005/GCF_029716005.1_ASM2971600v1	./Development/ThreeFold/data/external/Citrobacter/GCF_029716005.1_ASM2971600v1_genomic.fna.gz
GCF_029717145.1	PRJNA224116	SAMN15488540	na	na	na	na	546	546	Citrobacter freundii	strain=RHB13-SO-C05	na	latest	Complete Genome	Major	Full	2023-04-13	ASM2971714v1		GCA_029717145.1	identical	https://ftp.ncbi.nlm.nih.gov/genomes/all/GCF/029/717/145/GCF_029717145.1_ASM2971714v1	./Development/ThreeFold/data/external/Citrobacter/GCF_029717145.1_ASM2971714v1_genomic.fna.gz
GCF_029717485.1	PRJNA224116	SAMN15488523	na	na	na	na	546	546	Citrobacter freundii	strain=RHB09-E3-C07	na	latest	Complete Genome	Major	Full	2023-04-13	ASM2971748v1		GCA_029717485.1	identical	https://ftp.ncbi.nlm.nih.gov/genomes/all/GCF/029/717/485/GCF_029717485.1_ASM2971748v1	./Development/ThreeFold/data/external/Citrobacter/GCF_029717485.1_ASM2971748v1_genomic.fna.gz
GCF_029717865.1	PRJNA224116	SAMN15488495	na	na	na	na	546	546	Citrobacter freundii	strain=RHB03-E1-C03	na	latest	Complete Genome	Major	Full	2023-04-13	ASM2971786v1		GCA_029717865.1	identical	https://ftp.ncbi.nlm.nih.gov/genomes/all/GCF/029/717/865/GCF_029717865.1_ASM2971786v1	./Development/ThreeFold/data/external/Citrobacter/GCF_029717865.1_ASM2971786v1_genomic.fna.gz
GCF_029717985.1	PRJNA224116	SAMN15488484	na	na	na	na	546	546	Citrobacter freundii	strain=RHB02-E3-C01	na	latest	Complete Genome	Major	Full	2023-04-13	ASM2971798v1		GCA_029717985.1	identical	https://ftp.ncbi.nlm.nih.gov/genomes/all/GCF/029/717/985/GCF_029717985.1_ASM2971798v1	./Development/ThreeFold/data/external/Citrobacter/GCF_029717985.1_ASM2971798v1_genomic.fna.gz
GCF_029718045.1	PRJNA224116	SAMN15488480	na	na	na	na	546	546	Citrobacter freundii	strain=RHB02-E1-C01	na	latest	Complete Genome	Major	Full	2023-04-13	ASM2971804v1		GCA_029718045.1	identical	https://ftp.ncbi.nlm.nih.gov/genomes/all/GCF/029/718/045/GCF_029718045.1_ASM2971804v1	./Development/ThreeFold/data/external/Citrobacter/GCF_029718045.1_ASM2971804v1_genomic.fna.gz
GCF_029719365.1	PRJNA224116	SAMN15488611	na	na	na	na	546	546	Citrobacter freundii	strain=RHB31-E4-C06	na	latest	Complete Genome	Major	Full	2023-04-13	ASM2971936v1		GCA_029719365.1	identical	https://ftp.ncbi.nlm.nih.gov/genomes/all/GCF/029/719/365/GCF_029719365.1_ASM2971936v1	./Development/ThreeFold/data/external/Citrobacter/GCF_029719365.1_ASM2971936v1_genomic.fna.gz
GCF_029719765.1	PRJNA224116	SAMN15488679	na	na	na	na	546	546	Citrobacter freundii	strain=RHB44-SO-C05	na	latest	Complete Genome	Major	Full	2023-04-13	ASM2971976v1		GCA_029719765.1	identical	https://ftp.ncbi.nlm.nih.gov/genomes/all/GCF/029/719/765/GCF_029719765.1_ASM2971976v1	./Development/ThreeFold/data/external/Citrobacter/GCF_029719765.1_ASM2971976v1_genomic.fna.gz
GCF_030007575.1	PRJNA224116	SAMN14640084	na	na	na	na	546	546	Citrobacter freundii	strain=CF12	na	latest	Complete Genome	Major	Full	2023-05-13	ASM3000757v1		GCA_030007575.1	identical	https://ftp.ncbi.nlm.nih.gov/genomes/all/GCF/030/007/575/GCF_030007575.1_ASM3000757v1	./Development/ThreeFold/data/external/Citrobacter/GCF_030007575.1_ASM3000757v1_genomic.fna.gz
GCF_030007795.1	PRJNA224116	SAMN14640085	na	na	na	na	546	546	Citrobacter freundii	strain=CF13	na	latest	Complete Genome	Major	Full	2023-05-13	ASM3000779v1		GCA_030007795.1	identical	https://ftp.ncbi.nlm.nih.gov/genomes/all/GCF/030/007/795/GCF_030007795.1_ASM3000779v1	./Development/ThreeFold/data/external/Citrobacter/GCF_030007795.1_ASM3000779v1_genomic.fna.gz
GCF_030035205.1	PRJNA224116	SAMN34580837	na	na	na	na	546	546	Citrobacter freundii	strain=CF5125	na	latest	Complete Genome	Major	Full	2023-05-18	ASM3003520v1		GCA_030035205.1	identical	https://ftp.ncbi.nlm.nih.gov/genomes/all/GCF/030/035/205/GCF_030035205.1_ASM3003520v1	./Development/ThreeFold/data/external/Citrobacter/GCF_030035205.1_ASM3003520v1_genomic.fna.gz
GCF_030064365.1	PRJNA224116	SAMN31656063	na	na	na	na	546	546	Citrobacter freundii	strain=Cf-Emp	na	latest	Complete Genome	Major	Full	2023-05-12	ASM3006436v1		GCA_030064365.1	identical	https://ftp.ncbi.nlm.nih.gov/genomes/all/GCF/030/064/365/GCF_030064365.1_ASM3006436v1	./Development/ThreeFold/data/external/Citrobacter/GCF_030064365.1_ASM3006436v1_genomic.fna.gz
GCF_030122475.1	PRJNA224116	SAMN33408659	na	na	na	na	546	546	Citrobacter freundii	strain=26019	na	latest	Complete Genome	Major	Full	2023-05-26	ASM3012247v1		GCA_030122475.1	identical	https://ftp.ncbi.nlm.nih.gov/genomes/all/GCF/030/122/475/GCF_030122475.1_ASM3012247v1	./Development/ThreeFold/data/external/Citrobacter/GCF_030122475.1_ASM3012247v1_genomic.fna.gz
GCF_030122495.1	PRJNA224116	SAMN33434147	na	na	na	na	546	546	Citrobacter freundii	strain=2075	na	latest	Complete Genome	Major	Full	2023-05-26	ASM3012249v1		GCA_030122495.1	identical	https://ftp.ncbi.nlm.nih.gov/genomes/all/GCF/030/122/495/GCF_030122495.1_ASM3012249v1	./Development/ThreeFold/data/external/Citrobacter/GCF_030122495.1_ASM3012249v1_genomic.fna.gz
GCF_030177735.1	PRJNA224116	SAMN35332011	na	na	na	na	546	546	Citrobacter freundii	strain=CRNMS1	na	latest	Complete Genome	Major	Full	2023-06-06	ASM3017773v1		GCA_030177735.1	identical	https://ftp.ncbi.nlm.nih.gov/genomes/all/GCF/030/177/735/GCF_030177735.1_ASM3017773v1	./Development/ThreeFold/data/external/Citrobacter/GCF_030177735.1_ASM3017773v1_genomic.fna.gz
GCF_031432815.1	PRJNA224116	SAMN37200065	na	na	na	na	546	546	Citrobacter freundii	strain=CF2	na	latest	Complete Genome	Major	Full	2023-09-13	ASM3143281v1		GCA_031432815.1	identical	https://ftp.ncbi.nlm.nih.gov/genomes/all/GCF/031/432/815/GCF_031432815.1_ASM3143281v1	./Development/ThreeFold/data/external/Citrobacter/GCF_031432815.1_ASM3143281v1_genomic.fna.gz
GCF_032345935.1	PRJNA224116	SAMN37529179	na	na	na	na	546	546	Citrobacter freundii	strain=isolateH	na	latest	Complete Genome	Major	Full	2023-10-04	ASM3234593v1		GCA_032345935.1	identical	https://ftp.ncbi.nlm.nih.gov/genomes/all/GCF/032/345/935/GCF_032345935.1_ASM3234593v1	./Development/ThreeFold/data/external/Citrobacter/GCF_032345935.1_ASM3234593v1_genomic.fna.gz
GCF_032346775.2	PRJNA224116	SAMN37529178	na	na	na	na	546	546	Citrobacter freundii	strain=isolateG	na	latest	Complete Genome	Major	Full	2024-04-01	ASM3234677v2		GCA_032346775.2	identical	https://ftp.ncbi.nlm.nih.gov/genomes/all/GCF/032/346/775/GCF_032346775.2_ASM3234677v2	./Development/ThreeFold/data/external/Citrobacter/GCF_032346775.2_ASM3234677v2_genomic.fna.gz
GCF_032347795.1	PRJNA224116	SAMN37529183	na	na	na	na	546	546	Citrobacter freundii	strain=isolateL	na	latest	Complete Genome	Major	Full	2023-10-04	ASM3234779v1		GCA_032347795.1	identical	https://ftp.ncbi.nlm.nih.gov/genomes/all/GCF/032/347/795/GCF_032347795.1_ASM3234779v1	./Development/ThreeFold/data/external/Citrobacter/GCF_032347795.1_ASM3234779v1_genomic.fna.gz
GCF_032375065.1	PRJNA224116	SAMN37553760	na	na	na	na	546	546	Citrobacter freundii	strain=202212	na	latest	Complete Genome	Major	Full	2023-10-05	ASM3237506v1		GCA_032375065.1	identical	https://ftp.ncbi.nlm.nih.gov/genomes/all/GCF/032/375/065/GCF_032375065.1_ASM3237506v1	./Development/ThreeFold/data/external/Citrobacter/GCF_032375065.1_ASM3237506v1_genomic.fna.gz
GCF_032464395.1	PRJNA224116	SAMN37599210	na	na	na	na	546	546	Citrobacter freundii	strain=CPO20180081	na	latest	Complete Genome	Major	Full	2023-10-09	ASM3246439v1		GCA_032464395.1	identical	https://ftp.ncbi.nlm.nih.gov/genomes/all/GCF/032/464/395/GCF_032464395.1_ASM3246439v1	./Development/ThreeFold/data/external/Citrobacter/GCF_032464395.1_ASM3246439v1_genomic.fna.gz
GCF_032818495.1	PRJNA224116	SAMN33169384	na	na	na	na	546	546	Citrobacter freundii	strain=BC73	na	latest	Complete Genome	Major	Full	2023-10-18	ASM3281849v1		GCA_032818495.1	identical	https://ftp.ncbi.nlm.nih.gov/genomes/all/GCF/032/818/495/GCF_032818495.1_ASM3281849v1	./Development/ThreeFold/data/external/Citrobacter/GCF_032818495.1_ASM3281849v1_genomic.fna.gz
GCF_033157475.1	PRJNA224116	SAMN37878025	na	na	na	na	546	546	Citrobacter freundii	strain=F2119	na	latest	Complete Genome	Major	Full	2023-10-31	ASM3315747v1		GCA_033157475.1	identical	https://ftp.ncbi.nlm.nih.gov/genomes/all/GCF/033/157/475/GCF_033157475.1_ASM3315747v1	./Development/ThreeFold/data/external/Citrobacter/GCF_033157475.1_ASM3315747v1_genomic.fna.gz
GCF_033160275.1	PRJNA224116	SAMN37878029	na	na	na	na	546	546	Citrobacter freundii	strain=F3021	na	latest	Complete Genome	Major	Full	2023-10-31	ASM3316027v1		GCA_033160275.1	identical	https://ftp.ncbi.nlm.nih.gov/genomes/all/GCF/033/160/275/GCF_033160275.1_ASM3316027v1	./Development/ThreeFold/data/external/Citrobacter/GCF_033160275.1_ASM3316027v1_genomic.fna.gz
GCF_033162755.1	PRJNA224116	SAMN37878049	na	na	na	na	546	546	Citrobacter freundii	strain=F3121	na	latest	Complete Genome	Major	Full	2023-10-31	ASM3316275v1		GCA_033162755.1	identical	https://ftp.ncbi.nlm.nih.gov/genomes/all/GCF/033/162/755/GCF_033162755.1_ASM3316275v1	./Development/ThreeFold/data/external/Citrobacter/GCF_033162755.1_ASM3316275v1_genomic.fna.gz
GCF_033164915.1	PRJNA224116	SAMN37878257	na	na	na	na	546	546	Citrobacter freundii	strain=F3419	na	latest	Complete Genome	Major	Full	2023-10-31	ASM3316491v1		GCA_033164915.1	identical	https://ftp.ncbi.nlm.nih.gov/genomes/all/GCF/033/164/915/GCF_033164915.1_ASM3316491v1	./Development/ThreeFold/data/external/Citrobacter/GCF_033164915.1_ASM3316491v1_genomic.fna.gz
GCF_033398815.1	PRJNA224116	SAMN37709339	na	na	na	na	546	546	Citrobacter freundii	na	FELIX_MS689	latest	Complete Genome	Major	Full	2023-11-07	ASM3339881v1		GCA_033398815.1	identical	https://ftp.ncbi.nlm.nih.gov/genomes/all/GCF/033/398/815/GCF_033398815.1_ASM3339881v1	./Development/ThreeFold/data/external/Citrobacter/GCF_033398815.1_ASM3339881v1_genomic.fna.gz
GCF_033399635.1	PRJNA224116	SAMN37709340	na	na	na	na	546	546	Citrobacter freundii	na	FELIX_MS690	latest	Complete Genome	Major	Full	2023-11-07	ASM3339963v1		GCA_033399635.1	identical	https://ftp.ncbi.nlm.nih.gov/genomes/all/GCF/033/399/635/GCF_033399635.1_ASM3339963v1	./Development/ThreeFold/data/external/Citrobacter/GCF_033399635.1_ASM3339963v1_genomic.fna.gz
GCF_034377565.1	PRJNA224116	SAMN37931207	na	na	na	na	546	546	Citrobacter freundii	na	FELIX_MS432	latest	Complete Genome	Major	Full	2023-12-14	ASM3437756v1		GCA_034377565.1	identical	https://ftp.ncbi.nlm.nih.gov/genomes/all/GCF/034/377/565/GCF_034377565.1_ASM3437756v1	./Development/ThreeFold/data/external/Citrobacter/GCF_034377565.1_ASM3437756v1_genomic.fna.gz
GCF_034422555.1	PRJNA224116	SAMN38610813	na	na	na	na	546	546	Citrobacter freundii	strain=UKJ86	na	latest	Complete Genome	Major	Full	2023-12-16	ASM3442255v1		GCA_034422555.1	identical	https://ftp.ncbi.nlm.nih.gov/genomes/all/GCF/034/422/555/GCF_034422555.1_ASM3442255v1	./Development/ThreeFold/data/external/Citrobacter/GCF_034422555.1_ASM3442255v1_genomic.fna.gz
GCF_035620115.1	PRJNA224116	SAMN38983828	na	na	na	na	546	546	Citrobacter freundii	strain=NFYY328	na	latest	Complete Genome	Major	Full	2024-01-13	ASM3562011v1		GCA_035620115.1	identical	https://ftp.ncbi.nlm.nih.gov/genomes/all/GCF/035/620/115/GCF_035620115.1_ASM3562011v1	./Development/ThreeFold/data/external/Citrobacter/GCF_035620115.1_ASM3562011v1_genomic.fna.gz
GCF_036287605.1	PRJNA224116	SAMN39499919	na	na	na	na	546	546	Citrobacter freundii	strain=B18196	na	latest	Complete Genome	Major	Full	2024-01-29	ASM3628760v1		GCA_036287605.1	identical	https://ftp.ncbi.nlm.nih.gov/genomes/all/GCF/036/287/605/GCF_036287605.1_ASM3628760v1	./Development/ThreeFold/data/external/Citrobacter/GCF_036287605.1_ASM3628760v1_genomic.fna.gz
GCF_036289085.1	PRJNA224116	SAMN37932926	na	na	na	na	546	546	Citrobacter freundii	strain=F3517	na	latest	Complete Genome	Major	Full	2023-10-31	ASM3628908v1		GCA_036289085.1	identical	https://ftp.ncbi.nlm.nih.gov/genomes/all/GCF/036/289/085/GCF_036289085.1_ASM3628908v1	./Development/ThreeFold/data/external/Citrobacter/GCF_036289085.1_ASM3628908v1_genomic.fna.gz
GCF_036289105.1	PRJNA224116	SAMN37933137	na	na	na	na	546	546	Citrobacter freundii	strain=F4321	na	latest	Complete Genome	Major	Full	2023-10-31	ASM3628910v1		GCA_036289105.1	identical	https://ftp.ncbi.nlm.nih.gov/genomes/all/GCF/036/289/105/GCF_036289105.1_ASM3628910v1	./Development/ThreeFold/data/external/Citrobacter/GCF_036289105.1_ASM3628910v1_genomic.fna.gz
GCF_036289145.1	PRJNA224116	SAMN37933681	na	na	na	na	546	546	Citrobacter freundii	strain=F1917	na	latest	Complete Genome	Major	Full	2023-10-31	ASM3628914v1		GCA_036289145.1	identical	https://ftp.ncbi.nlm.nih.gov/genomes/all/GCF/036/289/145/GCF_036289145.1_ASM3628914v1	./Development/ThreeFold/data/external/Citrobacter/GCF_036289145.1_ASM3628914v1_genomic.fna.gz
GCF_036289185.1	PRJNA224116	SAMN37934525	na	na	na	na	546	546	Citrobacter freundii	strain=F2021	na	latest	Complete Genome	Major	Full	2023-10-31	ASM3628918v1		GCA_036289185.1	identical	https://ftp.ncbi.nlm.nih.gov/genomes/all/GCF/036/289/185/GCF_036289185.1_ASM3628918v1	./Development/ThreeFold/data/external/Citrobacter/GCF_036289185.1_ASM3628918v1_genomic.fna.gz
GCF_036289205.1	PRJNA224116	SAMN37935181	na	na	na	na	546	546	Citrobacter freundii	strain=F3221	na	latest	Complete Genome	Major	Full	2023-10-31	ASM3628920v1		GCA_036289205.1	identical	https://ftp.ncbi.nlm.nih.gov/genomes/all/GCF/036/289/205/GCF_036289205.1_ASM3628920v1	./Development/ThreeFold/data/external/Citrobacter/GCF_036289205.1_ASM3628920v1_genomic.fna.gz
GCF_036289225.1	PRJNA224116	SAMN37934872	na	na	na	na	546	546	Citrobacter freundii	strain=F2613	na	latest	Complete Genome	Major	Full	2023-10-31	ASM3628922v1		GCA_036289225.1	identical	https://ftp.ncbi.nlm.nih.gov/genomes/all/GCF/036/289/225/GCF_036289225.1_ASM3628922v1	./Development/ThreeFold/data/external/Citrobacter/GCF_036289225.1_ASM3628922v1_genomic.fna.gz
GCF_036289245.1	PRJNA224116	SAMN37935182	na	na	na	na	546	546	Citrobacter freundii	strain=F3321	na	latest	Complete Genome	Major	Full	2023-10-31	ASM3628924v1		GCA_036289245.1	identical	https://ftp.ncbi.nlm.nih.gov/genomes/all/GCF/036/289/245/GCF_036289245.1_ASM3628924v1	./Development/ThreeFold/data/external/Citrobacter/GCF_036289245.1_ASM3628924v1_genomic.fna.gz
GCF_036509015.1	PRJNA224116	SAMD00622803	na	na	na	na	546	546	Citrobacter freundii	strain=OIPH-N330	na	latest	Complete Genome	Major	Full	2023-11-02	ASM3650901v1		GCA_036509015.1	identical	https://ftp.ncbi.nlm.nih.gov/genomes/all/GCF/036/509/015/GCF_036509015.1_ASM3650901v1	./Development/ThreeFold/data/external/Citrobacter/GCF_036509015.1_ASM3650901v1_genomic.fna.gz
GCF_036509175.1	PRJNA224116	SAMD00622804	na	na	na	na	546	546	Citrobacter freundii	strain=OIPH-N354	na	latest	Complete Genome	Major	Full	2023-11-02	ASM3650917v1		GCA_036509175.1	identical	https://ftp.ncbi.nlm.nih.gov/genomes/all/GCF/036/509/175/GCF_036509175.1_ASM3650917v1	./Development/ThreeFold/data/external/Citrobacter/GCF_036509175.1_ASM3650917v1_genomic.fna.gz
GCF_036687445.1	PRJNA224116	SAMN39435378	na	na	na	na	546	546	Citrobacter freundii	strain=CI190083	na	latest	Complete Genome	Major	Full	2024-04-05	ASM3668744v1		GCA_036687445.1	identical	https://ftp.ncbi.nlm.nih.gov/genomes/all/GCF/036/687/445/GCF_036687445.1_ASM3668744v1	./Development/ThreeFold/data/external/Citrobacter/GCF_036687445.1_ASM3668744v1_genomic.fna.gz
GCF_036884505.1	PRJNA224116	SAMN33052304	na	na	na	na	546	546	Citrobacter freundii	strain=S1-CHI-03-B	na	latest	Complete Genome	Major	Full	2024-04-05	ASM3688450v1		GCA_036884505.1	identical	https://ftp.ncbi.nlm.nih.gov/genomes/all/GCF/036/884/505/GCF_036884505.1_ASM3688450v1	./Development/ThreeFold/data/external/Citrobacter/GCF_036884505.1_ASM3688450v1_genomic.fna.gz
GCF_037820925.1	PRJNA224116	SAMN40298374	na	na	na	na	546	546	Citrobacter freundii	na	FELIX_MS426	latest	Complete Genome	Major	Full	2024-04-05	ASM3782092v1		GCA_037820925.1	identical	https://ftp.ncbi.nlm.nih.gov/genomes/all/GCF/037/820/925/GCF_037820925.1_ASM3782092v1	./Development/ThreeFold/data/external/Citrobacter/GCF_037820925.1_ASM3782092v1_genomic.fna.gz
GCF_038018215.1	PRJNA224116	SAMN40453084	na	na	na	na	546	546	Citrobacter freundii	strain=C17	na	latest	Complete Genome	Major	Full	2024-04-09	ASM3801821v1		GCA_038018215.1	identical	https://ftp.ncbi.nlm.nih.gov/genomes/all/GCF/038/018/215/GCF_038018215.1_ASM3801821v1	./Development/ThreeFold/data/external/Citrobacter/GCF_038018215.1_ASM3801821v1_genomic.fna.gz
GCF_038180105.1	PRJNA224116	SAMN23449392	na	na	na	na	546	546	Citrobacter freundii	strain=CFTMDU	na	latest	Complete Genome	Major	Full	2024-04-17	ASM3818010v1		GCA_038180105.1	identical	https://ftp.ncbi.nlm.nih.gov/genomes/all/GCF/038/180/105/GCF_038180105.1_ASM3818010v1	./Development/ThreeFold/data/external/Citrobacter/GCF_038180105.1_ASM3818010v1_genomic.fna.gz
GCF_038452245.1	PRJNA224116	SAMN40574029	na	na	na	na	546	546	Citrobacter freundii	strain=MO_AK867	na	latest	Complete Genome	Major	Full	2024-04-26	ASM3845224v1		GCA_038452245.1	identical	https://ftp.ncbi.nlm.nih.gov/genomes/all/GCF/038/452/245/GCF_038452245.1_ASM3845224v1	./Development/ThreeFold/data/external/Citrobacter/GCF_038452245.1_ASM3845224v1_genomic.fna.gz
GCF_039554995.1	PRJNA224116	SAMN41129895	na	na	na	na	546	546	Citrobacter freundii	strain=NFYY361	na	latest	Complete Genome	Major	Full	2024-05-09	ASM3955499v1		GCA_039554995.1	identical	https://ftp.ncbi.nlm.nih.gov/genomes/all/GCF/039/554/995/GCF_039554995.1_ASM3955499v1	./Development/ThreeFold/data/external/Citrobacter/GCF_039554995.1_ASM3955499v1_genomic.fna.gz
GCF_039566135.1	PRJNA224116	SAMN35344983	na	na	na	na	546	546	Citrobacter freundii	strain=C11	na	latest	Complete Genome	Major	Full	2024-05-10	ASM3956613v1		GCA_039566135.1	identical	https://ftp.ncbi.nlm.nih.gov/genomes/all/GCF/039/566/135/GCF_039566135.1_ASM3956613v1	./Development/ThreeFold/data/external/Citrobacter/GCF_039566135.1_ASM3956613v1_genomic.fna.gz
GCF_039634395.1	PRJNA224116	SAMN41219942	na	na	na	na	546	546	Citrobacter freundii	strain=C61969	na	latest	Complete Genome	Major	Full	2024-05-15	ASM3963439v1		GCA_039634395.1	identical	https://ftp.ncbi.nlm.nih.gov/genomes/all/GCF/039/634/395/GCF_039634395.1_ASM3963439v1	./Development/ThreeFold/data/external/Citrobacter/GCF_039634395.1_ASM3963439v1_genomic.fna.gz
GCF_040893185.1	PRJNA224116	SAMN42431289	na	na	na	na	546	546	Citrobacter freundii	strain=Cf_Goe_204579-1	na	latest	Complete Genome	Major	Full	2024-07-29	ASM4089318v1		GCA_040893185.1	identical	https://ftp.ncbi.nlm.nih.gov/genomes/all/GCF/040/893/185/GCF_040893185.1_ASM4089318v1	./Development/ThreeFold/data/external/Citrobacter/GCF_040893185.1_ASM4089318v1_genomic.fna.gz
GCF_041003565.1	PRJNA224116	SAMN42440413	na	na	na	na	546	546	Citrobacter freundii	strain=CXW215	na	latest	Complete Genome	Major	Full	2024-08-03	CXW215		GCA_041003565.1	identical	https://ftp.ncbi.nlm.nih.gov/genomes/all/GCF/041/003/565/GCF_041003565.1_CXW215	./Development/ThreeFold/data/external/Citrobacter/GCF_041003565.1_CXW215_genomic.fna.gz
GCF_041003615.1	PRJNA224116	SAMN42440412	na	na	na	na	546	546	Citrobacter freundii	strain=CXW213	na	latest	Complete Genome	Major	Full	2024-08-03	CXW213		GCA_041003615.1	identical	https://ftp.ncbi.nlm.nih.gov/genomes/all/GCF/041/003/615/GCF_041003615.1_CXW213	./Development/ThreeFold/data/external/Citrobacter/GCF_041003615.1_CXW213_genomic.fna.gz
GCF_041004345.1	PRJNA224116	SAMN42440395	na	na	na	na	546	546	Citrobacter freundii	strain=W115	na	latest	Complete Genome	Major	Full	2024-08-03	W115		GCA_041004345.1	identical	https://ftp.ncbi.nlm.nih.gov/genomes/all/GCF/041/004/345/GCF_041004345.1_W115	./Development/ThreeFold/data/external/Citrobacter/GCF_041004345.1_W115_genomic.fna.gz
GCF_041200265.1	PRJNA224116	SAMN43010778	na	na	na	na	546	546	Citrobacter freundii	strain=FAHZZU8106	na	latest	Complete Genome	Major	Full	2024-08-13	ASM4120026v1		GCA_041200265.1	identical	https://ftp.ncbi.nlm.nih.gov/genomes/all/GCF/041/200/265/GCF_041200265.1_ASM4120026v1	./Development/ThreeFold/data/external/Citrobacter/GCF_041200265.1_ASM4120026v1_genomic.fna.gz
GCF_045519205.1	PRJNA224116	SAMN42439697	na	na	na	na	546	546	Citrobacter freundii	strain=C275	na	latest	Complete Genome	Major	Full	2024-12-06	ASM4551920v1		GCA_045519205.1	identical	https://ftp.ncbi.nlm.nih.gov/genomes/all/GCF/045/519/205/GCF_045519205.1_ASM4551920v1	./Development/ThreeFold/data/external/Citrobacter/GCF_045519205.1_ASM4551920v1_genomic.fna.gz
GCF_046097535.1	PRJNA224116	SAMN45046479	na	na	na	na	546	546	Citrobacter freundii	strain=27-C	na	latest	Complete Genome	Major	Full	2024-12-16	ASM4609753v1		GCA_046097535.1	identical	https://ftp.ncbi.nlm.nih.gov/genomes/all/GCF/046/097/535/GCF_046097535.1_ASM4609753v1	./Development/ThreeFold/data/external/Citrobacter/GCF_046097535.1_ASM4609753v1_genomic.fna.gz
GCF_900520335.1	PRJNA224116	SAMEA4830817	na	na	na	na	546	546	Citrobacter freundii	na	Citrobacter freundii str. E2614	latest	Complete Genome	Major	Full	2019-01-29	ASM90052033v1		GCA_900520335.1	identical	https://ftp.ncbi.nlm.nih.gov/genomes/all/GCF/900/520/335/GCF_900520335.1_ASM90052033v1	./Development/ThreeFold/data/external/Citrobacter/GCF_900520335.1_ASM90052033v1_genomic.fna.gz
GCF_900520375.1	PRJNA224116	SAMEA4830818	na	na	na	na	546	546	Citrobacter freundii	na	Citrobacter freundii str. U2785	latest	Complete Genome	Major	Full	2019-01-29	ASM90052037v1		GCA_900520375.1	identical	https://ftp.ncbi.nlm.nih.gov/genomes/all/GCF/900/520/375/GCF_900520375.1_ASM90052037v1	./Development/ThreeFold/data/external/Citrobacter/GCF_900520375.1_ASM90052037v1_genomic.fna.gz
GCF_904425445.1	PRJNA224116	SAMEA7313125	na	na	na	na	546	546	Citrobacter freundii	strain=PSV	na	latest	Complete Genome	Major	Full	2021-01-27	ASM90442544v1		GCA_904425445.1	identical	https://ftp.ncbi.nlm.nih.gov/genomes/all/GCF/904/425/445/GCF_904425445.1_ASM90442544v1	./Development/ThreeFold/data/external/Citrobacter/GCF_904425445.1_ASM90442544v1_genomic.fna.gz
GCF_904859905.1	PRJNA224116	SAMEA3357462	na	na	reference genome	na	546	546	Citrobacter freundii	strain=MSB1_1H	MSB1_1H	latest	Complete Genome	Major	Full	2020-11-01	MSB1_1H		GCA_904859905.1	identical	https://ftp.ncbi.nlm.nih.gov/genomes/all/GCF/904/859/905/GCF_904859905.1_MSB1_1H	./Development/ThreeFold/data/external/Citrobacter/GCF_904859905.1_MSB1_1H_genomic.fna.gz
GCF_905218895.2	PRJNA224116	SAMEA7853238	na	na	na	na	546	546	Citrobacter freundii	na	112	latest	Complete Genome	Major	Full	2022-05-22	AI2602v1_cp		GCA_905218895.2	identical	https://ftp.ncbi.nlm.nih.gov/genomes/all/GCF/905/218/895/GCF_905218895.2_AI2602v1_cp	./Development/ThreeFold/data/external/Citrobacter/GCF_905218895.2_AI2602v1_cp_genomic.fna.gz
GCF_905219065.2	PRJNA224116	SAMEA7853256	na	na	na	na	546	546	Citrobacter freundii	na	8	latest	Complete Genome	Major	Full	2022-05-22	AI2642v1_cp		GCA_905219065.2	identical	https://ftp.ncbi.nlm.nih.gov/genomes/all/GCF/905/219/065/GCF_905219065.2_AI2642v1_cp	./Development/ThreeFold/data/external/Citrobacter/GCF_905219065.2_AI2642v1_cp_genomic.fna.gz
GCF_905232395.2	PRJNA224116	SAMEA7962729	na	na	na	na	546	546	Citrobacter freundii	na	402	latest	Complete Genome	Major	Full	2022-05-22	AI2609v1_cp		GCA_905232395.2	identical	https://ftp.ncbi.nlm.nih.gov/genomes/all/GCF/905/232/395/GCF_905232395.2_AI2609v1_cp	./Development/ThreeFold/data/external/Citrobacter/GCF_905232395.2_AI2609v1_cp_genomic.fna.gz
GCF_905232515.2	PRJNA224116	SAMEA7962742	na	na	na	na	546	546	Citrobacter freundii	na	22	latest	Complete Genome	Major	Full	2022-05-22	AI2661v1_cp		GCA_905232515.2	identical	https://ftp.ncbi.nlm.nih.gov/genomes/all/GCF/905/232/515/GCF_905232515.2_AI2661v1_cp	./Development/ThreeFold/data/external/Citrobacter/GCF_905232515.2_AI2661v1_cp_genomic.fna.gz
GCF_905232555.2	PRJNA224116	SAMEA7962746	na	na	na	na	546	546	Citrobacter freundii	na	18	latest	Complete Genome	Major	Full	2022-05-22	AI2666v1_cp		GCA_905232555.2	identical	https://ftp.ncbi.nlm.nih.gov/genomes/all/GCF/905/232/555/GCF_905232555.2_AI2666v1_cp	./Development/ThreeFold/data/external/Citrobacter/GCF_905232555.2_AI2666v1_cp_genomic.fna.gz
GCF_905232605.2	PRJNA224116	SAMEA7962748	na	na	na	na	546	546	Citrobacter freundii	na	18	latest	Complete Genome	Major	Full	2022-05-22	AI2668v1_cp		GCA_905232605.2	identical	https://ftp.ncbi.nlm.nih.gov/genomes/all/GCF/905/232/605/GCF_905232605.2_AI2668v1_cp	./Development/ThreeFold/data/external/Citrobacter/GCF_905232605.2_AI2668v1_cp_genomic.fna.gz
GCF_905329885.2	PRJNA224116	SAMEA8065677	na	na	na	na	546	546	Citrobacter freundii	na	22	latest	Complete Genome	Major	Full	2022-05-24	AI2826v1_cpp		GCA_905329885.2	identical	https://ftp.ncbi.nlm.nih.gov/genomes/all/GCF/905/329/885/GCF_905329885.2_AI2826v1_cpp	./Development/ThreeFold/data/external/Citrobacter/GCF_905329885.2_AI2826v1_cpp_genomic.fna.gz
GCF_905330765.2	PRJNA224116	SAMEA8065770	na	na	na	na	546	546	Citrobacter freundii	na	112	latest	Complete Genome	Major	Full	2022-06-24	AI2935v1_cpp		GCA_905330765.2	identical	https://ftp.ncbi.nlm.nih.gov/genomes/all/GCF/905/330/765/GCF_905330765.2_AI2935v1_cpp	./Development/ThreeFold/data/external/Citrobacter/GCF_905330765.2_AI2935v1_cpp_genomic.fna.gz
GCF_905335685.2	PRJNA224116	SAMEA8158487	na	na	na	na	546	546	Citrobacter freundii	na	22	latest	Complete Genome	Major	Full	2022-05-24	AI3059v2_cp		GCA_905335685.2	identical	https://ftp.ncbi.nlm.nih.gov/genomes/all/GCF/905/335/685/GCF_905335685.2_AI3059v2_cp	./Development/ThreeFold/data/external/Citrobacter/GCF_905335685.2_AI3059v2_cp_genomic.fna.gz
GCF_905338045.2	PRJNA224116	SAMEA8158485	na	na	na	na	546	546	Citrobacter freundii	na	0	latest	Complete Genome	Major	Full	2022-05-24	AI3057v1_cp		GCA_905338045.2	identical	https://ftp.ncbi.nlm.nih.gov/genomes/all/GCF/905/338/045/GCF_905338045.2_AI3057v1_cp	./Development/ThreeFold/data/external/Citrobacter/GCF_905338045.2_AI3057v1_cp_genomic.fna.gz
GCF_001558935.2	PRJNA224116	SAMN03996309	na	na	na	na	35703	35703	Citrobacter amalonaticus	strain=FDAARGOS_165	na	latest	Complete Genome	Major	Full	2018-02-12	ASM155893v2		GCA_001558935.2	identical	https://ftp.ncbi.nlm.nih.gov/genomes/all/GCF/001/558/935/GCF_001558935.2_ASM155893v2	./Development/ThreeFold/data/external/Citrobacter/GCF_001558935.2_ASM155893v2_genomic.fna.gz
GCF_001559075.2	PRJNA224116	SAMN03996265	na	na	na	na	35703	35703	Citrobacter amalonaticus	strain=FDAARGOS_122	na	latest	Complete Genome	Minor	Full	2018-02-26	ASM155907v2		GCA_001559075.2	identical	https://ftp.ncbi.nlm.nih.gov/genomes/all/GCF/001/559/075/GCF_001559075.2_ASM155907v2	./Development/ThreeFold/data/external/Citrobacter/GCF_001559075.2_ASM155907v2_genomic.fna.gz
GCF_006965505.1	PRJNA224116	SAMN11653541	na	na	na	na	35703	35703	Citrobacter amalonaticus	strain=133355-SW-C4-Cam	na	latest	Complete Genome	Major	Full	2019-07-14	ASM696550v1		GCA_006965505.1	identical	https://ftp.ncbi.nlm.nih.gov/genomes/all/GCF/006/965/505/GCF_006965505.1_ASM696550v1	./Development/ThreeFold/data/external/Citrobacter/GCF_006965505.1_ASM696550v1_genomic.fna.gz
GCF_015353115.1	PRJNA224116	SAMN16667806	na	na	na	na	35703	35703	Citrobacter amalonaticus	strain=CA71	na	latest	Complete Genome	Major	Full	2020-11-11	ASM1535311v1		GCA_015353115.1	identical	https://ftp.ncbi.nlm.nih.gov/genomes/all/GCF/015/353/115/GCF_015353115.1_ASM1535311v1	./Development/ThreeFold/data/external/Citrobacter/GCF_015353115.1_ASM1535311v1_genomic.fna.gz
GCF_018323885.1	PRJNA224116	SAMD00294600	na	na	na	assembly from type material	35703	35703	Citrobacter amalonaticus	strain=JCM 1661	na	latest	Complete Genome	Major	Full	2021-04-22	ASM1832388v1		GCA_018323885.1	identical	https://ftp.ncbi.nlm.nih.gov/genomes/all/GCF/018/323/885/GCF_018323885.1_ASM1832388v1	./Development/ThreeFold/data/external/Citrobacter/GCF_018323885.1_ASM1832388v1_genomic.fna.gz
GCF_019645955.1	PRJNA224116	SAMN20585126	na	na	na	na	35703	35703	Citrobacter amalonaticus	strain=C3H	na	latest	Complete Genome	Major	Full	2021-08-17	ASM1964595v1		GCA_019645955.1	identical	https://ftp.ncbi.nlm.nih.gov/genomes/all/GCF/019/645/955/GCF_019645955.1_ASM1964595v1	./Development/ThreeFold/data/external/Citrobacter/GCF_019645955.1_ASM1964595v1_genomic.fna.gz
GCF_020099335.1	PRJNA224116	SAMN21218845	na	na	reference genome	assembly from type material	35703	35703	Citrobacter amalonaticus	strain=FDAARGOS_1489	na	latest	Complete Genome	Major	Full	2021-09-23	ASM2009933v1		GCA_020099335.1	identical	https://ftp.ncbi.nlm.nih.gov/genomes/all/GCF/020/099/335/GCF_020099335.1_ASM2009933v1	./Development/ThreeFold/data/external/Citrobacter/GCF_020099335.1_ASM2009933v1_genomic.fna.gz
GCF_025723225.1	PRJNA224116	SAMN27967465	na	na	na	na	35703	35703	Citrobacter amalonaticus	strain=RSHH22	na	latest	Complete Genome	Major	Full	2022-10-17	ASM2572322v1		GCA_025723225.1	identical	https://ftp.ncbi.nlm.nih.gov/genomes/all/GCF/025/723/225/GCF_025723225.1_ASM2572322v1	./Development/ThreeFold/data/external/Citrobacter/GCF_025723225.1_ASM2572322v1_genomic.fna.gz
GCF_033726075.1	PRJNA224116	SAMN38251288	na	na	na	na	35703	35703	Citrobacter amalonaticus	strain=2023CK-01304	na	latest	Complete Genome	Major	Full	2024-11-02	ASM3372607v2		GCA_033726075.2	identical	https://ftp.ncbi.nlm.nih.gov/genomes/all/GCF/033/726/075/GCF_033726075.1_ASM3372607v2	./Development/ThreeFold/data/external/Citrobacter/GCF_033726075.1_ASM3372607v2_genomic.fna.gz
GCF_043509935.1	PRJNA224116	SAMN33330833	na	na	na	na	35703	35703	Citrobacter amalonaticus	strain=DC	na	latest	Complete Genome	Major	Full	2024-10-24	ASM4350993v1		GCA_043509935.1	identical	https://ftp.ncbi.nlm.nih.gov/genomes/all/GCF/043/509/935/GCF_043509935.1_ASM4350993v1	./Development/ThreeFold/data/external/Citrobacter/GCF_043509935.1_ASM4350993v1_genomic.fna.gz
GCF_044537545.1	PRJNA224116	SAMN44510955	na	na	na	na	35703	35703	Citrobacter amalonaticus	na	2024CK-01695	latest	Complete Genome	Major	Full	2025-02-13	ASM4453754v2		GCA_044537545.2	identical	https://ftp.ncbi.nlm.nih.gov/genomes/all/GCF/044/537/545/GCF_044537545.1_ASM4453754v2	./Development/ThreeFold/data/external/Citrobacter/GCF_044537545.1_ASM4453754v2_genomic.fna.gz
GCF_900079785.1	PRJNA224116	SAMEA3932379	na	na	na	na	35703	35703	Citrobacter amalonaticus	strain=86	na	latest	Complete Genome	Major	Full	2017-06-14	CITRO86_PRJEB13532_v1		GCA_900079785.1	identical	https://ftp.ncbi.nlm.nih.gov/genomes/all/GCF/900/079/785/GCF_900079785.1_CITRO86_PRJEB13532_v1	./Development/ThreeFold/data/external/Citrobacter/GCF_900079785.1_CITRO86_PRJEB13532_v1_genomic.fna.gz
GCF_900079795.1	PRJNA224116	SAMEA3932380	na	na	na	na	35703	35703	Citrobacter amalonaticus	strain=92	na	latest	Complete Genome	Major	Full	2017-06-14	CITRO92_PRJEB13533_v1		GCA_900079795.1	identical	https://ftp.ncbi.nlm.nih.gov/genomes/all/GCF/900/079/795/GCF_900079795.1_CITRO92_PRJEB13533_v1	./Development/ThreeFold/data/external/Citrobacter/GCF_900079795.1_CITRO92_PRJEB13533_v1_genomic.fna.gz
GCF_002208845.2	PRJNA224116	SAMN06173303	na	na	na	na	57706	57706	Citrobacter braakii	strain=FDAARGOS_290	na	latest	Complete Genome	Major	Full	2018-03-02	ASM220884v2		GCA_002208845.2	identical	https://ftp.ncbi.nlm.nih.gov/genomes/all/GCF/002/208/845/GCF_002208845.2_ASM220884v2	./Development/ThreeFold/data/external/Citrobacter/GCF_002208845.2_ASM220884v2_genomic.fna.gz
GCF_009648935.1	PRJNA224116	SAMN10574724	na	na	reference genome	na	57706	57706	Citrobacter braakii	strain=MiY-A	na	latest	Complete Genome	Major	Full	2019-11-11	ASM964893v1		GCA_009648935.1	identical	https://ftp.ncbi.nlm.nih.gov/genomes/all/GCF/009/648/935/GCF_009648935.1_ASM964893v1	./Development/ThreeFold/data/external/Citrobacter/GCF_009648935.1_ASM964893v1_genomic.fna.gz
GCF_019048045.1	PRJNA224116	SAMN16357564	na	na	na	na	57706	57706	Citrobacter braakii	strain=FDAARGOS 1422	na	latest	Complete Genome	Major	Full	2021-06-28	ASM1904804v1		GCA_019048045.1	identical	https://ftp.ncbi.nlm.nih.gov/genomes/all/GCF/019/048/045/GCF_019048045.1_ASM1904804v1	./Development/ThreeFold/data/external/Citrobacter/GCF_019048045.1_ASM1904804v1_genomic.fna.gz
GCF_019048805.1	PRJNA224116	SAMN16357563	na	na	na	assembly from type material	57706	57706	Citrobacter braakii	strain=FDAARGOS 1421	na	latest	Complete Genome	Major	Full	2021-06-28	ASM1904880v1		GCA_019048805.1	identical	https://ftp.ncbi.nlm.nih.gov/genomes/all/GCF/019/048/805/GCF_019048805.1_ASM1904880v1	./Development/ThreeFold/data/external/Citrobacter/GCF_019048805.1_ASM1904880v1_genomic.fna.gz
GCF_019502645.1	PRJNA224116	SAMN20511720	na	na	na	na	57706	57706	Citrobacter braakii	strain=DY2019	na	latest	Complete Genome	Major	Full	2021-08-10	ASM1950264v1		GCA_019502645.1	identical	https://ftp.ncbi.nlm.nih.gov/genomes/all/GCF/019/502/645/GCF_019502645.1_ASM1950264v1	./Development/ThreeFold/data/external/Citrobacter/GCF_019502645.1_ASM1950264v1_genomic.fna.gz
GCF_024347735.1	PRJNA224116	SAMD00446294	na	na	na	na	57706	57706	Citrobacter braakii	strain=KAM621	na	latest	Complete Genome	Major	Full	2022-07-06	ASM2434773v1		GCA_024347735.1	identical	https://ftp.ncbi.nlm.nih.gov/genomes/all/GCF/024/347/735/GCF_024347735.1_ASM2434773v1	./Development/ThreeFold/data/external/Citrobacter/GCF_024347735.1_ASM2434773v1_genomic.fna.gz
GCF_026626145.1	PRJNA224116	SAMN26195905	na	na	na	na	57706	57706	Citrobacter braakii	strain=LBA3	na	latest	Complete Genome	Major	Full	2022-12-04	ASM2662614v1		GCA_026626145.1	identical	https://ftp.ncbi.nlm.nih.gov/genomes/all/GCF/026/626/145/GCF_026626145.1_ASM2662614v1	./Development/ThreeFold/data/external/Citrobacter/GCF_026626145.1_ASM2662614v1_genomic.fna.gz
GCF_029001825.1	PRJNA224116	SAMN33426904	na	na	na	na	57706	57706	Citrobacter braakii	strain=ASE1	na	latest	Complete Genome	Major	Full	2023-03-06	ASM2900182v1		GCA_029001825.1	identical	https://ftp.ncbi.nlm.nih.gov/genomes/all/GCF/029/001/825/GCF_029001825.1_ASM2900182v1	./Development/ThreeFold/data/external/Citrobacter/GCF_029001825.1_ASM2900182v1_genomic.fna.gz
GCF_029634665.1	PRJNA224116	SAMN26319875	na	na	na	na	57706	57706	Citrobacter braakii	strain=P1	na	latest	Complete Genome	Major	Full	2023-04-10	ASM2963466v1		GCA_029634665.1	identical	https://ftp.ncbi.nlm.nih.gov/genomes/all/GCF/029/634/665/GCF_029634665.1_ASM2963466v1	./Development/ThreeFold/data/external/Citrobacter/GCF_029634665.1_ASM2963466v1_genomic.fna.gz
GCF_029715665.1	PRJNA224116	SAMN15488553	na	na	na	na	57706	57706	Citrobacter braakii	strain=RHB16-SO-C07	na	latest	Complete Genome	Major	Full	2023-04-13	ASM2971566v1		GCA_029715665.1	identical	https://ftp.ncbi.nlm.nih.gov/genomes/all/GCF/029/715/665/GCF_029715665.1_ASM2971566v1	./Development/ThreeFold/data/external/Citrobacter/GCF_029715665.1_ASM2971566v1_genomic.fna.gz
GCF_029716315.1	PRJNA224116	SAMN15488548	na	na	na	na	57706	57706	Citrobacter braakii	strain=RHB16-E2-C02	na	latest	Complete Genome	Major	Full	2023-04-13	ASM2971631v1		GCA_029716315.1	identical	https://ftp.ncbi.nlm.nih.gov/genomes/all/GCF/029/716/315/GCF_029716315.1_ASM2971631v1	./Development/ThreeFold/data/external/Citrobacter/GCF_029716315.1_ASM2971631v1_genomic.fna.gz
GCF_029716485.1	PRJNA224116	SAMN15488547	na	na	na	na	57706	57706	Citrobacter braakii	strain=RHB14-SO-C08	na	latest	Complete Genome	Major	Full	2023-04-13	ASM2971648v1		GCA_029716485.1	identical	https://ftp.ncbi.nlm.nih.gov/genomes/all/GCF/029/716/485/GCF_029716485.1_ASM2971648v1	./Development/ThreeFold/data/external/Citrobacter/GCF_029716485.1_ASM2971648v1_genomic.fna.gz
GCF_029716845.1	PRJNA224116	SAMN15488542	na	na	na	na	57706	57706	Citrobacter braakii	strain=RHB13-SO-C07	na	latest	Complete Genome	Major	Full	2023-04-13	ASM2971684v1		GCA_029716845.1	identical	https://ftp.ncbi.nlm.nih.gov/genomes/all/GCF/029/716/845/GCF_029716845.1_ASM2971684v1	./Development/ThreeFold/data/external/Citrobacter/GCF_029716845.1_ASM2971684v1_genomic.fna.gz
GCF_029717445.1	PRJNA224116	SAMN15488527	na	na	na	na	57706	57706	Citrobacter braakii	strain=RHB09-SO-C07	na	latest	Complete Genome	Major	Full	2023-04-13	ASM2971744v1		GCA_029717445.1	identical	https://ftp.ncbi.nlm.nih.gov/genomes/all/GCF/029/717/445/GCF_029717445.1_ASM2971744v1	./Development/ThreeFold/data/external/Citrobacter/GCF_029717445.1_ASM2971744v1_genomic.fna.gz
GCF_029717465.1	PRJNA224116	SAMN15488525	na	na	na	na	57706	57706	Citrobacter braakii	strain=RHB09-E4-C01	na	latest	Complete Genome	Major	Full	2023-04-13	ASM2971746v1		GCA_029717465.1	identical	https://ftp.ncbi.nlm.nih.gov/genomes/all/GCF/029/717/465/GCF_029717465.1_ASM2971746v1	./Development/ThreeFold/data/external/Citrobacter/GCF_029717465.1_ASM2971746v1_genomic.fna.gz
GCF_029717665.1	PRJNA224116	SAMN15488513	na	na	na	na	57706	57706	Citrobacter braakii	strain=RHB08-E3-C01	na	latest	Complete Genome	Major	Full	2023-04-13	ASM2971766v1		GCA_029717665.1	identical	https://ftp.ncbi.nlm.nih.gov/genomes/all/GCF/029/717/665/GCF_029717665.1_ASM2971766v1	./Development/ThreeFold/data/external/Citrobacter/GCF_029717665.1_ASM2971766v1_genomic.fna.gz
GCF_029717885.1	PRJNA224116	SAMN15488494	na	na	na	na	57706	57706	Citrobacter braakii	strain=RHB03-E1-C02	na	latest	Complete Genome	Major	Full	2023-04-13	ASM2971788v1		GCA_029717885.1	identical	https://ftp.ncbi.nlm.nih.gov/genomes/all/GCF/029/717/885/GCF_029717885.1_ASM2971788v1	./Development/ThreeFold/data/external/Citrobacter/GCF_029717885.1_ASM2971788v1_genomic.fna.gz
GCF_029717925.1	PRJNA224116	SAMN15488488	na	na	na	na	57706	57706	Citrobacter braakii	strain=RHB02-E4-C01	na	latest	Complete Genome	Major	Full	2023-04-13	ASM2971792v1		GCA_029717925.1	identical	https://ftp.ncbi.nlm.nih.gov/genomes/all/GCF/029/717/925/GCF_029717925.1_ASM2971792v1	./Development/ThreeFold/data/external/Citrobacter/GCF_029717925.1_ASM2971792v1_genomic.fna.gz
GCF_029717945.1	PRJNA224116	SAMN15488486	na	na	na	na	57706	57706	Citrobacter braakii	strain=RHB02-E3-C05	na	latest	Complete Genome	Major	Full	2023-04-13	ASM2971794v1		GCA_029717945.1	identical	https://ftp.ncbi.nlm.nih.gov/genomes/all/GCF/029/717/945/GCF_029717945.1_ASM2971794v1	./Development/ThreeFold/data/external/Citrobacter/GCF_029717945.1_ASM2971794v1_genomic.fna.gz
GCF_029718275.1	PRJNA224116	SAMN15488594	na	na	na	na	57706	57706	Citrobacter braakii	strain=RHB25-SO-C06	na	latest	Complete Genome	Major	Full	2023-04-13	ASM2971827v1		GCA_029718275.1	identical	https://ftp.ncbi.nlm.nih.gov/genomes/all/GCF/029/718/275/GCF_029718275.1_ASM2971827v1	./Development/ThreeFold/data/external/Citrobacter/GCF_029718275.1_ASM2971827v1_genomic.fna.gz
GCF_029718295.1	PRJNA224116	SAMN15488592	na	na	na	na	57706	57706	Citrobacter braakii	strain=RHB25-E4-C05	na	latest	Complete Genome	Major	Full	2023-04-13	ASM2971829v1		GCA_029718295.1	identical	https://ftp.ncbi.nlm.nih.gov/genomes/all/GCF/029/718/295/GCF_029718295.1_ASM2971829v1	./Development/ThreeFold/data/external/Citrobacter/GCF_029718295.1_ASM2971829v1_genomic.fna.gz
GCF_029718425.1	PRJNA224116	SAMN15488585	na	na	na	na	57706	57706	Citrobacter braakii	strain=RHB23-SO-C04	na	latest	Complete Genome	Major	Full	2023-04-13	ASM2971842v1		GCA_029718425.1	identical	https://ftp.ncbi.nlm.nih.gov/genomes/all/GCF/029/718/425/GCF_029718425.1_ASM2971842v1	./Development/ThreeFold/data/external/Citrobacter/GCF_029718425.1_ASM2971842v1_genomic.fna.gz
GCF_029718465.1	PRJNA224116	SAMN15488583	na	na	na	na	57706	57706	Citrobacter braakii	strain=RHB23-SO-C01	na	latest	Complete Genome	Major	Full	2023-04-13	ASM2971846v1		GCA_029718465.1	identical	https://ftp.ncbi.nlm.nih.gov/genomes/all/GCF/029/718/465/GCF_029718465.1_ASM2971846v1	./Development/ThreeFold/data/external/Citrobacter/GCF_029718465.1_ASM2971846v1_genomic.fna.gz
GCF_029718585.1	PRJNA224116	SAMN15488574	na	na	na	na	57706	57706	Citrobacter braakii	strain=RHB21-E1-C04	na	latest	Complete Genome	Major	Full	2023-04-13	ASM2971858v1		GCA_029718585.1	identical	https://ftp.ncbi.nlm.nih.gov/genomes/all/GCF/029/718/585/GCF_029718585.1_ASM2971858v1	./Development/ThreeFold/data/external/Citrobacter/GCF_029718585.1_ASM2971858v1_genomic.fna.gz
GCF_029719125.1	PRJNA224116	SAMN15488631	na	na	na	na	57706	57706	Citrobacter braakii	strain=RHB41-E2-C02	na	latest	Complete Genome	Major	Full	2023-04-13	ASM2971912v1		GCA_029719125.1	identical	https://ftp.ncbi.nlm.nih.gov/genomes/all/GCF/029/719/125/GCF_029719125.1_ASM2971912v1	./Development/ThreeFold/data/external/Citrobacter/GCF_029719125.1_ASM2971912v1_genomic.fna.gz
GCF_029719805.1	PRJNA224116	SAMN15488675	na	na	na	na	57706	57706	Citrobacter braakii	strain=RHB44-SE-C08	na	latest	Complete Genome	Major	Full	2023-04-13	ASM2971980v1		GCA_029719805.1	identical	https://ftp.ncbi.nlm.nih.gov/genomes/all/GCF/029/719/805/GCF_029719805.1_ASM2971980v1	./Development/ThreeFold/data/external/Citrobacter/GCF_029719805.1_ASM2971980v1_genomic.fna.gz
GCF_030166475.1	PRJNA224116	SAMN35302017	na	na	na	na	57706	57706	Citrobacter braakii	strain=THB2	na	latest	Complete Genome	Major	Full	2023-06-05	ASM3016647v1		GCA_030166475.1	identical	https://ftp.ncbi.nlm.nih.gov/genomes/all/GCF/030/166/475/GCF_030166475.1_ASM3016647v1	./Development/ThreeFold/data/external/Citrobacter/GCF_030166475.1_ASM3016647v1_genomic.fna.gz
GCF_032935635.1	PRJNA224116	SAMN37814015	na	na	na	na	57706	57706	Citrobacter braakii	strain=F217	na	latest	Complete Genome	Major	Full	2023-10-23	ASM3293563v1		GCA_032935635.1	identical	https://ftp.ncbi.nlm.nih.gov/genomes/all/GCF/032/935/635/GCF_032935635.1_ASM3293563v1	./Development/ThreeFold/data/external/Citrobacter/GCF_032935635.1_ASM3293563v1_genomic.fna.gz
GCF_036289025.1	PRJNA224116	SAMN37877638	na	na	na	na	57706	57706	Citrobacter braakii	strain=F418	na	latest	Complete Genome	Major	Full	2023-10-31	ASM3628902v1		GCA_036289025.1	identical	https://ftp.ncbi.nlm.nih.gov/genomes/all/GCF/036/289/025/GCF_036289025.1_ASM3628902v1	./Development/ThreeFold/data/external/Citrobacter/GCF_036289025.1_ASM3628902v1_genomic.fna.gz
GCF_037477975.1	PRJNA224116	SAMN38166394	na	na	na	na	57706	57706	Citrobacter braakii	strain=JX21CE32	na	latest	Complete Genome	Major	Full	2024-04-05	ASM3747797v1		GCA_037477975.1	identical	https://ftp.ncbi.nlm.nih.gov/genomes/all/GCF/037/477/975/GCF_037477975.1_ASM3747797v1	./Development/ThreeFold/data/external/Citrobacter/GCF_037477975.1_ASM3747797v1_genomic.fna.gz
GCF_041319725.1	PRJNA224116	SAMN29495179	na	na	na	na	57706	57706	Citrobacter braakii	strain=OT113	na	latest	Complete Genome	Major	Full	2024-08-18	ASM4131972v1		GCA_041319725.1	identical	https://ftp.ncbi.nlm.nih.gov/genomes/all/GCF/041/319/725/GCF_041319725.1_ASM4131972v1	./Development/ThreeFold/data/external/Citrobacter/GCF_041319725.1_ASM4131972v1_genomic.fna.gz
GCF_041319885.1	PRJNA224116	SAMN29495181	na	na	na	na	57706	57706	Citrobacter braakii	strain=OT129	na	latest	Complete Genome	Major	Full	2024-08-18	ASM4131988v1		GCA_041319885.1	identical	https://ftp.ncbi.nlm.nih.gov/genomes/all/GCF/041/319/885/GCF_041319885.1_ASM4131988v1	./Development/ThreeFold/data/external/Citrobacter/GCF_041319885.1_ASM4131988v1_genomic.fna.gz
GCF_046272115.1	PRJNA224116	SAMN41071142	na	na	na	na	57706	57706	Citrobacter braakii	strain=GTVSS-028	na	latest	Complete Genome	Major	Full	2024-12-26	ASM4627211v1		GCA_046272115.1	identical	https://ftp.ncbi.nlm.nih.gov/genomes/all/GCF/046/272/115/GCF_046272115.1_ASM4627211v1	./Development/ThreeFold/data/external/Citrobacter/GCF_046272115.1_ASM4627211v1_genomic.fna.gz
GCF_002249995.1	PRJNA224116	SAMN07452765	na	na	na	na	67824	67824	Citrobacter farmeri	strain=AUSMDU00008141	na	latest	Complete Genome	Major	Full	2017-08-14	ASM224999v1		GCA_002249995.1	identical	https://ftp.ncbi.nlm.nih.gov/genomes/all/GCF/002/249/995/GCF_002249995.1_ASM224999v1	./Development/ThreeFold/data/external/Citrobacter/GCF_002249995.1_ASM224999v1_genomic.fna.gz
GCF_019048065.1	PRJNA224116	SAMN16357565	na	na	reference genome	assembly from type material	67824	67824	Citrobacter farmeri	strain=FDAARGOS 1423	na	latest	Complete Genome	Major	Full	2021-06-28	ASM1904806v1		GCA_019048065.1	identical	https://ftp.ncbi.nlm.nih.gov/genomes/all/GCF/019/048/065/GCF_019048065.1_ASM1904806v1	./Development/ThreeFold/data/external/Citrobacter/GCF_019048065.1_ASM1904806v1_genomic.fna.gz
GCF_019803045.1	PRJNA224116	SAMN20153794	na	na	na	na	67824	67824	Citrobacter farmeri	strain=CCRI-24236	na	latest	Complete Genome	Major	Full	2021-08-30	ASM1980304v1		GCA_019803045.1	identical	https://ftp.ncbi.nlm.nih.gov/genomes/all/GCF/019/803/045/GCF_019803045.1_ASM1980304v1	./Development/ThreeFold/data/external/Citrobacter/GCF_019803045.1_ASM1980304v1_genomic.fna.gz
GCF_004765685.1	PRJNA224116	SAMN11149781	na	na	na	na	67825	67825	Citrobacter rodentium	strain=DBS100	na	latest	Complete Genome	Major	Full	2019-04-09	ASM476568v1		GCA_004765685.1	identical	https://ftp.ncbi.nlm.nih.gov/genomes/all/GCF/004/765/685/GCF_004765685.1_ASM476568v1	./Development/ThreeFold/data/external/Citrobacter/GCF_004765685.1_ASM476568v1_genomic.fna.gz
GCF_018128425.1	PRJNA224116	SAMN17736025	na	na	reference genome	na	67826	67826	Citrobacter sedlakii	strain=3347689II	na	latest	Complete Genome	Major	Full	2021-04-22	ASM1812842v1		GCA_018128425.1	identical	https://ftp.ncbi.nlm.nih.gov/genomes/all/GCF/018/128/425/GCF_018128425.1_ASM1812842v1	./Development/ThreeFold/data/external/Citrobacter/GCF_018128425.1_ASM1812842v1_genomic.fna.gz
GCF_002025225.1	PRJNA224116	SAMN06444903	na	na	na	na	67827	67827	Citrobacter werkmanii	strain=BF-6	na	latest	Complete Genome	Major	Full	2017-03-13	ASM202522v1		GCA_002025225.1	identical	https://ftp.ncbi.nlm.nih.gov/genomes/all/GCF/002/025/225/GCF_002025225.1_ASM202522v1	./Development/ThreeFold/data/external/Citrobacter/GCF_002025225.1_ASM202522v1_genomic.fna.gz
GCF_002386385.1	PRJNA224116	SAMN07312408	na	na	na	na	67827	67827	Citrobacter werkmanii	strain=FDAARGOS_364	na	latest	Complete Genome	Major	Full	2017-09-28	ASM238638v1		GCA_002386385.1	identical	https://ftp.ncbi.nlm.nih.gov/genomes/all/GCF/002/386/385/GCF_002386385.1_ASM238638v1	./Development/ThreeFold/data/external/Citrobacter/GCF_002386385.1_ASM238638v1_genomic.fna.gz
GCF_003665555.1	PRJNA224116	SAMN07729550	na	na	na	na	67827	67827	Citrobacter werkmanii	strain=UMH18	na	latest	Complete Genome	Major	Full	2018-10-17	ASM366555v1		GCA_003665555.1	identical	https://ftp.ncbi.nlm.nih.gov/genomes/all/GCF/003/665/555/GCF_003665555.1_ASM366555v1	./Development/ThreeFold/data/external/Citrobacter/GCF_003665555.1_ASM366555v1_genomic.fna.gz
GCF_008364715.2	PRJNA224116	SAMN12560193	na	na	na	na	67827	67827	Citrobacter werkmanii	strain=C5.1	na	latest	Complete Genome	Major	Full	2024-06-06	ASM836471v2		GCA_008364715.2	identical	https://ftp.ncbi.nlm.nih.gov/genomes/all/GCF/008/364/715/GCF_008364715.2_ASM836471v2	./Development/ThreeFold/data/external/Citrobacter/GCF_008364715.2_ASM836471v2_genomic.fna.gz
GCF_008693645.1	PRJNA224116	SAMN11056331	na	na	reference genome	na	67827	67827	Citrobacter werkmanii	strain=FDAARGOS_616	na	latest	Complete Genome	Major	Full	2019-09-25	ASM869364v1		GCA_008693645.1	identical	https://ftp.ncbi.nlm.nih.gov/genomes/all/GCF/008/693/645/GCF_008693645.1_ASM869364v1	./Development/ThreeFold/data/external/Citrobacter/GCF_008693645.1_ASM869364v1_genomic.fna.gz
GCF_020271725.1	PRJNA224116	SAMN20477956	na	na	na	na	67827	67827	Citrobacter werkmanii	strain=LHC5-1	na	latest	Complete Genome	Major	Full	2021-10-05	ASM2027172v1		GCA_020271725.1	identical	https://ftp.ncbi.nlm.nih.gov/genomes/all/GCF/020/271/725/GCF_020271725.1_ASM2027172v1	./Development/ThreeFold/data/external/Citrobacter/GCF_020271725.1_ASM2027172v1_genomic.fna.gz
GCF_041319955.1	PRJNA224116	SAMN29495173	na	na	na	na	67827	67827	Citrobacter werkmanii	strain=OT56	na	latest	Complete Genome	Major	Full	2024-08-18	ASM4131995v1		GCA_041319955.1	identical	https://ftp.ncbi.nlm.nih.gov/genomes/all/GCF/041/319/955/GCF_041319955.1_ASM4131995v1	./Development/ThreeFold/data/external/Citrobacter/GCF_041319955.1_ASM4131995v1_genomic.fna.gz
GCF_902388105.1	PRJNA224116	SAMEA5852040	na	na	na	na	67827	67827	Citrobacter werkmanii	na	MGYG-HGUT-02535	latest	Complete Genome	Major	Full	2019-08-10	UHGG_MGYG-HGUT-02535		GCA_902388105.1	identical	https://ftp.ncbi.nlm.nih.gov/genomes/all/GCF/902/388/105/GCF_902388105.1_UHGG_MGYG-HGUT-02535	./Development/ThreeFold/data/external/Citrobacter/GCF_902388105.1_UHGG_MGYG-HGUT-02535_genomic.fna.gz
GCF_038096145.1	PRJNA224116	SAMN40697891	na	na	na	na	67828	67828	Citrobacter gillenii	strain=DW61	na	latest	Complete Genome	Major	Full	2024-04-16	DW61		GCA_038096145.1	identical	https://ftp.ncbi.nlm.nih.gov/genomes/all/GCF/038/096/145/GCF_038096145.1_DW61	./Development/ThreeFold/data/external/Citrobacter/GCF_038096145.1_DW61_genomic.fna.gz
GCF_010119415.2	PRJNA224116	SAMN13927060	na	na	na	na	133448	133448	Citrobacter youngae	strain=UL-CPE-01	na	latest	Complete Genome	Major	Full	2023-08-24	ASM1011941v2		GCA_010119415.2	identical	https://ftp.ncbi.nlm.nih.gov/genomes/all/GCF/010/119/415/GCF_010119415.2_ASM1011941v2	./Development/ThreeFold/data/external/Citrobacter/GCF_010119415.2_ASM1011941v2_genomic.fna.gz
GCF_024662035.1	PRJNA224116	SAMN30174882	na	na	na	na	133448	133448	Citrobacter youngae	strain=CF10	na	latest	Complete Genome	Major	Full	2022-08-15	ASM2466203v1		GCA_024662035.1	identical	https://ftp.ncbi.nlm.nih.gov/genomes/all/GCF/024/662/035/GCF_024662035.1_ASM2466203v1	./Development/ThreeFold/data/external/Citrobacter/GCF_024662035.1_ASM2466203v1_genomic.fna.gz
GCF_900638065.1	PRJNA224116	SAMEA103980411	na	na	na	assembly from type material	133448	133448	Citrobacter youngae	strain=NCTC13709	na	latest	Complete Genome	Major	Full	2018-12-20	55685_A01		GCA_900638065.1	identical	https://ftp.ncbi.nlm.nih.gov/genomes/all/GCF/900/638/065/GCF_900638065.1_55685_A01	./Development/ThreeFold/data/external/Citrobacter/GCF_900638065.1_55685_A01_genomic.fna.gz
GCF_012524235.2	PRJNA224116	SAMN14563051	na	na	na	na	184912	184912	Citrobacter sp. TSA-1	strain=TSA-1	na	latest	Complete Genome	Major	Full	2020-05-27	UCSC_CitroTSA_2.0		GCA_012524235.2	identical	https://ftp.ncbi.nlm.nih.gov/genomes/all/GCF/012/524/235/GCF_012524235.2_UCSC_CitroTSA_2.0	./Development/ThreeFold/data/external/Citrobacter/GCF_012524235.2_UCSC_CitroTSA_2.0_genomic.fna.gz
GCF_000018045.1	PRJNA224116	SAMN02603912	na	na	reference genome	na	290338	545	Citrobacter koseri ATCC BAA-895	strain=ATCC BAA-895	na	latest	Complete Genome	Major	Full	2007-09-11	ASM1804v1		GCA_000018045.1	identical	https://ftp.ncbi.nlm.nih.gov/genomes/all/GCF/000/018/045/GCF_000018045.1_ASM1804v1	./Development/ThreeFold/data/external/Citrobacter/GCF_000018045.1_ASM1804v1_genomic.fna.gz
GCF_000027085.1	PRJNA224116	SAMEA2272524	na	na	na	na	637910	67825	Citrobacter rodentium ICC168	strain=ICC168	na	latest	Complete Genome	Major	Full	2010-01-04	ASM2708v1		GCA_000027085.1	identical	https://ftp.ncbi.nlm.nih.gov/genomes/all/GCF/000/027/085/GCF_000027085.1_ASM2708v1	./Development/ThreeFold/data/external/Citrobacter/GCF_000027085.1_ASM2708v1_genomic.fna.gz
GCF_011064845.1	PRJNA224116	SAMN14128751	na	na	na	assembly from type material	1006003	546	Citrobacter freundii ATCC 8090 = MTCC 1658 = NBRC 12681	strain=ATCC 8090	na	latest	Complete Genome	Major	Full	2020-03-05	ASM1106484v1		GCA_011064845.1	identical	https://ftp.ncbi.nlm.nih.gov/genomes/all/GCF/011/064/845/GCF_011064845.1_ASM1106484v1	./Development/ThreeFold/data/external/Citrobacter/GCF_011064845.1_ASM1106484v1_genomic.fna.gz
GCF_021278985.1	PRJNA224116	SAMN21155799	na	na	reference genome	assembly from type material	1218085	67825	Citrobacter rodentium NBRC 105723 = DSM 16636	strain=DSM 16636	na	latest	Complete Genome	Major	Full	2021-12-23	ASM2127898v1		GCA_021278985.1	identical	https://ftp.ncbi.nlm.nih.gov/genomes/all/GCF/021/278/985/GCF_021278985.1_ASM2127898v1	./Development/ThreeFold/data/external/Citrobacter/GCF_021278985.1_ASM2127898v1_genomic.fna.gz
GCF_000981805.1	PRJNA224116	SAMN03447475	na	na	na	na	1261127	35703	Citrobacter amalonaticus Y19	strain=Y19	na	latest	Complete Genome	Major	Full	2015-04-29	ASM98180v1		GCA_000981805.1	identical	https://ftp.ncbi.nlm.nih.gov/genomes/all/GCF/000/981/805/GCF_000981805.1_ASM98180v1	./Development/ThreeFold/data/external/Citrobacter/GCF_000981805.1_ASM98180v1_genomic.fna.gz
GCF_003665575.1	PRJNA224116	SAMN07729549	na	na	na	na	1563222	1563222	Citrobacter pasteurii	strain=UMH17	na	latest	Complete Genome	Major	Full	2018-10-17	ASM366557v1		GCA_003665575.1	identical	https://ftp.ncbi.nlm.nih.gov/genomes/all/GCF/003/665/575/GCF_003665575.1_ASM366557v1	./Development/ThreeFold/data/external/Citrobacter/GCF_003665575.1_ASM366557v1_genomic.fna.gz
GCF_019047765.1	PRJNA224116	SAMN16357566	na	na	reference genome	assembly from type material	1563222	1563222	Citrobacter pasteurii	strain=FDAARGOS 1424	na	latest	Complete Genome	Major	Full	2021-06-28	ASM1904776v1		GCA_019047765.1	identical	https://ftp.ncbi.nlm.nih.gov/genomes/all/GCF/019/047/765/GCF_019047765.1_ASM1904776v1	./Development/ThreeFold/data/external/Citrobacter/GCF_019047765.1_ASM1904776v1_genomic.fna.gz
GCF_016811995.1	PRJNA224116	SAMN17525799	na	na	na	na	1573676	1573676	Citrobacter sp. R56	strain=R56	na	latest	Complete Genome	Major	Full	2021-02-07	ASM1681199v1		GCA_016811995.1	identical	https://ftp.ncbi.nlm.nih.gov/genomes/all/GCF/016/811/995/GCF_016811995.1_ASM1681199v1	./Development/ThreeFold/data/external/Citrobacter/GCF_016811995.1_ASM1681199v1_genomic.fna.gz
GCF_001281005.1	PRJNA224116	SAMN03996567	na	na	na	na	1639133	1639133	Citrobacter portucalensis	strain=P10159	na	latest	Complete Genome	Major	Full	2015-09-11	ASM128100v1		GCA_001281005.1	identical	https://ftp.ncbi.nlm.nih.gov/genomes/all/GCF/001/281/005/GCF_001281005.1_ASM128100v1	./Development/ThreeFold/data/external/Citrobacter/GCF_001281005.1_ASM128100v1_genomic.fna.gz
GCF_004801555.1	PRJNA224116	SAMN11268905	na	na	na	na	1639133	1639133	Citrobacter portucalensis	strain=Effluent_1	na	latest	Complete Genome	Major	Full	2019-04-21	ASM480155v1		GCA_004801555.1	identical	https://ftp.ncbi.nlm.nih.gov/genomes/all/GCF/004/801/555/GCF_004801555.1_ASM480155v1	./Development/ThreeFold/data/external/Citrobacter/GCF_004801555.1_ASM480155v1_genomic.fna.gz
GCF_008086465.1	PRJNA224116	SAMN08027248	na	na	na	na	1639133	1639133	Citrobacter portucalensis	strain=WCHCP085039	na	latest	Complete Genome	Major	Full	2019-08-26	ASM808646v1		GCA_008086465.1	identical	https://ftp.ncbi.nlm.nih.gov/genomes/all/GCF/008/086/465/GCF_008086465.1_ASM808646v1	./Development/ThreeFold/data/external/Citrobacter/GCF_008086465.1_ASM808646v1_genomic.fna.gz
GCF_008364725.2	PRJNA224116	SAMN12560192	na	na	na	na	1639133	1639133	Citrobacter portucalensis	strain=C4	na	latest	Complete Genome	Major	Full	2024-06-06	ASM836472v2		GCA_008364725.2	identical	https://ftp.ncbi.nlm.nih.gov/genomes/all/GCF/008/364/725/GCF_008364725.2_ASM836472v2	./Development/ThreeFold/data/external/Citrobacter/GCF_008364725.2_ASM836472v2_genomic.fna.gz
GCF_008693605.1	PRJNA224116	SAMN11056332	na	na	na	na	1639133	1639133	Citrobacter portucalensis	strain=FDAARGOS_617	na	latest	Complete Genome	Major	Full	2019-09-25	ASM869360v1		GCA_008693605.1	identical	https://ftp.ncbi.nlm.nih.gov/genomes/all/GCF/008/693/605/GCF_008693605.1_ASM869360v1	./Development/ThreeFold/data/external/Citrobacter/GCF_008693605.1_ASM869360v1_genomic.fna.gz
GCF_009730355.1	PRJNA224116	SAMN11056453	na	na	na	na	1639133	1639133	Citrobacter portucalensis	strain=FDAARGOS_738	na	latest	Complete Genome	Major	Full	2019-12-05	ASM973035v1		GCA_009730355.1	identical	https://ftp.ncbi.nlm.nih.gov/genomes/all/GCF/009/730/355/GCF_009730355.1_ASM973035v1	./Development/ThreeFold/data/external/Citrobacter/GCF_009730355.1_ASM973035v1_genomic.fna.gz
GCF_010319905.2	PRJNA224116	SAMD00201481	na	na	na	na	1639133	1639133	Citrobacter portucalensis	strain=IOMTU157	na	latest	Complete Genome	Major	Full	2020-04-21	ASM1031990v2		GCA_010319905.2	identical	https://ftp.ncbi.nlm.nih.gov/genomes/all/GCF/010/319/905/GCF_010319905.2_ASM1031990v2	./Development/ThreeFold/data/external/Citrobacter/GCF_010319905.2_ASM1031990v2_genomic.fna.gz
GCF_015134935.1	PRJNA224116	SAMD00195867	na	na	na	na	1639133	1639133	Citrobacter portucalensis	strain=STW0522-26	na	latest	Complete Genome	Major	Full	2020-10-08	ASM1513493v1		GCA_015134935.1	identical	https://ftp.ncbi.nlm.nih.gov/genomes/all/GCF/015/134/935/GCF_015134935.1_ASM1513493v1	./Development/ThreeFold/data/external/Citrobacter/GCF_015134935.1_ASM1513493v1_genomic.fna.gz
GCF_015135075.1	PRJNA224116	SAMD00195868	na	na	na	na	1639133	1639133	Citrobacter portucalensis	strain=STW0522-27	na	latest	Complete Genome	Major	Full	2020-10-08	ASM1513507v1		GCA_015135075.1	identical	https://ftp.ncbi.nlm.nih.gov/genomes/all/GCF/015/135/075/GCF_015135075.1_ASM1513507v1	./Development/ThreeFold/data/external/Citrobacter/GCF_015135075.1_ASM1513507v1_genomic.fna.gz
GCF_015135215.1	PRJNA224116	SAMD00195870	na	na	na	na	1639133	1639133	Citrobacter portucalensis	strain=STW0522-30	na	latest	Complete Genome	Major	Full	2020-10-08	ASM1513521v1		GCA_015135215.1	identical	https://ftp.ncbi.nlm.nih.gov/genomes/all/GCF/015/135/215/GCF_015135215.1_ASM1513521v1	./Development/ThreeFold/data/external/Citrobacter/GCF_015135215.1_ASM1513521v1_genomic.fna.gz
GCF_015137095.1	PRJNA224116	SAMD00195946	na	na	na	na	1639133	1639133	Citrobacter portucalensis	strain=STN0717-27	na	latest	Complete Genome	Major	Full	2020-10-08	ASM1513709v1		GCA_015137095.1	identical	https://ftp.ncbi.nlm.nih.gov/genomes/all/GCF/015/137/095/GCF_015137095.1_ASM1513709v1	./Development/ThreeFold/data/external/Citrobacter/GCF_015137095.1_ASM1513709v1_genomic.fna.gz
GCF_015137255.1	PRJNA224116	SAMD00195955	na	na	na	na	1639133	1639133	Citrobacter portucalensis	strain=STN0717-36	na	latest	Complete Genome	Major	Full	2020-10-08	ASM1513725v1		GCA_015137255.1	identical	https://ftp.ncbi.nlm.nih.gov/genomes/all/GCF/015/137/255/GCF_015137255.1_ASM1513725v1	./Development/ThreeFold/data/external/Citrobacter/GCF_015137255.1_ASM1513725v1_genomic.fna.gz
GCF_015138175.1	PRJNA224116	SAMD00195990	na	na	na	na	1639133	1639133	Citrobacter portucalensis	strain=STN0717-72	na	latest	Complete Genome	Major	Full	2020-10-08	ASM1513817v1		GCA_015138175.1	identical	https://ftp.ncbi.nlm.nih.gov/genomes/all/GCF/015/138/175/GCF_015138175.1_ASM1513817v1	./Development/ThreeFold/data/external/Citrobacter/GCF_015138175.1_ASM1513817v1_genomic.fna.gz
GCF_016406035.3	PRJNA224116	SAMN17050479	na	na	na	na	1639133	1639133	Citrobacter portucalensis	strain=Sb-2	na	latest	Complete Genome	Major	Full	2022-07-13	ASM1640603v3		GCA_016406035.3	identical	https://ftp.ncbi.nlm.nih.gov/genomes/all/GCF/016/406/035/GCF_016406035.3_ASM1640603v3	./Development/ThreeFold/data/external/Citrobacter/GCF_016406035.3_ASM1640603v3_genomic.fna.gz
GCF_018279205.1	PRJNA224116	SAMN13907872	na	na	na	na	1639133	1639133	Citrobacter portucalensis	strain=PNUCL1	na	latest	Complete Genome	Major	Full	2021-05-05	ASM1827920v1		GCA_018279205.1	identical	https://ftp.ncbi.nlm.nih.gov/genomes/all/GCF/018/279/205/GCF_018279205.1_ASM1827920v1	./Development/ThreeFold/data/external/Citrobacter/GCF_018279205.1_ASM1827920v1_genomic.fna.gz
GCF_021228875.1	PRJNA224116	SAMN23799674	na	na	na	na	1639133	1639133	Citrobacter portucalensis	strain=K218	na	latest	Complete Genome	Major	Full	2021-12-19	ASM2122887v1		GCA_021228875.1	identical	https://ftp.ncbi.nlm.nih.gov/genomes/all/GCF/021/228/875/GCF_021228875.1_ASM2122887v1	./Development/ThreeFold/data/external/Citrobacter/GCF_021228875.1_ASM2122887v1_genomic.fna.gz
GCF_021496985.1	PRJNA224116	SAMN15062844	na	na	na	na	1639133	1639133	Citrobacter portucalensis	strain=BY9F36	na	latest	Complete Genome	Major	Full	2022-01-18	ASM2149698v1		GCA_021496985.1	identical	https://ftp.ncbi.nlm.nih.gov/genomes/all/GCF/021/496/985/GCF_021496985.1_ASM2149698v1	./Development/ThreeFold/data/external/Citrobacter/GCF_021496985.1_ASM2149698v1_genomic.fna.gz
GCF_022024315.1	PRJNA224116	SAMN22377409	na	na	na	na	1639133	1639133	Citrobacter portucalensis	strain=56322CZ	na	latest	Complete Genome	Major	Full	2022-02-07	ASM2202431v1		GCA_022024315.1	identical	https://ftp.ncbi.nlm.nih.gov/genomes/all/GCF/022/024/315/GCF_022024315.1_ASM2202431v1	./Development/ThreeFold/data/external/Citrobacter/GCF_022024315.1_ASM2202431v1_genomic.fna.gz
GCF_022354565.1	PRJNA224116	SAMN13925603	na	na	na	na	1639133	1639133	Citrobacter portucalensis	strain=SWHIN_111	na	latest	Complete Genome	Major	Full	2022-02-22	ASM2235456v1		GCA_022354565.1	identical	https://ftp.ncbi.nlm.nih.gov/genomes/all/GCF/022/354/565/GCF_022354565.1_ASM2235456v1	./Development/ThreeFold/data/external/Citrobacter/GCF_022354565.1_ASM2235456v1_genomic.fna.gz
GCF_023374935.1	PRJNA224116	SAMN24404971	na	na	reference genome	na	1639133	1639133	Citrobacter portucalensis	strain=Cf7303	na	latest	Complete Genome	Major	Full	2022-05-16	ASM2337493v1		GCA_023374935.1	identical	https://ftp.ncbi.nlm.nih.gov/genomes/all/GCF/023/374/935/GCF_023374935.1_ASM2337493v1	./Development/ThreeFold/data/external/Citrobacter/GCF_023374935.1_ASM2337493v1_genomic.fna.gz
GCF_023650815.1	PRJNA224116	SAMN23798780	na	na	na	na	1639133	1639133	Citrobacter portucalensis	strain=GD21SC92T	na	latest	Complete Genome	Major	Full	2022-06-06	ASM2365081v1		GCA_023650815.1	identical	https://ftp.ncbi.nlm.nih.gov/genomes/all/GCF/023/650/815/GCF_023650815.1_ASM2365081v1	./Development/ThreeFold/data/external/Citrobacter/GCF_023650815.1_ASM2365081v1_genomic.fna.gz
GCF_029719185.1	PRJNA224116	SAMN15488627	na	na	na	na	1639133	1639133	Citrobacter portucalensis	strain=RHB40-E3-C05	na	latest	Complete Genome	Major	Full	2023-04-13	ASM2971918v1		GCA_029719185.1	identical	https://ftp.ncbi.nlm.nih.gov/genomes/all/GCF/029/719/185/GCF_029719185.1_ASM2971918v1	./Development/ThreeFold/data/external/Citrobacter/GCF_029719185.1_ASM2971918v1_genomic.fna.gz
GCF_029719205.1	PRJNA224116	SAMN15488626	na	na	na	na	1639133	1639133	Citrobacter portucalensis	strain=RHB40-E3-C01	na	latest	Complete Genome	Major	Full	2023-04-13	ASM2971920v1		GCA_029719205.1	identical	https://ftp.ncbi.nlm.nih.gov/genomes/all/GCF/029/719/205/GCF_029719205.1_ASM2971920v1	./Development/ThreeFold/data/external/Citrobacter/GCF_029719205.1_ASM2971920v1_genomic.fna.gz
GCF_029719225.1	PRJNA224116	SAMN15488622	na	na	na	na	1639133	1639133	Citrobacter portucalensis	strain=RHB38-SO-C05	na	latest	Complete Genome	Major	Full	2023-04-13	ASM2971922v1		GCA_029719225.1	identical	https://ftp.ncbi.nlm.nih.gov/genomes/all/GCF/029/719/225/GCF_029719225.1_ASM2971922v1	./Development/ThreeFold/data/external/Citrobacter/GCF_029719225.1_ASM2971922v1_genomic.fna.gz
GCF_030169875.1	PRJNA224116	SAMN30685708	na	na	na	na	1639133	1639133	Citrobacter portucalensis	strain=AHM21C2861I	na	latest	Complete Genome	Major	Full	2023-06-05	ASM3016987v1		GCA_030169875.1	identical	https://ftp.ncbi.nlm.nih.gov/genomes/all/GCF/030/169/875/GCF_030169875.1_ASM3016987v1	./Development/ThreeFold/data/external/Citrobacter/GCF_030169875.1_ASM3016987v1_genomic.fna.gz
GCF_030179595.1	PRJNA224116	SAMN30974101	na	na	na	na	1639133	1639133	Citrobacter portucalensis	strain=2017-45-163	na	latest	Complete Genome	Major	Full	2023-06-06	ASM3017959v1		GCA_030179595.1	identical	https://ftp.ncbi.nlm.nih.gov/genomes/all/GCF/030/179/595/GCF_030179595.1_ASM3017959v1	./Development/ThreeFold/data/external/Citrobacter/GCF_030179595.1_ASM3017959v1_genomic.fna.gz
GCF_031851535.1	PRJNA224116	SAMN37298521	na	na	na	na	1639133	1639133	Citrobacter portucalensis	strain=64A:C	na	latest	Complete Genome	Major	Full	2023-09-24	ASM3185153v1		GCA_031851535.1	identical	https://ftp.ncbi.nlm.nih.gov/genomes/all/GCF/031/851/535/GCF_031851535.1_ASM3185153v1	./Development/ThreeFold/data/external/Citrobacter/GCF_031851535.1_ASM3185153v1_genomic.fna.gz
GCF_032917905.1	PRJNA224116	SAMN37738783	na	na	na	na	1639133	1639133	Citrobacter portucalensis	strain=L2724hy	na	latest	Complete Genome	Major	Full	2023-10-22	ASM3291790v1		GCA_032917905.1	identical	https://ftp.ncbi.nlm.nih.gov/genomes/all/GCF/032/917/905/GCF_032917905.1_ASM3291790v1	./Development/ThreeFold/data/external/Citrobacter/GCF_032917905.1_ASM3291790v1_genomic.fna.gz
GCF_033232945.1	PRJNA224116	SAMN37933146	na	na	na	na	1639133	1639133	Citrobacter portucalensis	strain=F321	na	latest	Complete Genome	Major	Full	2023-11-02	ASM3323294v1		GCA_033232945.1	identical	https://ftp.ncbi.nlm.nih.gov/genomes/all/GCF/033/232/945/GCF_033232945.1_ASM3323294v1	./Development/ThreeFold/data/external/Citrobacter/GCF_033232945.1_ASM3323294v1_genomic.fna.gz
GCF_033235525.1	PRJNA224116	SAMN37934526	na	na	na	na	1639133	1639133	Citrobacter portucalensis	strain=F2221	na	latest	Complete Genome	Major	Full	2023-11-02	ASM3323552v1		GCA_033235525.1	identical	https://ftp.ncbi.nlm.nih.gov/genomes/all/GCF/033/235/525/GCF_033235525.1_ASM3323552v1	./Development/ThreeFold/data/external/Citrobacter/GCF_033235525.1_ASM3323552v1_genomic.fna.gz
GCF_036289065.1	PRJNA224116	SAMN37878022	na	na	na	na	1639133	1639133	Citrobacter portucalensis	strain=F621	na	latest	Complete Genome	Major	Full	2023-10-31	ASM3628906v1		GCA_036289065.1	identical	https://ftp.ncbi.nlm.nih.gov/genomes/all/GCF/036/289/065/GCF_036289065.1_ASM3628906v1	./Development/ThreeFold/data/external/Citrobacter/GCF_036289065.1_ASM3628906v1_genomic.fna.gz
GCF_036785855.1	PRJNA224116	SAMN22837217	na	na	na	na	1639133	1639133	Citrobacter portucalensis	strain=CAVp365	na	latest	Complete Genome	Major	Full	2024-04-05	ASM3678585v1		GCA_036785855.1	identical	https://ftp.ncbi.nlm.nih.gov/genomes/all/GCF/036/785/855/GCF_036785855.1_ASM3678585v1	./Development/ThreeFold/data/external/Citrobacter/GCF_036785855.1_ASM3678585v1_genomic.fna.gz
GCF_040436445.1	PRJNA224116	SAMN41685777	na	na	na	na	1639133	1639133	Citrobacter portucalensis	strain=10034292-2	na	latest	Complete Genome	Major	Full	2024-07-02	ASM4043644v1		GCA_040436445.1	identical	https://ftp.ncbi.nlm.nih.gov/genomes/all/GCF/040/436/445/GCF_040436445.1_ASM4043644v1	./Development/ThreeFold/data/external/Citrobacter/GCF_040436445.1_ASM4043644v1_genomic.fna.gz
GCF_040585435.1	PRJNA224116	SAMN26198498	na	na	na	na	1639133	1639133	Citrobacter portucalensis	strain=19MO02SH05	na	latest	Complete Genome	Major	Full	2024-07-11	ASM4058543v1		GCA_040585435.1	identical	https://ftp.ncbi.nlm.nih.gov/genomes/all/GCF/040/585/435/GCF_040585435.1_ASM4058543v1	./Development/ThreeFold/data/external/Citrobacter/GCF_040585435.1_ASM4058543v1_genomic.fna.gz
GCF_040591245.1	PRJNA224116	SAMN26198497	na	na	na	na	1639133	1639133	Citrobacter portucalensis	strain=19MO02SH04	na	latest	Complete Genome	Major	Full	2024-07-11	ASM4059124v1		GCA_040591245.1	identical	https://ftp.ncbi.nlm.nih.gov/genomes/all/GCF/040/591/245/GCF_040591245.1_ASM4059124v1	./Development/ThreeFold/data/external/Citrobacter/GCF_040591245.1_ASM4059124v1_genomic.fna.gz
GCF_041319845.1	PRJNA224116	SAMN29495194	na	na	na	na	1639133	1639133	Citrobacter portucalensis	strain=OT205	na	latest	Complete Genome	Major	Full	2024-08-18	ASM4131984v1		GCA_041319845.1	identical	https://ftp.ncbi.nlm.nih.gov/genomes/all/GCF/041/319/845/GCF_041319845.1_ASM4131984v1	./Development/ThreeFold/data/external/Citrobacter/GCF_041319845.1_ASM4131984v1_genomic.fna.gz
GCF_041319855.1	PRJNA224116	SAMN29495187	na	na	na	na	1639133	1639133	Citrobacter portucalensis	strain=OT163	na	latest	Complete Genome	Major	Full	2024-08-18	ASM4131985v1		GCA_041319855.1	identical	https://ftp.ncbi.nlm.nih.gov/genomes/all/GCF/041/319/855/GCF_041319855.1_ASM4131985v1	./Development/ThreeFold/data/external/Citrobacter/GCF_041319855.1_ASM4131985v1_genomic.fna.gz
GCF_041319865.1	PRJNA224116	SAMN29495185	na	na	na	na	1639133	1639133	Citrobacter portucalensis	strain=OT151	na	latest	Complete Genome	Major	Full	2024-08-18	ASM4131986v1		GCA_041319865.1	identical	https://ftp.ncbi.nlm.nih.gov/genomes/all/GCF/041/319/865/GCF_041319865.1_ASM4131986v1	./Development/ThreeFold/data/external/Citrobacter/GCF_041319865.1_ASM4131986v1_genomic.fna.gz
GCF_041319895.1	PRJNA224116	SAMN29495174	na	na	na	na	1639133	1639133	Citrobacter portucalensis	strain=OT58	na	latest	Complete Genome	Major	Full	2024-08-18	ASM4131989v1		GCA_041319895.1	identical	https://ftp.ncbi.nlm.nih.gov/genomes/all/GCF/041/319/895/GCF_041319895.1_ASM4131989v1	./Development/ThreeFold/data/external/Citrobacter/GCF_041319895.1_ASM4131989v1_genomic.fna.gz
GCF_041319915.1	PRJNA224116	SAMN29495184	na	na	na	na	1639133	1639133	Citrobacter portucalensis	strain=OT150	na	latest	Complete Genome	Major	Full	2024-08-18	ASM4131991v1		GCA_041319915.1	identical	https://ftp.ncbi.nlm.nih.gov/genomes/all/GCF/041/319/915/GCF_041319915.1_ASM4131991v1	./Development/ThreeFold/data/external/Citrobacter/GCF_041319915.1_ASM4131991v1_genomic.fna.gz
GCF_041319945.1	PRJNA224116	SAMN29495175	na	na	na	na	1639133	1639133	Citrobacter portucalensis	strain=OT69	na	latest	Complete Genome	Major	Full	2024-08-18	ASM4131994v1		GCA_041319945.1	identical	https://ftp.ncbi.nlm.nih.gov/genomes/all/GCF/041/319/945/GCF_041319945.1_ASM4131994v1	./Development/ThreeFold/data/external/Citrobacter/GCF_041319945.1_ASM4131994v1_genomic.fna.gz
GCF_046097145.1	PRJNA224116	SAMN45030901	na	na	na	na	1639133	1639133	Citrobacter portucalensis	strain=CRNMS3	na	latest	Complete Genome	Major	Full	2024-12-16	ASM4609714v1		GCA_046097145.1	identical	https://ftp.ncbi.nlm.nih.gov/genomes/all/GCF/046/097/145/GCF_046097145.1_ASM4609714v1	./Development/ThreeFold/data/external/Citrobacter/GCF_046097145.1_ASM4609714v1_genomic.fna.gz
GCF_046605585.1	PRJNA224116	SAMN45949205	na	na	na	na	1639133	1639133	Citrobacter portucalensis	strain=PY0607	na	latest	Complete Genome	Major	Full	2025-01-14	ASM4660558v1		GCA_046605585.1	identical	https://ftp.ncbi.nlm.nih.gov/genomes/all/GCF/046/605/585/GCF_046605585.1_ASM4660558v1	./Development/ThreeFold/data/external/Citrobacter/GCF_046605585.1_ASM4660558v1_genomic.fna.gz
GCF_900636015.1	PRJNA224116	SAMEA3368333	na	na	na	na	1639133	1639133	Citrobacter portucalensis	strain=NCTC11104	na	latest	Complete Genome	Major	Full	2018-12-20	38490_A01		GCA_900636015.1	identical	https://ftp.ncbi.nlm.nih.gov/genomes/all/GCF/900/636/015/GCF_900636015.1_38490_A01	./Development/ThreeFold/data/external/Citrobacter/GCF_900636015.1_38490_A01_genomic.fna.gz
GCF_001034475.2	PRJNA224116	SAMN03280163	na	na	na	na	1686378	1686378	Citrobacter sp. MGH103	strain=MGH103	na	latest	Complete Genome	Major	Full	2021-05-06	ASM103447v3		GCA_001034475.3	identical	https://ftp.ncbi.nlm.nih.gov/genomes/all/GCF/001/034/475/GCF_001034475.2_ASM103447v3	./Development/ThreeFold/data/external/Citrobacter/GCF_001034475.2_ASM103447v3_genomic.fna.gz
GCF_001037485.2	PRJNA224116	SAMN03280165	na	na	na	na	1686380	1686380	Citrobacter sp. MGH105	strain=MGH105	na	latest	Complete Genome	Major	Full	2021-05-06	ASM103748v3		GCA_001037485.3	identical	https://ftp.ncbi.nlm.nih.gov/genomes/all/GCF/001/037/485/GCF_001037485.2_ASM103748v3	./Development/ThreeFold/data/external/Citrobacter/GCF_001037485.2_ASM103748v3_genomic.fna.gz
GCF_001037585.2	PRJNA224116	SAMN03280170	na	na	na	na	1686385	1686385	Citrobacter sp. BIDMC108	strain=BIDMC108	na	latest	Complete Genome	Major	Full	2021-04-27	ASM103758v2		GCA_001037585.2	identical	https://ftp.ncbi.nlm.nih.gov/genomes/all/GCF/001/037/585/GCF_001037585.2_ASM103758v2	./Development/ThreeFold/data/external/Citrobacter/GCF_001037585.2_ASM103758v2_genomic.fna.gz
GCF_001559235.2	PRJNA224116	SAMN03996300	na	na	na	na	1702170	1702170	Citrobacter sp. FDAARGOS_156	strain=FDAARGOS_155	na	latest	Complete Genome	Major	Full	2018-02-23	ASM155923v2		GCA_001559235.2	identical	https://ftp.ncbi.nlm.nih.gov/genomes/all/GCF/001/559/235/GCF_001559235.2_ASM155923v2	./Development/ThreeFold/data/external/Citrobacter/GCF_001559235.2_ASM155923v2_genomic.fna.gz
GCF_003204265.1	PRJNA224116	SAMN04014998	na	na	na	na	1703250	1703250	Citrobacter sp. CRE-46	strain=AR_0157	na	latest	Complete Genome	Major	Full	2018-06-10	ASM320426v1		GCA_003204265.1	identical	https://ftp.ncbi.nlm.nih.gov/genomes/all/GCF/003/204/265/GCF_003204265.1_ASM320426v1	./Development/ThreeFold/data/external/Citrobacter/GCF_003204265.1_ASM320426v1_genomic.fna.gz
GCF_022558585.1	PRJNA224116	SAMN15666291	na	na	na	na	1748967	1748967	Citrobacter cronae	strain=S175-1	na	latest	Complete Genome	Major	Full	2022-03-14	ASM2255858v1		GCA_022558585.1	identical	https://ftp.ncbi.nlm.nih.gov/genomes/all/GCF/022/558/585/GCF_022558585.1_ASM2255858v1	./Development/ThreeFold/data/external/Citrobacter/GCF_022558585.1_ASM2255858v1_genomic.fna.gz
GCF_041319875.1	PRJNA224116	SAMN29495182	na	na	na	na	1748967	1748967	Citrobacter cronae	strain=OT130	na	latest	Complete Genome	Major	Full	2024-08-18	ASM4131987v1		GCA_041319875.1	identical	https://ftp.ncbi.nlm.nih.gov/genomes/all/GCF/041/319/875/GCF_041319875.1_ASM4131987v1	./Development/ThreeFold/data/external/Citrobacter/GCF_041319875.1_ASM4131987v1_genomic.fna.gz
GCF_041319905.1	PRJNA224116	SAMN29495186	na	na	na	na	1748967	1748967	Citrobacter cronae	strain=OT154	na	latest	Complete Genome	Major	Full	2024-08-18	ASM4131990v1		GCA_041319905.1	identical	https://ftp.ncbi.nlm.nih.gov/genomes/all/GCF/041/319/905/GCF_041319905.1_ASM4131990v1	./Development/ThreeFold/data/external/Citrobacter/GCF_041319905.1_ASM4131990v1_genomic.fna.gz
GCF_041319925.1	PRJNA224116	SAMN29495177	na	na	na	na	1748967	1748967	Citrobacter cronae	strain=OT84	na	latest	Complete Genome	Major	Full	2024-08-18	ASM4131992v1		GCA_041319925.1	identical	https://ftp.ncbi.nlm.nih.gov/genomes/all/GCF/041/319/925/GCF_041319925.1_ASM4131992v1	./Development/ThreeFold/data/external/Citrobacter/GCF_041319925.1_ASM4131992v1_genomic.fna.gz
GCF_041319935.1	PRJNA224116	SAMN29495176	na	na	na	na	1748967	1748967	Citrobacter cronae	strain=OT70	na	latest	Complete Genome	Major	Full	2024-08-18	ASM4131993v1		GCA_041319935.1	identical	https://ftp.ncbi.nlm.nih.gov/genomes/all/GCF/041/319/935/GCF_041319935.1_ASM4131993v1	./Development/ThreeFold/data/external/Citrobacter/GCF_041319935.1_ASM4131993v1_genomic.fna.gz
GCF_037482245.1	PRJNA224116	SAMN40501937	na	na	reference genome	na	1914243	1914243	Citrobacter europaeus	strain=WF1643	na	latest	Complete Genome	Major	Full	2024-04-05	ASM3748224v1		GCA_037482245.1	identical	https://ftp.ncbi.nlm.nih.gov/genomes/all/GCF/037/482/245/GCF_037482245.1_ASM3748224v1	./Development/ThreeFold/data/external/Citrobacter/GCF_037482245.1_ASM3748224v1_genomic.fna.gz
GCF_002934585.1	PRJNA224116	SAMN06040393	na	na	na	na	1920110	1920110	Citrobacter sp. CFNIH10	strain=CFNIH10	na	latest	Complete Genome	Major	Full	2018-02-06	ASM293458v1		GCA_002934585.1	identical	https://ftp.ncbi.nlm.nih.gov/genomes/all/GCF/002/934/585/GCF_002934585.1_ASM293458v1	./Development/ThreeFold/data/external/Citrobacter/GCF_002934585.1_ASM293458v1_genomic.fna.gz
GCF_002880615.1	PRJNA224116	SAMN03455929	na	na	na	na	2066049	2066049	Citrobacter freundii complex sp. CFNIH2	strain=CFNIH2	na	latest	Complete Genome	Major	Full	2018-01-16	ASM288061v1		GCA_002880615.1	identical	https://ftp.ncbi.nlm.nih.gov/genomes/all/GCF/002/880/615/GCF_002880615.1_ASM288061v1	./Development/ThreeFold/data/external/Citrobacter/GCF_002880615.1_ASM288061v1_genomic.fna.gz
GCF_002903215.1	PRJNA224116	SAMN03455982	na	na	na	na	2077147	2077147	Citrobacter freundii complex sp. CFNIH3	strain=CFNIH3	na	latest	Complete Genome	Major	Full	2018-01-29	ASM290321v1		GCA_002903215.1	identical	https://ftp.ncbi.nlm.nih.gov/genomes/all/GCF/002/903/215/GCF_002903215.1_ASM290321v1	./Development/ThreeFold/data/external/Citrobacter/GCF_002903215.1_ASM290321v1_genomic.fna.gz
GCF_002934505.1	PRJNA224116	SAMN03455986	na	na	na	na	2077148	2077148	Citrobacter freundii complex sp. CFNIH4	strain=CFNIH4	na	latest	Complete Genome	Major	Full	2018-02-06	ASM293450v1		GCA_002934505.1	identical	https://ftp.ncbi.nlm.nih.gov/genomes/all/GCF/002/934/505/GCF_002934505.1_ASM293450v1	./Development/ThreeFold/data/external/Citrobacter/GCF_002934505.1_ASM293450v1_genomic.fna.gz
GCF_002903305.1	PRJNA224116	SAMN04287052	na	na	na	na	2077149	2077149	Citrobacter freundii complex sp. CFNIH9	strain=CFNIH9	na	latest	Complete Genome	Major	Full	2018-01-29	ASM290330v1		GCA_002903305.1	identical	https://ftp.ncbi.nlm.nih.gov/genomes/all/GCF/002/903/305/GCF_002903305.1_ASM290330v1	./Development/ThreeFold/data/external/Citrobacter/GCF_002903305.1_ASM290330v1_genomic.fna.gz
GCF_004322975.1	PRJNA224116	SAMN03456000	na	na	na	na	2529121	2529121	Citrobacter sp. ABFQG	strain=ABFQG	na	latest	Complete Genome	Major	Full	2019-03-04	ASM432297v1		GCA_004322975.1	identical	https://ftp.ncbi.nlm.nih.gov/genomes/all/GCF/004/322/975/GCF_004322975.1_ASM432297v1	./Development/ThreeFold/data/external/Citrobacter/GCF_004322975.1_ASM432297v1_genomic.fna.gz
GCF_004353845.1	PRJNA224116	SAMN11080768	na	na	reference genome	assembly from type material	2546350	2546350	Citrobacter arsenatis	strain=LY-1	na	latest	Complete Genome	Major	Full	2019-03-17	ASM435384v1		GCA_004353845.1	identical	https://ftp.ncbi.nlm.nih.gov/genomes/all/GCF/004/353/845/GCF_004353845.1_ASM435384v1	./Development/ThreeFold/data/external/Citrobacter/GCF_004353845.1_ASM435384v1_genomic.fna.gz
GCF_004684345.1	PRJNA224116	SAMN11282944	na	na	reference genome	assembly from type material	2562449	2562449	Citrobacter tructae	strain=SNU WT2	na	latest	Complete Genome	Major	Full	2019-04-07	ASM468434v1		GCA_004684345.1	identical	https://ftp.ncbi.nlm.nih.gov/genomes/all/GCF/004/684/345/GCF_004684345.1_ASM468434v1	./Development/ThreeFold/data/external/Citrobacter/GCF_004684345.1_ASM468434v1_genomic.fna.gz
GCF_006385635.1	PRJNA224116	SAMN11388517	na	na	na	na	2566012	2566012	Citrobacter sp. CF971	strain=CF971	na	latest	Complete Genome	Major	Full	2019-06-23	ASM638563v1		GCA_006385635.1	identical	https://ftp.ncbi.nlm.nih.gov/genomes/all/GCF/006/385/635/GCF_006385635.1_ASM638563v1	./Development/ThreeFold/data/external/Citrobacter/GCF_006385635.1_ASM638563v1_genomic.fna.gz
GCF_005406305.1	PRJNA224116	SAMN11369648	na	na	na	na	2576406	2576406	Citrobacter sp. TBCP-5362	strain=TBCP-5362	na	latest	Complete Genome	Major	Full	2019-05-16	ASM540630v1		GCA_005406305.1	identical	https://ftp.ncbi.nlm.nih.gov/genomes/all/GCF/005/406/305/GCF_005406305.1_ASM540630v1	./Development/ThreeFold/data/external/Citrobacter/GCF_005406305.1_ASM540630v1_genomic.fna.gz
GCF_009495675.1	PRJNA224116	SAMN13075337	na	na	na	na	2660638	2660638	Citrobacter sp. S39	strain=S39	na	latest	Complete Genome	Major	Full	2019-11-02	ASM949567v1		GCA_009495675.1	identical	https://ftp.ncbi.nlm.nih.gov/genomes/all/GCF/009/495/675/GCF_009495675.1_ASM949567v1	./Development/ThreeFold/data/external/Citrobacter/GCF_009495675.1_ASM949567v1_genomic.fna.gz
GCF_009649895.1	PRJNA224116	SAMN13135737	na	na	na	na	2664853	2664853	Citrobacter sp. H12-3-2	strain=H12-3-2	na	latest	Complete Genome	Major	Full	2019-11-12	ASM964989v1		GCA_009649895.1	identical	https://ftp.ncbi.nlm.nih.gov/genomes/all/GCF/009/649/895/GCF_009649895.1_ASM964989v1	./Development/ThreeFold/data/external/Citrobacter/GCF_009649895.1_ASM964989v1_genomic.fna.gz
GCF_009649935.1	PRJNA224116	SAMN13135736	na	na	na	na	2664854	2664854	Citrobacter sp. S40-1-2	strain=S40-1-2	na	latest	Complete Genome	Major	Full	2019-11-12	ASM964993v1		GCA_009649935.1	identical	https://ftp.ncbi.nlm.nih.gov/genomes/all/GCF/009/649/935/GCF_009649935.1_ASM964993v1	./Development/ThreeFold/data/external/Citrobacter/GCF_009649935.1_ASM964993v1_genomic.fna.gz
GCF_013458095.1	PRJNA224116	SAMN13520946	na	na	na	na	2683822	2683822	Citrobacter sp. 172116965	strain=172116965	na	latest	Complete Genome	Major	Full	2020-07-22	ASM1345809v1		GCA_013458095.1	identical	https://ftp.ncbi.nlm.nih.gov/genomes/all/GCF/013/458/095/GCF_013458095.1_ASM1345809v1	./Development/ThreeFold/data/external/Citrobacter/GCF_013458095.1_ASM1345809v1_genomic.fna.gz
GCF_009905315.1	PRJNA224116	SAMN13818261	na	na	na	na	2697370	2697370	Citrobacter sp. LUTT5	strain=LUTT5	na	latest	Complete Genome	Major	Full	2020-01-19	ASM990531v1		GCA_009905315.1	identical	https://ftp.ncbi.nlm.nih.gov/genomes/all/GCF/009/905/315/GCF_009905315.1_ASM990531v1	./Development/ThreeFold/data/external/Citrobacter/GCF_009905315.1_ASM990531v1_genomic.fna.gz
GCF_024181045.1	PRJNA224116	SAMN14146115	na	na	na	na	2712024	2712024	Citrobacter sp. SX212	strain=SX212	na	latest	Complete Genome	Major	Full	2022-07-07	ASM2418104v1		GCA_024181045.1	identical	https://ftp.ncbi.nlm.nih.gov/genomes/all/GCF/024/181/045/GCF_024181045.1_ASM2418104v1	./Development/ThreeFold/data/external/Citrobacter/GCF_024181045.1_ASM2418104v1_genomic.fna.gz
GCF_024181025.1	PRJNA224116	SAMN14146114	na	na	na	na	2712025	2712025	Citrobacter sp. SX206	strain=SX206	na	latest	Complete Genome	Major	Full	2022-07-07	ASM2418102v1		GCA_024181025.1	identical	https://ftp.ncbi.nlm.nih.gov/genomes/all/GCF/024/181/025/GCF_024181025.1_ASM2418102v1	./Development/ThreeFold/data/external/Citrobacter/GCF_024181025.1_ASM2418102v1_genomic.fna.gz
GCF_011602505.1	PRJNA224116	SAMN14352213	na	na	na	na	2716879	2716879	Citrobacter sp. Y3	strain=Y3	na	latest	Complete Genome	Major	Full	2020-03-21	ASM1160250v1		GCA_011602505.1	identical	https://ftp.ncbi.nlm.nih.gov/genomes/all/GCF/011/602/505/GCF_011602505.1_ASM1160250v1	./Development/ThreeFold/data/external/Citrobacter/GCF_011602505.1_ASM1160250v1_genomic.fna.gz
GCF_013890595.1	PRJNA224116	SAMN15148180	na	na	na	na	2742620	2742620	Citrobacter sp. RHB20-C15	strain=RHB20-C15	na	latest	Complete Genome	Major	Full	2020-07-29	ASM1389059v1		GCA_013890595.1	identical	https://ftp.ncbi.nlm.nih.gov/genomes/all/GCF/013/890/595/GCF_013890595.1_ASM1389059v1	./Development/ThreeFold/data/external/Citrobacter/GCF_013890595.1_ASM1389059v1_genomic.fna.gz
GCF_013890155.1	PRJNA224116	SAMN15148181	na	na	na	na	2742621	2742621	Citrobacter sp. RHB20-C16	strain=RHB20-C16	na	latest	Complete Genome	Major	Full	2020-07-29	ASM1389015v1		GCA_013890155.1	identical	https://ftp.ncbi.nlm.nih.gov/genomes/all/GCF/013/890/155/GCF_013890155.1_ASM1389015v1	./Development/ThreeFold/data/external/Citrobacter/GCF_013890155.1_ASM1389015v1_genomic.fna.gz
GCF_013889875.1	PRJNA224116	SAMN15148185	na	na	na	na	2742622	2742622	Citrobacter sp. RHB21-C01	strain=RHB21-C01	na	latest	Complete Genome	Major	Full	2020-07-29	ASM1388987v1		GCA_013889875.1	identical	https://ftp.ncbi.nlm.nih.gov/genomes/all/GCF/013/889/875/GCF_013889875.1_ASM1388987v1	./Development/ThreeFold/data/external/Citrobacter/GCF_013889875.1_ASM1388987v1_genomic.fna.gz
GCF_013889015.1	PRJNA224116	SAMN15148189	na	na	na	na	2742623	2742623	Citrobacter sp. RHB21-C05	strain=RHB21-C05	na	latest	Complete Genome	Major	Full	2020-07-29	ASM1388901v1		GCA_013889015.1	identical	https://ftp.ncbi.nlm.nih.gov/genomes/all/GCF/013/889/015/GCF_013889015.1_ASM1388901v1	./Development/ThreeFold/data/external/Citrobacter/GCF_013889015.1_ASM1388901v1_genomic.fna.gz
GCF_013836145.1	PRJNA224116	SAMN15148236	na	na	na	na	2742624	2742624	Citrobacter sp. RHB25-C09	strain=RHB25-C09	na	latest	Complete Genome	Major	Full	2020-07-28	ASM1383614v1		GCA_013836145.1	identical	https://ftp.ncbi.nlm.nih.gov/genomes/all/GCF/013/836/145/GCF_013836145.1_ASM1383614v1	./Development/ThreeFold/data/external/Citrobacter/GCF_013836145.1_ASM1383614v1_genomic.fna.gz
GCF_013816795.1	PRJNA224116	SAMN15148354	na	na	na	na	2742625	2742625	Citrobacter sp. RHB35-C17	strain=RHB35-C17	na	latest	Complete Genome	Major	Full	2020-07-28	ASM1381679v1		GCA_013816795.1	identical	https://ftp.ncbi.nlm.nih.gov/genomes/all/GCF/013/816/795/GCF_013816795.1_ASM1381679v1	./Development/ThreeFold/data/external/Citrobacter/GCF_013816795.1_ASM1381679v1_genomic.fna.gz
GCF_013816515.1	PRJNA224116	SAMN15148356	na	na	na	na	2742626	2742626	Citrobacter sp. RHB35-C21	strain=RHB35-C21	na	latest	Complete Genome	Major	Full	2020-07-28	ASM1381651v1		GCA_013816515.1	identical	https://ftp.ncbi.nlm.nih.gov/genomes/all/GCF/013/816/515/GCF_013816515.1_ASM1381651v1	./Development/ThreeFold/data/external/Citrobacter/GCF_013816515.1_ASM1381651v1_genomic.fna.gz
GCF_013814485.1	PRJNA224116	SAMN15148369	na	na	na	na	2742627	2742627	Citrobacter sp. RHB36-C18	strain=RHB36-C18	na	latest	Complete Genome	Major	Full	2020-07-28	ASM1381448v1		GCA_013814485.1	identical	https://ftp.ncbi.nlm.nih.gov/genomes/all/GCF/013/814/485/GCF_013814485.1_ASM1381448v1	./Development/ThreeFold/data/external/Citrobacter/GCF_013814485.1_ASM1381448v1_genomic.fna.gz
GCF_013797615.1	PRJNA224116	SAMN15148454	na	na	na	na	2742629	2742629	Citrobacter sp. RHBSTW-00017	strain=RHBSTW-00017	na	latest	Complete Genome	Major	Full	2020-07-28	ASM1379761v1		GCA_013797615.1	identical	https://ftp.ncbi.nlm.nih.gov/genomes/all/GCF/013/797/615/GCF_013797615.1_ASM1379761v1	./Development/ThreeFold/data/external/Citrobacter/GCF_013797615.1_ASM1379761v1_genomic.fna.gz
GCF_013797345.1	PRJNA224116	SAMN15148456	na	na	na	na	2742630	2742630	Citrobacter sp. RHBSTW-00021	strain=RHBSTW-00021	na	latest	Complete Genome	Major	Full	2020-07-28	ASM1379734v1		GCA_013797345.1	identical	https://ftp.ncbi.nlm.nih.gov/genomes/all/GCF/013/797/345/GCF_013797345.1_ASM1379734v1	./Development/ThreeFold/data/external/Citrobacter/GCF_013797345.1_ASM1379734v1_genomic.fna.gz
GCF_013796805.1	PRJNA224116	SAMN15148462	na	na	na	na	2742632	2742632	Citrobacter sp. RHBSTW-00053	strain=RHBSTW-00053	na	latest	Complete Genome	Major	Full	2020-07-28	ASM1379680v1		GCA_013796805.1	identical	https://ftp.ncbi.nlm.nih.gov/genomes/all/GCF/013/796/805/GCF_013796805.1_ASM1379680v1	./Development/ThreeFold/data/external/Citrobacter/GCF_013796805.1_ASM1379680v1_genomic.fna.gz
GCF_013794885.1	PRJNA224116	SAMN15148489	na	na	na	na	2742635	2742635	Citrobacter sp. RHBSTW-00107	strain=RHBSTW-00107	na	latest	Complete Genome	Major	Full	2020-07-28	ASM1379488v1		GCA_013794885.1	identical	https://ftp.ncbi.nlm.nih.gov/genomes/all/GCF/013/794/885/GCF_013794885.1_ASM1379488v1	./Development/ThreeFold/data/external/Citrobacter/GCF_013794885.1_ASM1379488v1_genomic.fna.gz
GCF_013791465.1	PRJNA224116	SAMN15148501	na	na	na	na	2742636	2742636	Citrobacter sp. RHBSTW-00127	strain=RHBSTW-00127	na	latest	Complete Genome	Major	Full	2020-07-28	ASM1379146v1		GCA_013791465.1	identical	https://ftp.ncbi.nlm.nih.gov/genomes/all/GCF/013/791/465/GCF_013791465.1_ASM1379146v1	./Development/ThreeFold/data/external/Citrobacter/GCF_013791465.1_ASM1379146v1_genomic.fna.gz
GCF_013790835.1	PRJNA224116	SAMN15148508	na	na	na	na	2742638	2742638	Citrobacter sp. RHBSTW-00137	strain=RHBSTW-00137	na	latest	Complete Genome	Major	Full	2020-07-28	ASM1379083v1		GCA_013790835.1	identical	https://ftp.ncbi.nlm.nih.gov/genomes/all/GCF/013/790/835/GCF_013790835.1_ASM1379083v1	./Development/ThreeFold/data/external/Citrobacter/GCF_013790835.1_ASM1379083v1_genomic.fna.gz
GCF_013786345.1	PRJNA224116	SAMN15148552	na	na	na	na	2742641	2742641	Citrobacter sp. RHBSTW-00229	strain=RHBSTW-00229	na	latest	Complete Genome	Major	Full	2020-07-28	ASM1378634v1		GCA_013786345.1	identical	https://ftp.ncbi.nlm.nih.gov/genomes/all/GCF/013/786/345/GCF_013786345.1_ASM1378634v1	./Development/ThreeFold/data/external/Citrobacter/GCF_013786345.1_ASM1378634v1_genomic.fna.gz
GCF_013741155.1	PRJNA224116	SAMN15148608	na	na	na	na	2742647	2742647	Citrobacter sp. RHBSTW-00424	strain=RHBSTW-00424	na	latest	Complete Genome	Major	Full	2020-07-27	ASM1374115v1		GCA_013741155.1	identical	https://ftp.ncbi.nlm.nih.gov/genomes/all/GCF/013/741/155/GCF_013741155.1_ASM1374115v1	./Development/ThreeFold/data/external/Citrobacter/GCF_013741155.1_ASM1374115v1_genomic.fna.gz
GCF_013737455.1	PRJNA224116	SAMN15148616	na	na	na	na	2742648	2742648	Citrobacter sp. RHBSTW-00446	strain=RHBSTW-00446	na	latest	Complete Genome	Major	Full	2020-07-27	ASM1373745v1		GCA_013737455.1	identical	https://ftp.ncbi.nlm.nih.gov/genomes/all/GCF/013/737/455/GCF_013737455.1_ASM1373745v1	./Development/ThreeFold/data/external/Citrobacter/GCF_013737455.1_ASM1373745v1_genomic.fna.gz
GCF_013747755.1	PRJNA224116	SAMN15148646	na	na	na	na	2742653	2742653	Citrobacter sp. RHBSTW-00524	strain=RHBSTW-00524	na	latest	Complete Genome	Major	Full	2020-07-27	ASM1374775v1		GCA_013747755.1	identical	https://ftp.ncbi.nlm.nih.gov/genomes/all/GCF/013/747/755/GCF_013747755.1_ASM1374775v1	./Development/ThreeFold/data/external/Citrobacter/GCF_013747755.1_ASM1374775v1_genomic.fna.gz
GCF_013747275.1	PRJNA224116	SAMN15148649	na	na	na	na	2742654	2742654	Citrobacter sp. RHBSTW-00535	strain=RHBSTW-00535	na	latest	Complete Genome	Major	Full	2020-07-27	ASM1374727v1		GCA_013747275.1	identical	https://ftp.ncbi.nlm.nih.gov/genomes/all/GCF/013/747/275/GCF_013747275.1_ASM1374727v1	./Development/ThreeFold/data/external/Citrobacter/GCF_013747275.1_ASM1374727v1_genomic.fna.gz
GCF_013739755.1	PRJNA224116	SAMN15148654	na	na	na	na	2742655	2742655	Citrobacter sp. RHBSTW-00570	strain=RHBSTW-00570	na	latest	Complete Genome	Major	Full	2020-07-27	ASM1373975v1		GCA_013739755.1	identical	https://ftp.ncbi.nlm.nih.gov/genomes/all/GCF/013/739/755/GCF_013739755.1_ASM1373975v1	./Development/ThreeFold/data/external/Citrobacter/GCF_013739755.1_ASM1373975v1_genomic.fna.gz
GCF_013784065.1	PRJNA224116	SAMN15148660	na	na	na	na	2742657	2742657	Citrobacter sp. RHBSTW-00599	strain=RHBSTW-00599	na	latest	Complete Genome	Major	Full	2020-07-28	ASM1378406v1		GCA_013784065.1	identical	https://ftp.ncbi.nlm.nih.gov/genomes/all/GCF/013/784/065/GCF_013784065.1_ASM1378406v1	./Development/ThreeFold/data/external/Citrobacter/GCF_013784065.1_ASM1378406v1_genomic.fna.gz
GCF_013746415.1	PRJNA224116	SAMN15148667	na	na	na	na	2742658	2742658	Citrobacter sp. RHBSTW-00628	strain=RHBSTW-00628	na	latest	Complete Genome	Major	Full	2020-07-27	ASM1374641v1		GCA_013746415.1	identical	https://ftp.ncbi.nlm.nih.gov/genomes/all/GCF/013/746/415/GCF_013746415.1_ASM1374641v1	./Development/ThreeFold/data/external/Citrobacter/GCF_013746415.1_ASM1374641v1_genomic.fna.gz
GCF_013746155.1	PRJNA224116	SAMN15148675	na	na	na	na	2742659	2742659	Citrobacter sp. RHBSTW-00667	strain=RHBSTW-00667	na	latest	Complete Genome	Major	Full	2020-07-27	ASM1374615v1		GCA_013746155.1	identical	https://ftp.ncbi.nlm.nih.gov/genomes/all/GCF/013/746/155/GCF_013746155.1_ASM1374615v1	./Development/ThreeFold/data/external/Citrobacter/GCF_013746155.1_ASM1374615v1_genomic.fna.gz
GCF_013738915.1	PRJNA224116	SAMN15148682	na	na	na	na	2742661	2742661	Citrobacter sp. RHBSTW-00678	strain=RHBSTW-00678	na	latest	Complete Genome	Major	Full	2020-07-27	ASM1373891v1		GCA_013738915.1	identical	https://ftp.ncbi.nlm.nih.gov/genomes/all/GCF/013/738/915/GCF_013738915.1_ASM1373891v1	./Development/ThreeFold/data/external/Citrobacter/GCF_013738915.1_ASM1373891v1_genomic.fna.gz
GCF_013733095.1	PRJNA224116	SAMN15148686	na	na	na	na	2742662	2742662	Citrobacter sp. RHBSTW-00696	strain=RHBSTW-00696	na	latest	Complete Genome	Major	Full	2020-07-27	ASM1373309v1		GCA_013733095.1	identical	https://ftp.ncbi.nlm.nih.gov/genomes/all/GCF/013/733/095/GCF_013733095.1_ASM1373309v1	./Development/ThreeFold/data/external/Citrobacter/GCF_013733095.1_ASM1373309v1_genomic.fna.gz
GCF_013732395.1	PRJNA224116	SAMN15148702	na	na	na	na	2742663	2742663	Citrobacter sp. RHBSTW-00821	strain=RHBSTW-00821	na	latest	Complete Genome	Major	Full	2020-07-27	ASM1373239v1		GCA_013732395.1	identical	https://ftp.ncbi.nlm.nih.gov/genomes/all/GCF/013/732/395/GCF_013732395.1_ASM1373239v1	./Development/ThreeFold/data/external/Citrobacter/GCF_013732395.1_ASM1373239v1_genomic.fna.gz
GCF_013729795.1	PRJNA224116	SAMN15148719	na	na	na	na	2742666	2742666	Citrobacter sp. RHBSTW-00859	strain=RHBSTW-00859	na	latest	Complete Genome	Major	Full	2020-07-27	ASM1372979v1		GCA_013729795.1	identical	https://ftp.ncbi.nlm.nih.gov/genomes/all/GCF/013/729/795/GCF_013729795.1_ASM1372979v1	./Development/ThreeFold/data/external/Citrobacter/GCF_013729795.1_ASM1372979v1_genomic.fna.gz
GCF_013728515.1	PRJNA224116	SAMN15148728	na	na	na	na	2742667	2742667	Citrobacter sp. RHBSTW-00881	strain=RHBSTW-00881	na	latest	Complete Genome	Major	Full	2020-07-27	ASM1372851v1		GCA_013728515.1	identical	https://ftp.ncbi.nlm.nih.gov/genomes/all/GCF/013/728/515/GCF_013728515.1_ASM1372851v1	./Development/ThreeFold/data/external/Citrobacter/GCF_013728515.1_ASM1372851v1_genomic.fna.gz
GCF_013728095.1	PRJNA224116	SAMN15148731	na	na	na	na	2742668	2742668	Citrobacter sp. RHBSTW-00887	strain=RHBSTW-00887	na	latest	Complete Genome	Major	Full	2020-07-27	ASM1372809v1		GCA_013728095.1	identical	https://ftp.ncbi.nlm.nih.gov/genomes/all/GCF/013/728/095/GCF_013728095.1_ASM1372809v1	./Development/ThreeFold/data/external/Citrobacter/GCF_013728095.1_ASM1372809v1_genomic.fna.gz
GCF_013727235.1	PRJNA224116	SAMN15148737	na	na	na	na	2742670	2742670	Citrobacter sp. RHBSTW-00903	strain=RHBSTW-00903	na	latest	Complete Genome	Major	Full	2020-07-27	ASM1372723v1		GCA_013727235.1	identical	https://ftp.ncbi.nlm.nih.gov/genomes/all/GCF/013/727/235/GCF_013727235.1_ASM1372723v1	./Development/ThreeFold/data/external/Citrobacter/GCF_013727235.1_ASM1372723v1_genomic.fna.gz
GCF_013615435.1	PRJNA224116	SAMN15148751	na	na	na	na	2742671	2742671	Citrobacter sp. RHBSTW-00944	strain=RHBSTW-00944	na	latest	Complete Genome	Major	Full	2020-07-24	ASM1361543v1		GCA_013615435.1	identical	https://ftp.ncbi.nlm.nih.gov/genomes/all/GCF/013/615/435/GCF_013615435.1_ASM1361543v1	./Development/ThreeFold/data/external/Citrobacter/GCF_013615435.1_ASM1361543v1_genomic.fna.gz
GCF_013724425.1	PRJNA224116	SAMN15148758	na	na	na	na	2742674	2742674	Citrobacter sp. RHBSTW-00976	strain=RHBSTW-00976	na	latest	Complete Genome	Major	Full	2020-07-27	ASM1372442v1		GCA_013724425.1	identical	https://ftp.ncbi.nlm.nih.gov/genomes/all/GCF/013/724/425/GCF_013724425.1_ASM1372442v1	./Development/ThreeFold/data/external/Citrobacter/GCF_013724425.1_ASM1372442v1_genomic.fna.gz
GCF_013783065.1	PRJNA224116	SAMN15148762	na	na	na	na	2742675	2742675	Citrobacter sp. RHBSTW-00986	strain=RHBSTW-00986	na	latest	Complete Genome	Major	Full	2020-07-28	ASM1378306v1		GCA_013783065.1	identical	https://ftp.ncbi.nlm.nih.gov/genomes/all/GCF/013/783/065/GCF_013783065.1_ASM1378306v1	./Development/ThreeFold/data/external/Citrobacter/GCF_013783065.1_ASM1378306v1_genomic.fna.gz
GCF_013781985.1	PRJNA224116	SAMN15148767	na	na	na	na	2742677	2742677	Citrobacter sp. RHBSTW-01013	strain=RHBSTW-01013	na	latest	Complete Genome	Major	Full	2020-07-28	ASM1378198v1		GCA_013781985.1	identical	https://ftp.ncbi.nlm.nih.gov/genomes/all/GCF/013/781/985/GCF_013781985.1_ASM1378198v1	./Development/ThreeFold/data/external/Citrobacter/GCF_013781985.1_ASM1378198v1_genomic.fna.gz
GCF_013781945.1	PRJNA224116	SAMN15148769	na	na	na	na	2742678	2742678	Citrobacter sp. RHBSTW-01044	strain=RHBSTW-01044	na	latest	Complete Genome	Major	Full	2020-07-28	ASM1378194v1		GCA_013781945.1	identical	https://ftp.ncbi.nlm.nih.gov/genomes/all/GCF/013/781/945/GCF_013781945.1_ASM1378194v1	./Development/ThreeFold/data/external/Citrobacter/GCF_013781945.1_ASM1378194v1_genomic.fna.gz
GCF_014596895.2	PRJNA224116	SAMN15963933	na	na	na	na	2769343	2769343	Citrobacter sp. C1	strain=C1	na	latest	Complete Genome	Major	Full	2024-06-06	ASM1459689v2		GCA_014596895.2	identical	https://ftp.ncbi.nlm.nih.gov/genomes/all/GCF/014/596/895/GCF_014596895.2_ASM1459689v2	./Development/ThreeFold/data/external/Citrobacter/GCF_014596895.2_ASM1459689v2_genomic.fna.gz
GCF_014596845.2	PRJNA224116	SAMN15963934	na	na	na	na	2769344	2769344	Citrobacter sp. C5_2	strain=C5_2	na	latest	Complete Genome	Major	Full	2024-06-06	ASM1459684v2		GCA_014596845.2	identical	https://ftp.ncbi.nlm.nih.gov/genomes/all/GCF/014/596/845/GCF_014596845.2_ASM1459684v2	./Development/ThreeFold/data/external/Citrobacter/GCF_014596845.2_ASM1459684v2_genomic.fna.gz
GCF_014596835.2	PRJNA224116	SAMN15963935	na	na	na	na	2769345	2769345	Citrobacter sp. C6_1	strain=C6_1	na	latest	Complete Genome	Major	Full	2024-06-06	ASM1459683v2		GCA_014596835.2	identical	https://ftp.ncbi.nlm.nih.gov/genomes/all/GCF/014/596/835/GCF_014596835.2_ASM1459683v2	./Development/ThreeFold/data/external/Citrobacter/GCF_014596835.2_ASM1459683v2_genomic.fna.gz
GCF_014596855.2	PRJNA224116	SAMN15963936	na	na	na	na	2769346	2769346	Citrobacter sp. C6_2	strain=C6_2	na	latest	Complete Genome	Major	Full	2024-06-06	ASM1459685v2		GCA_014596855.2	identical	https://ftp.ncbi.nlm.nih.gov/genomes/all/GCF/014/596/855/GCF_014596855.2_ASM1459685v2	./Development/ThreeFold/data/external/Citrobacter/GCF_014596855.2_ASM1459685v2_genomic.fna.gz
GCF_014596815.2	PRJNA224116	SAMN15963937	na	na	na	na	2769347	2769347	Citrobacter sp. C13	strain=C13	na	latest	Complete Genome	Major	Full	2024-06-06	ASM1459681v2		GCA_014596815.2	identical	https://ftp.ncbi.nlm.nih.gov/genomes/all/GCF/014/596/815/GCF_014596815.2_ASM1459681v2	./Development/ThreeFold/data/external/Citrobacter/GCF_014596815.2_ASM1459681v2_genomic.fna.gz
GCF_015167655.1	PRJNA224116	SAMN16456053	na	na	na	na	2781952	2781952	Citrobacter sp. BDA59-3	strain=BDA59-3	na	latest	Complete Genome	Major	Full	2020-11-02	ASM1516765v1		GCA_015167655.1	identical	https://ftp.ncbi.nlm.nih.gov/genomes/all/GCF/015/167/655/GCF_015167655.1_ASM1516765v1	./Development/ThreeFold/data/external/Citrobacter/GCF_015167655.1_ASM1516765v1_genomic.fna.gz
GCF_016894305.1	PRJNA224116	SAMN17734265	na	na	na	na	2807631	2807631	Citrobacter sp. B72	strain=B72	na	latest	Complete Genome	Major	Full	2021-02-16	ASM1689430v1		GCA_016894305.1	identical	https://ftp.ncbi.nlm.nih.gov/genomes/all/GCF/016/894/305/GCF_016894305.1_ASM1689430v1	./Development/ThreeFold/data/external/Citrobacter/GCF_016894305.1_ASM1689430v1_genomic.fna.gz
GCF_041320245.1	PRJNA224116	SAMN29495183	na	na	reference genome	na	2894201	2894201	Citrobacter meridianamericanus	strain=OT146	na	latest	Complete Genome	Major	Full	2024-08-18	ASM4132024v1		GCA_041320245.1	identical	https://ftp.ncbi.nlm.nih.gov/genomes/all/GCF/041/320/245/GCF_041320245.1_ASM4132024v1	./Development/ThreeFold/data/external/Citrobacter/GCF_041320245.1_ASM4132024v1_genomic.fna.gz
GCF_041320255.1	PRJNA224116	SAMN29495180	na	na	na	na	2894201	2894201	Citrobacter meridianamericanus	strain=OT115	na	latest	Complete Genome	Major	Full	2024-08-18	ASM4132025v1		GCA_041320255.1	identical	https://ftp.ncbi.nlm.nih.gov/genomes/all/GCF/041/320/255/GCF_041320255.1_ASM4132025v1	./Development/ThreeFold/data/external/Citrobacter/GCF_041320255.1_ASM4132025v1_genomic.fna.gz
GCF_041320265.1	PRJNA224116	SAMN29495178	na	na	na	na	2894201	2894201	Citrobacter meridianamericanus	strain=OT98	na	latest	Complete Genome	Major	Full	2024-08-18	ASM4132026v1		GCA_041320265.1	identical	https://ftp.ncbi.nlm.nih.gov/genomes/all/GCF/041/320/265/GCF_041320265.1_ASM4132026v1	./Development/ThreeFold/data/external/Citrobacter/GCF_041320265.1_ASM4132026v1_genomic.fna.gz
GCF_023516235.1	PRJNA224116	SAMN28157541	na	na	na	na	2942480	2942480	Citrobacter sp. XT1-2-2	strain=XT1_2_2	na	latest	Complete Genome	Major	Full	2022-05-22	ASM2351623v1		GCA_023516235.1	identical	https://ftp.ncbi.nlm.nih.gov/genomes/all/GCF/023/516/235/GCF_023516235.1_ASM2351623v1	./Development/ThreeFold/data/external/Citrobacter/GCF_023516235.1_ASM2351623v1_genomic.fna.gz
GCF_029338175.1	PRJNA224116	SAMN33731975	na	na	na	assembly from type material	2971264	2971264	Citrobacter enshiensis	strain=S171	na	latest	Complete Genome	Major	Full	2023-03-22	ASM2933817v1		GCA_029338175.1	identical	https://ftp.ncbi.nlm.nih.gov/genomes/all/GCF/029/338/175/GCF_029338175.1_ASM2933817v1	./Development/ThreeFold/data/external/Citrobacter/GCF_029338175.1_ASM2933817v1_genomic.fna.gz
GCF_027919895.1	PRJNA224116	SAMN32252640	na	na	na	na	3015952	3015952	Citrobacter sp. 21OH12SH02A-Citro	strain=21OH12SH02A-Citro	na	latest	Complete Genome	Major	Full	2022-12-27	ASM2791989v1		GCA_027919895.1	identical	https://ftp.ncbi.nlm.nih.gov/genomes/all/GCF/027/919/895/GCF_027919895.1_ASM2791989v1	./Development/ThreeFold/data/external/Citrobacter/GCF_027919895.1_ASM2791989v1_genomic.fna.gz
