assembly_accession	bioproject	biosample	wgs_master	excluded_from_refseq	refseq_category	relation_to_type_material	taxid	species_taxid	organism_name	infraspecific_name	isolate	version_status	assembly_level	release_type	genome_rep	seq_rel_date	asm_name	submitter	gbrs_paired_asm	paired_asm_comp	ftp_path	local_filename
GCF_000770155.1	PRJNA224116	SAMN03005138	na	na	na	na	550	550	Enterobacter cloacae	strain=GGT036	na	latest	Complete Genome	Major	Full	2014-10-31	ASM77015v1		GCA_000770155.1	identical	https://ftp.ncbi.nlm.nih.gov/genomes/all/GCF/000/770/155/GCF_000770155.1_ASM77015v1	./Development/ThreeFold/data/external/Enterobacter/GCF_000770155.1_ASM77015v1_genomic.fna.gz
GCF_002303275.1	PRJNA224116	SAMN05831100	na	na	na	na	550	550	Enterobacter cloacae	strain=M12X01451	na	latest	Complete Genome	Major	Full	2017-08-01	ASM230327v1		GCA_002303275.1	identical	https://ftp.ncbi.nlm.nih.gov/genomes/all/GCF/002/303/275/GCF_002303275.1_ASM230327v1	./Development/ThreeFold/data/external/Enterobacter/GCF_002303275.1_ASM230327v1_genomic.fna.gz
GCF_002982195.1	PRJNA224116	SAMN06448868	na	na	na	na	550	550	Enterobacter cloacae	strain=PIMB10EC27	na	latest	Complete Genome	Major	Full	2018-03-08	ASM298219v1		GCA_002982195.1	identical	https://ftp.ncbi.nlm.nih.gov/genomes/all/GCF/002/982/195/GCF_002982195.1_ASM298219v1	./Development/ThreeFold/data/external/Enterobacter/GCF_002982195.1_ASM298219v1_genomic.fna.gz
GCF_004193715.1	PRJNA224116	SAMN10872819	na	na	na	na	550	550	Enterobacter cloacae	strain=CZ-1	na	latest	Complete Genome	Major	Full	2019-02-13	ASM419371v1		GCA_004193715.1	identical	https://ftp.ncbi.nlm.nih.gov/genomes/all/GCF/004/193/715/GCF_004193715.1_ASM419371v1	./Development/ThreeFold/data/external/Enterobacter/GCF_004193715.1_ASM419371v1_genomic.fna.gz
GCF_009707405.1	PRJNA224116	SAMN13288306	na	na	na	na	550	550	Enterobacter cloacae	strain=CBG15936	na	latest	Complete Genome	Major	Full	2019-11-24	ASM970740v1		GCA_009707405.1	identical	https://ftp.ncbi.nlm.nih.gov/genomes/all/GCF/009/707/405/GCF_009707405.1_ASM970740v1	./Development/ThreeFold/data/external/Enterobacter/GCF_009707405.1_ASM970740v1_genomic.fna.gz
GCF_013376815.1	PRJNA224116	SAMN15299128	na	na	na	assembly from type material	550	550	Enterobacter cloacae	strain=DSM 30054	na	latest	Complete Genome	Major	Full	2020-06-30	ASM1337681v1		GCA_013376815.1	identical	https://ftp.ncbi.nlm.nih.gov/genomes/all/GCF/013/376/815/GCF_013376815.1_ASM1337681v1	./Development/ThreeFold/data/external/Enterobacter/GCF_013376815.1_ASM1337681v1_genomic.fna.gz
GCF_014169295.1	PRJNA224116	SAMD00194526	na	na	na	na	550	550	Enterobacter cloacae	strain=WP5-S18-CRE-02	na	latest	Complete Genome	Major	Full	2020-07-21	ASM1416929v1		GCA_014169295.1	identical	https://ftp.ncbi.nlm.nih.gov/genomes/all/GCF/014/169/295/GCF_014169295.1_ASM1416929v1	./Development/ThreeFold/data/external/Enterobacter/GCF_014169295.1_ASM1416929v1_genomic.fna.gz
GCF_016864115.1	PRJNA224116	SAMN12999973	na	na	na	na	550	550	Enterobacter cloacae	strain=14240244101	na	latest	Complete Genome	Major	Full	2021-02-11	ASM1686411v1		GCA_016864115.1	identical	https://ftp.ncbi.nlm.nih.gov/genomes/all/GCF/016/864/115/GCF_016864115.1_ASM1686411v1	./Development/ThreeFold/data/external/Enterobacter/GCF_016864115.1_ASM1686411v1_genomic.fna.gz
GCF_018140965.1	PRJNA224116	SAMN18753389	na	na	na	na	550	550	Enterobacter cloacae	strain=CZ862	na	latest	Complete Genome	Major	Full	2021-04-27	ASM1814096v1		GCA_018140965.1	identical	https://ftp.ncbi.nlm.nih.gov/genomes/all/GCF/018/140/965/GCF_018140965.1_ASM1814096v1	./Development/ThreeFold/data/external/Enterobacter/GCF_018140965.1_ASM1814096v1_genomic.fna.gz
GCF_019047105.1	PRJNA224116	SAMN16357573	na	na	na	assembly from type material	550	550	Enterobacter cloacae	strain=FDAARGOS 1431	na	latest	Complete Genome	Major	Full	2021-06-28	ASM1904710v1		GCA_019047105.1	identical	https://ftp.ncbi.nlm.nih.gov/genomes/all/GCF/019/047/105/GCF_019047105.1_ASM1904710v1	./Development/ThreeFold/data/external/Enterobacter/GCF_019047105.1_ASM1904710v1_genomic.fna.gz
GCF_020540925.1	PRJNA224116	SAMN22169090	na	na	na	na	550	550	Enterobacter cloacae	strain=ECl_1.VN	na	latest	Complete Genome	Major	Full	2021-10-21	ASM2054092v1		GCA_020540925.1	identical	https://ftp.ncbi.nlm.nih.gov/genomes/all/GCF/020/540/925/GCF_020540925.1_ASM2054092v1	./Development/ThreeFold/data/external/Enterobacter/GCF_020540925.1_ASM2054092v1_genomic.fna.gz
GCF_020882135.1	PRJNA224116	SAMN22871632	na	na	na	na	550	550	Enterobacter cloacae	strain=POL9	na	latest	Complete Genome	Major	Full	2021-11-16	ASM2088213v1		GCA_020882135.1	identical	https://ftp.ncbi.nlm.nih.gov/genomes/all/GCF/020/882/135/GCF_020882135.1_ASM2088213v1	./Development/ThreeFold/data/external/Enterobacter/GCF_020882135.1_ASM2088213v1_genomic.fna.gz
GCF_021496745.1	PRJNA224116	SAMN14938331	na	na	na	na	550	550	Enterobacter cloacae	strain=MY490	na	latest	Complete Genome	Major	Full	2022-01-18	ASM2149674v1		GCA_021496745.1	identical	https://ftp.ncbi.nlm.nih.gov/genomes/all/GCF/021/496/745/GCF_021496745.1_ASM2149674v1	./Development/ThreeFold/data/external/Enterobacter/GCF_021496745.1_ASM2149674v1_genomic.fna.gz
GCF_021497605.1	PRJNA224116	SAMN18311224	na	na	na	na	550	550	Enterobacter cloacae	strain=GX1Z-1L	na	latest	Complete Genome	Major	Full	2022-01-18	ASM2149760v1		GCA_021497605.1	identical	https://ftp.ncbi.nlm.nih.gov/genomes/all/GCF/021/497/605/GCF_021497605.1_ASM2149760v1	./Development/ThreeFold/data/external/Enterobacter/GCF_021497605.1_ASM2149760v1_genomic.fna.gz
GCF_022220405.1	PRJNA224116	SAMN25692586	na	na	na	na	550	550	Enterobacter cloacae	na	AVS0889	latest	Complete Genome	Major	Full	2022-02-14	ASM2222040v1		GCA_022220405.1	identical	https://ftp.ncbi.nlm.nih.gov/genomes/all/GCF/022/220/405/GCF_022220405.1_ASM2222040v1	./Development/ThreeFold/data/external/Enterobacter/GCF_022220405.1_ASM2222040v1_genomic.fna.gz
GCF_023238665.1	PRJNA224116	SAMN26686306	na	na	na	na	550	550	Enterobacter cloacae	strain=SD21	na	latest	Complete Genome	Major	Full	2022-05-04	ASM2323866v1		GCA_023238665.1	identical	https://ftp.ncbi.nlm.nih.gov/genomes/all/GCF/023/238/665/GCF_023238665.1_ASM2323866v1	./Development/ThreeFold/data/external/Enterobacter/GCF_023238665.1_ASM2323866v1_genomic.fna.gz
GCF_023920605.1	PRJNA224116	SAMN26208495	na	na	na	na	550	550	Enterobacter cloacae	strain=EFN743	na	latest	Complete Genome	Major	Full	2022-06-27	ASM2392060v1		GCA_023920605.1	identical	https://ftp.ncbi.nlm.nih.gov/genomes/all/GCF/023/920/605/GCF_023920605.1_ASM2392060v1	./Development/ThreeFold/data/external/Enterobacter/GCF_023920605.1_ASM2392060v1_genomic.fna.gz
GCF_024917615.1	PRJNA224116	SAMN28174020	na	na	na	na	550	550	Enterobacter cloacae	strain=3143	na	latest	Complete Genome	Major	Full	2022-09-04	ASM2491761v1		GCA_024917615.1	identical	https://ftp.ncbi.nlm.nih.gov/genomes/all/GCF/024/917/615/GCF_024917615.1_ASM2491761v1	./Development/ThreeFold/data/external/Enterobacter/GCF_024917615.1_ASM2491761v1_genomic.fna.gz
GCF_025426135.1	PRJNA224116	SAMN29981189	na	na	na	na	550	550	Enterobacter cloacae	strain=2022CK-00409	na	latest	Complete Genome	Major	Full	2022-09-27	ASM2542613v1		GCA_025426135.1	identical	https://ftp.ncbi.nlm.nih.gov/genomes/all/GCF/025/426/135/GCF_025426135.1_ASM2542613v1	./Development/ThreeFold/data/external/Enterobacter/GCF_025426135.1_ASM2542613v1_genomic.fna.gz
GCF_029873395.1	PRJNA224116	SAMN34233931	na	na	na	na	550	550	Enterobacter cloacae	strain=RMCH-M23-N	na	latest	Complete Genome	Major	Full	2023-04-26	ASM2987339v1		GCA_029873395.1	identical	https://ftp.ncbi.nlm.nih.gov/genomes/all/GCF/029/873/395/GCF_029873395.1_ASM2987339v1	./Development/ThreeFold/data/external/Enterobacter/GCF_029873395.1_ASM2987339v1_genomic.fna.gz
GCF_030166415.1	PRJNA224116	SAMN35302190	na	na	na	na	550	550	Enterobacter cloacae	strain=TL15	na	latest	Complete Genome	Major	Full	2023-06-05	ASM3016641v1		GCA_030166415.1	identical	https://ftp.ncbi.nlm.nih.gov/genomes/all/GCF/030/166/415/GCF_030166415.1_ASM3016641v1	./Development/ThreeFold/data/external/Enterobacter/GCF_030166415.1_ASM3016641v1_genomic.fna.gz
GCF_031851625.1	PRJNA224116	SAMN37298531	na	na	na	na	550	550	Enterobacter cloacae	strain=99183042147	na	latest	Complete Genome	Major	Full	2023-09-24	ASM3185162v1		GCA_031851625.1	identical	https://ftp.ncbi.nlm.nih.gov/genomes/all/GCF/031/851/625/GCF_031851625.1_ASM3185162v1	./Development/ThreeFold/data/external/Enterobacter/GCF_031851625.1_ASM3185162v1_genomic.fna.gz
GCF_032349915.1	PRJNA224116	SAMN37529177	na	na	na	na	550	550	Enterobacter cloacae	strain=isolateF	na	latest	Complete Genome	Major	Full	2023-10-04	ASM3234991v1		GCA_032349915.1	identical	https://ftp.ncbi.nlm.nih.gov/genomes/all/GCF/032/349/915/GCF_032349915.1_ASM3234991v1	./Development/ThreeFold/data/external/Enterobacter/GCF_032349915.1_ASM3234991v1_genomic.fna.gz
GCF_032352615.1	PRJNA224116	SAMN37529173	na	na	na	na	550	550	Enterobacter cloacae	strain=isolateB	na	latest	Complete Genome	Major	Full	2023-10-04	ASM3235261v1		GCA_032352615.1	identical	https://ftp.ncbi.nlm.nih.gov/genomes/all/GCF/032/352/615/GCF_032352615.1_ASM3235261v1	./Development/ThreeFold/data/external/Enterobacter/GCF_032352615.1_ASM3235261v1_genomic.fna.gz
GCF_033802605.1	PRJNA224116	SAMN38124868	na	na	na	na	550	550	Enterobacter cloacae	strain=53EVA	na	latest	Complete Genome	Major	Full	2023-11-19	ASM3380260v1		GCA_033802605.1	identical	https://ftp.ncbi.nlm.nih.gov/genomes/all/GCF/033/802/605/GCF_033802605.1_ASM3380260v1	./Development/ThreeFold/data/external/Enterobacter/GCF_033802605.1_ASM3380260v1_genomic.fna.gz
GCF_040834085.1	PRJNA224116	SAMN42392505	na	na	na	na	550	550	Enterobacter cloacae	strain=STK66-C	na	latest	Complete Genome	Major	Full	2024-07-25	ASM4083408v1		GCA_040834085.1	identical	https://ftp.ncbi.nlm.nih.gov/genomes/all/GCF/040/834/085/GCF_040834085.1_ASM4083408v1	./Development/ThreeFold/data/external/Enterobacter/GCF_040834085.1_ASM4083408v1_genomic.fna.gz
GCF_040892575.1	PRJNA224116	SAMN42392504	na	na	na	na	550	550	Enterobacter cloacae	strain=STK49-C	na	latest	Complete Genome	Major	Full	2024-07-29	ASM4089257v1		GCA_040892575.1	identical	https://ftp.ncbi.nlm.nih.gov/genomes/all/GCF/040/892/575/GCF_040892575.1_ASM4089257v1	./Development/ThreeFold/data/external/Enterobacter/GCF_040892575.1_ASM4089257v1_genomic.fna.gz
GCF_040892585.1	PRJNA224116	SAMN42392506	na	na	na	na	550	550	Enterobacter cloacae	strain=STK71-C	na	latest	Complete Genome	Major	Full	2024-07-29	ASM4089258v1		GCA_040892585.1	identical	https://ftp.ncbi.nlm.nih.gov/genomes/all/GCF/040/892/585/GCF_040892585.1_ASM4089258v1	./Development/ThreeFold/data/external/Enterobacter/GCF_040892585.1_ASM4089258v1_genomic.fna.gz
GCF_043974055.1	PRJNA224116	SAMN39551818	na	na	na	na	550	550	Enterobacter cloacae	strain=ECC-003	na	latest	Complete Genome	Major	Full	2024-10-29	ASM4397405v1		GCA_043974055.1	identical	https://ftp.ncbi.nlm.nih.gov/genomes/all/GCF/043/974/055/GCF_043974055.1_ASM4397405v1	./Development/ThreeFold/data/external/Enterobacter/GCF_043974055.1_ASM4397405v1_genomic.fna.gz
GCF_045348775.1	PRJNA224116	SAMN42392502	na	na	na	na	550	550	Enterobacter cloacae	strain=STK39-C	na	latest	Complete Genome	Major	Full	2024-11-27	ASM4534877v1		GCA_045348775.1	identical	https://ftp.ncbi.nlm.nih.gov/genomes/all/GCF/045/348/775/GCF_045348775.1_ASM4534877v1	./Development/ThreeFold/data/external/Enterobacter/GCF_045348775.1_ASM4534877v1_genomic.fna.gz
GCF_045348785.1	PRJNA224116	SAMN42392503	na	na	na	na	550	550	Enterobacter cloacae	strain=STK48-C	na	latest	Complete Genome	Major	Full	2024-11-27	ASM4534878v1		GCA_045348785.1	identical	https://ftp.ncbi.nlm.nih.gov/genomes/all/GCF/045/348/785/GCF_045348785.1_ASM4534878v1	./Development/ThreeFold/data/external/Enterobacter/GCF_045348785.1_ASM4534878v1_genomic.fna.gz
GCF_905331265.2	PRJNA224116	SAMEA8065834	na	na	reference genome	na	550	550	Enterobacter cloacae	na	1382	latest	Complete Genome	Major	Full	2022-05-24	AI2999v1_cpp		GCA_905331265.2	identical	https://ftp.ncbi.nlm.nih.gov/genomes/all/GCF/905/331/265/GCF_905331265.2_AI2999v1_cpp	./Development/ThreeFold/data/external/Enterobacter/GCF_905331265.2_AI2999v1_cpp_genomic.fna.gz
GCF_001022095.1	PRJNA224116	SAMN03733641	na	na	na	na	61645	61645	Enterobacter asburiae	strain=CAV1043	na	latest	Complete Genome	Major	Full	2015-06-09	ASM102209v1		GCA_001022095.1	identical	https://ftp.ncbi.nlm.nih.gov/genomes/all/GCF/001/022/095/GCF_001022095.1_ASM102209v1	./Development/ThreeFold/data/external/Enterobacter/GCF_001022095.1_ASM102209v1_genomic.fna.gz
GCF_001521715.1	PRJNA224116	SAMN03742638	na	na	na	assembly from type material	61645	61645	Enterobacter asburiae	strain=ATCC 35953	na	latest	Complete Genome	Major	Full	2016-01-21	ASM152171v1		GCA_001521715.1	identical	https://ftp.ncbi.nlm.nih.gov/genomes/all/GCF/001/521/715/GCF_001521715.1_ASM152171v1	./Development/ThreeFold/data/external/Enterobacter/GCF_001521715.1_ASM152171v1_genomic.fna.gz
GCF_003940765.1	PRJNA224116	SAMN10521483	na	na	na	na	61645	61645	Enterobacter asburiae	strain=CAV1043	na	latest	Complete Genome	Major	Full	2018-12-12	ASM394076v1		GCA_003940765.1	identical	https://ftp.ncbi.nlm.nih.gov/genomes/all/GCF/003/940/765/GCF_003940765.1_ASM394076v1	./Development/ThreeFold/data/external/Enterobacter/GCF_003940765.1_ASM394076v1_genomic.fna.gz
GCF_007035645.1	PRJNA224116	SAMD00166948	na	na	na	na	61645	61645	Enterobacter asburiae	strain=1808-013	na	latest	Complete Genome	Major	Full	2019-05-14	ASM703564v1		GCA_007035645.1	identical	https://ftp.ncbi.nlm.nih.gov/genomes/all/GCF/007/035/645/GCF_007035645.1_ASM703564v1	./Development/ThreeFold/data/external/Enterobacter/GCF_007035645.1_ASM703564v1_genomic.fna.gz
GCF_007035805.1	PRJNA224116	SAMD00166968	na	na	reference genome	na	61645	61645	Enterobacter asburiae	strain=17Nkhm-UP2	na	latest	Complete Genome	Major	Full	2019-05-14	ASM703580v1		GCA_007035805.1	identical	https://ftp.ncbi.nlm.nih.gov/genomes/all/GCF/007/035/805/GCF_007035805.1_ASM703580v1	./Development/ThreeFold/data/external/Enterobacter/GCF_007035805.1_ASM703580v1_genomic.fna.gz
GCF_008364575.2	PRJNA224116	SAMN12560199	na	na	na	na	61645	61645	Enterobacter asburiae	strain=E2	na	latest	Complete Genome	Major	Full	2024-06-06	ASM836457v2		GCA_008364575.2	identical	https://ftp.ncbi.nlm.nih.gov/genomes/all/GCF/008/364/575/GCF_008364575.2_ASM836457v2	./Development/ThreeFold/data/external/Enterobacter/GCF_008364575.2_ASM836457v2_genomic.fna.gz
GCF_011396735.1	PRJNA224116	SAMD00197875	na	na	na	na	61645	61645	Enterobacter asburiae	strain=A2563	na	latest	Complete Genome	Major	Full	2020-02-06	ASM1139673v1		GCA_011396735.1	identical	https://ftp.ncbi.nlm.nih.gov/genomes/all/GCF/011/396/735/GCF_011396735.1_ASM1139673v1	./Development/ThreeFold/data/external/Enterobacter/GCF_011396735.1_ASM1139673v1_genomic.fna.gz
GCF_013740195.1	PRJNA224116	SAMN15148650	na	na	na	na	61645	61645	Enterobacter asburiae	strain=RHBSTW-00542	na	latest	Complete Genome	Major	Full	2020-07-27	ASM1374019v1		GCA_013740195.1	identical	https://ftp.ncbi.nlm.nih.gov/genomes/all/GCF/013/740/195/GCF_013740195.1_ASM1374019v1	./Development/ThreeFold/data/external/Enterobacter/GCF_013740195.1_ASM1374019v1_genomic.fna.gz
GCF_013782005.1	PRJNA224116	SAMN15148766	na	na	na	na	61645	61645	Enterobacter asburiae	strain=RHBSTW-01009	na	latest	Complete Genome	Major	Full	2020-07-28	ASM1378200v1		GCA_013782005.1	identical	https://ftp.ncbi.nlm.nih.gov/genomes/all/GCF/013/782/005/GCF_013782005.1_ASM1378200v1	./Development/ThreeFold/data/external/Enterobacter/GCF_013782005.1_ASM1378200v1_genomic.fna.gz
GCF_013784425.1	PRJNA224116	SAMN15148645	na	na	na	na	61645	61645	Enterobacter asburiae	strain=RHBSTW-00516	na	latest	Complete Genome	Major	Full	2020-07-28	ASM1378442v1		GCA_013784425.1	identical	https://ftp.ncbi.nlm.nih.gov/genomes/all/GCF/013/784/425/GCF_013784425.1_ASM1378442v1	./Development/ThreeFold/data/external/Enterobacter/GCF_013784425.1_ASM1378442v1_genomic.fna.gz
GCF_015168595.1	PRJNA224116	SAMN16515958	na	na	na	na	61645	61645	Enterobacter asburiae	strain=SD4L	na	latest	Complete Genome	Major	Full	2020-11-02	ASM1516859v1		GCA_015168595.1	identical	https://ftp.ncbi.nlm.nih.gov/genomes/all/GCF/015/168/595/GCF_015168595.1_ASM1516859v1	./Development/ThreeFold/data/external/Enterobacter/GCF_015168595.1_ASM1516859v1_genomic.fna.gz
GCF_016027695.1	PRJNA224116	SAMN13450422	na	na	na	assembly from type material	61645	61645	Enterobacter asburiae	strain=FDAARGOS_892	na	latest	Complete Genome	Major	Full	2020-12-14	ASM1602769v1		GCA_016027695.1	identical	https://ftp.ncbi.nlm.nih.gov/genomes/all/GCF/016/027/695/GCF_016027695.1_ASM1602769v1	./Development/ThreeFold/data/external/Enterobacter/GCF_016027695.1_ASM1602769v1_genomic.fna.gz
GCF_017347425.1	PRJNA224116	SAMD00282211	na	na	na	na	61645	61645	Enterobacter asburiae	strain=En30	na	latest	Complete Genome	Major	Full	2021-02-26	ASM1734742v1		GCA_017347425.1	identical	https://ftp.ncbi.nlm.nih.gov/genomes/all/GCF/017/347/425/GCF_017347425.1_ASM1734742v1	./Development/ThreeFold/data/external/Enterobacter/GCF_017347425.1_ASM1734742v1_genomic.fna.gz
GCF_018394395.1	PRJNA224116	SAMN19111026	na	na	na	na	61645	61645	Enterobacter asburiae	strain=L1 delta-T1RM	na	latest	Complete Genome	Major	Full	2021-05-18	ASM1839439v1		GCA_018394395.1	identical	https://ftp.ncbi.nlm.nih.gov/genomes/all/GCF/018/394/395/GCF_018394395.1_ASM1839439v1	./Development/ThreeFold/data/external/Enterobacter/GCF_018394395.1_ASM1839439v1_genomic.fna.gz
GCF_019048485.1	PRJNA224116	SAMN16357574	na	na	na	na	61645	61645	Enterobacter asburiae	strain=FDAARGOS 1432	na	latest	Complete Genome	Major	Full	2021-06-28	ASM1904848v1		GCA_019048485.1	identical	https://ftp.ncbi.nlm.nih.gov/genomes/all/GCF/019/048/485/GCF_019048485.1_ASM1904848v1	./Development/ThreeFold/data/external/Enterobacter/GCF_019048485.1_ASM1904848v1_genomic.fna.gz
GCF_019428505.1	PRJNA224116	SAMN18388147	na	na	na	na	61645	61645	Enterobacter asburiae	strain=WW-19C	na	latest	Complete Genome	Major	Full	2021-07-31	ASM1942850v1		GCA_019428505.1	identical	https://ftp.ncbi.nlm.nih.gov/genomes/all/GCF/019/428/505/GCF_019428505.1_ASM1942850v1	./Development/ThreeFold/data/external/Enterobacter/GCF_019428505.1_ASM1942850v1_genomic.fna.gz
GCF_019968785.1	PRJNA224116	SAMN18917003	na	na	na	na	61645	61645	Enterobacter asburiae	strain=JBIWA007	na	latest	Complete Genome	Major	Full	2021-09-14	ASM1996878v1		GCA_019968785.1	identical	https://ftp.ncbi.nlm.nih.gov/genomes/all/GCF/019/968/785/GCF_019968785.1_ASM1996878v1	./Development/ThreeFold/data/external/Enterobacter/GCF_019968785.1_ASM1996878v1_genomic.fna.gz
GCF_019968865.1	PRJNA224116	SAMN18916999	na	na	na	na	61645	61645	Enterobacter asburiae	strain=JBIWA002	na	latest	Complete Genome	Major	Full	2021-09-14	ASM1996886v1		GCA_019968865.1	identical	https://ftp.ncbi.nlm.nih.gov/genomes/all/GCF/019/968/865/GCF_019968865.1_ASM1996886v1	./Development/ThreeFold/data/external/Enterobacter/GCF_019968865.1_ASM1996886v1_genomic.fna.gz
GCF_019973695.1	PRJNA224116	SAMD00268104	na	na	na	na	61645	61645	Enterobacter asburiae	strain=Ent261	na	latest	Complete Genome	Major	Full	2021-09-02	ASM1997369v1		GCA_019973695.1	identical	https://ftp.ncbi.nlm.nih.gov/genomes/all/GCF/019/973/695/GCF_019973695.1_ASM1997369v1	./Development/ThreeFold/data/external/Enterobacter/GCF_019973695.1_ASM1997369v1_genomic.fna.gz
GCF_022570715.1	PRJNA224116	SAMN26527994	na	na	na	na	61645	61645	Enterobacter asburiae	strain=5549	na	latest	Complete Genome	Major	Full	2022-03-15	ASM2257071v1		GCA_022570715.1	identical	https://ftp.ncbi.nlm.nih.gov/genomes/all/GCF/022/570/715/GCF_022570715.1_ASM2257071v1	./Development/ThreeFold/data/external/Enterobacter/GCF_022570715.1_ASM2257071v1_genomic.fna.gz
GCF_023023045.1	PRJNA224116	SAMN21379558	na	na	na	na	61645	61645	Enterobacter asburiae	strain=161373-yvys	na	latest	Complete Genome	Major	Full	2022-04-18	ASM2302304v1		GCA_023023045.1	identical	https://ftp.ncbi.nlm.nih.gov/genomes/all/GCF/023/023/045/GCF_023023045.1_ASM2302304v1	./Development/ThreeFold/data/external/Enterobacter/GCF_023023045.1_ASM2302304v1_genomic.fna.gz
GCF_023023145.1	PRJNA224116	SAMN21379553	na	na	na	na	61645	61645	Enterobacter asburiae	strain=AR2284-yvys	na	latest	Complete Genome	Major	Full	2022-04-18	ASM2302314v1		GCA_023023145.1	identical	https://ftp.ncbi.nlm.nih.gov/genomes/all/GCF/023/023/145/GCF_023023145.1_ASM2302314v1	./Development/ThreeFold/data/external/Enterobacter/GCF_023023145.1_ASM2302314v1_genomic.fna.gz
GCF_023023265.1	PRJNA224116	SAMN21379552	na	na	na	na	61645	61645	Enterobacter asburiae	strain=AR0468-yvys	na	latest	Complete Genome	Major	Full	2022-04-18	ASM2302326v1		GCA_023023265.1	identical	https://ftp.ncbi.nlm.nih.gov/genomes/all/GCF/023/023/265/GCF_023023265.1_ASM2302326v1	./Development/ThreeFold/data/external/Enterobacter/GCF_023023265.1_ASM2302326v1_genomic.fna.gz
GCF_023101705.1	PRJNA224116	SAMN21379551	na	na	na	na	61645	61645	Enterobacter asburiae	strain=16773-yvys	na	latest	Complete Genome	Major	Full	2022-04-18	ASM2310170v1		GCA_023101705.1	identical	https://ftp.ncbi.nlm.nih.gov/genomes/all/GCF/023/101/705/GCF_023101705.1_ASM2310170v1	./Development/ThreeFold/data/external/Enterobacter/GCF_023101705.1_ASM2310170v1_genomic.fna.gz
GCF_024599655.1	PRJNA224116	SAMN29928038	na	na	na	na	61645	61645	Enterobacter asburiae	strain=R_A5.MM	na	latest	Complete Genome	Major	Full	2022-08-09	ASM2459965v1		GCA_024599655.1	identical	https://ftp.ncbi.nlm.nih.gov/genomes/all/GCF/024/599/655/GCF_024599655.1_ASM2459965v1	./Development/ThreeFold/data/external/Enterobacter/GCF_024599655.1_ASM2459965v1_genomic.fna.gz
GCF_024917675.1	PRJNA224116	SAMN28174002	na	na	na	na	61645	61645	Enterobacter asburiae	strain=2497	na	latest	Complete Genome	Major	Full	2022-09-04	ASM2491767v1		GCA_024917675.1	identical	https://ftp.ncbi.nlm.nih.gov/genomes/all/GCF/024/917/675/GCF_024917675.1_ASM2491767v1	./Development/ThreeFold/data/external/Enterobacter/GCF_024917675.1_ASM2491767v1_genomic.fna.gz
GCF_025999975.1	PRJNA224116	SAMD00535934	na	na	na	na	61645	61645	Enterobacter asburiae	strain=KAM576	na	latest	Complete Genome	Major	Full	2022-10-11	ASM2599997v1		GCA_025999975.1	identical	https://ftp.ncbi.nlm.nih.gov/genomes/all/GCF/025/999/975/GCF_025999975.1_ASM2599997v1	./Development/ThreeFold/data/external/Enterobacter/GCF_025999975.1_ASM2599997v1_genomic.fna.gz
GCF_027595525.1	PRJNA224116	SAMN16387623	na	na	na	na	61645	61645	Enterobacter asburiae	strain=S3_CRE3	na	latest	Complete Genome	Major	Full	2023-01-09	ASM2759552v1		GCA_027595525.1	identical	https://ftp.ncbi.nlm.nih.gov/genomes/all/GCF/027/595/525/GCF_027595525.1_ASM2759552v1	./Development/ThreeFold/data/external/Enterobacter/GCF_027595525.1_ASM2759552v1_genomic.fna.gz
GCF_028622135.1	PRJNA224116	SAMN32733969	na	na	na	na	61645	61645	Enterobacter asburiae	strain=2022CK-00757	na	latest	Complete Genome	Major	Full	2023-02-15	ASM2862213v1		GCA_028622135.1	identical	https://ftp.ncbi.nlm.nih.gov/genomes/all/GCF/028/622/135/GCF_028622135.1_ASM2862213v1	./Development/ThreeFold/data/external/Enterobacter/GCF_028622135.1_ASM2862213v1_genomic.fna.gz
GCF_030179805.1	PRJNA224116	SAMN30974111	na	na	na	na	61645	61645	Enterobacter asburiae	strain=2017-45-80	na	latest	Complete Genome	Major	Full	2023-06-06	ASM3017980v1		GCA_030179805.1	identical	https://ftp.ncbi.nlm.nih.gov/genomes/all/GCF/030/179/805/GCF_030179805.1_ASM3017980v1	./Development/ThreeFold/data/external/Enterobacter/GCF_030179805.1_ASM3017980v1_genomic.fna.gz
GCF_030179835.1	PRJNA224116	SAMN30974110	na	na	na	na	61645	61645	Enterobacter asburiae	strain=2017-45-54-05	na	latest	Complete Genome	Major	Full	2023-06-06	ASM3017983v1		GCA_030179835.1	identical	https://ftp.ncbi.nlm.nih.gov/genomes/all/GCF/030/179/835/GCF_030179835.1_ASM3017983v1	./Development/ThreeFold/data/external/Enterobacter/GCF_030179835.1_ASM3017983v1_genomic.fna.gz
GCF_030406145.1	PRJNA224116	SAMN35981008	na	na	na	na	61645	61645	Enterobacter asburiae	strain=RG1	na	latest	Complete Genome	Major	Full	2023-07-04	ASM3040614v1		GCA_030406145.1	identical	https://ftp.ncbi.nlm.nih.gov/genomes/all/GCF/030/406/145/GCF_030406145.1_ASM3040614v1	./Development/ThreeFold/data/external/Enterobacter/GCF_030406145.1_ASM3040614v1_genomic.fna.gz
GCF_030444535.1	PRJNA224116	SAMN35153056	na	na	na	na	61645	61645	Enterobacter asburiae	strain=MO13m20	na	latest	Complete Genome	Major	Full	2023-07-13	ASM3044453v1		GCA_030444535.1	identical	https://ftp.ncbi.nlm.nih.gov/genomes/all/GCF/030/444/535/GCF_030444535.1_ASM3044453v1	./Development/ThreeFold/data/external/Enterobacter/GCF_030444535.1_ASM3044453v1_genomic.fna.gz
GCF_030444555.1	PRJNA224116	SAMN35153057	na	na	na	na	61645	61645	Enterobacter asburiae	strain=MP4m4	na	latest	Complete Genome	Major	Full	2023-07-13	ASM3044455v1		GCA_030444555.1	identical	https://ftp.ncbi.nlm.nih.gov/genomes/all/GCF/030/444/555/GCF_030444555.1_ASM3044455v1	./Development/ThreeFold/data/external/Enterobacter/GCF_030444555.1_ASM3044455v1_genomic.fna.gz
GCF_030444575.1	PRJNA224116	SAMN35153055	na	na	na	na	61645	61645	Enterobacter asburiae	strain=BP16m1	na	latest	Complete Genome	Major	Full	2023-07-13	ASM3044457v1		GCA_030444575.1	identical	https://ftp.ncbi.nlm.nih.gov/genomes/all/GCF/030/444/575/GCF_030444575.1_ASM3044457v1	./Development/ThreeFold/data/external/Enterobacter/GCF_030444575.1_ASM3044457v1_genomic.fna.gz
GCF_030505295.1	PRJNA224116	SAMN36378920	na	na	na	na	61645	61645	Enterobacter asburiae	strain=IK3	na	latest	Complete Genome	Major	Full	2023-07-19	ASM3050529v1		GCA_030505295.1	identical	https://ftp.ncbi.nlm.nih.gov/genomes/all/GCF/030/505/295/GCF_030505295.1_ASM3050529v1	./Development/ThreeFold/data/external/Enterobacter/GCF_030505295.1_ASM3050529v1_genomic.fna.gz
GCF_031166305.1	PRJNA224116	SAMN36534144	na	na	na	na	61645	61645	Enterobacter asburiae	strain=CRECL419	na	latest	Complete Genome	Major	Full	2023-09-02	ASM3116630v1		GCA_031166305.1	identical	https://ftp.ncbi.nlm.nih.gov/genomes/all/GCF/031/166/305/GCF_031166305.1_ASM3116630v1	./Development/ThreeFold/data/external/Enterobacter/GCF_031166305.1_ASM3116630v1_genomic.fna.gz
GCF_031167025.1	PRJNA224116	SAMN36534143	na	na	na	na	61645	61645	Enterobacter asburiae	strain=CRECL416	na	latest	Complete Genome	Major	Full	2023-09-02	ASM3116702v1		GCA_031167025.1	identical	https://ftp.ncbi.nlm.nih.gov/genomes/all/GCF/031/167/025/GCF_031167025.1_ASM3116702v1	./Development/ThreeFold/data/external/Enterobacter/GCF_031167025.1_ASM3116702v1_genomic.fna.gz
GCF_031851415.1	PRJNA224116	SAMN37298529	na	na	na	na	61645	61645	Enterobacter asburiae	strain=10A:C	na	latest	Complete Genome	Major	Full	2023-09-24	ASM3185141v1		GCA_031851415.1	identical	https://ftp.ncbi.nlm.nih.gov/genomes/all/GCF/031/851/415/GCF_031851415.1_ASM3185141v1	./Development/ThreeFold/data/external/Enterobacter/GCF_031851415.1_ASM3185141v1_genomic.fna.gz
GCF_031851475.1	PRJNA224116	SAMN37298526	na	na	na	na	61645	61645	Enterobacter asburiae	strain=42A:C	na	latest	Complete Genome	Major	Full	2023-09-24	ASM3185147v1		GCA_031851475.1	identical	https://ftp.ncbi.nlm.nih.gov/genomes/all/GCF/031/851/475/GCF_031851475.1_ASM3185147v1	./Development/ThreeFold/data/external/Enterobacter/GCF_031851475.1_ASM3185147v1_genomic.fna.gz
GCF_031851495.1	PRJNA224116	SAMN37298525	na	na	na	na	61645	61645	Enterobacter asburiae	strain=30A:C	na	latest	Complete Genome	Major	Full	2023-09-24	ASM3185149v1		GCA_031851495.1	identical	https://ftp.ncbi.nlm.nih.gov/genomes/all/GCF/031/851/495/GCF_031851495.1_ASM3185149v1	./Development/ThreeFold/data/external/Enterobacter/GCF_031851495.1_ASM3185149v1_genomic.fna.gz
GCF_032301015.1	PRJNA224116	SAMN37542530	na	na	na	na	61645	61645	Enterobacter asburiae	strain=FAHZZU5722	na	latest	Complete Genome	Major	Full	2023-10-03	ASM3230101v1		GCA_032301015.1	identical	https://ftp.ncbi.nlm.nih.gov/genomes/all/GCF/032/301/015/GCF_032301015.1_ASM3230101v1	./Development/ThreeFold/data/external/Enterobacter/GCF_032301015.1_ASM3230101v1_genomic.fna.gz
GCF_033130105.1	PRJNA224116	SAMD00113925	na	na	na	na	61645	61645	Enterobacter asburiae	strain=TA61661	na	latest	Complete Genome	Major	Full	2023-06-30	ASM3313010v1		GCA_033130105.1	identical	https://ftp.ncbi.nlm.nih.gov/genomes/all/GCF/033/130/105/GCF_033130105.1_ASM3313010v1	./Development/ThreeFold/data/external/Enterobacter/GCF_033130105.1_ASM3313010v1_genomic.fna.gz
GCF_034331165.1	PRJNA224116	SAMN38788847	na	na	na	na	61645	61645	Enterobacter asburiae	strain=2023CK-01510	na	latest	Complete Genome	Major	Full	2024-12-06	ASM3433116v2		GCA_034331165.2	identical	https://ftp.ncbi.nlm.nih.gov/genomes/all/GCF/034/331/165/GCF_034331165.1_ASM3433116v2	./Development/ThreeFold/data/external/Enterobacter/GCF_034331165.1_ASM3433116v2_genomic.fna.gz
GCF_035556915.1	PRJNA224116	SAMN39334912	na	na	na	na	61645	61645	Enterobacter asburiae	strain=2024CK-00035	na	latest	Complete Genome	Major	Full	2024-04-06	ASM3555691v2		GCA_035556915.2	identical	https://ftp.ncbi.nlm.nih.gov/genomes/all/GCF/035/556/915/GCF_035556915.1_ASM3555691v2	./Development/ThreeFold/data/external/Enterobacter/GCF_035556915.1_ASM3555691v2_genomic.fna.gz
GCF_038727575.1	PRJNA224116	SAMN30881388	na	na	na	na	61645	61645	Enterobacter asburiae	strain=GDFQ9D152	na	latest	Complete Genome	Major	Full	2024-05-03	ASM3872757v1		GCA_038727575.1	identical	https://ftp.ncbi.nlm.nih.gov/genomes/all/GCF/038/727/575/GCF_038727575.1_ASM3872757v1	./Development/ThreeFold/data/external/Enterobacter/GCF_038727575.1_ASM3872757v1_genomic.fna.gz
GCF_039623865.1	PRJNA224116	SAMN32635504	na	na	na	na	61645	61645	Enterobacter asburiae	strain=WUM-UW/843	na	latest	Complete Genome	Major	Full	2024-05-18	ASM3962386v1		GCA_039623865.1	identical	https://ftp.ncbi.nlm.nih.gov/genomes/all/GCF/039/623/865/GCF_039623865.1_ASM3962386v1	./Development/ThreeFold/data/external/Enterobacter/GCF_039623865.1_ASM3962386v1_genomic.fna.gz
GCF_040834065.1	PRJNA224116	SAMN42392509	na	na	na	na	61645	61645	Enterobacter asburiae	strain=STS63-C	na	latest	Complete Genome	Major	Full	2024-07-25	ASM4083406v1		GCA_040834065.1	identical	https://ftp.ncbi.nlm.nih.gov/genomes/all/GCF/040/834/065/GCF_040834065.1_ASM4083406v1	./Development/ThreeFold/data/external/Enterobacter/GCF_040834065.1_ASM4083406v1_genomic.fna.gz
GCF_041003815.1	PRJNA224116	SAMN42440406	na	na	na	na	61645	61645	Enterobacter asburiae	strain=W207	na	latest	Complete Genome	Major	Full	2024-08-03	W207		GCA_041003815.1	identical	https://ftp.ncbi.nlm.nih.gov/genomes/all/GCF/041/003/815/GCF_041003815.1_W207	./Development/ThreeFold/data/external/Enterobacter/GCF_041003815.1_W207_genomic.fna.gz
GCF_041154375.1	PRJNA224116	SAMD00574245	na	na	na	na	61645	61645	Enterobacter asburiae	strain=CRE21025	na	latest	Complete Genome	Major	Full	2024-08-10	ASM4115437v1		GCA_041154375.1	identical	https://ftp.ncbi.nlm.nih.gov/genomes/all/GCF/041/154/375/GCF_041154375.1_ASM4115437v1	./Development/ThreeFold/data/external/Enterobacter/GCF_041154375.1_ASM4115437v1_genomic.fna.gz
GCF_043965215.1	PRJNA224116	SAMN39551860	na	na	na	na	61645	61645	Enterobacter asburiae	strain=ECC-253	na	latest	Complete Genome	Major	Full	2024-10-29	ASM4396521v1		GCA_043965215.1	identical	https://ftp.ncbi.nlm.nih.gov/genomes/all/GCF/043/965/215/GCF_043965215.1_ASM4396521v1	./Development/ThreeFold/data/external/Enterobacter/GCF_043965215.1_ASM4396521v1_genomic.fna.gz
GCF_043966055.1	PRJNA224116	SAMN39551856	na	na	na	na	61645	61645	Enterobacter asburiae	strain=ECC-232	na	latest	Complete Genome	Major	Full	2024-10-29	ASM4396605v1		GCA_043966055.1	identical	https://ftp.ncbi.nlm.nih.gov/genomes/all/GCF/043/966/055/GCF_043966055.1_ASM4396605v1	./Development/ThreeFold/data/external/Enterobacter/GCF_043966055.1_ASM4396605v1_genomic.fna.gz
GCF_044344475.1	PRJNA224116	SAMN32967355	na	na	na	na	61645	61645	Enterobacter asburiae	strain=FUJ80072	na	latest	Complete Genome	Major	Full	2024-11-06	ASM4434447v1		GCA_044344475.1	identical	https://ftp.ncbi.nlm.nih.gov/genomes/all/GCF/044/344/475/GCF_044344475.1_ASM4434447v1	./Development/ThreeFold/data/external/Enterobacter/GCF_044344475.1_ASM4434447v1_genomic.fna.gz
GCF_045013525.1	PRJNA224116	SAMN33865287	na	na	na	na	61645	61645	Enterobacter asburiae	strain=1-6_W4-1_h	na	latest	Complete Genome	Major	Full	2024-11-21	ASM4501352v1		GCA_045013525.1	identical	https://ftp.ncbi.nlm.nih.gov/genomes/all/GCF/045/013/525/GCF_045013525.1_ASM4501352v1	./Development/ThreeFold/data/external/Enterobacter/GCF_045013525.1_ASM4501352v1_genomic.fna.gz
GCF_047159435.1	PRJNA224116	SAMD00818410	na	na	na	na	61645	61645	Enterobacter asburiae	strain=GPC19-245	na	latest	Complete Genome	Major	Full	2025-01-26	ASM4715943v1		GCA_047159435.1	identical	https://ftp.ncbi.nlm.nih.gov/genomes/all/GCF/047/159/435/GCF_047159435.1_ASM4715943v1	./Development/ThreeFold/data/external/Enterobacter/GCF_047159435.1_ASM4715943v1_genomic.fna.gz
GCF_002850575.1	PRJNA224116	SAMN08107552	na	na	na	na	69218	69218	Enterobacter cancerogenus	strain=CR-Eb1	na	latest	Complete Genome	Major	Full	2018-01-03	ASM285057v1		GCA_002850575.1	identical	https://ftp.ncbi.nlm.nih.gov/genomes/all/GCF/002/850/575/GCF_002850575.1_ASM285057v1	./Development/ThreeFold/data/external/Enterobacter/GCF_002850575.1_ASM285057v1_genomic.fna.gz
GCF_009648915.1	PRJNA224116	SAMN10574725	na	na	na	na	69218	69218	Enterobacter cancerogenus	strain=MiY-F	na	latest	Complete Genome	Major	Full	2019-11-11	ASM964891v1		GCA_009648915.1	identical	https://ftp.ncbi.nlm.nih.gov/genomes/all/GCF/009/648/915/GCF_009648915.1_ASM964891v1	./Development/ThreeFold/data/external/Enterobacter/GCF_009648915.1_ASM964891v1_genomic.fna.gz
GCF_019047785.1	PRJNA224116	SAMN16357570	na	na	na	assembly from type material	69218	69218	Enterobacter cancerogenus	strain=FDAARGOS 1428	na	latest	Complete Genome	Major	Full	2021-06-28	ASM1904778v1		GCA_019047785.1	identical	https://ftp.ncbi.nlm.nih.gov/genomes/all/GCF/019/047/785/GCF_019047785.1_ASM1904778v1	./Development/ThreeFold/data/external/Enterobacter/GCF_019047785.1_ASM1904778v1_genomic.fna.gz
GCF_019880465.1	PRJNA224116	SAMN16176831	na	na	na	na	69218	69218	Enterobacter cancerogenus	strain=HAEC1	na	latest	Complete Genome	Major	Full	2021-09-05	ASM1988046v1		GCA_019880465.1	identical	https://ftp.ncbi.nlm.nih.gov/genomes/all/GCF/019/880/465/GCF_019880465.1_ASM1988046v1	./Development/ThreeFold/data/external/Enterobacter/GCF_019880465.1_ASM1988046v1_genomic.fna.gz
GCF_046272195.1	PRJNA224116	SAMN41071126	na	na	na	na	69218	69218	Enterobacter cancerogenus	strain=GTVSS-029	na	latest	Complete Genome	Major	Full	2024-12-26	ASM4627219v1		GCA_046272195.1	identical	https://ftp.ncbi.nlm.nih.gov/genomes/all/GCF/046/272/195/GCF_046272195.1_ASM4627219v1	./Development/ThreeFold/data/external/Enterobacter/GCF_046272195.1_ASM4627219v1_genomic.fna.gz
GCF_904425455.1	PRJNA224116	SAMEA7311505	na	na	na	na	69218	69218	Enterobacter cancerogenus	strain=UPC1	na	latest	Complete Genome	Major	Full	2021-01-27	ASM90442545v1		GCA_904425455.1	identical	https://ftp.ncbi.nlm.nih.gov/genomes/all/GCF/904/425/455/GCF_904425455.1_ASM90442545v1	./Development/ThreeFold/data/external/Enterobacter/GCF_904425455.1_ASM90442545v1_genomic.fna.gz
GCF_043972705.1	PRJNA224116	SAMN39551827	na	na	na	na	69219	550	Enterobacter cloacae subsp. dissolvens	strain=ECC-068	na	latest	Complete Genome	Major	Full	2024-10-29	ASM4397270v1		GCA_043972705.1	identical	https://ftp.ncbi.nlm.nih.gov/genomes/all/GCF/043/972/705/GCF_043972705.1_ASM4397270v1	./Development/ThreeFold/data/external/Enterobacter/GCF_043972705.1_ASM4397270v1_genomic.fna.gz
GCF_001022015.1	PRJNA224116	SAMN03733748	na	na	na	na	158836	158836	Enterobacter hormaechei	strain=CAV1311	na	latest	Complete Genome	Major	Full	2015-06-09	ASM102201v1		GCA_001022015.1	identical	https://ftp.ncbi.nlm.nih.gov/genomes/all/GCF/001/022/015/GCF_001022015.1_ASM102201v1	./Development/ThreeFold/data/external/Enterobacter/GCF_001022015.1_ASM102201v1_genomic.fna.gz
GCF_001022055.1	PRJNA224116	SAMN03733827	na	na	na	na	158836	158836	Enterobacter hormaechei	strain=CAV1668	na	latest	Complete Genome	Major	Full	2015-06-09	ASM102205v1		GCA_001022055.1	identical	https://ftp.ncbi.nlm.nih.gov/genomes/all/GCF/001/022/055/GCF_001022055.1_ASM102205v1	./Development/ThreeFold/data/external/Enterobacter/GCF_001022055.1_ASM102205v1_genomic.fna.gz
GCF_001022075.1	PRJNA224116	SAMN03733769	na	na	na	na	158836	158836	Enterobacter hormaechei	strain=CAV1411	na	latest	Complete Genome	Major	Full	2015-06-09	ASM102207v1		GCA_001022075.1	identical	https://ftp.ncbi.nlm.nih.gov/genomes/all/GCF/001/022/075/GCF_001022075.1_ASM102207v1	./Development/ThreeFold/data/external/Enterobacter/GCF_001022075.1_ASM102207v1_genomic.fna.gz
GCF_001022255.1	PRJNA224116	SAMN03733830	na	na	na	na	158836	158836	Enterobacter hormaechei	strain=CAV1669	na	latest	Complete Genome	Major	Full	2015-06-09	ASM102225v1		GCA_001022255.1	identical	https://ftp.ncbi.nlm.nih.gov/genomes/all/GCF/001/022/255/GCF_001022255.1_ASM102225v1	./Development/ThreeFold/data/external/Enterobacter/GCF_001022255.1_ASM102225v1_genomic.fna.gz
GCF_001874505.1	PRJNA224116	SAMN03733727	na	na	na	na	158836	158836	Enterobacter hormaechei	strain=CAV1176	na	latest	Complete Genome	Major	Full	2016-07-15	ASM187450v1		GCA_001874505.1	identical	https://ftp.ncbi.nlm.nih.gov/genomes/all/GCF/001/874/505/GCF_001874505.1_ASM187450v1	./Development/ThreeFold/data/external/Enterobacter/GCF_001874505.1_ASM187450v1_genomic.fna.gz
GCF_002237465.1	PRJNA224116	SAMN06765483	na	na	na	na	158836	158836	Enterobacter hormaechei	strain=MS7884A	na	latest	Complete Genome	Major	Full	2017-07-31	ASM223746v1		GCA_002237465.1	identical	https://ftp.ncbi.nlm.nih.gov/genomes/all/GCF/002/237/465/GCF_002237465.1_ASM223746v1	./Development/ThreeFold/data/external/Enterobacter/GCF_002237465.1_ASM223746v1_genomic.fna.gz
GCF_003051945.2	PRJNA224116	SAMN08027257	na	na	na	na	158836	158836	Enterobacter hormaechei	strain=SCEH020042	na	latest	Complete Genome	Major	Full	2018-10-18	ASM305194v2		GCA_003051945.2	identical	https://ftp.ncbi.nlm.nih.gov/genomes/all/GCF/003/051/945/GCF_003051945.2_ASM305194v2	./Development/ThreeFold/data/external/Enterobacter/GCF_003051945.2_ASM305194v2_genomic.fna.gz
GCF_003073995.1	PRJNA224116	SAMN07291525	na	na	na	na	158836	158836	Enterobacter hormaechei	strain=AR432	na	latest	Complete Genome	Major	Full	2018-04-30	ASM307399v1		GCA_003073995.1	identical	https://ftp.ncbi.nlm.nih.gov/genomes/all/GCF/003/073/995/GCF_003073995.1_ASM307399v1	./Development/ThreeFold/data/external/Enterobacter/GCF_003073995.1_ASM307399v1_genomic.fna.gz
GCF_003186415.1	PRJNA224116	SAMN05510455	na	na	na	na	158836	158836	Enterobacter hormaechei	strain=234	na	latest	Complete Genome	Major	Full	2018-06-05	ASM318641v1		GCA_003186415.1	identical	https://ftp.ncbi.nlm.nih.gov/genomes/all/GCF/003/186/415/GCF_003186415.1_ASM318641v1	./Development/ThreeFold/data/external/Enterobacter/GCF_003186415.1_ASM318641v1_genomic.fna.gz
GCF_003186565.1	PRJNA224116	SAMN06887342	na	na	na	na	158836	158836	Enterobacter hormaechei	strain=388	na	latest	Complete Genome	Major	Full	2018-06-05	ASM318656v1		GCA_003186565.1	identical	https://ftp.ncbi.nlm.nih.gov/genomes/all/GCF/003/186/565/GCF_003186565.1_ASM318656v1	./Development/ThreeFold/data/external/Enterobacter/GCF_003186565.1_ASM318656v1_genomic.fna.gz
GCF_003264955.1	PRJNA224116	SAMN09425565	na	na	na	na	158836	158836	Enterobacter hormaechei	strain=20710	na	latest	Complete Genome	Major	Full	2018-06-25	ASM326495v1		GCA_003264955.1	identical	https://ftp.ncbi.nlm.nih.gov/genomes/all/GCF/003/264/955/GCF_003264955.1_ASM326495v1	./Development/ThreeFold/data/external/Enterobacter/GCF_003264955.1_ASM326495v1_genomic.fna.gz
GCF_003288475.1	PRJNA224116	SAMN04014879	na	na	na	na	158836	158836	Enterobacter hormaechei	strain=AR_038	na	latest	Complete Genome	Major	Full	2018-07-05	ASM328847v1		GCA_003288475.1	identical	https://ftp.ncbi.nlm.nih.gov/genomes/all/GCF/003/288/475/GCF_003288475.1_ASM328847v1	./Development/ThreeFold/data/external/Enterobacter/GCF_003288475.1_ASM328847v1_genomic.fna.gz
GCF_003408555.1	PRJNA224116	SAMN04448506	na	na	na	na	158836	158836	Enterobacter hormaechei	strain=2013_1a	na	latest	Complete Genome	Major	Full	2018-08-20	ASM340855v1		GCA_003408555.1	identical	https://ftp.ncbi.nlm.nih.gov/genomes/all/GCF/003/408/555/GCF_003408555.1_ASM340855v1	./Development/ThreeFold/data/external/Enterobacter/GCF_003408555.1_ASM340855v1_genomic.fna.gz
GCF_003408575.1	PRJNA224116	SAMN04448498	na	na	na	na	158836	158836	Enterobacter hormaechei	strain=N1	na	latest	Complete Genome	Major	Full	2018-08-20	ASM340857v1		GCA_003408575.1	identical	https://ftp.ncbi.nlm.nih.gov/genomes/all/GCF/003/408/575/GCF_003408575.1_ASM340857v1	./Development/ThreeFold/data/external/Enterobacter/GCF_003408575.1_ASM340857v1_genomic.fna.gz
GCF_003408595.1	PRJNA224116	SAMN04448499	na	na	na	na	158836	158836	Enterobacter hormaechei	strain=A1	na	latest	Complete Genome	Major	Full	2018-08-20	ASM340859v1		GCA_003408595.1	identical	https://ftp.ncbi.nlm.nih.gov/genomes/all/GCF/003/408/595/GCF_003408595.1_ASM340859v1	./Development/ThreeFold/data/external/Enterobacter/GCF_003408595.1_ASM340859v1_genomic.fna.gz
GCF_003428425.1	PRJNA224116	SAMN08027258	na	na	na	na	158836	158836	Enterobacter hormaechei	strain=WCHEH020038	na	latest	Complete Genome	Major	Full	2018-08-26	ASM342842v1		GCA_003428425.1	identical	https://ftp.ncbi.nlm.nih.gov/genomes/all/GCF/003/428/425/GCF_003428425.1_ASM342842v1	./Development/ThreeFold/data/external/Enterobacter/GCF_003428425.1_ASM342842v1_genomic.fna.gz
GCF_003444755.1	PRJNA224116	SAMN06344228	na	na	na	na	158836	158836	Enterobacter hormaechei	strain=FRM	na	latest	Complete Genome	Major	Full	2017-08-02	ASM344475v1		GCA_003444755.1	identical	https://ftp.ncbi.nlm.nih.gov/genomes/all/GCF/003/444/755/GCF_003444755.1_ASM344475v1	./Development/ThreeFold/data/external/Enterobacter/GCF_003444755.1_ASM344475v1_genomic.fna.gz
GCF_003660125.1	PRJNA224116	SAMN10174734	na	na	na	na	158836	158836	Enterobacter hormaechei	strain=C15117	na	latest	Complete Genome	Major	Full	2018-10-16	ASM366012v1		GCA_003660125.1	identical	https://ftp.ncbi.nlm.nih.gov/genomes/all/GCF/003/660/125/GCF_003660125.1_ASM366012v1	./Development/ThreeFold/data/external/Enterobacter/GCF_003660125.1_ASM366012v1_genomic.fna.gz
GCF_003965345.2	PRJNA224116	SAMN09845189	na	na	na	na	158836	158836	Enterobacter hormaechei	strain=WCHEH090011	na	latest	Complete Genome	Major	Full	2019-02-28	ASM396534v2		GCA_003965345.2	identical	https://ftp.ncbi.nlm.nih.gov/genomes/all/GCF/003/965/345/GCF_003965345.2_ASM396534v2	./Development/ThreeFold/data/external/Enterobacter/GCF_003965345.2_ASM396534v2_genomic.fna.gz
GCF_004118875.1	PRJNA224116	SAMN10755318	na	na	na	na	158836	158836	Enterobacter hormaechei	strain=S11_16	na	latest	Complete Genome	Major	Full	2019-01-30	ASM411887v1		GCA_004118875.1	identical	https://ftp.ncbi.nlm.nih.gov/genomes/all/GCF/004/118/875/GCF_004118875.1_ASM411887v1	./Development/ThreeFold/data/external/Enterobacter/GCF_004118875.1_ASM411887v1_genomic.fna.gz
GCF_005217135.2	PRJNA224116	SAMN11514786	na	na	na	na	158836	158836	Enterobacter hormaechei	strain=KCJ3K19	na	latest	Complete Genome	Major	Full	2021-06-16	ASM521713v2		GCA_005217135.2	identical	https://ftp.ncbi.nlm.nih.gov/genomes/all/GCF/005/217/135/GCF_005217135.2_ASM521713v2	./Development/ThreeFold/data/external/Enterobacter/GCF_005217135.2_ASM521713v2_genomic.fna.gz
GCF_005217155.2	PRJNA224116	SAMN11514785	na	na	na	na	158836	158836	Enterobacter hormaechei	strain=KCJ3K13	na	latest	Complete Genome	Major	Full	2021-06-16	ASM521715v2		GCA_005217155.2	identical	https://ftp.ncbi.nlm.nih.gov/genomes/all/GCF/005/217/155/GCF_005217155.2_ASM521715v2	./Development/ThreeFold/data/external/Enterobacter/GCF_005217155.2_ASM521715v2_genomic.fna.gz
GCF_008123985.1	PRJNA224116	SAMN12603275	na	na	na	na	158836	158836	Enterobacter hormaechei	strain=PG20180056	na	latest	Complete Genome	Major	Full	2019-08-29	ASM812398v1		GCA_008123985.1	identical	https://ftp.ncbi.nlm.nih.gov/genomes/all/GCF/008/123/985/GCF_008123985.1_ASM812398v1	./Development/ThreeFold/data/external/Enterobacter/GCF_008123985.1_ASM812398v1_genomic.fna.gz
GCF_008124025.1	PRJNA224116	SAMN12603274	na	na	na	na	158836	158836	Enterobacter hormaechei	strain=PG20180049	na	latest	Complete Genome	Major	Full	2019-08-29	ASM812402v1		GCA_008124025.1	identical	https://ftp.ncbi.nlm.nih.gov/genomes/all/GCF/008/124/025/GCF_008124025.1_ASM812402v1	./Development/ThreeFold/data/external/Enterobacter/GCF_008124025.1_ASM812402v1_genomic.fna.gz
GCF_008370065.2	PRJNA224116	SAMN12560201	na	na	na	na	158836	158836	Enterobacter hormaechei	strain=E11	na	latest	Complete Genome	Major	Full	2024-06-06	ASM837006v2		GCA_008370065.2	identical	https://ftp.ncbi.nlm.nih.gov/genomes/all/GCF/008/370/065/GCF_008370065.2_ASM837006v2	./Development/ThreeFold/data/external/Enterobacter/GCF_008370065.2_ASM837006v2_genomic.fna.gz
GCF_008693905.1	PRJNA224116	SAMN11056357	na	na	na	na	158836	158836	Enterobacter hormaechei	strain=FDAARGOS_642	na	latest	Complete Genome	Major	Full	2019-09-25	ASM869390v1		GCA_008693905.1	identical	https://ftp.ncbi.nlm.nih.gov/genomes/all/GCF/008/693/905/GCF_008693905.1_ASM869390v1	./Development/ThreeFold/data/external/Enterobacter/GCF_008693905.1_ASM869390v1_genomic.fna.gz
GCF_008931325.1	PRJNA224116	SAMN12289368	na	na	na	na	158836	158836	Enterobacter hormaechei	strain=C44	na	latest	Complete Genome	Major	Full	2019-10-09	ASM893132v1		GCA_008931325.1	identical	https://ftp.ncbi.nlm.nih.gov/genomes/all/GCF/008/931/325/GCF_008931325.1_ASM893132v1	./Development/ThreeFold/data/external/Enterobacter/GCF_008931325.1_ASM893132v1_genomic.fna.gz
GCF_008931405.1	PRJNA224116	SAMN12289339	na	na	na	na	158836	158836	Enterobacter hormaechei	strain=C15	na	latest	Complete Genome	Major	Full	2019-10-09	ASM893140v1		GCA_008931405.1	identical	https://ftp.ncbi.nlm.nih.gov/genomes/all/GCF/008/931/405/GCF_008931405.1_ASM893140v1	./Development/ThreeFold/data/external/Enterobacter/GCF_008931405.1_ASM893140v1_genomic.fna.gz
GCF_008931525.1	PRJNA224116	SAMN12289291	na	na	na	na	158836	158836	Enterobacter hormaechei	strain=E5	na	latest	Complete Genome	Major	Full	2019-10-09	ASM893152v1		GCA_008931525.1	identical	https://ftp.ncbi.nlm.nih.gov/genomes/all/GCF/008/931/525/GCF_008931525.1_ASM893152v1	./Development/ThreeFold/data/external/Enterobacter/GCF_008931525.1_ASM893152v1_genomic.fna.gz
GCF_008931585.1	PRJNA224116	SAMN12289289	na	na	na	na	158836	158836	Enterobacter hormaechei	strain=C4	na	latest	Complete Genome	Major	Full	2019-10-09	ASM893158v1		GCA_008931585.1	identical	https://ftp.ncbi.nlm.nih.gov/genomes/all/GCF/008/931/585/GCF_008931585.1_ASM893158v1	./Development/ThreeFold/data/external/Enterobacter/GCF_008931585.1_ASM893158v1_genomic.fna.gz
GCF_008931645.1	PRJNA224116	SAMN12289303	na	na	na	na	158836	158836	Enterobacter hormaechei	strain=C45	na	latest	Complete Genome	Major	Full	2019-10-09	ASM893164v1		GCA_008931645.1	identical	https://ftp.ncbi.nlm.nih.gov/genomes/all/GCF/008/931/645/GCF_008931645.1_ASM893164v1	./Development/ThreeFold/data/external/Enterobacter/GCF_008931645.1_ASM893164v1_genomic.fna.gz
GCF_009497055.1	PRJNA224116	SAMN13022768	na	na	na	na	158836	158836	Enterobacter hormaechei	strain=AUH-ENM30	na	latest	Complete Genome	Major	Full	2019-11-03	ASM949705v1		GCA_009497055.1	identical	https://ftp.ncbi.nlm.nih.gov/genomes/all/GCF/009/497/055/GCF_009497055.1_ASM949705v1	./Development/ThreeFold/data/external/Enterobacter/GCF_009497055.1_ASM949705v1_genomic.fna.gz
GCF_009728975.1	PRJNA224116	SAMN13335391	na	na	na	na	158836	158836	Enterobacter hormaechei	strain=E70	na	latest	Complete Genome	Major	Full	2019-12-04	ASM972897v1		GCA_009728975.1	identical	https://ftp.ncbi.nlm.nih.gov/genomes/all/GCF/009/728/975/GCF_009728975.1_ASM972897v1	./Development/ThreeFold/data/external/Enterobacter/GCF_009728975.1_ASM972897v1_genomic.fna.gz
GCF_009738085.1	PRJNA224116	SAMN10219678	na	na	na	na	158836	158836	Enterobacter hormaechei	strain=L51	na	latest	Complete Genome	Major	Full	2019-12-10	ASM973808v1		GCA_009738085.1	identical	https://ftp.ncbi.nlm.nih.gov/genomes/all/GCF/009/738/085/GCF_009738085.1_ASM973808v1	./Development/ThreeFold/data/external/Enterobacter/GCF_009738085.1_ASM973808v1_genomic.fna.gz
GCF_009905155.1	PRJNA224116	SAMN13757525	na	na	na	na	158836	158836	Enterobacter hormaechei	strain=F2	na	latest	Complete Genome	Major	Full	2020-01-19	ASM990515v1		GCA_009905155.1	identical	https://ftp.ncbi.nlm.nih.gov/genomes/all/GCF/009/905/155/GCF_009905155.1_ASM990515v1	./Development/ThreeFold/data/external/Enterobacter/GCF_009905155.1_ASM990515v1_genomic.fna.gz
GCF_009930835.1	PRJNA224116	SAMN07692716	na	na	na	na	158836	158836	Enterobacter hormaechei	strain=BW	na	latest	Complete Genome	Major	Full	2020-01-27	ASM993083v1		GCA_009930835.1	identical	https://ftp.ncbi.nlm.nih.gov/genomes/all/GCF/009/930/835/GCF_009930835.1_ASM993083v1	./Development/ThreeFold/data/external/Enterobacter/GCF_009930835.1_ASM993083v1_genomic.fna.gz
GCF_009930935.1	PRJNA224116	SAMN08554725	na	na	na	na	158836	158836	Enterobacter hormaechei	strain=BW	na	latest	Complete Genome	Major	Full	2020-01-27	ASM993093v1		GCA_009930935.1	identical	https://ftp.ncbi.nlm.nih.gov/genomes/all/GCF/009/930/935/GCF_009930935.1_ASM993093v1	./Development/ThreeFold/data/external/Enterobacter/GCF_009930935.1_ASM993093v1_genomic.fna.gz
GCF_011044215.1	PRJNA224116	SAMN14132375	na	na	na	na	158836	158836	Enterobacter hormaechei	strain=Y233	na	latest	Complete Genome	Major	Full	2020-03-01	ASM1104421v1		GCA_011044215.1	identical	https://ftp.ncbi.nlm.nih.gov/genomes/all/GCF/011/044/215/GCF_011044215.1_ASM1104421v1	./Development/ThreeFold/data/external/Enterobacter/GCF_011044215.1_ASM1104421v1_genomic.fna.gz
GCF_011045335.1	PRJNA224116	SAMN14142412	na	na	na	na	158836	158836	Enterobacter hormaechei	strain=Y323	na	latest	Complete Genome	Major	Full	2020-03-02	ASM1104533v1		GCA_011045335.1	identical	https://ftp.ncbi.nlm.nih.gov/genomes/all/GCF/011/045/335/GCF_011045335.1_ASM1104533v1	./Development/ThreeFold/data/external/Enterobacter/GCF_011045335.1_ASM1104533v1_genomic.fna.gz
GCF_011045355.1	PRJNA224116	SAMN14151378	na	na	na	na	158836	158836	Enterobacter hormaechei	strain=Y2152	na	latest	Complete Genome	Major	Full	2020-03-02	ASM1104535v1		GCA_011045355.1	identical	https://ftp.ncbi.nlm.nih.gov/genomes/all/GCF/011/045/355/GCF_011045355.1_ASM1104535v1	./Development/ThreeFold/data/external/Enterobacter/GCF_011045355.1_ASM1104535v1_genomic.fna.gz
GCF_012562255.1	PRJNA224116	SAMN14492121	na	na	na	na	158836	158836	Enterobacter hormaechei	strain=AMS-38	na	latest	Complete Genome	Major	Full	2020-04-20	ASM1256225v1		GCA_012562255.1	identical	https://ftp.ncbi.nlm.nih.gov/genomes/all/GCF/012/562/255/GCF_012562255.1_ASM1256225v1	./Development/ThreeFold/data/external/Enterobacter/GCF_012562255.1_ASM1256225v1_genomic.fna.gz
GCF_012975085.1	PRJNA224116	SAMN10107915	na	na	na	na	158836	158836	Enterobacter hormaechei	strain=AKB48	na	latest	Complete Genome	Major	Full	2020-05-05	ASM1297508v1		GCA_012975085.1	identical	https://ftp.ncbi.nlm.nih.gov/genomes/all/GCF/012/975/085/GCF_012975085.1_ASM1297508v1	./Development/ThreeFold/data/external/Enterobacter/GCF_012975085.1_ASM1297508v1_genomic.fna.gz
GCF_013046845.1	PRJNA224116	SAMN14534668	na	na	na	na	158836	158836	Enterobacter hormaechei	strain=EGYMCRVIM	na	latest	Complete Genome	Major	Full	2020-05-12	ASM1304684v1		GCA_013046845.1	identical	https://ftp.ncbi.nlm.nih.gov/genomes/all/GCF/013/046/845/GCF_013046845.1_ASM1304684v1	./Development/ThreeFold/data/external/Enterobacter/GCF_013046845.1_ASM1304684v1_genomic.fna.gz
GCF_013624605.1	PRJNA224116	SAMN15148511	na	na	na	na	158836	158836	Enterobacter hormaechei	strain=RHBSTW-00140	na	latest	Complete Genome	Major	Full	2020-07-24	ASM1362460v1		GCA_013624605.1	identical	https://ftp.ncbi.nlm.nih.gov/genomes/all/GCF/013/624/605/GCF_013624605.1_ASM1362460v1	./Development/ThreeFold/data/external/Enterobacter/GCF_013624605.1_ASM1362460v1_genomic.fna.gz
GCF_013624995.1	PRJNA224116	SAMN15148505	na	na	na	na	158836	158836	Enterobacter hormaechei	strain=RHBSTW-00133	na	latest	Complete Genome	Major	Full	2020-07-24	ASM1362499v1		GCA_013624995.1	identical	https://ftp.ncbi.nlm.nih.gov/genomes/all/GCF/013/624/995/GCF_013624995.1_ASM1362499v1	./Development/ThreeFold/data/external/Enterobacter/GCF_013624995.1_ASM1362499v1_genomic.fna.gz
GCF_013625115.1	PRJNA224116	SAMN15148493	na	na	na	na	158836	158836	Enterobacter hormaechei	strain=RHBSTW-00114	na	latest	Complete Genome	Major	Full	2020-07-24	ASM1362511v1		GCA_013625115.1	identical	https://ftp.ncbi.nlm.nih.gov/genomes/all/GCF/013/625/115/GCF_013625115.1_ASM1362511v1	./Development/ThreeFold/data/external/Enterobacter/GCF_013625115.1_ASM1362511v1_genomic.fna.gz
GCF_013625265.1	PRJNA224116	SAMN15148488	na	na	na	na	158836	158836	Enterobacter hormaechei	strain=RHBSTW-00105	na	latest	Complete Genome	Major	Full	2020-07-24	ASM1362526v1		GCA_013625265.1	identical	https://ftp.ncbi.nlm.nih.gov/genomes/all/GCF/013/625/265/GCF_013625265.1_ASM1362526v1	./Development/ThreeFold/data/external/Enterobacter/GCF_013625265.1_ASM1362526v1_genomic.fna.gz
GCF_013625435.1	PRJNA224116	SAMN15148478	na	na	na	na	158836	158836	Enterobacter hormaechei	strain=RHBSTW-00086	na	latest	Complete Genome	Major	Full	2020-07-24	ASM1362543v1		GCA_013625435.1	identical	https://ftp.ncbi.nlm.nih.gov/genomes/all/GCF/013/625/435/GCF_013625435.1_ASM1362543v1	./Development/ThreeFold/data/external/Enterobacter/GCF_013625435.1_ASM1362543v1_genomic.fna.gz
GCF_013625575.1	PRJNA224116	SAMN15148476	na	na	na	na	158836	158836	Enterobacter hormaechei	strain=RHBSTW-00083	na	latest	Complete Genome	Major	Full	2020-07-24	ASM1362557v1		GCA_013625575.1	identical	https://ftp.ncbi.nlm.nih.gov/genomes/all/GCF/013/625/575/GCF_013625575.1_ASM1362557v1	./Development/ThreeFold/data/external/Enterobacter/GCF_013625575.1_ASM1362557v1_genomic.fna.gz
GCF_013625795.1	PRJNA224116	SAMN15148471	na	na	na	na	158836	158836	Enterobacter hormaechei	strain=RHBSTW-00070	na	latest	Complete Genome	Major	Full	2020-07-24	ASM1362579v1		GCA_013625795.1	identical	https://ftp.ncbi.nlm.nih.gov/genomes/all/GCF/013/625/795/GCF_013625795.1_ASM1362579v1	./Development/ThreeFold/data/external/Enterobacter/GCF_013625795.1_ASM1362579v1_genomic.fna.gz
GCF_013629235.1	PRJNA224116	SAMN15148465	na	na	na	na	158836	158836	Enterobacter hormaechei	strain=RHBSTW-00059	na	latest	Complete Genome	Major	Full	2020-07-24	ASM1362923v1		GCA_013629235.1	identical	https://ftp.ncbi.nlm.nih.gov/genomes/all/GCF/013/629/235/GCF_013629235.1_ASM1362923v1	./Development/ThreeFold/data/external/Enterobacter/GCF_013629235.1_ASM1362923v1_genomic.fna.gz
GCF_013629455.1	PRJNA224116	SAMN15148464	na	na	na	na	158836	158836	Enterobacter hormaechei	strain=RHBSTW-00056	na	latest	Complete Genome	Major	Full	2020-07-24	ASM1362945v1		GCA_013629455.1	identical	https://ftp.ncbi.nlm.nih.gov/genomes/all/GCF/013/629/455/GCF_013629455.1_ASM1362945v1	./Development/ThreeFold/data/external/Enterobacter/GCF_013629455.1_ASM1362945v1_genomic.fna.gz
GCF_013629675.1	PRJNA224116	SAMN15148460	na	na	na	na	158836	158836	Enterobacter hormaechei	strain=RHBSTW-00040	na	latest	Complete Genome	Major	Full	2020-07-24	ASM1362967v1		GCA_013629675.1	identical	https://ftp.ncbi.nlm.nih.gov/genomes/all/GCF/013/629/675/GCF_013629675.1_ASM1362967v1	./Development/ThreeFold/data/external/Enterobacter/GCF_013629675.1_ASM1362967v1_genomic.fna.gz
GCF_013635255.1	PRJNA224116	SAMN15148453	na	na	na	na	158836	158836	Enterobacter hormaechei	strain=RHBSTW-00016	na	latest	Complete Genome	Major	Full	2020-07-24	ASM1363525v1		GCA_013635255.1	identical	https://ftp.ncbi.nlm.nih.gov/genomes/all/GCF/013/635/255/GCF_013635255.1_ASM1363525v1	./Development/ThreeFold/data/external/Enterobacter/GCF_013635255.1_ASM1363525v1_genomic.fna.gz
GCF_013635495.1	PRJNA224116	SAMN15148450	na	na	na	na	158836	158836	Enterobacter hormaechei	strain=RHBSTW-00012	na	latest	Complete Genome	Major	Full	2020-07-24	ASM1363549v1		GCA_013635495.1	identical	https://ftp.ncbi.nlm.nih.gov/genomes/all/GCF/013/635/495/GCF_013635495.1_ASM1363549v1	./Development/ThreeFold/data/external/Enterobacter/GCF_013635495.1_ASM1363549v1_genomic.fna.gz
GCF_013726395.1	PRJNA224116	SAMN15148743	na	na	na	na	158836	158836	Enterobacter hormaechei	strain=RHBSTW-00916	na	latest	Complete Genome	Major	Full	2020-07-27	ASM1372639v1		GCA_013726395.1	identical	https://ftp.ncbi.nlm.nih.gov/genomes/all/GCF/013/726/395/GCF_013726395.1_ASM1372639v1	./Development/ThreeFold/data/external/Enterobacter/GCF_013726395.1_ASM1372639v1_genomic.fna.gz
GCF_013731155.1	PRJNA224116	SAMN15148712	na	na	na	na	158836	158836	Enterobacter hormaechei	strain=RHBSTW-00844	na	latest	Complete Genome	Major	Full	2020-07-27	ASM1373115v1		GCA_013731155.1	identical	https://ftp.ncbi.nlm.nih.gov/genomes/all/GCF/013/731/155/GCF_013731155.1_ASM1373115v1	./Development/ThreeFold/data/external/Enterobacter/GCF_013731155.1_ASM1373115v1_genomic.fna.gz
GCF_013734275.1	PRJNA224116	SAMN15148671	na	na	na	na	158836	158836	Enterobacter hormaechei	strain=RHBSTW-00642	na	latest	Complete Genome	Major	Full	2020-07-27	ASM1373427v1		GCA_013734275.1	identical	https://ftp.ncbi.nlm.nih.gov/genomes/all/GCF/013/734/275/GCF_013734275.1_ASM1373427v1	./Development/ThreeFold/data/external/Enterobacter/GCF_013734275.1_ASM1373427v1_genomic.fna.gz
GCF_013734915.1	PRJNA224116	SAMN15148666	na	na	na	na	158836	158836	Enterobacter hormaechei	strain=RHBSTW-00626	na	latest	Complete Genome	Major	Full	2020-07-27	ASM1373491v1		GCA_013734915.1	identical	https://ftp.ncbi.nlm.nih.gov/genomes/all/GCF/013/734/915/GCF_013734915.1_ASM1373491v1	./Development/ThreeFold/data/external/Enterobacter/GCF_013734915.1_ASM1373491v1_genomic.fna.gz
GCF_013738375.1	PRJNA224116	SAMN15148580	na	na	na	na	158836	158836	Enterobacter hormaechei	strain=RHBSTW-00333	na	latest	Complete Genome	Major	Full	2020-07-27	ASM1373837v1		GCA_013738375.1	identical	https://ftp.ncbi.nlm.nih.gov/genomes/all/GCF/013/738/375/GCF_013738375.1_ASM1373837v1	./Development/ThreeFold/data/external/Enterobacter/GCF_013738375.1_ASM1373837v1_genomic.fna.gz
GCF_013739595.1	PRJNA224116	SAMN15148676	na	na	na	na	158836	158836	Enterobacter hormaechei	strain=RHBSTW-00668	na	latest	Complete Genome	Major	Full	2020-07-27	ASM1373959v1		GCA_013739595.1	identical	https://ftp.ncbi.nlm.nih.gov/genomes/all/GCF/013/739/595/GCF_013739595.1_ASM1373959v1	./Development/ThreeFold/data/external/Enterobacter/GCF_013739595.1_ASM1373959v1_genomic.fna.gz
GCF_013740655.1	PRJNA224116	SAMN15148635	na	na	na	na	158836	158836	Enterobacter hormaechei	strain=RHBSTW-00492	na	latest	Complete Genome	Major	Full	2020-07-27	ASM1374065v1		GCA_013740655.1	identical	https://ftp.ncbi.nlm.nih.gov/genomes/all/GCF/013/740/655/GCF_013740655.1_ASM1374065v1	./Development/ThreeFold/data/external/Enterobacter/GCF_013740655.1_ASM1374065v1_genomic.fna.gz
GCF_013742375.1	PRJNA224116	SAMN15148572	na	na	na	na	158836	158836	Enterobacter hormaechei	strain=RHBSTW-00316	na	latest	Complete Genome	Major	Full	2020-07-27	ASM1374237v1		GCA_013742375.1	identical	https://ftp.ncbi.nlm.nih.gov/genomes/all/GCF/013/742/375/GCF_013742375.1_ASM1374237v1	./Development/ThreeFold/data/external/Enterobacter/GCF_013742375.1_ASM1374237v1_genomic.fna.gz
GCF_013743295.1	PRJNA224116	SAMN15148549	na	na	na	na	158836	158836	Enterobacter hormaechei	strain=RHBSTW-00220	na	latest	Complete Genome	Major	Full	2020-07-27	ASM1374329v1		GCA_013743295.1	identical	https://ftp.ncbi.nlm.nih.gov/genomes/all/GCF/013/743/295/GCF_013743295.1_ASM1374329v1	./Development/ThreeFold/data/external/Enterobacter/GCF_013743295.1_ASM1374329v1_genomic.fna.gz
GCF_013743755.1	PRJNA224116	SAMN15148546	na	na	na	na	158836	158836	Enterobacter hormaechei	strain=RHBSTW-00217	na	latest	Complete Genome	Major	Full	2020-07-27	ASM1374375v1		GCA_013743755.1	identical	https://ftp.ncbi.nlm.nih.gov/genomes/all/GCF/013/743/755/GCF_013743755.1_ASM1374375v1	./Development/ThreeFold/data/external/Enterobacter/GCF_013743755.1_ASM1374375v1_genomic.fna.gz
GCF_013743935.1	PRJNA224116	SAMN15148545	na	na	na	na	158836	158836	Enterobacter hormaechei	strain=RHBSTW-00216	na	latest	Complete Genome	Major	Full	2020-07-27	ASM1374393v1		GCA_013743935.1	identical	https://ftp.ncbi.nlm.nih.gov/genomes/all/GCF/013/743/935/GCF_013743935.1_ASM1374393v1	./Development/ThreeFold/data/external/Enterobacter/GCF_013743935.1_ASM1374393v1_genomic.fna.gz
GCF_013744415.1	PRJNA224116	SAMN15148534	na	na	na	na	158836	158836	Enterobacter hormaechei	strain=RHBSTW-00198	na	latest	Complete Genome	Major	Full	2020-07-27	ASM1374441v1		GCA_013744415.1	identical	https://ftp.ncbi.nlm.nih.gov/genomes/all/GCF/013/744/415/GCF_013744415.1_ASM1374441v1	./Development/ThreeFold/data/external/Enterobacter/GCF_013744415.1_ASM1374441v1_genomic.fna.gz
GCF_013747035.1	PRJNA224116	SAMN15148653	na	na	na	na	158836	158836	Enterobacter hormaechei	strain=RHBSTW-00564	na	latest	Complete Genome	Major	Full	2020-07-27	ASM1374703v1		GCA_013747035.1	identical	https://ftp.ncbi.nlm.nih.gov/genomes/all/GCF/013/747/035/GCF_013747035.1_ASM1374703v1	./Development/ThreeFold/data/external/Enterobacter/GCF_013747035.1_ASM1374703v1_genomic.fna.gz
GCF_013873515.1	PRJNA224116	SAMN15589926	na	na	na	na	158836	158836	Enterobacter hormaechei	strain=ENCL48880	na	latest	Complete Genome	Major	Full	2020-07-29	ASM1387351v1		GCA_013873515.1	identical	https://ftp.ncbi.nlm.nih.gov/genomes/all/GCF/013/873/515/GCF_013873515.1_ASM1387351v1	./Development/ThreeFold/data/external/Enterobacter/GCF_013873515.1_ASM1387351v1_genomic.fna.gz
GCF_013873655.1	PRJNA224116	SAMN15589925	na	na	na	na	158836	158836	Enterobacter hormaechei	strain=ENCL48212	na	latest	Complete Genome	Major	Full	2020-07-29	ASM1387365v1		GCA_013873655.1	identical	https://ftp.ncbi.nlm.nih.gov/genomes/all/GCF/013/873/655/GCF_013873655.1_ASM1387365v1	./Development/ThreeFold/data/external/Enterobacter/GCF_013873655.1_ASM1387365v1_genomic.fna.gz
GCF_013873945.1	PRJNA224116	SAMN15589938	na	na	na	na	158836	158836	Enterobacter hormaechei	strain=ENCL49790	na	latest	Complete Genome	Major	Full	2020-07-29	ASM1387394v1		GCA_013873945.1	identical	https://ftp.ncbi.nlm.nih.gov/genomes/all/GCF/013/873/945/GCF_013873945.1_ASM1387394v1	./Development/ThreeFold/data/external/Enterobacter/GCF_013873945.1_ASM1387394v1_genomic.fna.gz
GCF_014117285.1	PRJNA224116	SAMN15648651	na	na	na	na	158836	158836	Enterobacter hormaechei	strain=ZHH	na	latest	Complete Genome	Major	Full	2020-08-09	ASM1411728v1		GCA_014117285.1	identical	https://ftp.ncbi.nlm.nih.gov/genomes/all/GCF/014/117/285/GCF_014117285.1_ASM1411728v1	./Development/ThreeFold/data/external/Enterobacter/GCF_014117285.1_ASM1411728v1_genomic.fna.gz
GCF_014771415.1	PRJNA224116	SAMN14450178	na	na	na	na	158836	158836	Enterobacter hormaechei	strain=NJGLYY90-CR	na	latest	Complete Genome	Major	Full	2020-09-28	ASM1477141v1		GCA_014771415.1	identical	https://ftp.ncbi.nlm.nih.gov/genomes/all/GCF/014/771/415/GCF_014771415.1_ASM1477141v1	./Development/ThreeFold/data/external/Enterobacter/GCF_014771415.1_ASM1477141v1_genomic.fna.gz
GCF_015137995.1	PRJNA224116	SAMD00195982	na	na	na	na	158836	158836	Enterobacter hormaechei	strain=STN0717-64	na	latest	Complete Genome	Major	Full	2020-10-08	ASM1513799v1		GCA_015137995.1	identical	https://ftp.ncbi.nlm.nih.gov/genomes/all/GCF/015/137/995/GCF_015137995.1_ASM1513799v1	./Development/ThreeFold/data/external/Enterobacter/GCF_015137995.1_ASM1513799v1_genomic.fna.gz
GCF_015238615.1	PRJNA224116	SAMN13832016	na	na	na	na	158836	158836	Enterobacter hormaechei	strain=189	na	latest	Complete Genome	Major	Full	2020-11-05	ASM1523861v1		GCA_015238615.1	identical	https://ftp.ncbi.nlm.nih.gov/genomes/all/GCF/015/238/615/GCF_015238615.1_ASM1523861v1	./Development/ThreeFold/data/external/Enterobacter/GCF_015238615.1_ASM1523861v1_genomic.fna.gz
GCF_015535055.1	PRJNA224116	SAMN16707732	na	na	na	na	158836	158836	Enterobacter hormaechei	strain=3804	na	latest	Complete Genome	Major	Full	2020-11-17	ASM1553505v1		GCA_015535055.1	identical	https://ftp.ncbi.nlm.nih.gov/genomes/all/GCF/015/535/055/GCF_015535055.1_ASM1553505v1	./Development/ThreeFold/data/external/Enterobacter/GCF_015535055.1_ASM1553505v1_genomic.fna.gz
GCF_015910205.1	PRJNA224116	SAMN13747519	na	na	na	na	158836	158836	Enterobacter hormaechei	strain=Eho-E2	na	latest	Complete Genome	Major	Full	2020-12-10	ASM1591020v1		GCA_015910205.1	identical	https://ftp.ncbi.nlm.nih.gov/genomes/all/GCF/015/910/205/GCF_015910205.1_ASM1591020v1	./Development/ThreeFold/data/external/Enterobacter/GCF_015910205.1_ASM1591020v1_genomic.fna.gz
GCF_015910245.1	PRJNA224116	SAMN13747512	na	na	na	na	158836	158836	Enterobacter hormaechei	strain=Eho-6	na	latest	Complete Genome	Major	Full	2020-12-10	ASM1591024v1		GCA_015910245.1	identical	https://ftp.ncbi.nlm.nih.gov/genomes/all/GCF/015/910/245/GCF_015910245.1_ASM1591024v1	./Development/ThreeFold/data/external/Enterobacter/GCF_015910245.1_ASM1591024v1_genomic.fna.gz
GCF_015910265.1	PRJNA224116	SAMN13747511	na	na	na	na	158836	158836	Enterobacter hormaechei	strain=Eho-5	na	latest	Complete Genome	Major	Full	2020-12-10	ASM1591026v1		GCA_015910265.1	identical	https://ftp.ncbi.nlm.nih.gov/genomes/all/GCF/015/910/265/GCF_015910265.1_ASM1591026v1	./Development/ThreeFold/data/external/Enterobacter/GCF_015910265.1_ASM1591026v1_genomic.fna.gz
GCF_015910285.1	PRJNA224116	SAMN13747510	na	na	na	na	158836	158836	Enterobacter hormaechei	strain=Eho-4	na	latest	Complete Genome	Major	Full	2020-12-10	ASM1591028v1		GCA_015910285.1	identical	https://ftp.ncbi.nlm.nih.gov/genomes/all/GCF/015/910/285/GCF_015910285.1_ASM1591028v1	./Development/ThreeFold/data/external/Enterobacter/GCF_015910285.1_ASM1591028v1_genomic.fna.gz
GCF_015910325.1	PRJNA224116	SAMN13747521	na	na	na	na	158836	158836	Enterobacter hormaechei	strain=Eho-E4	na	latest	Complete Genome	Major	Full	2020-12-10	ASM1591032v1		GCA_015910325.1	identical	https://ftp.ncbi.nlm.nih.gov/genomes/all/GCF/015/910/325/GCF_015910325.1_ASM1591032v1	./Development/ThreeFold/data/external/Enterobacter/GCF_015910325.1_ASM1591032v1_genomic.fna.gz
GCF_015910345.1	PRJNA224116	SAMN13747520	na	na	na	na	158836	158836	Enterobacter hormaechei	strain=Eho-E3	na	latest	Complete Genome	Major	Full	2020-12-10	ASM1591034v1		GCA_015910345.1	identical	https://ftp.ncbi.nlm.nih.gov/genomes/all/GCF/015/910/345/GCF_015910345.1_ASM1591034v1	./Development/ThreeFold/data/external/Enterobacter/GCF_015910345.1_ASM1591034v1_genomic.fna.gz
GCF_015910365.1	PRJNA224116	SAMN13747508	na	na	na	na	158836	158836	Enterobacter hormaechei	strain=Eho-2	na	latest	Complete Genome	Major	Full	2020-12-10	ASM1591036v1		GCA_015910365.1	identical	https://ftp.ncbi.nlm.nih.gov/genomes/all/GCF/015/910/365/GCF_015910365.1_ASM1591036v1	./Development/ThreeFold/data/external/Enterobacter/GCF_015910365.1_ASM1591036v1_genomic.fna.gz
GCF_015910385.1	PRJNA224116	SAMN13747507	na	na	na	na	158836	158836	Enterobacter hormaechei	strain=Eho-1	na	latest	Complete Genome	Major	Full	2020-12-10	ASM1591038v1		GCA_015910385.1	identical	https://ftp.ncbi.nlm.nih.gov/genomes/all/GCF/015/910/385/GCF_015910385.1_ASM1591038v1	./Development/ThreeFold/data/external/Enterobacter/GCF_015910385.1_ASM1591038v1_genomic.fna.gz
GCF_016126855.1	PRJNA224116	SAMN17054651	na	na	na	na	158836	158836	Enterobacter hormaechei	strain=MSB1_8J	na	latest	Complete Genome	Major	Full	2020-12-20	ASM1612685v1		GCA_016126855.1	identical	https://ftp.ncbi.nlm.nih.gov/genomes/all/GCF/016/126/855/GCF_016126855.1_ASM1612685v1	./Development/ThreeFold/data/external/Enterobacter/GCF_016126855.1_ASM1612685v1_genomic.fna.gz
GCF_016725825.1	PRJNA224116	SAMN16357247	na	na	na	na	158836	158836	Enterobacter hormaechei	strain=FDAARGOS_1078	na	latest	Complete Genome	Major	Full	2021-01-20	ASM1672582v1		GCA_016725825.1	identical	https://ftp.ncbi.nlm.nih.gov/genomes/all/GCF/016/725/825/GCF_016725825.1_ASM1672582v1	./Development/ThreeFold/data/external/Enterobacter/GCF_016725825.1_ASM1672582v1_genomic.fna.gz
GCF_016745355.1	PRJNA224116	SAMN17252997	na	na	na	na	158836	158836	Enterobacter hormaechei	strain=1575	na	latest	Complete Genome	Major	Full	2021-01-24	ASM1674535v1		GCA_016745355.1	identical	https://ftp.ncbi.nlm.nih.gov/genomes/all/GCF/016/745/355/GCF_016745355.1_ASM1674535v1	./Development/ThreeFold/data/external/Enterobacter/GCF_016745355.1_ASM1674535v1_genomic.fna.gz
GCF_016767735.1	PRJNA224116	SAMN14409014	na	na	na	na	158836	158836	Enterobacter hormaechei	strain=CM18-216	na	latest	Complete Genome	Major	Full	2021-01-28	ASM1676773v1		GCA_016767735.1	identical	https://ftp.ncbi.nlm.nih.gov/genomes/all/GCF/016/767/735/GCF_016767735.1_ASM1676773v1	./Development/ThreeFold/data/external/Enterobacter/GCF_016767735.1_ASM1676773v1_genomic.fna.gz
GCF_016767755.1	PRJNA224116	SAMN14449833	na	na	na	na	158836	158836	Enterobacter hormaechei	strain=CM18-242-2	na	latest	Complete Genome	Major	Full	2021-01-28	ASM1676775v1		GCA_016767755.1	identical	https://ftp.ncbi.nlm.nih.gov/genomes/all/GCF/016/767/755/GCF_016767755.1_ASM1676775v1	./Development/ThreeFold/data/external/Enterobacter/GCF_016767755.1_ASM1676775v1_genomic.fna.gz
GCF_016864035.1	PRJNA224116	SAMN12999969	na	na	na	na	158836	158836	Enterobacter hormaechei	strain=14102KSN	na	latest	Complete Genome	Major	Full	2021-02-11	ASM1686403v1		GCA_016864035.1	identical	https://ftp.ncbi.nlm.nih.gov/genomes/all/GCF/016/864/035/GCF_016864035.1_ASM1686403v1	./Development/ThreeFold/data/external/Enterobacter/GCF_016864035.1_ASM1686403v1_genomic.fna.gz
GCF_016864135.1	PRJNA224116	SAMN12999974	na	na	na	na	158836	158836	Enterobacter hormaechei	strain=14280161202	na	latest	Complete Genome	Major	Full	2021-02-11	ASM1686413v1		GCA_016864135.1	identical	https://ftp.ncbi.nlm.nih.gov/genomes/all/GCF/016/864/135/GCF_016864135.1_ASM1686413v1	./Development/ThreeFold/data/external/Enterobacter/GCF_016864135.1_ASM1686413v1_genomic.fna.gz
GCF_016864155.1	PRJNA224116	SAMN12999995	na	na	na	na	158836	158836	Enterobacter hormaechei	strain=14320055602	na	latest	Complete Genome	Major	Full	2021-02-11	ASM1686415v1		GCA_016864155.1	identical	https://ftp.ncbi.nlm.nih.gov/genomes/all/GCF/016/864/155/GCF_016864155.1_ASM1686415v1	./Development/ThreeFold/data/external/Enterobacter/GCF_016864155.1_ASM1686415v1_genomic.fna.gz
GCF_016939555.1	PRJNA224116	SAMN16933270	na	na	na	na	158836	158836	Enterobacter hormaechei	strain=EC48293	na	latest	Complete Genome	Major	Full	2021-02-25	ASM1693955v1		GCA_016939555.1	identical	https://ftp.ncbi.nlm.nih.gov/genomes/all/GCF/016/939/555/GCF_016939555.1_ASM1693955v1	./Development/ThreeFold/data/external/Enterobacter/GCF_016939555.1_ASM1693955v1_genomic.fna.gz
GCF_017161605.1	PRJNA224116	SAMN17615676	na	na	na	na	158836	158836	Enterobacter hormaechei	strain=RIVM_C034192	na	latest	Complete Genome	Major	Full	2021-03-02	ASM1716160v1		GCA_017161605.1	identical	https://ftp.ncbi.nlm.nih.gov/genomes/all/GCF/017/161/605/GCF_017161605.1_ASM1716160v1	./Development/ThreeFold/data/external/Enterobacter/GCF_017161605.1_ASM1716160v1_genomic.fna.gz
GCF_017161725.1	PRJNA224116	SAMN17615675	na	na	na	na	158836	158836	Enterobacter hormaechei	strain=RIVM_C034177	na	latest	Complete Genome	Major	Full	2021-03-02	ASM1716172v1		GCA_017161725.1	identical	https://ftp.ncbi.nlm.nih.gov/genomes/all/GCF/017/161/725/GCF_017161725.1_ASM1716172v1	./Development/ThreeFold/data/external/Enterobacter/GCF_017161725.1_ASM1716172v1_genomic.fna.gz
GCF_017161745.1	PRJNA224116	SAMN17615672	na	na	na	na	158836	158836	Enterobacter hormaechei	strain=RIVM_C019072	na	latest	Complete Genome	Major	Full	2021-03-02	ASM1716174v1		GCA_017161745.1	identical	https://ftp.ncbi.nlm.nih.gov/genomes/all/GCF/017/161/745/GCF_017161745.1_ASM1716174v1	./Development/ThreeFold/data/external/Enterobacter/GCF_017161745.1_ASM1716174v1_genomic.fna.gz
GCF_017161765.1	PRJNA224116	SAMN17615668	na	na	na	na	158836	158836	Enterobacter hormaechei	strain=RIVM_C010068	na	latest	Complete Genome	Major	Full	2021-03-02	ASM1716176v1		GCA_017161765.1	identical	https://ftp.ncbi.nlm.nih.gov/genomes/all/GCF/017/161/765/GCF_017161765.1_ASM1716176v1	./Development/ThreeFold/data/external/Enterobacter/GCF_017161765.1_ASM1716176v1_genomic.fna.gz
GCF_017161785.1	PRJNA224116	SAMN17615670	na	na	na	na	158836	158836	Enterobacter hormaechei	strain=RIVM_C017238	na	latest	Complete Genome	Major	Full	2021-03-02	ASM1716178v1		GCA_017161785.1	identical	https://ftp.ncbi.nlm.nih.gov/genomes/all/GCF/017/161/785/GCF_017161785.1_ASM1716178v1	./Development/ThreeFold/data/external/Enterobacter/GCF_017161785.1_ASM1716178v1_genomic.fna.gz
GCF_017161805.1	PRJNA224116	SAMN17615674	na	na	na	na	158836	158836	Enterobacter hormaechei	strain=RIVM_C033144	na	latest	Complete Genome	Major	Full	2021-03-02	ASM1716180v1		GCA_017161805.1	identical	https://ftp.ncbi.nlm.nih.gov/genomes/all/GCF/017/161/805/GCF_017161805.1_ASM1716180v1	./Development/ThreeFold/data/external/Enterobacter/GCF_017161805.1_ASM1716180v1_genomic.fna.gz
GCF_017161825.1	PRJNA224116	SAMN17615673	na	na	na	na	158836	158836	Enterobacter hormaechei	strain=RIVM_C019181	na	latest	Complete Genome	Major	Full	2021-03-02	ASM1716182v1		GCA_017161825.1	identical	https://ftp.ncbi.nlm.nih.gov/genomes/all/GCF/017/161/825/GCF_017161825.1_ASM1716182v1	./Development/ThreeFold/data/external/Enterobacter/GCF_017161825.1_ASM1716182v1_genomic.fna.gz
GCF_017161845.1	PRJNA224116	SAMN17615671	na	na	na	na	158836	158836	Enterobacter hormaechei	strain=RIVM_C017834	na	latest	Complete Genome	Major	Full	2021-03-02	ASM1716184v1		GCA_017161845.1	identical	https://ftp.ncbi.nlm.nih.gov/genomes/all/GCF/017/161/845/GCF_017161845.1_ASM1716184v1	./Development/ThreeFold/data/external/Enterobacter/GCF_017161845.1_ASM1716184v1_genomic.fna.gz
GCF_017161865.1	PRJNA224116	SAMN17615669	na	na	na	na	158836	158836	Enterobacter hormaechei	strain=RIVM_C012369	na	latest	Complete Genome	Major	Full	2021-03-02	ASM1716186v1		GCA_017161865.1	identical	https://ftp.ncbi.nlm.nih.gov/genomes/all/GCF/017/161/865/GCF_017161865.1_ASM1716186v1	./Development/ThreeFold/data/external/Enterobacter/GCF_017161865.1_ASM1716186v1_genomic.fna.gz
GCF_017310485.1	PRJNA224116	SAMN16561277	na	na	na	na	158836	158836	Enterobacter hormaechei	strain=IR5283	na	latest	Complete Genome	Major	Full	2021-03-09	ASM1731048v1		GCA_017310485.1	identical	https://ftp.ncbi.nlm.nih.gov/genomes/all/GCF/017/310/485/GCF_017310485.1_ASM1731048v1	./Development/ThreeFold/data/external/Enterobacter/GCF_017310485.1_ASM1731048v1_genomic.fna.gz
GCF_018255815.1	PRJNA224116	SAMN18859124	na	na	na	na	158836	158836	Enterobacter hormaechei	strain=SH19PTE2	na	latest	Complete Genome	Major	Full	2021-05-04	ASM1825581v1		GCA_018255815.1	identical	https://ftp.ncbi.nlm.nih.gov/genomes/all/GCF/018/255/815/GCF_018255815.1_ASM1825581v1	./Development/ThreeFold/data/external/Enterobacter/GCF_018255815.1_ASM1825581v1_genomic.fna.gz
GCF_019047945.1	PRJNA224116	SAMN16357576	na	na	na	na	158836	158836	Enterobacter hormaechei	strain=FDAARGOS 1434	na	latest	Complete Genome	Major	Full	2021-06-28	ASM1904794v1		GCA_019047945.1	identical	https://ftp.ncbi.nlm.nih.gov/genomes/all/GCF/019/047/945/GCF_019047945.1_ASM1904794v1	./Development/ThreeFold/data/external/Enterobacter/GCF_019047945.1_ASM1904794v1_genomic.fna.gz
GCF_019048245.1	PRJNA224116	SAMN16357575	na	na	reference genome	assembly from type material	158836	158836	Enterobacter hormaechei	strain=FDAARGOS 1433	na	latest	Complete Genome	Major	Full	2021-06-28	ASM1904824v1		GCA_019048245.1	identical	https://ftp.ncbi.nlm.nih.gov/genomes/all/GCF/019/048/245/GCF_019048245.1_ASM1904824v1	./Development/ThreeFold/data/external/Enterobacter/GCF_019048245.1_ASM1904824v1_genomic.fna.gz
GCF_019048625.1	PRJNA224116	SAMN16357577	na	na	na	na	158836	158836	Enterobacter hormaechei	strain=FDAARGOS 1435	na	latest	Complete Genome	Major	Full	2021-06-28	ASM1904862v1		GCA_019048625.1	identical	https://ftp.ncbi.nlm.nih.gov/genomes/all/GCF/019/048/625/GCF_019048625.1_ASM1904862v1	./Development/ThreeFold/data/external/Enterobacter/GCF_019048625.1_ASM1904862v1_genomic.fna.gz
GCF_019356035.1	PRJNA224116	SAMN20299883	na	na	na	na	158836	158836	Enterobacter hormaechei	strain=G17	na	latest	Complete Genome	Major	Full	2021-07-27	ASM1935603v1		GCA_019356035.1	identical	https://ftp.ncbi.nlm.nih.gov/genomes/all/GCF/019/356/035/GCF_019356035.1_ASM1935603v1	./Development/ThreeFold/data/external/Enterobacter/GCF_019356035.1_ASM1935603v1_genomic.fna.gz
GCF_019458525.1	PRJNA224116	SAMN20500401	na	na	na	na	158836	158836	Enterobacter hormaechei	strain=ECC59	na	latest	Complete Genome	Major	Full	2021-08-08	ASM1945852v1		GCA_019458525.1	identical	https://ftp.ncbi.nlm.nih.gov/genomes/all/GCF/019/458/525/GCF_019458525.1_ASM1945852v1	./Development/ThreeFold/data/external/Enterobacter/GCF_019458525.1_ASM1945852v1_genomic.fna.gz
GCF_019537235.1	PRJNA224116	SAMN20587857	JAIEUD000000000.1	na	na	na	158836	158836	Enterobacter hormaechei	strain=ECC47	na	latest	Complete Genome	Major	Full	2021-08-10	ASM1953723v1		GCA_019537235.1	identical	https://ftp.ncbi.nlm.nih.gov/genomes/all/GCF/019/537/235/GCF_019537235.1_ASM1953723v1	./Development/ThreeFold/data/external/Enterobacter/GCF_019537235.1_ASM1953723v1_genomic.fna.gz
GCF_019537255.1	PRJNA224116	SAMN20587856	JAIEUE000000000.1	na	na	na	158836	158836	Enterobacter hormaechei	strain=ECC46	na	latest	Complete Genome	Major	Full	2021-08-10	ASM1953725v1		GCA_019537255.1	identical	https://ftp.ncbi.nlm.nih.gov/genomes/all/GCF/019/537/255/GCF_019537255.1_ASM1953725v1	./Development/ThreeFold/data/external/Enterobacter/GCF_019537255.1_ASM1953725v1_genomic.fna.gz
GCF_019537275.1	PRJNA224116	SAMN20587859	JAIEUB000000000.1	na	na	na	158836	158836	Enterobacter hormaechei	strain=ECC116	na	latest	Complete Genome	Major	Full	2021-08-10	ASM1953727v1		GCA_019537275.1	identical	https://ftp.ncbi.nlm.nih.gov/genomes/all/GCF/019/537/275/GCF_019537275.1_ASM1953727v1	./Development/ThreeFold/data/external/Enterobacter/GCF_019537275.1_ASM1953727v1_genomic.fna.gz
GCF_019537295.1	PRJNA224116	SAMN20587854	JAIEUG000000000.1	na	na	na	158836	158836	Enterobacter hormaechei	strain=ECC30	na	latest	Complete Genome	Major	Full	2021-08-10	ASM1953729v1		GCA_019537295.1	identical	https://ftp.ncbi.nlm.nih.gov/genomes/all/GCF/019/537/295/GCF_019537295.1_ASM1953729v1	./Development/ThreeFold/data/external/Enterobacter/GCF_019537295.1_ASM1953729v1_genomic.fna.gz
GCF_019537315.1	PRJNA224116	SAMN20587858	JAIEUC000000000.1	na	na	na	158836	158836	Enterobacter hormaechei	strain=ECC48	na	latest	Complete Genome	Major	Full	2021-08-10	ASM1953731v1		GCA_019537315.1	identical	https://ftp.ncbi.nlm.nih.gov/genomes/all/GCF/019/537/315/GCF_019537315.1_ASM1953731v1	./Development/ThreeFold/data/external/Enterobacter/GCF_019537315.1_ASM1953731v1_genomic.fna.gz
GCF_019537335.1	PRJNA224116	SAMN20587855	JAIEUF000000000.1	na	na	na	158836	158836	Enterobacter hormaechei	strain=ECC45	na	latest	Complete Genome	Major	Full	2021-08-10	ASM1953733v1		GCA_019537335.1	identical	https://ftp.ncbi.nlm.nih.gov/genomes/all/GCF/019/537/335/GCF_019537335.1_ASM1953733v1	./Development/ThreeFold/data/external/Enterobacter/GCF_019537335.1_ASM1953733v1_genomic.fna.gz
GCF_020695365.1	PRJNA224116	SAMN22377434	na	na	na	na	158836	158836	Enterobacter hormaechei	strain=60214CZ	na	latest	Complete Genome	Major	Full	2021-11-01	ASM2069536v1		GCA_020695365.1	identical	https://ftp.ncbi.nlm.nih.gov/genomes/all/GCF/020/695/365/GCF_020695365.1_ASM2069536v1	./Development/ThreeFold/data/external/Enterobacter/GCF_020695365.1_ASM2069536v1_genomic.fna.gz
GCF_020695485.1	PRJNA224116	SAMN22377432	na	na	na	na	158836	158836	Enterobacter hormaechei	strain=59732CZ	na	latest	Complete Genome	Major	Full	2021-11-01	ASM2069548v1		GCA_020695485.1	identical	https://ftp.ncbi.nlm.nih.gov/genomes/all/GCF/020/695/485/GCF_020695485.1_ASM2069548v1	./Development/ThreeFold/data/external/Enterobacter/GCF_020695485.1_ASM2069548v1_genomic.fna.gz
GCF_020695585.1	PRJNA224116	SAMN22377429	na	na	na	na	158836	158836	Enterobacter hormaechei	strain=57816CZ	na	latest	Complete Genome	Major	Full	2021-11-01	ASM2069558v1		GCA_020695585.1	identical	https://ftp.ncbi.nlm.nih.gov/genomes/all/GCF/020/695/585/GCF_020695585.1_ASM2069558v1	./Development/ThreeFold/data/external/Enterobacter/GCF_020695585.1_ASM2069558v1_genomic.fna.gz
GCF_020695605.1	PRJNA224116	SAMN22377422	na	na	na	na	158836	158836	Enterobacter hormaechei	strain=54569CZ	na	latest	Complete Genome	Major	Full	2021-11-01	ASM2069560v1		GCA_020695605.1	identical	https://ftp.ncbi.nlm.nih.gov/genomes/all/GCF/020/695/605/GCF_020695605.1_ASM2069560v1	./Development/ThreeFold/data/external/Enterobacter/GCF_020695605.1_ASM2069560v1_genomic.fna.gz
GCF_020695685.1	PRJNA224116	SAMN22377414	na	na	na	na	158836	158836	Enterobacter hormaechei	strain=49589CZ	na	latest	Complete Genome	Major	Full	2021-11-01	ASM2069568v1		GCA_020695685.1	identical	https://ftp.ncbi.nlm.nih.gov/genomes/all/GCF/020/695/685/GCF_020695685.1_ASM2069568v1	./Development/ThreeFold/data/external/Enterobacter/GCF_020695685.1_ASM2069568v1_genomic.fna.gz
GCF_020695705.1	PRJNA224116	SAMN22377412	na	na	na	na	158836	158836	Enterobacter hormaechei	strain=48947CZ	na	latest	Complete Genome	Major	Full	2021-11-01	ASM2069570v1		GCA_020695705.1	identical	https://ftp.ncbi.nlm.nih.gov/genomes/all/GCF/020/695/705/GCF_020695705.1_ASM2069570v1	./Development/ThreeFold/data/external/Enterobacter/GCF_020695705.1_ASM2069570v1_genomic.fna.gz
GCF_020695725.1	PRJNA224116	SAMN22377411	na	na	na	na	158836	158836	Enterobacter hormaechei	strain=48411CZ	na	latest	Complete Genome	Major	Full	2021-11-01	ASM2069572v1		GCA_020695725.1	identical	https://ftp.ncbi.nlm.nih.gov/genomes/all/GCF/020/695/725/GCF_020695725.1_ASM2069572v1	./Development/ThreeFold/data/external/Enterobacter/GCF_020695725.1_ASM2069572v1_genomic.fna.gz
GCF_021397695.1	PRJNA224116	SAMN24341409	na	na	na	na	158836	158836	Enterobacter hormaechei	strain=TUECL19001	na	latest	Complete Genome	Major	Full	2022-01-10	ASM2139769v1		GCA_021397695.1	identical	https://ftp.ncbi.nlm.nih.gov/genomes/all/GCF/021/397/695/GCF_021397695.1_ASM2139769v1	./Development/ThreeFold/data/external/Enterobacter/GCF_021397695.1_ASM2139769v1_genomic.fna.gz
GCF_021398115.1	PRJNA224116	SAMN24425646	na	na	na	na	158836	158836	Enterobacter hormaechei	strain=TUECL19003	na	latest	Complete Genome	Major	Full	2022-01-10	ASM2139811v1		GCA_021398115.1	identical	https://ftp.ncbi.nlm.nih.gov/genomes/all/GCF/021/398/115/GCF_021398115.1_ASM2139811v1	./Development/ThreeFold/data/external/Enterobacter/GCF_021398115.1_ASM2139811v1_genomic.fna.gz
GCF_021491615.1	PRJNA224116	SAMN24596081	na	na	na	na	158836	158836	Enterobacter hormaechei	strain=FY-1	na	latest	Complete Genome	Major	Full	2022-01-17	ASM2149161v1		GCA_021491615.1	identical	https://ftp.ncbi.nlm.nih.gov/genomes/all/GCF/021/491/615/GCF_021491615.1_ASM2149161v1	./Development/ThreeFold/data/external/Enterobacter/GCF_021491615.1_ASM2149161v1_genomic.fna.gz
GCF_021491635.1	PRJNA224116	SAMN24596082	na	na	na	na	158836	158836	Enterobacter hormaechei	strain=Y-2	na	latest	Complete Genome	Major	Full	2022-01-17	ASM2149163v1		GCA_021491635.1	identical	https://ftp.ncbi.nlm.nih.gov/genomes/all/GCF/021/491/635/GCF_021491635.1_ASM2149163v1	./Development/ThreeFold/data/external/Enterobacter/GCF_021491635.1_ASM2149163v1_genomic.fna.gz
GCF_021496135.1	PRJNA224116	SAMN24852042	na	na	na	na	158836	158836	Enterobacter hormaechei	strain=M1	na	latest	Complete Genome	Major	Full	2022-01-18	ASM2149613v1		GCA_021496135.1	identical	https://ftp.ncbi.nlm.nih.gov/genomes/all/GCF/021/496/135/GCF_021496135.1_ASM2149613v1	./Development/ThreeFold/data/external/Enterobacter/GCF_021496135.1_ASM2149613v1_genomic.fna.gz
GCF_021497625.1	PRJNA224116	SAMN18311225	na	na	na	na	158836	158836	Enterobacter hormaechei	strain=GX4-8L	na	latest	Complete Genome	Major	Full	2022-01-18	ASM2149762v1		GCA_021497625.1	identical	https://ftp.ncbi.nlm.nih.gov/genomes/all/GCF/021/497/625/GCF_021497625.1_ASM2149762v1	./Development/ThreeFold/data/external/Enterobacter/GCF_021497625.1_ASM2149762v1_genomic.fna.gz
GCF_022023895.1	PRJNA224116	SAMN13747518	na	na	na	na	158836	158836	Enterobacter hormaechei	strain=Eho-E1	na	latest	Complete Genome	Major	Full	2022-02-07	ASM2202389v1		GCA_022023895.1	identical	https://ftp.ncbi.nlm.nih.gov/genomes/all/GCF/022/023/895/GCF_022023895.1_ASM2202389v1	./Development/ThreeFold/data/external/Enterobacter/GCF_022023895.1_ASM2202389v1_genomic.fna.gz
GCF_022023915.1	PRJNA224116	SAMN13747514	na	na	na	na	158836	158836	Enterobacter hormaechei	strain=Eho-8	na	latest	Complete Genome	Major	Full	2022-02-07	ASM2202391v1		GCA_022023915.1	identical	https://ftp.ncbi.nlm.nih.gov/genomes/all/GCF/022/023/915/GCF_022023915.1_ASM2202391v1	./Development/ThreeFold/data/external/Enterobacter/GCF_022023915.1_ASM2202391v1_genomic.fna.gz
GCF_022023955.1	PRJNA224116	SAMN13747513	na	na	na	na	158836	158836	Enterobacter hormaechei	strain=Eho-7	na	latest	Complete Genome	Major	Full	2022-02-07	ASM2202395v1		GCA_022023955.1	identical	https://ftp.ncbi.nlm.nih.gov/genomes/all/GCF/022/023/955/GCF_022023955.1_ASM2202395v1	./Development/ThreeFold/data/external/Enterobacter/GCF_022023955.1_ASM2202395v1_genomic.fna.gz
GCF_023375605.1	PRJNA224116	SAMN27363748	na	na	na	na	158836	158836	Enterobacter hormaechei	strain=K528	na	latest	Complete Genome	Major	Full	2022-05-16	ASM2337560v1		GCA_023375605.1	identical	https://ftp.ncbi.nlm.nih.gov/genomes/all/GCF/023/375/605/GCF_023375605.1_ASM2337560v1	./Development/ThreeFold/data/external/Enterobacter/GCF_023375605.1_ASM2337560v1_genomic.fna.gz
GCF_023547225.1	PRJNA224116	SAMN22612719	na	na	na	na	158836	158836	Enterobacter hormaechei	strain=Eh60	na	latest	Complete Genome	Major	Full	2022-05-25	ASM2354722v1		GCA_023547225.1	identical	https://ftp.ncbi.nlm.nih.gov/genomes/all/GCF/023/547/225/GCF_023547225.1_ASM2354722v1	./Development/ThreeFold/data/external/Enterobacter/GCF_023547225.1_ASM2354722v1_genomic.fna.gz
GCF_023547485.1	PRJNA224116	SAMN14943921	na	na	na	na	158836	158836	Enterobacter hormaechei	strain=Eh65	na	latest	Complete Genome	Major	Full	2022-05-25	ASM2354748v1		GCA_023547485.1	identical	https://ftp.ncbi.nlm.nih.gov/genomes/all/GCF/023/547/485/GCF_023547485.1_ASM2354748v1	./Development/ThreeFold/data/external/Enterobacter/GCF_023547485.1_ASM2354748v1_genomic.fna.gz
GCF_023734795.1	PRJNA224116	SAMD00490829	na	na	na	na	158836	158836	Enterobacter hormaechei	strain=FUJ80001	na	latest	Complete Genome	Major	Full	2022-06-05	ASM2373479v1		GCA_023734795.1	identical	https://ftp.ncbi.nlm.nih.gov/genomes/all/GCF/023/734/795/GCF_023734795.1_ASM2373479v1	./Development/ThreeFold/data/external/Enterobacter/GCF_023734795.1_ASM2373479v1_genomic.fna.gz
GCF_023734815.1	PRJNA224116	SAMD00490830	na	na	na	na	158836	158836	Enterobacter hormaechei	strain=FUJ80002	na	latest	Complete Genome	Major	Full	2022-06-05	ASM2373481v1		GCA_023734815.1	identical	https://ftp.ncbi.nlm.nih.gov/genomes/all/GCF/023/734/815/GCF_023734815.1_ASM2373481v1	./Development/ThreeFold/data/external/Enterobacter/GCF_023734815.1_ASM2373481v1_genomic.fna.gz
GCF_023734835.1	PRJNA224116	SAMD00490831	na	na	na	na	158836	158836	Enterobacter hormaechei	strain=FUJ80003	na	latest	Complete Genome	Major	Full	2022-06-05	ASM2373483v1		GCA_023734835.1	identical	https://ftp.ncbi.nlm.nih.gov/genomes/all/GCF/023/734/835/GCF_023734835.1_ASM2373483v1	./Development/ThreeFold/data/external/Enterobacter/GCF_023734835.1_ASM2373483v1_genomic.fna.gz
GCF_023734855.1	PRJNA224116	SAMD00490832	na	na	na	na	158836	158836	Enterobacter hormaechei	strain=FUJ80004	na	latest	Complete Genome	Major	Full	2022-06-05	ASM2373485v1		GCA_023734855.1	identical	https://ftp.ncbi.nlm.nih.gov/genomes/all/GCF/023/734/855/GCF_023734855.1_ASM2373485v1	./Development/ThreeFold/data/external/Enterobacter/GCF_023734855.1_ASM2373485v1_genomic.fna.gz
GCF_023734875.1	PRJNA224116	SAMD00490833	na	na	na	na	158836	158836	Enterobacter hormaechei	strain=FUJ80005	na	latest	Complete Genome	Major	Full	2022-06-05	ASM2373487v1		GCA_023734875.1	identical	https://ftp.ncbi.nlm.nih.gov/genomes/all/GCF/023/734/875/GCF_023734875.1_ASM2373487v1	./Development/ThreeFold/data/external/Enterobacter/GCF_023734875.1_ASM2373487v1_genomic.fna.gz
GCF_023734895.1	PRJNA224116	SAMD00490835	na	na	na	na	158836	158836	Enterobacter hormaechei	strain=FUJ80007	na	latest	Complete Genome	Major	Full	2022-06-05	ASM2373489v1		GCA_023734895.1	identical	https://ftp.ncbi.nlm.nih.gov/genomes/all/GCF/023/734/895/GCF_023734895.1_ASM2373489v1	./Development/ThreeFold/data/external/Enterobacter/GCF_023734895.1_ASM2373489v1_genomic.fna.gz
GCF_023734915.1	PRJNA224116	SAMD00490836	na	na	na	na	158836	158836	Enterobacter hormaechei	strain=FUJ80008	na	latest	Complete Genome	Major	Full	2022-06-05	ASM2373491v1		GCA_023734915.1	identical	https://ftp.ncbi.nlm.nih.gov/genomes/all/GCF/023/734/915/GCF_023734915.1_ASM2373491v1	./Development/ThreeFold/data/external/Enterobacter/GCF_023734915.1_ASM2373491v1_genomic.fna.gz
GCF_023734935.1	PRJNA224116	SAMD00490837	na	na	na	na	158836	158836	Enterobacter hormaechei	strain=FUJ80011	na	latest	Complete Genome	Major	Full	2022-06-05	ASM2373493v1		GCA_023734935.1	identical	https://ftp.ncbi.nlm.nih.gov/genomes/all/GCF/023/734/935/GCF_023734935.1_ASM2373493v1	./Development/ThreeFold/data/external/Enterobacter/GCF_023734935.1_ASM2373493v1_genomic.fna.gz
GCF_023734955.1	PRJNA224116	SAMD00490838	na	na	na	na	158836	158836	Enterobacter hormaechei	strain=FUJ80012	na	latest	Complete Genome	Major	Full	2022-06-05	ASM2373495v1		GCA_023734955.1	identical	https://ftp.ncbi.nlm.nih.gov/genomes/all/GCF/023/734/955/GCF_023734955.1_ASM2373495v1	./Development/ThreeFold/data/external/Enterobacter/GCF_023734955.1_ASM2373495v1_genomic.fna.gz
GCF_023734975.1	PRJNA224116	SAMD00490839	na	na	na	na	158836	158836	Enterobacter hormaechei	strain=FUJ80013	na	latest	Complete Genome	Major	Full	2022-06-05	ASM2373497v1		GCA_023734975.1	identical	https://ftp.ncbi.nlm.nih.gov/genomes/all/GCF/023/734/975/GCF_023734975.1_ASM2373497v1	./Development/ThreeFold/data/external/Enterobacter/GCF_023734975.1_ASM2373497v1_genomic.fna.gz
GCF_023734995.1	PRJNA224116	SAMD00490840	na	na	na	na	158836	158836	Enterobacter hormaechei	strain=FUJ80014	na	latest	Complete Genome	Major	Full	2022-06-05	ASM2373499v1		GCA_023734995.1	identical	https://ftp.ncbi.nlm.nih.gov/genomes/all/GCF/023/734/995/GCF_023734995.1_ASM2373499v1	./Development/ThreeFold/data/external/Enterobacter/GCF_023734995.1_ASM2373499v1_genomic.fna.gz
GCF_023735015.1	PRJNA224116	SAMD00490842	na	na	na	na	158836	158836	Enterobacter hormaechei	strain=FUJ80017	na	latest	Complete Genome	Major	Full	2022-06-05	ASM2373501v1		GCA_023735015.1	identical	https://ftp.ncbi.nlm.nih.gov/genomes/all/GCF/023/735/015/GCF_023735015.1_ASM2373501v1	./Development/ThreeFold/data/external/Enterobacter/GCF_023735015.1_ASM2373501v1_genomic.fna.gz
GCF_023735035.1	PRJNA224116	SAMD00490843	na	na	na	na	158836	158836	Enterobacter hormaechei	strain=FUJ80019	na	latest	Complete Genome	Major	Full	2022-06-05	ASM2373503v1		GCA_023735035.1	identical	https://ftp.ncbi.nlm.nih.gov/genomes/all/GCF/023/735/035/GCF_023735035.1_ASM2373503v1	./Development/ThreeFold/data/external/Enterobacter/GCF_023735035.1_ASM2373503v1_genomic.fna.gz
GCF_023735055.1	PRJNA224116	SAMD00490844	na	na	na	na	158836	158836	Enterobacter hormaechei	strain=FUJ80022	na	latest	Complete Genome	Major	Full	2022-06-05	ASM2373505v1		GCA_023735055.1	identical	https://ftp.ncbi.nlm.nih.gov/genomes/all/GCF/023/735/055/GCF_023735055.1_ASM2373505v1	./Development/ThreeFold/data/external/Enterobacter/GCF_023735055.1_ASM2373505v1_genomic.fna.gz
GCF_023735075.1	PRJNA224116	SAMD00490845	na	na	na	na	158836	158836	Enterobacter hormaechei	strain=FUJ80023	na	latest	Complete Genome	Major	Full	2022-06-05	ASM2373507v1		GCA_023735075.1	identical	https://ftp.ncbi.nlm.nih.gov/genomes/all/GCF/023/735/075/GCF_023735075.1_ASM2373507v1	./Development/ThreeFold/data/external/Enterobacter/GCF_023735075.1_ASM2373507v1_genomic.fna.gz
GCF_023735155.1	PRJNA224116	SAMD00490846	na	na	na	na	158836	158836	Enterobacter hormaechei	strain=FUJ80024	na	latest	Complete Genome	Major	Full	2022-06-05	ASM2373515v1		GCA_023735155.1	identical	https://ftp.ncbi.nlm.nih.gov/genomes/all/GCF/023/735/155/GCF_023735155.1_ASM2373515v1	./Development/ThreeFold/data/external/Enterobacter/GCF_023735155.1_ASM2373515v1_genomic.fna.gz
GCF_023735195.1	PRJNA224116	SAMD00490847	na	na	na	na	158836	158836	Enterobacter hormaechei	strain=FUJ80053	na	latest	Complete Genome	Major	Full	2022-06-05	ASM2373519v1		GCA_023735195.1	identical	https://ftp.ncbi.nlm.nih.gov/genomes/all/GCF/023/735/195/GCF_023735195.1_ASM2373519v1	./Development/ThreeFold/data/external/Enterobacter/GCF_023735195.1_ASM2373519v1_genomic.fna.gz
GCF_023735215.1	PRJNA224116	SAMD00490850	na	na	na	na	158836	158836	Enterobacter hormaechei	strain=FUJ80056	na	latest	Complete Genome	Major	Full	2022-06-05	ASM2373521v1		GCA_023735215.1	identical	https://ftp.ncbi.nlm.nih.gov/genomes/all/GCF/023/735/215/GCF_023735215.1_ASM2373521v1	./Development/ThreeFold/data/external/Enterobacter/GCF_023735215.1_ASM2373521v1_genomic.fna.gz
GCF_023735235.1	PRJNA224116	SAMD00490852	na	na	na	na	158836	158836	Enterobacter hormaechei	strain=FUJ80060	na	latest	Complete Genome	Major	Full	2022-06-05	ASM2373523v1		GCA_023735235.1	identical	https://ftp.ncbi.nlm.nih.gov/genomes/all/GCF/023/735/235/GCF_023735235.1_ASM2373523v1	./Development/ThreeFold/data/external/Enterobacter/GCF_023735235.1_ASM2373523v1_genomic.fna.gz
GCF_023735255.1	PRJNA224116	SAMD00490854	na	na	na	na	158836	158836	Enterobacter hormaechei	strain=FUJ80062	na	latest	Complete Genome	Major	Full	2022-06-05	ASM2373525v1		GCA_023735255.1	identical	https://ftp.ncbi.nlm.nih.gov/genomes/all/GCF/023/735/255/GCF_023735255.1_ASM2373525v1	./Development/ThreeFold/data/external/Enterobacter/GCF_023735255.1_ASM2373525v1_genomic.fna.gz
GCF_023735275.1	PRJNA224116	SAMD00490855	na	na	na	na	158836	158836	Enterobacter hormaechei	strain=FUJ80064	na	latest	Complete Genome	Major	Full	2022-06-05	ASM2373527v1		GCA_023735275.1	identical	https://ftp.ncbi.nlm.nih.gov/genomes/all/GCF/023/735/275/GCF_023735275.1_ASM2373527v1	./Development/ThreeFold/data/external/Enterobacter/GCF_023735275.1_ASM2373527v1_genomic.fna.gz
GCF_023735295.1	PRJNA224116	SAMD00490856	na	na	na	na	158836	158836	Enterobacter hormaechei	strain=FUJ80065	na	latest	Complete Genome	Major	Full	2022-06-05	ASM2373529v1		GCA_023735295.1	identical	https://ftp.ncbi.nlm.nih.gov/genomes/all/GCF/023/735/295/GCF_023735295.1_ASM2373529v1	./Development/ThreeFold/data/external/Enterobacter/GCF_023735295.1_ASM2373529v1_genomic.fna.gz
GCF_023735315.1	PRJNA224116	SAMD00490857	na	na	na	na	158836	158836	Enterobacter hormaechei	strain=FUJ80066	na	latest	Complete Genome	Major	Full	2022-06-05	ASM2373531v1		GCA_023735315.1	identical	https://ftp.ncbi.nlm.nih.gov/genomes/all/GCF/023/735/315/GCF_023735315.1_ASM2373531v1	./Development/ThreeFold/data/external/Enterobacter/GCF_023735315.1_ASM2373531v1_genomic.fna.gz
GCF_023735335.1	PRJNA224116	SAMD00490858	na	na	na	na	158836	158836	Enterobacter hormaechei	strain=FUJ80067	na	latest	Complete Genome	Major	Full	2022-06-05	ASM2373533v1		GCA_023735335.1	identical	https://ftp.ncbi.nlm.nih.gov/genomes/all/GCF/023/735/335/GCF_023735335.1_ASM2373533v1	./Development/ThreeFold/data/external/Enterobacter/GCF_023735335.1_ASM2373533v1_genomic.fna.gz
GCF_023735355.1	PRJNA224116	SAMD00490860	na	na	na	na	158836	158836	Enterobacter hormaechei	strain=FUJ80149	na	latest	Complete Genome	Major	Full	2022-06-05	ASM2373535v1		GCA_023735355.1	identical	https://ftp.ncbi.nlm.nih.gov/genomes/all/GCF/023/735/355/GCF_023735355.1_ASM2373535v1	./Development/ThreeFold/data/external/Enterobacter/GCF_023735355.1_ASM2373535v1_genomic.fna.gz
GCF_023735375.1	PRJNA224116	SAMD00490862	na	na	na	na	158836	158836	Enterobacter hormaechei	strain=FUJ80169	na	latest	Complete Genome	Major	Full	2022-06-05	ASM2373537v1		GCA_023735375.1	identical	https://ftp.ncbi.nlm.nih.gov/genomes/all/GCF/023/735/375/GCF_023735375.1_ASM2373537v1	./Development/ThreeFold/data/external/Enterobacter/GCF_023735375.1_ASM2373537v1_genomic.fna.gz
GCF_023735395.1	PRJNA224116	SAMD00490863	na	na	na	na	158836	158836	Enterobacter hormaechei	strain=FUJ80181	na	latest	Complete Genome	Major	Full	2022-06-05	ASM2373539v1		GCA_023735395.1	identical	https://ftp.ncbi.nlm.nih.gov/genomes/all/GCF/023/735/395/GCF_023735395.1_ASM2373539v1	./Development/ThreeFold/data/external/Enterobacter/GCF_023735395.1_ASM2373539v1_genomic.fna.gz
GCF_023735435.1	PRJNA224116	SAMD00490867	na	na	na	na	158836	158836	Enterobacter hormaechei	strain=FUJ80299	na	latest	Complete Genome	Major	Full	2022-06-05	ASM2373543v1		GCA_023735435.1	identical	https://ftp.ncbi.nlm.nih.gov/genomes/all/GCF/023/735/435/GCF_023735435.1_ASM2373543v1	./Development/ThreeFold/data/external/Enterobacter/GCF_023735435.1_ASM2373543v1_genomic.fna.gz
GCF_023735475.1	PRJNA224116	SAMD00490871	na	na	na	na	158836	158836	Enterobacter hormaechei	strain=FUJ80063	na	latest	Complete Genome	Major	Full	2022-06-05	ASM2373547v1		GCA_023735475.1	identical	https://ftp.ncbi.nlm.nih.gov/genomes/all/GCF/023/735/475/GCF_023735475.1_ASM2373547v1	./Development/ThreeFold/data/external/Enterobacter/GCF_023735475.1_ASM2373547v1_genomic.fna.gz
GCF_023735495.1	PRJNA224116	SAMD00490872	na	na	na	na	158836	158836	Enterobacter hormaechei	strain=FUJ80068	na	latest	Complete Genome	Major	Full	2022-06-05	ASM2373549v1		GCA_023735495.1	identical	https://ftp.ncbi.nlm.nih.gov/genomes/all/GCF/023/735/495/GCF_023735495.1_ASM2373549v1	./Development/ThreeFold/data/external/Enterobacter/GCF_023735495.1_ASM2373549v1_genomic.fna.gz
GCF_023735515.1	PRJNA224116	SAMD00490873	na	na	na	na	158836	158836	Enterobacter hormaechei	strain=FUJ80144	na	latest	Complete Genome	Major	Full	2022-06-05	ASM2373551v1		GCA_023735515.1	identical	https://ftp.ncbi.nlm.nih.gov/genomes/all/GCF/023/735/515/GCF_023735515.1_ASM2373551v1	./Development/ThreeFold/data/external/Enterobacter/GCF_023735515.1_ASM2373551v1_genomic.fna.gz
GCF_023735535.1	PRJNA224116	SAMD00490874	na	na	na	na	158836	158836	Enterobacter hormaechei	strain=FUJ80145	na	latest	Complete Genome	Major	Full	2022-06-05	ASM2373553v1		GCA_023735535.1	identical	https://ftp.ncbi.nlm.nih.gov/genomes/all/GCF/023/735/535/GCF_023735535.1_ASM2373553v1	./Development/ThreeFold/data/external/Enterobacter/GCF_023735535.1_ASM2373553v1_genomic.fna.gz
GCF_023735615.1	PRJNA224116	SAMD00490875	na	na	na	na	158836	158836	Enterobacter hormaechei	strain=FUJ80146	na	latest	Complete Genome	Major	Full	2022-06-05	ASM2373561v1		GCA_023735615.1	identical	https://ftp.ncbi.nlm.nih.gov/genomes/all/GCF/023/735/615/GCF_023735615.1_ASM2373561v1	./Development/ThreeFold/data/external/Enterobacter/GCF_023735615.1_ASM2373561v1_genomic.fna.gz
GCF_023735695.1	PRJNA224116	SAMD00490877	na	na	na	na	158836	158836	Enterobacter hormaechei	strain=FUJ80151	na	latest	Complete Genome	Major	Full	2022-06-05	ASM2373569v1		GCA_023735695.1	identical	https://ftp.ncbi.nlm.nih.gov/genomes/all/GCF/023/735/695/GCF_023735695.1_ASM2373569v1	./Development/ThreeFold/data/external/Enterobacter/GCF_023735695.1_ASM2373569v1_genomic.fna.gz
GCF_023735715.1	PRJNA224116	SAMD00490878	na	na	na	na	158836	158836	Enterobacter hormaechei	strain=FUJ80152	na	latest	Complete Genome	Major	Full	2022-06-05	ASM2373571v1		GCA_023735715.1	identical	https://ftp.ncbi.nlm.nih.gov/genomes/all/GCF/023/735/715/GCF_023735715.1_ASM2373571v1	./Development/ThreeFold/data/external/Enterobacter/GCF_023735715.1_ASM2373571v1_genomic.fna.gz
GCF_023735735.1	PRJNA224116	SAMD00490879	na	na	na	na	158836	158836	Enterobacter hormaechei	strain=FUJ80153	na	latest	Complete Genome	Major	Full	2022-06-05	ASM2373573v1		GCA_023735735.1	identical	https://ftp.ncbi.nlm.nih.gov/genomes/all/GCF/023/735/735/GCF_023735735.1_ASM2373573v1	./Development/ThreeFold/data/external/Enterobacter/GCF_023735735.1_ASM2373573v1_genomic.fna.gz
GCF_023735755.1	PRJNA224116	SAMD00490880	na	na	na	na	158836	158836	Enterobacter hormaechei	strain=FUJ80156	na	latest	Complete Genome	Major	Full	2022-06-05	ASM2373575v1		GCA_023735755.1	identical	https://ftp.ncbi.nlm.nih.gov/genomes/all/GCF/023/735/755/GCF_023735755.1_ASM2373575v1	./Development/ThreeFold/data/external/Enterobacter/GCF_023735755.1_ASM2373575v1_genomic.fna.gz
GCF_023735775.1	PRJNA224116	SAMD00490881	na	na	na	na	158836	158836	Enterobacter hormaechei	strain=FUJ80158	na	latest	Complete Genome	Major	Full	2022-06-05	ASM2373577v1		GCA_023735775.1	identical	https://ftp.ncbi.nlm.nih.gov/genomes/all/GCF/023/735/775/GCF_023735775.1_ASM2373577v1	./Development/ThreeFold/data/external/Enterobacter/GCF_023735775.1_ASM2373577v1_genomic.fna.gz
GCF_023735795.1	PRJNA224116	SAMD00490882	na	na	na	na	158836	158836	Enterobacter hormaechei	strain=FUJ80178	na	latest	Complete Genome	Major	Full	2022-06-05	ASM2373579v1		GCA_023735795.1	identical	https://ftp.ncbi.nlm.nih.gov/genomes/all/GCF/023/735/795/GCF_023735795.1_ASM2373579v1	./Development/ThreeFold/data/external/Enterobacter/GCF_023735795.1_ASM2373579v1_genomic.fna.gz
GCF_023735815.1	PRJNA224116	SAMD00490883	na	na	na	na	158836	158836	Enterobacter hormaechei	strain=FUJ80182	na	latest	Complete Genome	Major	Full	2022-06-05	ASM2373581v1		GCA_023735815.1	identical	https://ftp.ncbi.nlm.nih.gov/genomes/all/GCF/023/735/815/GCF_023735815.1_ASM2373581v1	./Development/ThreeFold/data/external/Enterobacter/GCF_023735815.1_ASM2373581v1_genomic.fna.gz
GCF_023735835.1	PRJNA224116	SAMD00490884	na	na	na	na	158836	158836	Enterobacter hormaechei	strain=FUJ80191	na	latest	Complete Genome	Major	Full	2022-06-05	ASM2373583v1		GCA_023735835.1	identical	https://ftp.ncbi.nlm.nih.gov/genomes/all/GCF/023/735/835/GCF_023735835.1_ASM2373583v1	./Development/ThreeFold/data/external/Enterobacter/GCF_023735835.1_ASM2373583v1_genomic.fna.gz
GCF_023735855.1	PRJNA224116	SAMD00490885	na	na	na	na	158836	158836	Enterobacter hormaechei	strain=FUJ80334	na	latest	Complete Genome	Major	Full	2022-06-05	ASM2373585v1		GCA_023735855.1	identical	https://ftp.ncbi.nlm.nih.gov/genomes/all/GCF/023/735/855/GCF_023735855.1_ASM2373585v1	./Development/ThreeFold/data/external/Enterobacter/GCF_023735855.1_ASM2373585v1_genomic.fna.gz
GCF_023735875.1	PRJNA224116	SAMD00490886	na	na	na	na	158836	158836	Enterobacter hormaechei	strain=FUJ80374	na	latest	Complete Genome	Major	Full	2022-06-05	ASM2373587v1		GCA_023735875.1	identical	https://ftp.ncbi.nlm.nih.gov/genomes/all/GCF/023/735/875/GCF_023735875.1_ASM2373587v1	./Development/ThreeFold/data/external/Enterobacter/GCF_023735875.1_ASM2373587v1_genomic.fna.gz
GCF_023735895.1	PRJNA224116	SAMD00490887	na	na	na	na	158836	158836	Enterobacter hormaechei	strain=FUJ80375	na	latest	Complete Genome	Major	Full	2022-06-05	ASM2373589v1		GCA_023735895.1	identical	https://ftp.ncbi.nlm.nih.gov/genomes/all/GCF/023/735/895/GCF_023735895.1_ASM2373589v1	./Development/ThreeFold/data/external/Enterobacter/GCF_023735895.1_ASM2373589v1_genomic.fna.gz
GCF_023735915.1	PRJNA224116	SAMD00490888	na	na	na	na	158836	158836	Enterobacter hormaechei	strain=FUJ80376	na	latest	Complete Genome	Major	Full	2022-06-05	ASM2373591v1		GCA_023735915.1	identical	https://ftp.ncbi.nlm.nih.gov/genomes/all/GCF/023/735/915/GCF_023735915.1_ASM2373591v1	./Development/ThreeFold/data/external/Enterobacter/GCF_023735915.1_ASM2373591v1_genomic.fna.gz
GCF_023735935.1	PRJNA224116	SAMD00490889	na	na	na	na	158836	158836	Enterobacter hormaechei	strain=FUJ80377	na	latest	Complete Genome	Major	Full	2022-06-05	ASM2373593v1		GCA_023735935.1	identical	https://ftp.ncbi.nlm.nih.gov/genomes/all/GCF/023/735/935/GCF_023735935.1_ASM2373593v1	./Development/ThreeFold/data/external/Enterobacter/GCF_023735935.1_ASM2373593v1_genomic.fna.gz
GCF_023735955.1	PRJNA224116	SAMD00490890	na	na	na	na	158836	158836	Enterobacter hormaechei	strain=FUJ80378	na	latest	Complete Genome	Major	Full	2022-06-05	ASM2373595v1		GCA_023735955.1	identical	https://ftp.ncbi.nlm.nih.gov/genomes/all/GCF/023/735/955/GCF_023735955.1_ASM2373595v1	./Development/ThreeFold/data/external/Enterobacter/GCF_023735955.1_ASM2373595v1_genomic.fna.gz
GCF_023735975.1	PRJNA224116	SAMD00490891	na	na	na	na	158836	158836	Enterobacter hormaechei	strain=FUJ80380	na	latest	Complete Genome	Major	Full	2022-06-05	ASM2373597v1		GCA_023735975.1	identical	https://ftp.ncbi.nlm.nih.gov/genomes/all/GCF/023/735/975/GCF_023735975.1_ASM2373597v1	./Development/ThreeFold/data/external/Enterobacter/GCF_023735975.1_ASM2373597v1_genomic.fna.gz
GCF_023735995.1	PRJNA224116	SAMD00490892	na	na	na	na	158836	158836	Enterobacter hormaechei	strain=FUJ80381	na	latest	Complete Genome	Major	Full	2022-06-05	ASM2373599v1		GCA_023735995.1	identical	https://ftp.ncbi.nlm.nih.gov/genomes/all/GCF/023/735/995/GCF_023735995.1_ASM2373599v1	./Development/ThreeFold/data/external/Enterobacter/GCF_023735995.1_ASM2373599v1_genomic.fna.gz
GCF_023736015.1	PRJNA224116	SAMD00490893	na	na	na	na	158836	158836	Enterobacter hormaechei	strain=FUJ80382	na	latest	Complete Genome	Major	Full	2022-06-05	ASM2373601v1		GCA_023736015.1	identical	https://ftp.ncbi.nlm.nih.gov/genomes/all/GCF/023/736/015/GCF_023736015.1_ASM2373601v1	./Development/ThreeFold/data/external/Enterobacter/GCF_023736015.1_ASM2373601v1_genomic.fna.gz
GCF_023805415.1	PRJNA224116	SAMN28918927	na	na	na	na	158836	158836	Enterobacter hormaechei	strain=YQ13422hy	na	latest	Complete Genome	Major	Full	2022-06-19	ASM2380541v1		GCA_023805415.1	identical	https://ftp.ncbi.nlm.nih.gov/genomes/all/GCF/023/805/415/GCF_023805415.1_ASM2380541v1	./Development/ThreeFold/data/external/Enterobacter/GCF_023805415.1_ASM2380541v1_genomic.fna.gz
GCF_023897035.1	PRJNA224116	SAMN14943915	na	na	na	na	158836	158836	Enterobacter hormaechei	strain=Eh27	na	latest	Complete Genome	Major	Full	2022-06-23	ASM2389703v1		GCA_023897035.1	identical	https://ftp.ncbi.nlm.nih.gov/genomes/all/GCF/023/897/035/GCF_023897035.1_ASM2389703v1	./Development/ThreeFold/data/external/Enterobacter/GCF_023897035.1_ASM2389703v1_genomic.fna.gz
GCF_024182005.1	PRJNA224116	SAMD00490864	na	na	na	na	158836	158836	Enterobacter hormaechei	strain=FUJ80199	na	latest	Complete Genome	Major	Full	2022-06-05	ASM2418200v1		GCA_024182005.1	identical	https://ftp.ncbi.nlm.nih.gov/genomes/all/GCF/024/182/005/GCF_024182005.1_ASM2418200v1	./Development/ThreeFold/data/external/Enterobacter/GCF_024182005.1_ASM2418200v1_genomic.fna.gz
GCF_024182025.1	PRJNA224116	SAMD00490869	na	na	na	na	158836	158836	Enterobacter hormaechei	strain=FUJ80379	na	latest	Complete Genome	Major	Full	2022-06-05	ASM2418202v1		GCA_024182025.1	identical	https://ftp.ncbi.nlm.nih.gov/genomes/all/GCF/024/182/025/GCF_024182025.1_ASM2418202v1	./Development/ThreeFold/data/external/Enterobacter/GCF_024182025.1_ASM2418202v1_genomic.fna.gz
GCF_024917315.1	PRJNA224116	SAMN28173991	na	na	na	na	158836	158836	Enterobacter hormaechei	strain=1074	na	latest	Complete Genome	Major	Full	2022-09-04	ASM2491731v1		GCA_024917315.1	identical	https://ftp.ncbi.nlm.nih.gov/genomes/all/GCF/024/917/315/GCF_024917315.1_ASM2491731v1	./Development/ThreeFold/data/external/Enterobacter/GCF_024917315.1_ASM2491731v1_genomic.fna.gz
GCF_024917635.1	PRJNA224116	SAMN28174063	na	na	na	na	158836	158836	Enterobacter hormaechei	strain=4453	na	latest	Complete Genome	Major	Full	2022-09-04	ASM2491763v1		GCA_024917635.1	identical	https://ftp.ncbi.nlm.nih.gov/genomes/all/GCF/024/917/635/GCF_024917635.1_ASM2491763v1	./Development/ThreeFold/data/external/Enterobacter/GCF_024917635.1_ASM2491763v1_genomic.fna.gz
GCF_024917775.1	PRJNA224116	SAMN28173982	na	na	na	na	158836	158836	Enterobacter hormaechei	strain=70	na	latest	Complete Genome	Major	Full	2022-09-04	ASM2491777v1		GCA_024917775.1	identical	https://ftp.ncbi.nlm.nih.gov/genomes/all/GCF/024/917/775/GCF_024917775.1_ASM2491777v1	./Development/ThreeFold/data/external/Enterobacter/GCF_024917775.1_ASM2491777v1_genomic.fna.gz
GCF_024918215.1	PRJNA224116	SAMN28174038	na	na	na	na	158836	158836	Enterobacter hormaechei	strain=MB4528 Variant	na	latest	Complete Genome	Major	Full	2022-09-04	ASM2491821v1		GCA_024918215.1	identical	https://ftp.ncbi.nlm.nih.gov/genomes/all/GCF/024/918/215/GCF_024918215.1_ASM2491821v1	./Development/ThreeFold/data/external/Enterobacter/GCF_024918215.1_ASM2491821v1_genomic.fna.gz
GCF_024918255.1	PRJNA224116	SAMN28174037	na	na	na	na	158836	158836	Enterobacter hormaechei	strain=ST90	na	latest	Complete Genome	Major	Full	2022-09-04	ASM2491825v1		GCA_024918255.1	identical	https://ftp.ncbi.nlm.nih.gov/genomes/all/GCF/024/918/255/GCF_024918255.1_ASM2491825v1	./Development/ThreeFold/data/external/Enterobacter/GCF_024918255.1_ASM2491825v1_genomic.fna.gz
GCF_024918795.1	PRJNA224116	SAMN28174019	na	na	na	na	158836	158836	Enterobacter hormaechei	strain=3131	na	latest	Complete Genome	Major	Full	2022-09-04	ASM2491879v1		GCA_024918795.1	identical	https://ftp.ncbi.nlm.nih.gov/genomes/all/GCF/024/918/795/GCF_024918795.1_ASM2491879v1	./Development/ThreeFold/data/external/Enterobacter/GCF_024918795.1_ASM2491879v1_genomic.fna.gz
GCF_025369895.1	PRJNA224116	SAMN30506756	na	na	na	na	158836	158836	Enterobacter hormaechei	strain=80014967	na	latest	Complete Genome	Major	Full	2022-09-22	ASM2536989v1		GCA_025369895.1	identical	https://ftp.ncbi.nlm.nih.gov/genomes/all/GCF/025/369/895/GCF_025369895.1_ASM2536989v1	./Development/ThreeFold/data/external/Enterobacter/GCF_025369895.1_ASM2536989v1_genomic.fna.gz
GCF_025398395.2	PRJNA224116	SAMN16505100	na	na	na	na	158836	158836	Enterobacter hormaechei	strain=2020CK-00376	na	latest	Complete Genome	Major	Full	2023-06-02	ASM2539839v2		GCA_025398395.2	identical	https://ftp.ncbi.nlm.nih.gov/genomes/all/GCF/025/398/395/GCF_025398395.2_ASM2539839v2	./Development/ThreeFold/data/external/Enterobacter/GCF_025398395.2_ASM2539839v2_genomic.fna.gz
GCF_025398715.1	PRJNA224116	SAMN30655620	na	na	na	na	158836	158836	Enterobacter hormaechei	strain=2022CK-00453	na	latest	Complete Genome	Major	Full	2022-09-25	ASM2539871v1		GCA_025398715.1	identical	https://ftp.ncbi.nlm.nih.gov/genomes/all/GCF/025/398/715/GCF_025398715.1_ASM2539871v1	./Development/ThreeFold/data/external/Enterobacter/GCF_025398715.1_ASM2539871v1_genomic.fna.gz
GCF_026015945.1	PRJNA224116	SAMN31455096	na	na	na	na	158836	158836	Enterobacter hormaechei	strain=ECC2783	na	latest	Complete Genome	Major	Full	2022-11-07	ASM2601594v1		GCA_026015945.1	identical	https://ftp.ncbi.nlm.nih.gov/genomes/all/GCF/026/015/945/GCF_026015945.1_ASM2601594v1	./Development/ThreeFold/data/external/Enterobacter/GCF_026015945.1_ASM2601594v1_genomic.fna.gz
GCF_026240655.1	PRJNA224116	SAMN31691762	na	na	na	na	158836	158836	Enterobacter hormaechei	strain=K432	na	latest	Complete Genome	Major	Full	2022-11-20	ASM2624065v1		GCA_026240655.1	identical	https://ftp.ncbi.nlm.nih.gov/genomes/all/GCF/026/240/655/GCF_026240655.1_ASM2624065v1	./Development/ThreeFold/data/external/Enterobacter/GCF_026240655.1_ASM2624065v1_genomic.fna.gz
GCF_027271235.1	PRJNA224116	SAMN32214983	na	na	na	na	158836	158836	Enterobacter hormaechei	strain=E1532	na	latest	Complete Genome	Major	Full	2022-12-25	ASM2727123v1		GCA_027271235.1	identical	https://ftp.ncbi.nlm.nih.gov/genomes/all/GCF/027/271/235/GCF_027271235.1_ASM2727123v1	./Development/ThreeFold/data/external/Enterobacter/GCF_027271235.1_ASM2727123v1_genomic.fna.gz
GCF_027595125.1	PRJNA224116	SAMN28016882	na	na	na	na	158836	158836	Enterobacter hormaechei	strain=NY0401	na	latest	Complete Genome	Major	Full	2023-01-09	ASM2759512v1		GCA_027595125.1	identical	https://ftp.ncbi.nlm.nih.gov/genomes/all/GCF/027/595/125/GCF_027595125.1_ASM2759512v1	./Development/ThreeFold/data/external/Enterobacter/GCF_027595125.1_ASM2759512v1_genomic.fna.gz
GCF_027886505.1	PRJNA224116	SAMN15907138	na	na	na	na	158836	158836	Enterobacter hormaechei	strain=2020CK-00203	na	latest	Complete Genome	Major	Full	2023-01-17	ASM2788650v1		GCA_027886505.1	identical	https://ftp.ncbi.nlm.nih.gov/genomes/all/GCF/027/886/505/GCF_027886505.1_ASM2788650v1	./Development/ThreeFold/data/external/Enterobacter/GCF_027886505.1_ASM2788650v1_genomic.fna.gz
GCF_027886525.1	PRJNA224116	SAMN15907139	na	na	na	na	158836	158836	Enterobacter hormaechei	strain=2020CK-00204	na	latest	Complete Genome	Major	Full	2023-01-17	ASM2788652v1		GCA_027886525.1	identical	https://ftp.ncbi.nlm.nih.gov/genomes/all/GCF/027/886/525/GCF_027886525.1_ASM2788652v1	./Development/ThreeFold/data/external/Enterobacter/GCF_027886525.1_ASM2788652v1_genomic.fna.gz
GCF_027886545.1	PRJNA224116	SAMN15907137	na	na	na	na	158836	158836	Enterobacter hormaechei	strain=2020CK-00202	na	latest	Complete Genome	Major	Full	2023-01-17	ASM2788654v1		GCA_027886545.1	identical	https://ftp.ncbi.nlm.nih.gov/genomes/all/GCF/027/886/545/GCF_027886545.1_ASM2788654v1	./Development/ThreeFold/data/external/Enterobacter/GCF_027886545.1_ASM2788654v1_genomic.fna.gz
GCF_028622735.1	PRJNA224116	SAMN32093416	na	na	na	na	158836	158836	Enterobacter hormaechei	strain=2022CK-00700	na	latest	Complete Genome	Major	Full	2023-02-15	ASM2862273v1		GCA_028622735.1	identical	https://ftp.ncbi.nlm.nih.gov/genomes/all/GCF/028/622/735/GCF_028622735.1_ASM2862273v1	./Development/ThreeFold/data/external/Enterobacter/GCF_028622735.1_ASM2862273v1_genomic.fna.gz
GCF_028743675.1	PRJNA224116	SAMN33269781	na	na	na	na	158836	158836	Enterobacter hormaechei	na	1023017620-1	latest	Complete Genome	Major	Full	2023-02-20	ASM2874367v1		GCA_028743675.1	identical	https://ftp.ncbi.nlm.nih.gov/genomes/all/GCF/028/743/675/GCF_028743675.1_ASM2874367v1	./Development/ThreeFold/data/external/Enterobacter/GCF_028743675.1_ASM2874367v1_genomic.fna.gz
GCF_028872235.1	PRJNA224116	SAMN15907159	na	na	na	na	158836	158836	Enterobacter hormaechei	strain=2020CK-00224	na	latest	Complete Genome	Major	Full	2023-02-27	ASM2887223v1		GCA_028872235.1	identical	https://ftp.ncbi.nlm.nih.gov/genomes/all/GCF/028/872/235/GCF_028872235.1_ASM2887223v1	./Development/ThreeFold/data/external/Enterobacter/GCF_028872235.1_ASM2887223v1_genomic.fna.gz
GCF_028891505.1	PRJNA224116	SAMN15907141	na	na	na	na	158836	158836	Enterobacter hormaechei	strain=2020CK-00206	na	latest	Complete Genome	Major	Full	2023-03-01	ASM2889150v1		GCA_028891505.1	identical	https://ftp.ncbi.nlm.nih.gov/genomes/all/GCF/028/891/505/GCF_028891505.1_ASM2889150v1	./Development/ThreeFold/data/external/Enterobacter/GCF_028891505.1_ASM2889150v1_genomic.fna.gz
GCF_028898905.1	PRJNA224116	SAMN15907134	na	na	na	na	158836	158836	Enterobacter hormaechei	strain=2020CK-00199	na	latest	Complete Genome	Major	Full	2023-03-02	ASM2889890v1		GCA_028898905.1	identical	https://ftp.ncbi.nlm.nih.gov/genomes/all/GCF/028/898/905/GCF_028898905.1_ASM2889890v1	./Development/ThreeFold/data/external/Enterobacter/GCF_028898905.1_ASM2889890v1_genomic.fna.gz
GCF_029207635.1	PRJNA224116	SAMN33277205	na	na	na	na	158836	158836	Enterobacter hormaechei	strain=LG3	na	latest	Complete Genome	Major	Full	2023-03-14	ASM2920763v1		GCA_029207635.1	identical	https://ftp.ncbi.nlm.nih.gov/genomes/all/GCF/029/207/635/GCF_029207635.1_ASM2920763v1	./Development/ThreeFold/data/external/Enterobacter/GCF_029207635.1_ASM2920763v1_genomic.fna.gz
GCF_029719585.1	PRJNA224116	SAMN15488699	na	na	na	na	158836	158836	Enterobacter hormaechei	strain=RHB45-SO-C02	na	latest	Complete Genome	Major	Full	2023-04-13	ASM2971958v1		GCA_029719585.1	identical	https://ftp.ncbi.nlm.nih.gov/genomes/all/GCF/029/719/585/GCF_029719585.1_ASM2971958v1	./Development/ThreeFold/data/external/Enterobacter/GCF_029719585.1_ASM2971958v1_genomic.fna.gz
GCF_029719845.1	PRJNA224116	SAMN15488670	na	na	na	na	158836	158836	Enterobacter hormaechei	strain=RHB44-SE-C02	na	latest	Complete Genome	Major	Full	2023-04-13	ASM2971984v1		GCA_029719845.1	identical	https://ftp.ncbi.nlm.nih.gov/genomes/all/GCF/029/719/845/GCF_029719845.1_ASM2971984v1	./Development/ThreeFold/data/external/Enterobacter/GCF_029719845.1_ASM2971984v1_genomic.fna.gz
GCF_029719865.1	PRJNA224116	SAMN15488669	na	na	na	na	158836	158836	Enterobacter hormaechei	strain=RHB44-SE-C01	na	latest	Complete Genome	Major	Full	2023-04-13	ASM2971986v1		GCA_029719865.1	identical	https://ftp.ncbi.nlm.nih.gov/genomes/all/GCF/029/719/865/GCF_029719865.1_ASM2971986v1	./Development/ThreeFold/data/external/Enterobacter/GCF_029719865.1_ASM2971986v1_genomic.fna.gz
GCF_029721335.1	PRJNA224116	SAMN15488704	na	na	na	na	158836	158836	Enterobacter hormaechei	strain=RHB45-SO-C08	na	latest	Complete Genome	Major	Full	2023-04-13	ASM2972133v1		GCA_029721335.1	identical	https://ftp.ncbi.nlm.nih.gov/genomes/all/GCF/029/721/335/GCF_029721335.1_ASM2972133v1	./Development/ThreeFold/data/external/Enterobacter/GCF_029721335.1_ASM2972133v1_genomic.fna.gz
GCF_029948145.1	PRJNA224116	SAMN15907133	na	na	na	na	158836	158836	Enterobacter hormaechei	strain=2020CK-00198	na	latest	Complete Genome	Major	Full	2023-05-04	ASM2994814v1		GCA_029948145.1	identical	https://ftp.ncbi.nlm.nih.gov/genomes/all/GCF/029/948/145/GCF_029948145.1_ASM2994814v1	./Development/ThreeFold/data/external/Enterobacter/GCF_029948145.1_ASM2994814v1_genomic.fna.gz
GCF_030324195.1	PRJNA224116	SAMN30926396	na	na	na	na	158836	158836	Enterobacter hormaechei	strain=EHX_PAT_001	na	latest	Complete Genome	Major	Full	2023-06-22	ASM3032419v1		GCA_030324195.1	identical	https://ftp.ncbi.nlm.nih.gov/genomes/all/GCF/030/324/195/GCF_030324195.1_ASM3032419v1	./Development/ThreeFold/data/external/Enterobacter/GCF_030324195.1_ASM3032419v1_genomic.fna.gz
GCF_030413825.1	PRJNA224116	SAMN35822989	na	na	na	na	158836	158836	Enterobacter hormaechei	strain=Eh202_LBHALD	na	latest	Complete Genome	Major	Full	2023-07-10	ASM3041382v1		GCA_030413825.1	identical	https://ftp.ncbi.nlm.nih.gov/genomes/all/GCF/030/413/825/GCF_030413825.1_ASM3041382v1	./Development/ThreeFold/data/external/Enterobacter/GCF_030413825.1_ASM3041382v1_genomic.fna.gz
GCF_030717405.1	PRJNA224116	SAMN36773911	na	na	na	na	158836	158836	Enterobacter hormaechei	strain=MRSN791417	na	latest	Complete Genome	Major	Full	2023-08-12	ASM3071740v1		GCA_030717405.1	identical	https://ftp.ncbi.nlm.nih.gov/genomes/all/GCF/030/717/405/GCF_030717405.1_ASM3071740v1	./Development/ThreeFold/data/external/Enterobacter/GCF_030717405.1_ASM3071740v1_genomic.fna.gz
GCF_030732205.1	PRJNA224116	SAMN36884694	na	na	na	na	158836	158836	Enterobacter hormaechei	strain=RSY19	na	latest	Complete Genome	Major	Full	2023-08-15	ASM3073220v1		GCA_030732205.1	identical	https://ftp.ncbi.nlm.nih.gov/genomes/all/GCF/030/732/205/GCF_030732205.1_ASM3073220v1	./Development/ThreeFold/data/external/Enterobacter/GCF_030732205.1_ASM3073220v1_genomic.fna.gz
GCF_030847665.1	PRJNA224116	SAMN35394399	na	na	na	na	158836	158836	Enterobacter hormaechei	strain=21KM1500	na	latest	Complete Genome	Major	Full	2023-08-21	ASM3084766v1		GCA_030847665.1	identical	https://ftp.ncbi.nlm.nih.gov/genomes/all/GCF/030/847/665/GCF_030847665.1_ASM3084766v1	./Development/ThreeFold/data/external/Enterobacter/GCF_030847665.1_ASM3084766v1_genomic.fna.gz
GCF_030847685.1	PRJNA224116	SAMN35394398	na	na	na	na	158836	158836	Enterobacter hormaechei	strain=21KM1072	na	latest	Complete Genome	Major	Full	2023-08-21	ASM3084768v1		GCA_030847685.1	identical	https://ftp.ncbi.nlm.nih.gov/genomes/all/GCF/030/847/685/GCF_030847685.1_ASM3084768v1	./Development/ThreeFold/data/external/Enterobacter/GCF_030847685.1_ASM3084768v1_genomic.fna.gz
GCF_030847705.1	PRJNA224116	SAMN35394396	na	na	na	na	158836	158836	Enterobacter hormaechei	strain=Ehh_13	na	latest	Complete Genome	Major	Full	2023-08-21	ASM3084770v1		GCA_030847705.1	identical	https://ftp.ncbi.nlm.nih.gov/genomes/all/GCF/030/847/705/GCF_030847705.1_ASM3084770v1	./Development/ThreeFold/data/external/Enterobacter/GCF_030847705.1_ASM3084770v1_genomic.fna.gz
GCF_030847725.1	PRJNA224116	SAMN35394394	na	na	na	na	158836	158836	Enterobacter hormaechei	strain=Ehh_11	na	latest	Complete Genome	Major	Full	2023-08-21	ASM3084772v1		GCA_030847725.1	identical	https://ftp.ncbi.nlm.nih.gov/genomes/all/GCF/030/847/725/GCF_030847725.1_ASM3084772v1	./Development/ThreeFold/data/external/Enterobacter/GCF_030847725.1_ASM3084772v1_genomic.fna.gz
GCF_030847745.1	PRJNA224116	SAMN35394392	na	na	na	na	158836	158836	Enterobacter hormaechei	strain=Ehh_9	na	latest	Complete Genome	Major	Full	2023-08-21	ASM3084774v1		GCA_030847745.1	identical	https://ftp.ncbi.nlm.nih.gov/genomes/all/GCF/030/847/745/GCF_030847745.1_ASM3084774v1	./Development/ThreeFold/data/external/Enterobacter/GCF_030847745.1_ASM3084774v1_genomic.fna.gz
GCF_030847765.2	PRJNA224116	SAMN35394391	na	na	na	na	158836	158836	Enterobacter hormaechei	strain=Ehh_8	na	latest	Complete Genome	Major	Full	2023-08-21	ASM3084776v2		GCA_030847765.2	identical	https://ftp.ncbi.nlm.nih.gov/genomes/all/GCF/030/847/765/GCF_030847765.2_ASM3084776v2	./Development/ThreeFold/data/external/Enterobacter/GCF_030847765.2_ASM3084776v2_genomic.fna.gz
GCF_030847785.1	PRJNA224116	SAMN35394389	na	na	na	na	158836	158836	Enterobacter hormaechei	strain=Ehh_6	na	latest	Complete Genome	Major	Full	2023-08-21	ASM3084778v1		GCA_030847785.1	identical	https://ftp.ncbi.nlm.nih.gov/genomes/all/GCF/030/847/785/GCF_030847785.1_ASM3084778v1	./Development/ThreeFold/data/external/Enterobacter/GCF_030847785.1_ASM3084778v1_genomic.fna.gz
GCF_030847805.1	PRJNA224116	SAMN35394388	na	na	na	na	158836	158836	Enterobacter hormaechei	strain=21KM1498	na	latest	Complete Genome	Major	Full	2023-08-21	ASM3084780v1		GCA_030847805.1	identical	https://ftp.ncbi.nlm.nih.gov/genomes/all/GCF/030/847/805/GCF_030847805.1_ASM3084780v1	./Development/ThreeFold/data/external/Enterobacter/GCF_030847805.1_ASM3084780v1_genomic.fna.gz
GCF_030847825.1	PRJNA224116	SAMN35394387	na	na	na	na	158836	158836	Enterobacter hormaechei	strain=Ehh_5	na	latest	Complete Genome	Major	Full	2023-08-21	ASM3084782v1		GCA_030847825.1	identical	https://ftp.ncbi.nlm.nih.gov/genomes/all/GCF/030/847/825/GCF_030847825.1_ASM3084782v1	./Development/ThreeFold/data/external/Enterobacter/GCF_030847825.1_ASM3084782v1_genomic.fna.gz
GCF_030847845.1	PRJNA224116	SAMN35394385	na	na	na	na	158836	158836	Enterobacter hormaechei	strain=Ehh_3	na	latest	Complete Genome	Major	Full	2023-08-21	ASM3084784v1		GCA_030847845.1	identical	https://ftp.ncbi.nlm.nih.gov/genomes/all/GCF/030/847/845/GCF_030847845.1_ASM3084784v1	./Development/ThreeFold/data/external/Enterobacter/GCF_030847845.1_ASM3084784v1_genomic.fna.gz
GCF_030847865.1	PRJNA224116	SAMN35394383	na	na	na	na	158836	158836	Enterobacter hormaechei	strain=Ehh_1	na	latest	Complete Genome	Major	Full	2023-08-21	ASM3084786v1		GCA_030847865.1	identical	https://ftp.ncbi.nlm.nih.gov/genomes/all/GCF/030/847/865/GCF_030847865.1_ASM3084786v1	./Development/ThreeFold/data/external/Enterobacter/GCF_030847865.1_ASM3084786v1_genomic.fna.gz
GCF_030847905.1	PRJNA224116	SAMN35394415	na	na	na	na	158836	158836	Enterobacter hormaechei	strain=22KM1969	na	latest	Complete Genome	Major	Full	2023-08-21	ASM3084790v1		GCA_030847905.1	identical	https://ftp.ncbi.nlm.nih.gov/genomes/all/GCF/030/847/905/GCF_030847905.1_ASM3084790v1	./Development/ThreeFold/data/external/Enterobacter/GCF_030847905.1_ASM3084790v1_genomic.fna.gz
GCF_030847925.1	PRJNA224116	SAMN35394414	na	na	na	na	158836	158836	Enterobacter hormaechei	strain=21KM3135	na	latest	Complete Genome	Major	Full	2023-08-21	ASM3084792v1		GCA_030847925.1	identical	https://ftp.ncbi.nlm.nih.gov/genomes/all/GCF/030/847/925/GCF_030847925.1_ASM3084792v1	./Development/ThreeFold/data/external/Enterobacter/GCF_030847925.1_ASM3084792v1_genomic.fna.gz
GCF_030847945.1	PRJNA224116	SAMN35394413	na	na	na	na	158836	158836	Enterobacter hormaechei	strain=Ehh_24	na	latest	Complete Genome	Major	Full	2023-08-21	ASM3084794v1		GCA_030847945.1	identical	https://ftp.ncbi.nlm.nih.gov/genomes/all/GCF/030/847/945/GCF_030847945.1_ASM3084794v1	./Development/ThreeFold/data/external/Enterobacter/GCF_030847945.1_ASM3084794v1_genomic.fna.gz
GCF_030847965.1	PRJNA224116	SAMN35394412	na	na	na	na	158836	158836	Enterobacter hormaechei	strain=Ehh_23	na	latest	Complete Genome	Major	Full	2023-08-21	ASM3084796v1		GCA_030847965.1	identical	https://ftp.ncbi.nlm.nih.gov/genomes/all/GCF/030/847/965/GCF_030847965.1_ASM3084796v1	./Development/ThreeFold/data/external/Enterobacter/GCF_030847965.1_ASM3084796v1_genomic.fna.gz
GCF_030847985.1	PRJNA224116	SAMN35394411	na	na	na	na	158836	158836	Enterobacter hormaechei	strain=Ehh_22	na	latest	Complete Genome	Major	Full	2023-08-21	ASM3084798v1		GCA_030847985.1	identical	https://ftp.ncbi.nlm.nih.gov/genomes/all/GCF/030/847/985/GCF_030847985.1_ASM3084798v1	./Development/ThreeFold/data/external/Enterobacter/GCF_030847985.1_ASM3084798v1_genomic.fna.gz
GCF_030848005.1	PRJNA224116	SAMN35394410	na	na	na	na	158836	158836	Enterobacter hormaechei	strain=Ehh_21	na	latest	Complete Genome	Major	Full	2023-08-21	ASM3084800v1		GCA_030848005.1	identical	https://ftp.ncbi.nlm.nih.gov/genomes/all/GCF/030/848/005/GCF_030848005.1_ASM3084800v1	./Development/ThreeFold/data/external/Enterobacter/GCF_030848005.1_ASM3084800v1_genomic.fna.gz
GCF_030848025.1	PRJNA224116	SAMN35394409	na	na	na	na	158836	158836	Enterobacter hormaechei	strain=Ehh_20	na	latest	Complete Genome	Major	Full	2023-08-21	ASM3084802v1		GCA_030848025.1	identical	https://ftp.ncbi.nlm.nih.gov/genomes/all/GCF/030/848/025/GCF_030848025.1_ASM3084802v1	./Development/ThreeFold/data/external/Enterobacter/GCF_030848025.1_ASM3084802v1_genomic.fna.gz
GCF_030848045.1	PRJNA224116	SAMN35394408	na	na	na	na	158836	158836	Enterobacter hormaechei	strain=Ehh_19	na	latest	Complete Genome	Major	Full	2023-08-21	ASM3084804v1		GCA_030848045.1	identical	https://ftp.ncbi.nlm.nih.gov/genomes/all/GCF/030/848/045/GCF_030848045.1_ASM3084804v1	./Development/ThreeFold/data/external/Enterobacter/GCF_030848045.1_ASM3084804v1_genomic.fna.gz
GCF_030848065.1	PRJNA224116	SAMN35394406	na	na	na	na	158836	158836	Enterobacter hormaechei	strain=Ehh_17	na	latest	Complete Genome	Major	Full	2023-08-21	ASM3084806v1		GCA_030848065.1	identical	https://ftp.ncbi.nlm.nih.gov/genomes/all/GCF/030/848/065/GCF_030848065.1_ASM3084806v1	./Development/ThreeFold/data/external/Enterobacter/GCF_030848065.1_ASM3084806v1_genomic.fna.gz
GCF_030848085.1	PRJNA224116	SAMN35394404	na	na	na	na	158836	158836	Enterobacter hormaechei	strain=Ehh_15	na	latest	Complete Genome	Major	Full	2023-08-21	ASM3084808v1		GCA_030848085.1	identical	https://ftp.ncbi.nlm.nih.gov/genomes/all/GCF/030/848/085/GCF_030848085.1_ASM3084808v1	./Development/ThreeFold/data/external/Enterobacter/GCF_030848085.1_ASM3084808v1_genomic.fna.gz
GCF_030848105.2	PRJNA224116	SAMN35394403	na	na	na	na	158836	158836	Enterobacter hormaechei	strain=Ehh_14	na	latest	Complete Genome	Major	Full	2023-08-21	ASM3084810v2		GCA_030848105.2	identical	https://ftp.ncbi.nlm.nih.gov/genomes/all/GCF/030/848/105/GCF_030848105.2_ASM3084810v2	./Development/ThreeFold/data/external/Enterobacter/GCF_030848105.2_ASM3084810v2_genomic.fna.gz
GCF_030848125.1	PRJNA224116	SAMN35394402	na	na	na	na	158836	158836	Enterobacter hormaechei	strain=22KM1314	na	latest	Complete Genome	Major	Full	2023-08-21	ASM3084812v1		GCA_030848125.1	identical	https://ftp.ncbi.nlm.nih.gov/genomes/all/GCF/030/848/125/GCF_030848125.1_ASM3084812v1	./Development/ThreeFold/data/external/Enterobacter/GCF_030848125.1_ASM3084812v1_genomic.fna.gz
GCF_030848145.1	PRJNA224116	SAMN35394401	na	na	na	na	158836	158836	Enterobacter hormaechei	strain=22KM0858	na	latest	Complete Genome	Major	Full	2023-08-21	ASM3084814v1		GCA_030848145.1	identical	https://ftp.ncbi.nlm.nih.gov/genomes/all/GCF/030/848/145/GCF_030848145.1_ASM3084814v1	./Development/ThreeFold/data/external/Enterobacter/GCF_030848145.1_ASM3084814v1_genomic.fna.gz
GCF_030848165.1	PRJNA224116	SAMN35394400	na	na	na	na	158836	158836	Enterobacter hormaechei	strain=22KM0641	na	latest	Complete Genome	Major	Full	2023-08-21	ASM3084816v1		GCA_030848165.1	identical	https://ftp.ncbi.nlm.nih.gov/genomes/all/GCF/030/848/165/GCF_030848165.1_ASM3084816v1	./Development/ThreeFold/data/external/Enterobacter/GCF_030848165.1_ASM3084816v1_genomic.fna.gz
GCF_030848185.1	PRJNA224116	SAMN35394397	na	na	na	na	158836	158836	Enterobacter hormaechei	strain=21KM1042	na	latest	Complete Genome	Major	Full	2023-08-21	ASM3084818v1		GCA_030848185.1	identical	https://ftp.ncbi.nlm.nih.gov/genomes/all/GCF/030/848/185/GCF_030848185.1_ASM3084818v1	./Development/ThreeFold/data/external/Enterobacter/GCF_030848185.1_ASM3084818v1_genomic.fna.gz
GCF_030848345.1	PRJNA224116	SAMN35394416	na	na	na	na	158836	158836	Enterobacter hormaechei	strain=Ehh_25	na	latest	Complete Genome	Major	Full	2023-08-21	ASM3084834v1		GCA_030848345.1	identical	https://ftp.ncbi.nlm.nih.gov/genomes/all/GCF/030/848/345/GCF_030848345.1_ASM3084834v1	./Development/ThreeFold/data/external/Enterobacter/GCF_030848345.1_ASM3084834v1_genomic.fna.gz
GCF_030863645.1	PRJNA224116	SAMN32262091	na	na	na	na	158836	158836	Enterobacter hormaechei	strain=CUVET18-121	na	latest	Complete Genome	Major	Full	2023-08-23	ASM3086364v1		GCA_030863645.1	identical	https://ftp.ncbi.nlm.nih.gov/genomes/all/GCF/030/863/645/GCF_030863645.1_ASM3086364v1	./Development/ThreeFold/data/external/Enterobacter/GCF_030863645.1_ASM3086364v1_genomic.fna.gz
GCF_030863665.1	PRJNA224116	SAMN32262092	na	na	na	na	158836	158836	Enterobacter hormaechei	strain=CUVET19-891	na	latest	Complete Genome	Major	Full	2023-08-23	ASM3086366v1		GCA_030863665.1	identical	https://ftp.ncbi.nlm.nih.gov/genomes/all/GCF/030/863/665/GCF_030863665.1_ASM3086366v1	./Development/ThreeFold/data/external/Enterobacter/GCF_030863665.1_ASM3086366v1_genomic.fna.gz
GCF_030863685.1	PRJNA224116	SAMN32262093	na	na	na	na	158836	158836	Enterobacter hormaechei	strain=CUVET21-1190	na	latest	Complete Genome	Major	Full	2023-08-23	ASM3086368v1		GCA_030863685.1	identical	https://ftp.ncbi.nlm.nih.gov/genomes/all/GCF/030/863/685/GCF_030863685.1_ASM3086368v1	./Development/ThreeFold/data/external/Enterobacter/GCF_030863685.1_ASM3086368v1_genomic.fna.gz
GCF_030863705.1	PRJNA224116	SAMN32262094	na	na	na	na	158836	158836	Enterobacter hormaechei	strain=CUVET21-1726	na	latest	Complete Genome	Major	Full	2023-08-23	ASM3086370v1		GCA_030863705.1	identical	https://ftp.ncbi.nlm.nih.gov/genomes/all/GCF/030/863/705/GCF_030863705.1_ASM3086370v1	./Development/ThreeFold/data/external/Enterobacter/GCF_030863705.1_ASM3086370v1_genomic.fna.gz
GCF_030863725.1	PRJNA224116	SAMN32262095	na	na	na	na	158836	158836	Enterobacter hormaechei	strain=CUVET22-793	na	latest	Complete Genome	Major	Full	2023-08-23	ASM3086372v1		GCA_030863725.1	identical	https://ftp.ncbi.nlm.nih.gov/genomes/all/GCF/030/863/725/GCF_030863725.1_ASM3086372v1	./Development/ThreeFold/data/external/Enterobacter/GCF_030863725.1_ASM3086372v1_genomic.fna.gz
GCF_030863745.1	PRJNA224116	SAMN32262096	na	na	na	na	158836	158836	Enterobacter hormaechei	strain=CUVET22-969	na	latest	Complete Genome	Major	Full	2023-08-23	ASM3086374v1		GCA_030863745.1	identical	https://ftp.ncbi.nlm.nih.gov/genomes/all/GCF/030/863/745/GCF_030863745.1_ASM3086374v1	./Development/ThreeFold/data/external/Enterobacter/GCF_030863745.1_ASM3086374v1_genomic.fna.gz
GCF_031165635.1	PRJNA224116	SAMN36534146	na	na	na	na	158836	158836	Enterobacter hormaechei	strain=CRECL423	na	latest	Complete Genome	Major	Full	2023-09-02	ASM3116563v1		GCA_031165635.1	identical	https://ftp.ncbi.nlm.nih.gov/genomes/all/GCF/031/165/635/GCF_031165635.1_ASM3116563v1	./Development/ThreeFold/data/external/Enterobacter/GCF_031165635.1_ASM3116563v1_genomic.fna.gz
GCF_031166165.1	PRJNA224116	SAMN36534145	na	na	na	na	158836	158836	Enterobacter hormaechei	strain=CRECL421	na	latest	Complete Genome	Major	Full	2023-09-02	ASM3116616v1		GCA_031166165.1	identical	https://ftp.ncbi.nlm.nih.gov/genomes/all/GCF/031/166/165/GCF_031166165.1_ASM3116616v1	./Development/ThreeFold/data/external/Enterobacter/GCF_031166165.1_ASM3116616v1_genomic.fna.gz
GCF_031378325.1	PRJNA224116	SAMN36728752	na	na	na	na	158836	158836	Enterobacter hormaechei	strain=2023CK-00897	na	latest	Complete Genome	Major	Full	2024-11-02	ASM3137832v2		GCA_031378325.2	identical	https://ftp.ncbi.nlm.nih.gov/genomes/all/GCF/031/378/325/GCF_031378325.1_ASM3137832v2	./Development/ThreeFold/data/external/Enterobacter/GCF_031378325.1_ASM3137832v2_genomic.fna.gz
GCF_031432895.1	PRJNA224116	SAMN37200061	na	na	na	na	158836	158836	Enterobacter hormaechei	strain=EB6	na	latest	Complete Genome	Major	Full	2023-09-13	ASM3143289v1		GCA_031432895.1	identical	https://ftp.ncbi.nlm.nih.gov/genomes/all/GCF/031/432/895/GCF_031432895.1_ASM3143289v1	./Development/ThreeFold/data/external/Enterobacter/GCF_031432895.1_ASM3143289v1_genomic.fna.gz
GCF_032202365.1	PRJNA224116	SAMN35394395	na	na	na	na	158836	158836	Enterobacter hormaechei	strain=Ehh_12	na	latest	Complete Genome	Major	Full	2023-08-21	ASM3220236v1		GCA_032202365.1	identical	https://ftp.ncbi.nlm.nih.gov/genomes/all/GCF/032/202/365/GCF_032202365.1_ASM3220236v1	./Development/ThreeFold/data/external/Enterobacter/GCF_032202365.1_ASM3220236v1_genomic.fna.gz
GCF_032202545.1	PRJNA224116	SAMN35394393	na	na	na	na	158836	158836	Enterobacter hormaechei	strain=Ehh_10	na	latest	Complete Genome	Major	Full	2023-08-21	ASM3220254v1		GCA_032202545.1	identical	https://ftp.ncbi.nlm.nih.gov/genomes/all/GCF/032/202/545/GCF_032202545.1_ASM3220254v1	./Development/ThreeFold/data/external/Enterobacter/GCF_032202545.1_ASM3220254v1_genomic.fna.gz
GCF_032202685.1	PRJNA224116	SAMN35394390	na	na	na	na	158836	158836	Enterobacter hormaechei	strain=Ehh_7	na	latest	Complete Genome	Major	Full	2023-08-21	ASM3220268v1		GCA_032202685.1	identical	https://ftp.ncbi.nlm.nih.gov/genomes/all/GCF/032/202/685/GCF_032202685.1_ASM3220268v1	./Development/ThreeFold/data/external/Enterobacter/GCF_032202685.1_ASM3220268v1_genomic.fna.gz
GCF_032202905.1	PRJNA224116	SAMN35394407	na	na	na	na	158836	158836	Enterobacter hormaechei	strain=Ehh_18	na	latest	Complete Genome	Major	Full	2023-08-21	ASM3220290v1		GCA_032202905.1	identical	https://ftp.ncbi.nlm.nih.gov/genomes/all/GCF/032/202/905/GCF_032202905.1_ASM3220290v1	./Development/ThreeFold/data/external/Enterobacter/GCF_032202905.1_ASM3220290v1_genomic.fna.gz
GCF_032231155.1	PRJNA224116	SAMN36017835	na	na	na	na	158836	158836	Enterobacter hormaechei	strain=F2	na	latest	Complete Genome	Major	Full	2023-09-30	ASM3223115v1		GCA_032231155.1	identical	https://ftp.ncbi.nlm.nih.gov/genomes/all/GCF/032/231/155/GCF_032231155.1_ASM3223115v1	./Development/ThreeFold/data/external/Enterobacter/GCF_032231155.1_ASM3223115v1_genomic.fna.gz
GCF_032298955.1	PRJNA224116	SAMN37300945	na	na	na	na	158836	158836	Enterobacter hormaechei	strain=OHT403-4	na	latest	Complete Genome	Major	Full	2023-10-03	ASM3229895v1		GCA_032298955.1	identical	https://ftp.ncbi.nlm.nih.gov/genomes/all/GCF/032/298/955/GCF_032298955.1_ASM3229895v1	./Development/ThreeFold/data/external/Enterobacter/GCF_032298955.1_ASM3229895v1_genomic.fna.gz
GCF_032302155.1	PRJNA224116	SAMN37527804	na	na	na	na	158836	158836	Enterobacter hormaechei	strain=IMT49658-1	na	latest	Complete Genome	Major	Full	2023-10-03	ASM3230215v1		GCA_032302155.1	identical	https://ftp.ncbi.nlm.nih.gov/genomes/all/GCF/032/302/155/GCF_032302155.1_ASM3230215v1	./Development/ThreeFold/data/external/Enterobacter/GCF_032302155.1_ASM3230215v1_genomic.fna.gz
GCF_032351815.1	PRJNA224116	SAMN37529174	na	na	na	na	158836	158836	Enterobacter hormaechei	strain=isolateC	na	latest	Complete Genome	Major	Full	2023-10-04	ASM3235181v1		GCA_032351815.1	identical	https://ftp.ncbi.nlm.nih.gov/genomes/all/GCF/032/351/815/GCF_032351815.1_ASM3235181v1	./Development/ThreeFold/data/external/Enterobacter/GCF_032351815.1_ASM3235181v1_genomic.fna.gz
GCF_035323065.1	PRJNA224116	SAMN37144361	na	na	na	na	158836	158836	Enterobacter hormaechei	strain=LE43E	na	latest	Complete Genome	Major	Full	2024-01-09	ASM3532306v1		GCA_035323065.1	identical	https://ftp.ncbi.nlm.nih.gov/genomes/all/GCF/035/323/065/GCF_035323065.1_ASM3532306v1	./Development/ThreeFold/data/external/Enterobacter/GCF_035323065.1_ASM3532306v1_genomic.fna.gz
GCF_035323845.1	PRJNA224116	SAMN37486342	na	na	na	na	158836	158836	Enterobacter hormaechei	strain=TO42E	na	latest	Complete Genome	Major	Full	2024-01-09	ASM3532384v1		GCA_035323845.1	identical	https://ftp.ncbi.nlm.nih.gov/genomes/all/GCF/035/323/845/GCF_035323845.1_ASM3532384v1	./Development/ThreeFold/data/external/Enterobacter/GCF_035323845.1_ASM3532384v1_genomic.fna.gz
GCF_035594185.1	PRJNA224116	SAMN38771721	na	na	na	na	158836	158836	Enterobacter hormaechei	strain=EB3_SW1_43.22_ST134	na	latest	Complete Genome	Major	Full	2024-01-11	ASM3559418v1		GCA_035594185.1	identical	https://ftp.ncbi.nlm.nih.gov/genomes/all/GCF/035/594/185/GCF_035594185.1_ASM3559418v1	./Development/ThreeFold/data/external/Enterobacter/GCF_035594185.1_ASM3559418v1_genomic.fna.gz
GCF_035621635.1	PRJNA224116	SAMN39171894	na	na	na	na	158836	158836	Enterobacter hormaechei	strain=WD01	na	latest	Complete Genome	Major	Full	2024-01-14	ASM3562163v1		GCA_035621635.1	identical	https://ftp.ncbi.nlm.nih.gov/genomes/all/GCF/035/621/635/GCF_035621635.1_ASM3562163v1	./Development/ThreeFold/data/external/Enterobacter/GCF_035621635.1_ASM3562163v1_genomic.fna.gz
GCF_036080915.1	PRJNA224116	SAMN39595400	na	na	na	na	158836	158836	Enterobacter hormaechei	strain=2024CK-00067	na	latest	Complete Genome	Major	Full	2024-11-02	ASM3608091v2		GCA_036080915.2	identical	https://ftp.ncbi.nlm.nih.gov/genomes/all/GCF/036/080/915/GCF_036080915.1_ASM3608091v2	./Development/ThreeFold/data/external/Enterobacter/GCF_036080915.1_ASM3608091v2_genomic.fna.gz
GCF_036080935.1	PRJNA224116	SAMN39595401	na	na	na	na	158836	158836	Enterobacter hormaechei	strain=2024CK-00066	na	latest	Complete Genome	Major	Full	2024-04-06	ASM3608093v2		GCA_036080935.2	identical	https://ftp.ncbi.nlm.nih.gov/genomes/all/GCF/036/080/935/GCF_036080935.1_ASM3608093v2	./Development/ThreeFold/data/external/Enterobacter/GCF_036080935.1_ASM3608093v2_genomic.fna.gz
GCF_036687415.1	PRJNA224116	SAMN39434824	na	na	na	na	158836	158836	Enterobacter hormaechei	strain=B19446	na	latest	Complete Genome	Major	Full	2024-04-05	B19446		GCA_036687415.1	identical	https://ftp.ncbi.nlm.nih.gov/genomes/all/GCF/036/687/415/GCF_036687415.1_B19446	./Development/ThreeFold/data/external/Enterobacter/GCF_036687415.1_B19446_genomic.fna.gz
GCF_037217235.1	PRJNA224116	SAMN40316311	na	na	na	na	158836	158836	Enterobacter hormaechei	strain=RH3	na	latest	Complete Genome	Major	Full	2024-04-05	ASM3721723v1		GCA_037217235.1	identical	https://ftp.ncbi.nlm.nih.gov/genomes/all/GCF/037/217/235/GCF_037217235.1_ASM3721723v1	./Development/ThreeFold/data/external/Enterobacter/GCF_037217235.1_ASM3721723v1_genomic.fna.gz
GCF_038069265.1	PRJNA224116	SAMN40921372	na	na	na	na	158836	158836	Enterobacter hormaechei	strain=2024CK-00374	na	latest	Complete Genome	Major	Full	2024-05-31	ASM3806926v2		GCA_038069265.2	identical	https://ftp.ncbi.nlm.nih.gov/genomes/all/GCF/038/069/265/GCF_038069265.1_ASM3806926v2	./Development/ThreeFold/data/external/Enterobacter/GCF_038069265.1_ASM3806926v2_genomic.fna.gz
GCF_038418305.1	PRJNA224116	SAMN41020283	na	na	na	na	158836	158836	Enterobacter hormaechei	strain=2024CK-00459	na	latest	Complete Genome	Major	Full	2024-06-12	ASM3841830v2		GCA_038418305.2	identical	https://ftp.ncbi.nlm.nih.gov/genomes/all/GCF/038/418/305/GCF_038418305.1_ASM3841830v2	./Development/ThreeFold/data/external/Enterobacter/GCF_038418305.1_ASM3841830v2_genomic.fna.gz
GCF_038626985.1	PRJNA224116	SAMN41094950	na	na	na	na	158836	158836	Enterobacter hormaechei	strain=2024CK-00479	na	latest	Complete Genome	Major	Full	2024-05-31	ASM3862698v2		GCA_038626985.2	identical	https://ftp.ncbi.nlm.nih.gov/genomes/all/GCF/038/626/985/GCF_038626985.1_ASM3862698v2	./Development/ThreeFold/data/external/Enterobacter/GCF_038626985.1_ASM3862698v2_genomic.fna.gz
GCF_038627025.1	PRJNA224116	SAMN41094952	na	na	na	na	158836	158836	Enterobacter hormaechei	strain=2024CK-00477	na	latest	Complete Genome	Major	Full	2024-06-12	ASM3862702v2		GCA_038627025.2	identical	https://ftp.ncbi.nlm.nih.gov/genomes/all/GCF/038/627/025/GCF_038627025.1_ASM3862702v2	./Development/ThreeFold/data/external/Enterobacter/GCF_038627025.1_ASM3862702v2_genomic.fna.gz
GCF_038627045.1	PRJNA224116	SAMN41094953	na	na	na	na	158836	158836	Enterobacter hormaechei	strain=2024CK-00476	na	latest	Complete Genome	Major	Full	2024-06-12	ASM3862704v2		GCA_038627045.2	identical	https://ftp.ncbi.nlm.nih.gov/genomes/all/GCF/038/627/045/GCF_038627045.1_ASM3862704v2	./Development/ThreeFold/data/external/Enterobacter/GCF_038627045.1_ASM3862704v2_genomic.fna.gz
GCF_038627095.1	PRJNA224116	SAMN41094957	na	na	na	na	158836	158836	Enterobacter hormaechei	strain=2024CK-00534	na	latest	Complete Genome	Major	Full	2024-06-12	ASM3862709v2		GCA_038627095.2	identical	https://ftp.ncbi.nlm.nih.gov/genomes/all/GCF/038/627/095/GCF_038627095.1_ASM3862709v2	./Development/ThreeFold/data/external/Enterobacter/GCF_038627095.1_ASM3862709v2_genomic.fna.gz
GCF_039734725.1	PRJNA224116	SAMN41479334	na	na	na	na	158836	158836	Enterobacter hormaechei	strain=2024CK-00699	na	latest	Complete Genome	Major	Full	2024-09-25	ASM3973472v2		GCA_039734725.2	identical	https://ftp.ncbi.nlm.nih.gov/genomes/all/GCF/039/734/725/GCF_039734725.1_ASM3973472v2	./Development/ThreeFold/data/external/Enterobacter/GCF_039734725.1_ASM3973472v2_genomic.fna.gz
GCF_039906065.1	PRJNA224116	SAMN41483274	na	na	na	na	158836	158836	Enterobacter hormaechei	strain=YY1	na	latest	Complete Genome	Major	Full	2024-05-31	ASM3990606v1		GCA_039906065.1	identical	https://ftp.ncbi.nlm.nih.gov/genomes/all/GCF/039/906/065/GCF_039906065.1_ASM3990606v1	./Development/ThreeFold/data/external/Enterobacter/GCF_039906065.1_ASM3990606v1_genomic.fna.gz
GCF_040437135.1	PRJNA224116	SAMN41685801	na	na	na	na	158836	158836	Enterobacter hormaechei	strain=273722-2	na	latest	Complete Genome	Major	Full	2024-07-02	ASM4043713v1		GCA_040437135.1	identical	https://ftp.ncbi.nlm.nih.gov/genomes/all/GCF/040/437/135/GCF_040437135.1_ASM4043713v1	./Development/ThreeFold/data/external/Enterobacter/GCF_040437135.1_ASM4043713v1_genomic.fna.gz
GCF_040437535.1	PRJNA224116	SAMN41685802	na	na	na	na	158836	158836	Enterobacter hormaechei	strain=273722-3	na	latest	Complete Genome	Major	Full	2024-07-02	ASM4043753v1		GCA_040437535.1	identical	https://ftp.ncbi.nlm.nih.gov/genomes/all/GCF/040/437/535/GCF_040437535.1_ASM4043753v1	./Development/ThreeFold/data/external/Enterobacter/GCF_040437535.1_ASM4043753v1_genomic.fna.gz
GCF_040543265.1	PRJNA224116	SAMN41660857	na	na	na	na	158836	158836	Enterobacter hormaechei	strain=Z226-3	na	latest	Complete Genome	Major	Full	2024-07-09	ASM4054326v1		GCA_040543265.1	identical	https://ftp.ncbi.nlm.nih.gov/genomes/all/GCF/040/543/265/GCF_040543265.1_ASM4054326v1	./Development/ThreeFold/data/external/Enterobacter/GCF_040543265.1_ASM4054326v1_genomic.fna.gz
GCF_040548635.1	PRJNA224116	SAMN41660821	na	na	na	na	158836	158836	Enterobacter hormaechei	strain=Z81-2	na	latest	Complete Genome	Major	Full	2024-07-09	ASM4054863v1		GCA_040548635.1	identical	https://ftp.ncbi.nlm.nih.gov/genomes/all/GCF/040/548/635/GCF_040548635.1_ASM4054863v1	./Development/ThreeFold/data/external/Enterobacter/GCF_040548635.1_ASM4054863v1_genomic.fna.gz
GCF_040735515.1	PRJNA224116	SAMN38049408	na	na	na	na	158836	158836	Enterobacter hormaechei	strain=19Y000373	na	latest	Complete Genome	Major	Full	2024-07-17	ASM4073551v1		GCA_040735515.1	identical	https://ftp.ncbi.nlm.nih.gov/genomes/all/GCF/040/735/515/GCF_040735515.1_ASM4073551v1	./Development/ThreeFold/data/external/Enterobacter/GCF_040735515.1_ASM4073551v1_genomic.fna.gz
GCF_041004125.1	PRJNA224116	SAMN42440403	na	na	na	na	158836	158836	Enterobacter hormaechei	strain=W180	na	latest	Complete Genome	Major	Full	2024-08-03	W180		GCA_041004125.1	identical	https://ftp.ncbi.nlm.nih.gov/genomes/all/GCF/041/004/125/GCF_041004125.1_W180	./Development/ThreeFold/data/external/Enterobacter/GCF_041004125.1_W180_genomic.fna.gz
GCF_041004285.1	PRJNA224116	SAMN42440397	na	na	na	na	158836	158836	Enterobacter hormaechei	strain=W139	na	latest	Complete Genome	Major	Full	2024-08-03	W139		GCA_041004285.1	identical	https://ftp.ncbi.nlm.nih.gov/genomes/all/GCF/041/004/285/GCF_041004285.1_W139	./Development/ThreeFold/data/external/Enterobacter/GCF_041004285.1_W139_genomic.fna.gz
GCF_041004465.1	PRJNA224116	SAMN42440393	na	na	na	na	158836	158836	Enterobacter hormaechei	strain=W76	na	latest	Complete Genome	Major	Full	2024-08-03	W76		GCA_041004465.1	identical	https://ftp.ncbi.nlm.nih.gov/genomes/all/GCF/041/004/465/GCF_041004465.1_W76	./Development/ThreeFold/data/external/Enterobacter/GCF_041004465.1_W76_genomic.fna.gz
GCF_041004475.1	PRJNA224116	SAMN42440392	na	na	na	na	158836	158836	Enterobacter hormaechei	strain=W73	na	latest	Complete Genome	Major	Full	2024-08-03	W73		GCA_041004475.1	identical	https://ftp.ncbi.nlm.nih.gov/genomes/all/GCF/041/004/475/GCF_041004475.1_W73	./Development/ThreeFold/data/external/Enterobacter/GCF_041004475.1_W73_genomic.fna.gz
GCF_041005335.1	PRJNA224116	SAMN42440390	na	na	na	na	158836	158836	Enterobacter hormaechei	strain=W57	na	latest	Complete Genome	Major	Full	2024-08-03	W57		GCA_041005335.1	identical	https://ftp.ncbi.nlm.nih.gov/genomes/all/GCF/041/005/335/GCF_041005335.1_W57	./Development/ThreeFold/data/external/Enterobacter/GCF_041005335.1_W57_genomic.fna.gz
GCF_041005825.1	PRJNA224116	SAMN42440389	na	na	na	na	158836	158836	Enterobacter hormaechei	strain=W55	China:Kunming	latest	Complete Genome	Major	Full	2024-08-03	W55		GCA_041005825.1	identical	https://ftp.ncbi.nlm.nih.gov/genomes/all/GCF/041/005/825/GCF_041005825.1_W55	./Development/ThreeFold/data/external/Enterobacter/GCF_041005825.1_W55_genomic.fna.gz
GCF_041005965.1	PRJNA224116	SAMN42440387	na	na	na	na	158836	158836	Enterobacter hormaechei	strain=W38	China:Kunming	latest	Complete Genome	Major	Full	2024-08-03	W38		GCA_041005965.1	identical	https://ftp.ncbi.nlm.nih.gov/genomes/all/GCF/041/005/965/GCF_041005965.1_W38	./Development/ThreeFold/data/external/Enterobacter/GCF_041005965.1_W38_genomic.fna.gz
GCF_041378885.1	PRJNA224116	SAMN42901643	na	na	na	na	158836	158836	Enterobacter hormaechei	strain=17CRE03	na	latest	Complete Genome	Major	Full	2024-08-22	ASM4137888v1		GCA_041378885.1	identical	https://ftp.ncbi.nlm.nih.gov/genomes/all/GCF/041/378/885/GCF_041378885.1_ASM4137888v1	./Development/ThreeFold/data/external/Enterobacter/GCF_041378885.1_ASM4137888v1_genomic.fna.gz
GCF_041378905.1	PRJNA224116	SAMN42902467	na	na	na	na	158836	158836	Enterobacter hormaechei	strain=CRECL61	Human	latest	Complete Genome	Major	Full	2024-08-22	ASM4137890v1		GCA_041378905.1	identical	https://ftp.ncbi.nlm.nih.gov/genomes/all/GCF/041/378/905/GCF_041378905.1_ASM4137890v1	./Development/ThreeFold/data/external/Enterobacter/GCF_041378905.1_ASM4137890v1_genomic.fna.gz
GCF_041378915.1	PRJNA224116	SAMN42902419	na	na	na	na	158836	158836	Enterobacter hormaechei	strain=CRECL11	na	latest	Complete Genome	Major	Full	2024-08-22	ASM4137891v1		GCA_041378915.1	identical	https://ftp.ncbi.nlm.nih.gov/genomes/all/GCF/041/378/915/GCF_041378915.1_ASM4137891v1	./Development/ThreeFold/data/external/Enterobacter/GCF_041378915.1_ASM4137891v1_genomic.fna.gz
GCF_041378925.1	PRJNA224116	SAMN42902456	na	na	na	na	158836	158836	Enterobacter hormaechei	strain=CRECL21	na	latest	Complete Genome	Major	Full	2024-08-22	ASM4137892v1		GCA_041378925.1	identical	https://ftp.ncbi.nlm.nih.gov/genomes/all/GCF/041/378/925/GCF_041378925.1_ASM4137892v1	./Development/ThreeFold/data/external/Enterobacter/GCF_041378925.1_ASM4137892v1_genomic.fna.gz
GCF_041410215.1	PRJNA224116	SAMN43023879	na	na	na	na	158836	158836	Enterobacter hormaechei	strain=CRECL55	na	latest	Complete Genome	Major	Full	2024-08-23	ASM4141021v1		GCA_041410215.1	identical	https://ftp.ncbi.nlm.nih.gov/genomes/all/GCF/041/410/215/GCF_041410215.1_ASM4141021v1	./Development/ThreeFold/data/external/Enterobacter/GCF_041410215.1_ASM4141021v1_genomic.fna.gz
GCF_042762715.1	PRJNA224116	SAMN30120906	na	na	na	na	158836	158836	Enterobacter hormaechei	strain=EHA64	na	latest	Complete Genome	Major	Full	2024-10-11	CZH_Ehorm_1.0		GCA_042762715.1	identical	https://ftp.ncbi.nlm.nih.gov/genomes/all/GCF/042/762/715/GCF_042762715.1_CZH_Ehorm_1.0	./Development/ThreeFold/data/external/Enterobacter/GCF_042762715.1_CZH_Ehorm_1.0_genomic.fna.gz
GCF_043234225.1	PRJNA224116	SAMN44109759	na	na	na	na	158836	158836	Enterobacter hormaechei	strain=L3004	na	latest	Complete Genome	Major	Full	2024-10-18	ASM4323422v1		GCA_043234225.1	identical	https://ftp.ncbi.nlm.nih.gov/genomes/all/GCF/043/234/225/GCF_043234225.1_ASM4323422v1	./Development/ThreeFold/data/external/Enterobacter/GCF_043234225.1_ASM4323422v1_genomic.fna.gz
GCF_043973395.1	PRJNA224116	SAMN39551823	na	na	na	na	158836	158836	Enterobacter hormaechei	strain=ECC-026	na	latest	Complete Genome	Major	Full	2024-10-29	ASM4397339v1		GCA_043973395.1	identical	https://ftp.ncbi.nlm.nih.gov/genomes/all/GCF/043/973/395/GCF_043973395.1_ASM4397339v1	./Development/ThreeFold/data/external/Enterobacter/GCF_043973395.1_ASM4397339v1_genomic.fna.gz
GCF_044095145.1	PRJNA224116	SAMN44389079	na	na	na	na	158836	158836	Enterobacter hormaechei	strain=EC5927	na	latest	Complete Genome	Major	Full	2024-10-31	ASM4409514v1		GCA_044095145.1	identical	https://ftp.ncbi.nlm.nih.gov/genomes/all/GCF/044/095/145/GCF_044095145.1_ASM4409514v1	./Development/ThreeFold/data/external/Enterobacter/GCF_044095145.1_ASM4409514v1_genomic.fna.gz
GCF_044346335.1	PRJNA224116	SAMN32967354	na	na	na	na	158836	158836	Enterobacter hormaechei	strain=FUJ80070	na	latest	Complete Genome	Major	Full	2024-11-06	ASM4434633v1		GCA_044346335.1	identical	https://ftp.ncbi.nlm.nih.gov/genomes/all/GCF/044/346/335/GCF_044346335.1_ASM4434633v1	./Development/ThreeFold/data/external/Enterobacter/GCF_044346335.1_ASM4434633v1_genomic.fna.gz
GCF_044346485.1	PRJNA224116	SAMN32967353	na	na	na	na	158836	158836	Enterobacter hormaechei	strain=FUJ80059	na	latest	Complete Genome	Major	Full	2024-11-06	ASM4434648v1		GCA_044346485.1	identical	https://ftp.ncbi.nlm.nih.gov/genomes/all/GCF/044/346/485/GCF_044346485.1_ASM4434648v1	./Development/ThreeFold/data/external/Enterobacter/GCF_044346485.1_ASM4434648v1_genomic.fna.gz
GCF_044346935.1	PRJNA224116	SAMN32967352	na	na	na	na	158836	158836	Enterobacter hormaechei	strain=FUJ80021	na	latest	Complete Genome	Major	Full	2024-11-06	ASM4434693v1		GCA_044346935.1	identical	https://ftp.ncbi.nlm.nih.gov/genomes/all/GCF/044/346/935/GCF_044346935.1_ASM4434693v1	./Development/ThreeFold/data/external/Enterobacter/GCF_044346935.1_ASM4434693v1_genomic.fna.gz
GCF_044348845.1	PRJNA224116	SAMN32967351	na	na	na	na	158836	158836	Enterobacter hormaechei	strain=FUJ80016	na	latest	Complete Genome	Major	Full	2024-11-06	ASM4434884v1		GCA_044348845.1	identical	https://ftp.ncbi.nlm.nih.gov/genomes/all/GCF/044/348/845/GCF_044348845.1_ASM4434884v1	./Development/ThreeFold/data/external/Enterobacter/GCF_044348845.1_ASM4434884v1_genomic.fna.gz
GCF_044792965.1	PRJNA224116	SAMN37714742	na	na	na	na	158836	158836	Enterobacter hormaechei	strain=E378246	na	latest	Complete Genome	Major	Full	2024-11-20	ASM4479296v1		GCA_044792965.1	identical	https://ftp.ncbi.nlm.nih.gov/genomes/all/GCF/044/792/965/GCF_044792965.1_ASM4479296v1	./Development/ThreeFold/data/external/Enterobacter/GCF_044792965.1_ASM4479296v1_genomic.fna.gz
GCF_044792975.1	PRJNA224116	SAMN37714743	na	na	na	na	158836	158836	Enterobacter hormaechei	strain=E90850	na	latest	Complete Genome	Major	Full	2024-11-20	ASM4479297v1		GCA_044792975.1	identical	https://ftp.ncbi.nlm.nih.gov/genomes/all/GCF/044/792/975/GCF_044792975.1_ASM4479297v1	./Development/ThreeFold/data/external/Enterobacter/GCF_044792975.1_ASM4479297v1_genomic.fna.gz
GCF_044869115.1	PRJNA224116	SAMN44249573	na	na	na	na	158836	158836	Enterobacter hormaechei	strain=IMT49658-3	na	latest	Complete Genome	Major	Full	2024-11-20	ASM4486911v1		GCA_044869115.1	identical	https://ftp.ncbi.nlm.nih.gov/genomes/all/GCF/044/869/115/GCF_044869115.1_ASM4486911v1	./Development/ThreeFold/data/external/Enterobacter/GCF_044869115.1_ASM4486911v1_genomic.fna.gz
GCF_045037665.1	PRJNA224116	SAMN44530445	na	na	na	na	158836	158836	Enterobacter hormaechei	strain=98213	na	latest	Complete Genome	Major	Full	2024-11-23	ASM4503766v1		GCA_045037665.1	identical	https://ftp.ncbi.nlm.nih.gov/genomes/all/GCF/045/037/665/GCF_045037665.1_ASM4503766v1	./Development/ThreeFold/data/external/Enterobacter/GCF_045037665.1_ASM4503766v1_genomic.fna.gz
GCF_045689375.1	PRJNA224116	SAMN38122031	na	na	na	na	158836	158836	Enterobacter hormaechei	strain=2023CK-01313	na	latest	Complete Genome	Major	Full	2024-12-06	ASM4568937v1		GCA_045689375.1	identical	https://ftp.ncbi.nlm.nih.gov/genomes/all/GCF/045/689/375/GCF_045689375.1_ASM4568937v1	./Development/ThreeFold/data/external/Enterobacter/GCF_045689375.1_ASM4568937v1_genomic.fna.gz
GCF_045689385.1	PRJNA224116	SAMN38122033	na	na	na	na	158836	158836	Enterobacter hormaechei	strain=2023CK-01311	na	latest	Complete Genome	Major	Full	2024-12-06	ASM4568938v1		GCA_045689385.1	identical	https://ftp.ncbi.nlm.nih.gov/genomes/all/GCF/045/689/385/GCF_045689385.1_ASM4568938v1	./Development/ThreeFold/data/external/Enterobacter/GCF_045689385.1_ASM4568938v1_genomic.fna.gz
GCF_046097115.1	PRJNA224116	SAMN45051649	na	na	na	na	158836	158836	Enterobacter hormaechei	strain=NY1461	na	latest	Complete Genome	Major	Full	2024-12-17	ASM4609711v1		GCA_046097115.1	identical	https://ftp.ncbi.nlm.nih.gov/genomes/all/GCF/046/097/115/GCF_046097115.1_ASM4609711v1	./Development/ThreeFold/data/external/Enterobacter/GCF_046097115.1_ASM4609711v1_genomic.fna.gz
GCF_046097135.1	PRJNA224116	SAMN45068927	na	na	na	na	158836	158836	Enterobacter hormaechei	strain=NY4994	na	latest	Complete Genome	Major	Full	2024-12-17	ASM4609713v1		GCA_046097135.1	identical	https://ftp.ncbi.nlm.nih.gov/genomes/all/GCF/046/097/135/GCF_046097135.1_ASM4609713v1	./Development/ThreeFold/data/external/Enterobacter/GCF_046097135.1_ASM4609713v1_genomic.fna.gz
GCF_046097155.1	PRJNA224116	SAMN45068448	na	na	na	na	158836	158836	Enterobacter hormaechei	strain=NY3230	na	latest	Complete Genome	Major	Full	2024-12-17	ASM4609715v1		GCA_046097155.1	identical	https://ftp.ncbi.nlm.nih.gov/genomes/all/GCF/046/097/155/GCF_046097155.1_ASM4609715v1	./Development/ThreeFold/data/external/Enterobacter/GCF_046097155.1_ASM4609715v1_genomic.fna.gz
GCF_047553055.1	PRJNA224116	SAMN45938425	na	na	na	na	158836	158836	Enterobacter hormaechei	strain=K_21_ENCL_294	na	latest	Complete Genome	Major	Full	2025-02-11	ASM4755305v1		GCA_047553055.1	identical	https://ftp.ncbi.nlm.nih.gov/genomes/all/GCF/047/553/055/GCF_047553055.1_ASM4755305v1	./Development/ThreeFold/data/external/Enterobacter/GCF_047553055.1_ASM4755305v1_genomic.fna.gz
GCF_047798645.1	PRJNA224116	SAMN46559742	na	na	na	na	158836	158836	Enterobacter hormaechei	strain=CYEBC080	na	latest	Complete Genome	Major	Full	2025-02-18	ASM4779864v1		GCA_047798645.1	identical	https://ftp.ncbi.nlm.nih.gov/genomes/all/GCF/047/798/645/GCF_047798645.1_ASM4779864v1	./Development/ThreeFold/data/external/Enterobacter/GCF_047798645.1_ASM4779864v1_genomic.fna.gz
GCF_900497145.1	PRJNA224116	SAMEA4785257	na	na	na	na	158836	158836	Enterobacter hormaechei	na	EC-TO80	latest	Complete Genome	Major	Full	2019-01-29	ASM90049714v1		GCA_900497145.1	identical	https://ftp.ncbi.nlm.nih.gov/genomes/all/GCF/900/497/145/GCF_900497145.1_ASM90049714v1	./Development/ThreeFold/data/external/Enterobacter/GCF_900497145.1_ASM90049714v1_genomic.fna.gz
GCF_900635705.1	PRJNA224116	SAMEA2709017	na	na	na	na	158836	158836	Enterobacter hormaechei	strain=NCTC11571	na	latest	Complete Genome	Major	Full	2018-12-20	32407_E01		GCA_900635705.1	identical	https://ftp.ncbi.nlm.nih.gov/genomes/all/GCF/900/635/705/GCF_900635705.1_32407_E01	./Development/ThreeFold/data/external/Enterobacter/GCF_900635705.1_32407_E01_genomic.fna.gz
GCF_000286275.1	PRJNA224116	SAMN02603959	na	na	na	na	208224	208224	Enterobacter kobei	strain=ENHKU01	na	latest	Complete Genome	Major	Full	2012-08-10	ASM28627v1		GCA_000286275.1	identical	https://ftp.ncbi.nlm.nih.gov/genomes/all/GCF/000/286/275/GCF_000286275.1_ASM28627v1	./Development/ThreeFold/data/external/Enterobacter/GCF_000286275.1_ASM28627v1_genomic.fna.gz
GCF_001729765.1	PRJNA224116	SAMN05581747	na	na	na	assembly from type material	208224	208224	Enterobacter kobei	strain=DSM 13645	na	latest	Complete Genome	Major	Full	2016-09-16	ASM172976v1		GCA_001729765.1	identical	https://ftp.ncbi.nlm.nih.gov/genomes/all/GCF/001/729/765/GCF_001729765.1_ASM172976v1	./Development/ThreeFold/data/external/Enterobacter/GCF_001729765.1_ASM172976v1_genomic.fna.gz
GCF_003665375.1	PRJNA224116	SAMN08027255	na	na	na	na	208224	208224	Enterobacter kobei	strain=WCHEK045523	na	latest	Complete Genome	Major	Full	2018-10-17	ASM366537v1		GCA_003665375.1	identical	https://ftp.ncbi.nlm.nih.gov/genomes/all/GCF/003/665/375/GCF_003665375.1_ASM366537v1	./Development/ThreeFold/data/external/Enterobacter/GCF_003665375.1_ASM366537v1_genomic.fna.gz
GCF_008365235.1	PRJNA224116	SAMN12648938	na	na	na	na	208224	208224	Enterobacter kobei	strain=EB_P8_L5_01.19	na	latest	Complete Genome	Major	Full	2019-09-10	ASM836523v1		GCA_008365235.1	identical	https://ftp.ncbi.nlm.nih.gov/genomes/all/GCF/008/365/235/GCF_008365235.1_ASM836523v1	./Development/ThreeFold/data/external/Enterobacter/GCF_008365235.1_ASM836523v1_genomic.fna.gz
GCF_008931545.1	PRJNA224116	SAMN12289356	na	na	na	na	208224	208224	Enterobacter kobei	strain=C16	na	latest	Complete Genome	Major	Full	2019-10-09	ASM893154v1		GCA_008931545.1	identical	https://ftp.ncbi.nlm.nih.gov/genomes/all/GCF/008/931/545/GCF_008931545.1_ASM893154v1	./Development/ThreeFold/data/external/Enterobacter/GCF_008931545.1_ASM893154v1_genomic.fna.gz
GCF_011604705.1	PRJNA224116	SAMN14372987	na	na	na	na	208224	208224	Enterobacter kobei	strain=070	na	latest	Complete Genome	Major	Full	2020-03-22	ASM1160470v1		GCA_011604705.1	identical	https://ftp.ncbi.nlm.nih.gov/genomes/all/GCF/011/604/705/GCF_011604705.1_ASM1160470v1	./Development/ThreeFold/data/external/Enterobacter/GCF_011604705.1_ASM1160470v1_genomic.fna.gz
GCF_014041955.1	PRJNA224116	SAMN15594913	na	na	na	na	208224	208224	Enterobacter kobei	strain=IB2020	na	latest	Complete Genome	Major	Full	2020-08-02	ASM1404195v1		GCA_014041955.1	identical	https://ftp.ncbi.nlm.nih.gov/genomes/all/GCF/014/041/955/GCF_014041955.1_ASM1404195v1	./Development/ThreeFold/data/external/Enterobacter/GCF_014041955.1_ASM1404195v1_genomic.fna.gz
GCF_015135595.1	PRJNA224116	SAMD00195891	na	na	na	na	208224	208224	Enterobacter kobei	strain=STW0522-51	na	latest	Complete Genome	Major	Full	2020-10-08	ASM1513559v1		GCA_015135595.1	identical	https://ftp.ncbi.nlm.nih.gov/genomes/all/GCF/015/135/595/GCF_015135595.1_ASM1513559v1	./Development/ThreeFold/data/external/Enterobacter/GCF_015135595.1_ASM1513559v1_genomic.fna.gz
GCF_015135855.1	PRJNA224116	SAMD00195900	na	na	na	na	208224	208224	Enterobacter kobei	strain=STW0522-60	na	latest	Complete Genome	Major	Full	2020-10-08	ASM1513585v1		GCA_015135855.1	identical	https://ftp.ncbi.nlm.nih.gov/genomes/all/GCF/015/135/855/GCF_015135855.1_ASM1513585v1	./Development/ThreeFold/data/external/Enterobacter/GCF_015135855.1_ASM1513585v1_genomic.fna.gz
GCF_015136055.1	PRJNA224116	SAMD00195902	na	na	na	na	208224	208224	Enterobacter kobei	strain=STW0522-62	na	latest	Complete Genome	Major	Full	2020-10-08	ASM1513605v1		GCA_015136055.1	identical	https://ftp.ncbi.nlm.nih.gov/genomes/all/GCF/015/136/055/GCF_015136055.1_ASM1513605v1	./Development/ThreeFold/data/external/Enterobacter/GCF_015136055.1_ASM1513605v1_genomic.fna.gz
GCF_015137465.1	PRJNA224116	SAMD00195972	na	na	na	na	208224	208224	Enterobacter kobei	strain=STN0717-53	na	latest	Complete Genome	Major	Full	2020-10-08	ASM1513746v1		GCA_015137465.1	identical	https://ftp.ncbi.nlm.nih.gov/genomes/all/GCF/015/137/465/GCF_015137465.1_ASM1513746v1	./Development/ThreeFold/data/external/Enterobacter/GCF_015137465.1_ASM1513746v1_genomic.fna.gz
GCF_018323985.1	PRJNA224116	SAMD00294602	na	na	na	assembly from type material	208224	208224	Enterobacter kobei	strain=JCM 8580	na	latest	Complete Genome	Major	Full	2021-04-22	ASM1832398v1		GCA_018323985.1	identical	https://ftp.ncbi.nlm.nih.gov/genomes/all/GCF/018/323/985/GCF_018323985.1_ASM1832398v1	./Development/ThreeFold/data/external/Enterobacter/GCF_018323985.1_ASM1832398v1_genomic.fna.gz
GCF_022559745.1	PRJNA224116	SAMN23139065	na	na	na	na	208224	208224	Enterobacter kobei	strain=6	na	latest	Complete Genome	Major	Full	2022-03-14	ASM2255974v1		GCA_022559745.1	identical	https://ftp.ncbi.nlm.nih.gov/genomes/all/GCF/022/559/745/GCF_022559745.1_ASM2255974v1	./Development/ThreeFold/data/external/Enterobacter/GCF_022559745.1_ASM2255974v1_genomic.fna.gz
GCF_023023125.1	PRJNA224116	SAMN21379554	na	na	reference genome	na	208224	208224	Enterobacter kobei	strain=11778-yvys	na	latest	Complete Genome	Major	Full	2022-04-18	ASM2302312v1		GCA_023023125.1	identical	https://ftp.ncbi.nlm.nih.gov/genomes/all/GCF/023/023/125/GCF_023023125.1_ASM2302312v1	./Development/ThreeFold/data/external/Enterobacter/GCF_023023125.1_ASM2302312v1_genomic.fna.gz
GCF_023023705.1	PRJNA224116	SAMN21379548	na	na	na	na	208224	208224	Enterobacter kobei	strain=12379-yvys	na	latest	Complete Genome	Major	Full	2022-04-18	ASM2302370v1		GCA_023023705.1	identical	https://ftp.ncbi.nlm.nih.gov/genomes/all/GCF/023/023/705/GCF_023023705.1_ASM2302370v1	./Development/ThreeFold/data/external/Enterobacter/GCF_023023705.1_ASM2302370v1_genomic.fna.gz
GCF_023333675.1	PRJNA224116	SAMN21379547	na	na	na	na	208224	208224	Enterobacter kobei	strain=11743-yvys	na	latest	Complete Genome	Major	Full	2022-04-18	ASM2333367v1		GCA_023333675.1	identical	https://ftp.ncbi.nlm.nih.gov/genomes/all/GCF/023/333/675/GCF_023333675.1_ASM2333367v1	./Development/ThreeFold/data/external/Enterobacter/GCF_023333675.1_ASM2333367v1_genomic.fna.gz
GCF_023547315.1	PRJNA224116	SAMN22612881	na	na	na	na	208224	208224	Enterobacter kobei	strain=Ek72	na	latest	Complete Genome	Major	Full	2022-05-25	ASM2354731v1		GCA_023547315.1	identical	https://ftp.ncbi.nlm.nih.gov/genomes/all/GCF/023/547/315/GCF_023547315.1_ASM2354731v1	./Development/ThreeFold/data/external/Enterobacter/GCF_023547315.1_ASM2354731v1_genomic.fna.gz
GCF_023558885.1	PRJNA224116	SAMN28416108	na	na	na	na	208224	208224	Enterobacter kobei	strain=C210239	na	latest	Complete Genome	Major	Full	2022-05-26	ASM2355888v1		GCA_023558885.1	identical	https://ftp.ncbi.nlm.nih.gov/genomes/all/GCF/023/558/885/GCF_023558885.1_ASM2355888v1	./Development/ThreeFold/data/external/Enterobacter/GCF_023558885.1_ASM2355888v1_genomic.fna.gz
GCF_023612495.1	PRJNA224116	SAMN18091014	na	na	na	na	208224	208224	Enterobacter kobei	strain=CDL29	na	latest	Complete Genome	Major	Full	2022-05-31	ASM2361249v1		GCA_023612495.1	identical	https://ftp.ncbi.nlm.nih.gov/genomes/all/GCF/023/612/495/GCF_023612495.1_ASM2361249v1	./Development/ThreeFold/data/external/Enterobacter/GCF_023612495.1_ASM2361249v1_genomic.fna.gz
GCF_025398875.1	PRJNA224116	SAMN30864116	na	na	na	na	208224	208224	Enterobacter kobei	strain=SG.H2a	na	latest	Complete Genome	Major	Full	2022-09-25	ASM2539887v1		GCA_025398875.1	identical	https://ftp.ncbi.nlm.nih.gov/genomes/all/GCF/025/398/875/GCF_025398875.1_ASM2539887v1	./Development/ThreeFold/data/external/Enterobacter/GCF_025398875.1_ASM2539887v1_genomic.fna.gz
GCF_026240695.1	PRJNA224116	SAMN31675492	na	na	na	na	208224	208224	Enterobacter kobei	strain=SCLZS19	na	latest	Complete Genome	Major	Full	2022-11-20	ASM2624069v1		GCA_026240695.1	identical	https://ftp.ncbi.nlm.nih.gov/genomes/all/GCF/026/240/695/GCF_026240695.1_ASM2624069v1	./Development/ThreeFold/data/external/Enterobacter/GCF_026240695.1_ASM2624069v1_genomic.fna.gz
GCF_027595935.1	PRJNA224116	SAMN16387637	na	na	na	na	208224	208224	Enterobacter kobei	strain=S18_CRE18	na	latest	Complete Genome	Major	Full	2023-01-09	ASM2759593v1		GCA_027595935.1	identical	https://ftp.ncbi.nlm.nih.gov/genomes/all/GCF/027/595/935/GCF_027595935.1_ASM2759593v1	./Development/ThreeFold/data/external/Enterobacter/GCF_027595935.1_ASM2759593v1_genomic.fna.gz
GCF_031201845.1	PRJNA224116	SAMN27926465	na	na	na	na	208224	208224	Enterobacter kobei	strain=EC1382	na	latest	Complete Genome	Major	Full	2023-09-06	ASM3120184v1		GCA_031201845.1	identical	https://ftp.ncbi.nlm.nih.gov/genomes/all/GCF/031/201/845/GCF_031201845.1_ASM3120184v1	./Development/ThreeFold/data/external/Enterobacter/GCF_031201845.1_ASM3120184v1_genomic.fna.gz
GCF_032248775.1	PRJNA224116	SAMN37475543	na	na	na	na	208224	208224	Enterobacter kobei	strain=DW108	na	latest	Complete Genome	Major	Full	2023-10-01	ASM3224877v1		GCA_032248775.1	identical	https://ftp.ncbi.nlm.nih.gov/genomes/all/GCF/032/248/775/GCF_032248775.1_ASM3224877v1	./Development/ThreeFold/data/external/Enterobacter/GCF_032248775.1_ASM3224877v1_genomic.fna.gz
GCF_038069355.1	PRJNA224116	SAMN40921367	na	na	na	na	208224	208224	Enterobacter kobei	strain=2024CK-00368	na	latest	Complete Genome	Major	Full	2024-05-31	ASM3806935v2		GCA_038069355.2	identical	https://ftp.ncbi.nlm.nih.gov/genomes/all/GCF/038/069/355/GCF_038069355.1_ASM3806935v2	./Development/ThreeFold/data/external/Enterobacter/GCF_038069355.1_ASM3806935v2_genomic.fna.gz
GCF_043969355.1	PRJNA224116	SAMN39551842	na	na	na	na	208224	208224	Enterobacter kobei	strain=ECC-142	na	latest	Complete Genome	Major	Full	2024-10-29	ASM4396935v1		GCA_043969355.1	identical	https://ftp.ncbi.nlm.nih.gov/genomes/all/GCF/043/969/355/GCF_043969355.1_ASM4396935v1	./Development/ThreeFold/data/external/Enterobacter/GCF_043969355.1_ASM4396935v1_genomic.fna.gz
GCF_043972035.1	PRJNA224116	SAMN39551830	na	na	na	na	208224	208224	Enterobacter kobei	strain=ECC-083	na	latest	Complete Genome	Major	Full	2024-10-29	ASM4397203v1		GCA_043972035.1	identical	https://ftp.ncbi.nlm.nih.gov/genomes/all/GCF/043/972/035/GCF_043972035.1_ASM4397203v1	./Development/ThreeFold/data/external/Enterobacter/GCF_043972035.1_ASM4397203v1_genomic.fna.gz
GCF_044500605.1	PRJNA224116	SAMN42431385	na	na	na	na	208224	208224	Enterobacter kobei	strain=UPB 1352	na	latest	Complete Genome	Major	Full	2024-11-06	ASM4450060v1		GCA_044500605.1	identical	https://ftp.ncbi.nlm.nih.gov/genomes/all/GCF/044/500/605/GCF_044500605.1_ASM4450060v1	./Development/ThreeFold/data/external/Enterobacter/GCF_044500605.1_ASM4450060v1_genomic.fna.gz
GCF_045278755.1	PRJNA224116	SAMN36766155	na	na	na	na	208224	208224	Enterobacter kobei	strain=EK1918	na	latest	Complete Genome	Major	Full	2024-11-26	ASM4527875v1		GCA_045278755.1	identical	https://ftp.ncbi.nlm.nih.gov/genomes/all/GCF/045/278/755/GCF_045278755.1_ASM4527875v1	./Development/ThreeFold/data/external/Enterobacter/GCF_045278755.1_ASM4527875v1_genomic.fna.gz
GCF_046569665.1	PRJNA224116	SAMN45945133	JBKHUK000000000.1	na	na	na	208224	208224	Enterobacter kobei	strain=L5089hy	na	latest	Complete Genome	Major	Full	2025-01-08	ASM4656966v1		GCA_046569665.1	identical	https://ftp.ncbi.nlm.nih.gov/genomes/all/GCF/046/569/665/GCF_046569665.1_ASM4656966v1	./Development/ThreeFold/data/external/Enterobacter/GCF_046569665.1_ASM4656966v1_genomic.fna.gz
GCF_000807425.2	PRJNA224116	SAMN03067417	na	na	na	na	299766	158836	Enterobacter hormaechei subsp. steigerwaltii	strain=34998	na	latest	Complete Genome	Major	Full	2015-08-18	ASM80742v4		GCA_000807425.4	identical	https://ftp.ncbi.nlm.nih.gov/genomes/all/GCF/000/807/425/GCF_000807425.2_ASM80742v4	./Development/ThreeFold/data/external/Enterobacter/GCF_000807425.2_ASM80742v4_genomic.fna.gz
GCF_000814125.3	PRJNA224116	SAMN03067414	na	na	na	na	299766	158836	Enterobacter hormaechei subsp. steigerwaltii	strain=34977	na	latest	Complete Genome	Major	Full	2015-07-30	ASM81412v3		GCA_000814125.3	identical	https://ftp.ncbi.nlm.nih.gov/genomes/all/GCF/000/814/125/GCF_000814125.3_ASM81412v3	./Development/ThreeFold/data/external/Enterobacter/GCF_000814125.3_ASM81412v3_genomic.fna.gz
GCF_001729725.1	PRJNA224116	SAMN05581751	na	na	na	assembly from type material	299766	158836	Enterobacter hormaechei subsp. steigerwaltii	strain=DSM 16691	na	latest	Complete Genome	Major	Full	2016-09-16	ASM172972v1		GCA_001729725.1	identical	https://ftp.ncbi.nlm.nih.gov/genomes/all/GCF/001/729/725/GCF_001729725.1_ASM172972v1	./Development/ThreeFold/data/external/Enterobacter/GCF_001729725.1_ASM172972v1_genomic.fna.gz
GCF_007556795.1	PRJNA224116	SAMN12306076	na	na	na	na	299766	158836	Enterobacter hormaechei subsp. steigerwaltii	strain=ME-1	na	latest	Complete Genome	Major	Full	2019-07-27	ASM755679v1		GCA_007556795.1	identical	https://ftp.ncbi.nlm.nih.gov/genomes/all/GCF/007/556/795/GCF_007556795.1_ASM755679v1	./Development/ThreeFold/data/external/Enterobacter/GCF_007556795.1_ASM755679v1_genomic.fna.gz
GCF_015535675.1	PRJNA224116	SAMN16233514	na	na	na	na	299766	158836	Enterobacter hormaechei subsp. steigerwaltii	strain=BD-50-Eh	na	latest	Complete Genome	Major	Full	2020-11-17	ASM1553567v1		GCA_015535675.1	identical	https://ftp.ncbi.nlm.nih.gov/genomes/all/GCF/015/535/675/GCF_015535675.1_ASM1553567v1	./Development/ThreeFold/data/external/Enterobacter/GCF_015535675.1_ASM1553567v1_genomic.fna.gz
GCF_019355415.1	PRJNA224116	SAMN14142282	na	na	na	na	299766	158836	Enterobacter hormaechei subsp. steigerwaltii	strain=08-175	na	latest	Complete Genome	Major	Full	2021-07-27	ASM1935541v1		GCA_019355415.1	identical	https://ftp.ncbi.nlm.nih.gov/genomes/all/GCF/019/355/415/GCF_019355415.1_ASM1935541v1	./Development/ThreeFold/data/external/Enterobacter/GCF_019355415.1_ASM1935541v1_genomic.fna.gz
GCF_023023665.1	PRJNA224116	SAMN21379550	na	na	na	na	299766	158836	Enterobacter hormaechei subsp. steigerwaltii	strain=14269-yvys	na	latest	Complete Genome	Major	Full	2022-04-18	ASM2302366v1		GCA_023023665.1	identical	https://ftp.ncbi.nlm.nih.gov/genomes/all/GCF/023/023/665/GCF_023023665.1_ASM2302366v1	./Development/ThreeFold/data/external/Enterobacter/GCF_023023665.1_ASM2302366v1_genomic.fna.gz
GCF_024218835.1	PRJNA224116	SAMN24667500	na	na	na	na	299766	158836	Enterobacter hormaechei subsp. steigerwaltii	strain=VKH10	na	latest	Complete Genome	Major	Full	2022-07-12	ASM2421883v1		GCA_024218835.1	identical	https://ftp.ncbi.nlm.nih.gov/genomes/all/GCF/024/218/835/GCF_024218835.1_ASM2421883v1	./Development/ThreeFold/data/external/Enterobacter/GCF_024218835.1_ASM2421883v1_genomic.fna.gz
GCF_025244885.1	PRJNA224116	SAMN30697279	na	na	na	na	299766	158836	Enterobacter hormaechei subsp. steigerwaltii	strain=JT.WLB1A	na	latest	Complete Genome	Major	Full	2022-09-18	ASM2524488v1		GCA_025244885.1	identical	https://ftp.ncbi.nlm.nih.gov/genomes/all/GCF/025/244/885/GCF_025244885.1_ASM2524488v1	./Development/ThreeFold/data/external/Enterobacter/GCF_025244885.1_ASM2524488v1_genomic.fna.gz
GCF_025311535.1	PRJNA224116	SAMN30695413	na	na	na	na	299766	158836	Enterobacter hormaechei subsp. steigerwaltii	strain=colR	na	latest	Complete Genome	Major	Full	2022-09-20	ASM2531153v1		GCA_025311535.1	identical	https://ftp.ncbi.nlm.nih.gov/genomes/all/GCF/025/311/535/GCF_025311535.1_ASM2531153v1	./Development/ThreeFold/data/external/Enterobacter/GCF_025311535.1_ASM2531153v1_genomic.fna.gz
GCF_025311555.1	PRJNA224116	SAMN30695412	na	na	na	na	299766	158836	Enterobacter hormaechei subsp. steigerwaltii	strain=csa13R	na	latest	Complete Genome	Major	Full	2022-09-20	ASM2531155v1		GCA_025311555.1	identical	https://ftp.ncbi.nlm.nih.gov/genomes/all/GCF/025/311/555/GCF_025311555.1_ASM2531155v1	./Development/ThreeFold/data/external/Enterobacter/GCF_025311555.1_ASM2531155v1_genomic.fna.gz
GCF_025311595.1	PRJNA224116	SAMN30695411	na	na	na	na	299766	158836	Enterobacter hormaechei subsp. steigerwaltii	strain=4236	na	latest	Complete Genome	Major	Full	2022-09-20	ASM2531159v1		GCA_025311595.1	identical	https://ftp.ncbi.nlm.nih.gov/genomes/all/GCF/025/311/595/GCF_025311595.1_ASM2531159v1	./Development/ThreeFold/data/external/Enterobacter/GCF_025311595.1_ASM2531159v1_genomic.fna.gz
GCF_027920365.1	PRJNA224116	SAMN32541572	na	na	na	na	299766	158836	Enterobacter hormaechei subsp. steigerwaltii	strain=WYTS.MG41	na	latest	Complete Genome	Major	Full	2023-01-19	ASM2792036v1		GCA_027920365.1	identical	https://ftp.ncbi.nlm.nih.gov/genomes/all/GCF/027/920/365/GCF_027920365.1_ASM2792036v1	./Development/ThreeFold/data/external/Enterobacter/GCF_027920365.1_ASM2792036v1_genomic.fna.gz
GCF_900322715.1	PRJNA224116	SAMEA104700146	na	na	na	na	299766	158836	Enterobacter hormaechei subsp. steigerwaltii	na	C309	latest	Complete Genome	Major	Full	2018-03-23	C309		GCA_900322715.1	identical	https://ftp.ncbi.nlm.nih.gov/genomes/all/GCF/900/322/715/GCF_900322715.1_C309	./Development/ThreeFold/data/external/Enterobacter/GCF_900322715.1_C309_genomic.fna.gz
GCF_000239975.1	PRJNA224116	SAMN02604307	na	na	na	na	299767	299767	Enterobacter ludwigii	strain=EcWSU1	na	latest	Complete Genome	Major	Full	2011-12-23	ASM23997v1		GCA_000239975.1	identical	https://ftp.ncbi.nlm.nih.gov/genomes/all/GCF/000/239/975/GCF_000239975.1_ASM23997v1	./Development/ThreeFold/data/external/Enterobacter/GCF_000239975.1_ASM23997v1_genomic.fna.gz
GCF_000512375.1	PRJNA224116	SAMN02641647	na	na	na	na	299767	299767	Enterobacter ludwigii	strain=P101	na	latest	Complete Genome	Major	Full	2013-12-31	ASM51237v1		GCA_000512375.1	identical	https://ftp.ncbi.nlm.nih.gov/genomes/all/GCF/000/512/375/GCF_000512375.1_ASM51237v1	./Development/ThreeFold/data/external/Enterobacter/GCF_000512375.1_ASM51237v1_genomic.fna.gz
GCF_001029645.1	PRJNA224116	SAMN03743787	na	na	na	na	299767	299767	Enterobacter ludwigii	strain=UW5	na	latest	Complete Genome	Major	Full	2015-06-19	ASM102964v1		GCA_001029645.1	identical	https://ftp.ncbi.nlm.nih.gov/genomes/all/GCF/001/029/645/GCF_001029645.1_ASM102964v1	./Development/ThreeFold/data/external/Enterobacter/GCF_001029645.1_ASM102964v1_genomic.fna.gz
GCF_001750725.1	PRJNA224116	SAMN05787341	na	na	reference genome	assembly from type material	299767	299767	Enterobacter ludwigii	strain=EN-119	na	latest	Complete Genome	Major	Full	2016-10-03	ASM175072v1		GCA_001750725.1	identical	https://ftp.ncbi.nlm.nih.gov/genomes/all/GCF/001/750/725/GCF_001750725.1_ASM175072v1	./Development/ThreeFold/data/external/Enterobacter/GCF_001750725.1_ASM175072v1_genomic.fna.gz
GCF_002025685.1	PRJNA224116	SAMN06130962	na	na	na	na	299767	299767	Enterobacter ludwigii	strain=AA4	na	latest	Complete Genome	Major	Full	2017-03-13	ASM202568v1		GCA_002025685.1	identical	https://ftp.ncbi.nlm.nih.gov/genomes/all/GCF/002/025/685/GCF_002025685.1_ASM202568v1	./Development/ThreeFold/data/external/Enterobacter/GCF_002025685.1_ASM202568v1_genomic.fna.gz
GCF_005518115.1	PRJNA224116	SAMN11415570	na	na	na	na	299767	299767	Enterobacter ludwigii	strain=JP6	na	latest	Complete Genome	Major	Full	2019-05-20	ASM551811v1		GCA_005518115.1	identical	https://ftp.ncbi.nlm.nih.gov/genomes/all/GCF/005/518/115/GCF_005518115.1_ASM551811v1	./Development/ThreeFold/data/external/Enterobacter/GCF_005518115.1_ASM551811v1_genomic.fna.gz
GCF_005848825.1	PRJNA224116	SAMN11415807	na	na	na	na	299767	299767	Enterobacter ludwigii	strain=JP9	Tobacco rhizosphere soil	latest	Complete Genome	Major	Full	2019-05-27	ASM584882v1		GCA_005848825.1	identical	https://ftp.ncbi.nlm.nih.gov/genomes/all/GCF/005/848/825/GCF_005848825.1_ASM584882v1	./Development/ThreeFold/data/external/Enterobacter/GCF_005848825.1_ASM584882v1_genomic.fna.gz
GCF_005890075.1	PRJNA224116	SAMN11415809	na	na	na	na	299767	299767	Enterobacter ludwigii	strain=I42	na	latest	Complete Genome	Major	Full	2019-05-30	ASM589007v1		GCA_005890075.1	identical	https://ftp.ncbi.nlm.nih.gov/genomes/all/GCF/005/890/075/GCF_005890075.1_ASM589007v1	./Development/ThreeFold/data/external/Enterobacter/GCF_005890075.1_ASM589007v1_genomic.fna.gz
GCF_006385915.1	PRJNA224116	SAMN12026966	na	na	na	na	299767	299767	Enterobacter ludwigii	strain=I140	na	latest	Complete Genome	Major	Full	2019-06-24	ASM638591v1		GCA_006385915.1	identical	https://ftp.ncbi.nlm.nih.gov/genomes/all/GCF/006/385/915/GCF_006385915.1_ASM638591v1	./Development/ThreeFold/data/external/Enterobacter/GCF_006385915.1_ASM638591v1_genomic.fna.gz
GCF_013375975.1	PRJNA224116	SAMN15300311	na	na	na	na	299767	299767	Enterobacter ludwigii	strain=D42-sc-1712201	na	latest	Complete Genome	Major	Full	2020-06-29	ASM1337597v1		GCA_013375975.1	identical	https://ftp.ncbi.nlm.nih.gov/genomes/all/GCF/013/375/975/GCF_013375975.1_ASM1337597v1	./Development/ThreeFold/data/external/Enterobacter/GCF_013375975.1_ASM1337597v1_genomic.fna.gz
GCF_019047005.1	PRJNA224116	SAMN16357578	na	na	na	assembly from type material	299767	299767	Enterobacter ludwigii	strain=FDAARGOS 1436	na	latest	Complete Genome	Major	Full	2021-06-28	ASM1904700v1		GCA_019047005.1	identical	https://ftp.ncbi.nlm.nih.gov/genomes/all/GCF/019/047/005/GCF_019047005.1_ASM1904700v1	./Development/ThreeFold/data/external/Enterobacter/GCF_019047005.1_ASM1904700v1_genomic.fna.gz
GCF_019930965.1	PRJNA224116	SAMN20888892	na	na	na	na	299767	299767	Enterobacter ludwigii	strain=FDAARGOS_1475	na	latest	Complete Genome	Major	Full	2021-09-12	ASM1993096v1		GCA_019930965.1	identical	https://ftp.ncbi.nlm.nih.gov/genomes/all/GCF/019/930/965/GCF_019930965.1_ASM1993096v1	./Development/ThreeFold/data/external/Enterobacter/GCF_019930965.1_ASM1993096v1_genomic.fna.gz
GCF_020099215.1	PRJNA224116	SAMN21218854	na	na	na	na	299767	299767	Enterobacter ludwigii	strain=FDAARGOS_1498	na	latest	Complete Genome	Major	Full	2021-09-23	ASM2009921v1		GCA_020099215.1	identical	https://ftp.ncbi.nlm.nih.gov/genomes/all/GCF/020/099/215/GCF_020099215.1_ASM2009921v1	./Development/ThreeFold/data/external/Enterobacter/GCF_020099215.1_ASM2009921v1_genomic.fna.gz
GCF_020783215.1	PRJNA224116	SAMN22567593	na	na	na	na	299767	299767	Enterobacter ludwigii	strain=994590	na	latest	Complete Genome	Major	Full	2021-11-07	ASM2078321v1		GCA_020783215.1	identical	https://ftp.ncbi.nlm.nih.gov/genomes/all/GCF/020/783/215/GCF_020783215.1_ASM2078321v1	./Development/ThreeFold/data/external/Enterobacter/GCF_020783215.1_ASM2078321v1_genomic.fna.gz
GCF_020783235.1	PRJNA224116	SAMN22567595	na	na	na	na	299767	299767	Enterobacter ludwigii	strain=197	na	latest	Complete Genome	Major	Full	2021-11-07	ASM2078323v1		GCA_020783235.1	identical	https://ftp.ncbi.nlm.nih.gov/genomes/all/GCF/020/783/235/GCF_020783235.1_ASM2078323v1	./Development/ThreeFold/data/external/Enterobacter/GCF_020783235.1_ASM2078323v1_genomic.fna.gz
GCF_020783255.1	PRJNA224116	SAMN22567594	na	na	na	na	299767	299767	Enterobacter ludwigii	strain=196	na	latest	Complete Genome	Major	Full	2021-11-07	ASM2078325v1		GCA_020783255.1	identical	https://ftp.ncbi.nlm.nih.gov/genomes/all/GCF/020/783/255/GCF_020783255.1_ASM2078325v1	./Development/ThreeFold/data/external/Enterobacter/GCF_020783255.1_ASM2078325v1_genomic.fna.gz
GCF_022832735.1	PRJNA224116	SAMN27117998	na	na	na	na	299767	299767	Enterobacter ludwigii	strain=Sb-9	na	latest	Complete Genome	Major	Full	2022-04-07	ASM2283273v1		GCA_022832735.1	identical	https://ftp.ncbi.nlm.nih.gov/genomes/all/GCF/022/832/735/GCF_022832735.1_ASM2283273v1	./Development/ThreeFold/data/external/Enterobacter/GCF_022832735.1_ASM2283273v1_genomic.fna.gz
GCF_028198205.1	PRJNA224116	SAMN32745804	na	na	na	na	299767	299767	Enterobacter ludwigii	strain=CM-TZ4	na	latest	Complete Genome	Major	Full	2023-01-28	ASM2819820v1		GCA_028198205.1	identical	https://ftp.ncbi.nlm.nih.gov/genomes/all/GCF/028/198/205/GCF_028198205.1_ASM2819820v1	./Development/ThreeFold/data/external/Enterobacter/GCF_028198205.1_ASM2819820v1_genomic.fna.gz
GCF_029718255.1	PRJNA224116	SAMN15488597	na	na	na	na	299767	299767	Enterobacter ludwigii	strain=RHB28-E3-C01	na	latest	Complete Genome	Major	Full	2023-04-13	ASM2971825v1		GCA_029718255.1	identical	https://ftp.ncbi.nlm.nih.gov/genomes/all/GCF/029/718/255/GCF_029718255.1_ASM2971825v1	./Development/ThreeFold/data/external/Enterobacter/GCF_029718255.1_ASM2971825v1_genomic.fna.gz
GCF_029718315.1	PRJNA224116	SAMN15488591	na	na	na	na	299767	299767	Enterobacter ludwigii	strain=RHB25-E3-C07	na	latest	Complete Genome	Major	Full	2023-04-13	ASM2971831v1		GCA_029718315.1	identical	https://ftp.ncbi.nlm.nih.gov/genomes/all/GCF/029/718/315/GCF_029718315.1_ASM2971831v1	./Development/ThreeFold/data/external/Enterobacter/GCF_029718315.1_ASM2971831v1_genomic.fna.gz
GCF_029718885.1	PRJNA224116	SAMN15488648	na	na	na	na	299767	299767	Enterobacter ludwigii	strain=RHB43-SE-C05	na	latest	Complete Genome	Major	Full	2023-04-13	ASM2971888v1		GCA_029718885.1	identical	https://ftp.ncbi.nlm.nih.gov/genomes/all/GCF/029/718/885/GCF_029718885.1_ASM2971888v1	./Development/ThreeFold/data/external/Enterobacter/GCF_029718885.1_ASM2971888v1_genomic.fna.gz
GCF_029720995.1	PRJNA224116	SAMN15488726	na	na	na	na	299767	299767	Enterobacter ludwigii	strain=RHB47-SO-C03	na	latest	Complete Genome	Major	Full	2023-04-13	ASM2972099v1		GCA_029720995.1	identical	https://ftp.ncbi.nlm.nih.gov/genomes/all/GCF/029/720/995/GCF_029720995.1_ASM2972099v1	./Development/ThreeFold/data/external/Enterobacter/GCF_029720995.1_ASM2972099v1_genomic.fna.gz
GCF_029721015.1	PRJNA224116	SAMN15488725	na	na	na	na	299767	299767	Enterobacter ludwigii	strain=RHB47-SO-C01	na	latest	Complete Genome	Major	Full	2023-04-13	ASM2972101v1		GCA_029721015.1	identical	https://ftp.ncbi.nlm.nih.gov/genomes/all/GCF/029/721/015/GCF_029721015.1_ASM2972101v1	./Development/ThreeFold/data/external/Enterobacter/GCF_029721015.1_ASM2972101v1_genomic.fna.gz
GCF_029834565.1	PRJNA224116	SAMN34152342	na	na	na	na	299767	299767	Enterobacter ludwigii	strain=I9455333cz	na	latest	Complete Genome	Major	Full	2023-04-19	ASM2983456v1		GCA_029834565.1	identical	https://ftp.ncbi.nlm.nih.gov/genomes/all/GCF/029/834/565/GCF_029834565.1_ASM2983456v1	./Development/ThreeFold/data/external/Enterobacter/GCF_029834565.1_ASM2983456v1_genomic.fna.gz
GCF_030706805.1	PRJNA224116	SAMN32978021	na	na	na	na	299767	299767	Enterobacter ludwigii	strain=2023CK-00067	na	latest	Complete Genome	Major	Full	2023-08-10	ASM3070680v1		GCA_030706805.1	identical	https://ftp.ncbi.nlm.nih.gov/genomes/all/GCF/030/706/805/GCF_030706805.1_ASM3070680v1	./Development/ThreeFold/data/external/Enterobacter/GCF_030706805.1_ASM3070680v1_genomic.fna.gz
GCF_031851395.1	PRJNA224116	SAMN37298530	na	na	na	na	299767	299767	Enterobacter ludwigii	strain=93A:C	na	latest	Complete Genome	Major	Full	2023-09-24	ASM3185139v1		GCA_031851395.1	identical	https://ftp.ncbi.nlm.nih.gov/genomes/all/GCF/031/851/395/GCF_031851395.1_ASM3185139v1	./Development/ThreeFold/data/external/Enterobacter/GCF_031851395.1_ASM3185139v1_genomic.fna.gz
GCF_031851435.1	PRJNA224116	SAMN37298528	na	na	na	na	299767	299767	Enterobacter ludwigii	strain=09A:C	na	latest	Complete Genome	Major	Full	2023-09-24	ASM3185143v1		GCA_031851435.1	identical	https://ftp.ncbi.nlm.nih.gov/genomes/all/GCF/031/851/435/GCF_031851435.1_ASM3185143v1	./Development/ThreeFold/data/external/Enterobacter/GCF_031851435.1_ASM3185143v1_genomic.fna.gz
GCF_031851515.1	PRJNA224116	SAMN37298523	na	na	na	na	299767	299767	Enterobacter ludwigii	strain=51A:C	na	latest	Complete Genome	Major	Full	2023-09-24	ASM3185151v1		GCA_031851515.1	identical	https://ftp.ncbi.nlm.nih.gov/genomes/all/GCF/031/851/515/GCF_031851515.1_ASM3185151v1	./Development/ThreeFold/data/external/Enterobacter/GCF_031851515.1_ASM3185151v1_genomic.fna.gz
GCF_031851585.1	PRJNA224116	SAMN37298533	na	na	na	na	299767	299767	Enterobacter ludwigii	strain=99202522619	na	latest	Complete Genome	Major	Full	2023-09-24	ASM3185158v1		GCA_031851585.1	identical	https://ftp.ncbi.nlm.nih.gov/genomes/all/GCF/031/851/585/GCF_031851585.1_ASM3185158v1	./Development/ThreeFold/data/external/Enterobacter/GCF_031851585.1_ASM3185158v1_genomic.fna.gz
GCF_031851605.1	PRJNA224116	SAMN37298532	na	na	na	na	299767	299767	Enterobacter ludwigii	strain=99202523580	na	latest	Complete Genome	Major	Full	2023-09-24	ASM3185160v1		GCA_031851605.1	identical	https://ftp.ncbi.nlm.nih.gov/genomes/all/GCF/031/851/605/GCF_031851605.1_ASM3185160v1	./Development/ThreeFold/data/external/Enterobacter/GCF_031851605.1_ASM3185160v1_genomic.fna.gz
GCF_033954935.1	PRJNA224116	SAMN35741682	na	na	na	na	299767	299767	Enterobacter ludwigii	strain=21KM2472	na	latest	Complete Genome	Major	Full	2023-11-27	ASM3395493v1		GCA_033954935.1	identical	https://ftp.ncbi.nlm.nih.gov/genomes/all/GCF/033/954/935/GCF_033954935.1_ASM3395493v1	./Development/ThreeFold/data/external/Enterobacter/GCF_033954935.1_ASM3395493v1_genomic.fna.gz
GCF_035323105.1	PRJNA224116	SAMN37144499	na	na	na	na	299767	299767	Enterobacter ludwigii	strain=AG32E	na	latest	Complete Genome	Major	Full	2024-01-09	ASM3532310v1		GCA_035323105.1	identical	https://ftp.ncbi.nlm.nih.gov/genomes/all/GCF/035/323/105/GCF_035323105.1_ASM3532310v1	./Development/ThreeFold/data/external/Enterobacter/GCF_035323105.1_ASM3532310v1_genomic.fna.gz
GCF_035324935.1	PRJNA224116	SAMN37486346	na	na	na	na	299767	299767	Enterobacter ludwigii	strain=ES13E	na	latest	Complete Genome	Major	Full	2024-01-09	ASM3532493v1		GCA_035324935.1	identical	https://ftp.ncbi.nlm.nih.gov/genomes/all/GCF/035/324/935/GCF_035324935.1_ASM3532493v1	./Development/ThreeFold/data/external/Enterobacter/GCF_035324935.1_ASM3532493v1_genomic.fna.gz
GCF_036542125.1	PRJNA224116	SAMN39604747	na	na	na	na	299767	299767	Enterobacter ludwigii	strain=T977	na	latest	Complete Genome	Major	Full	2024-02-11	ASM3654212v1		GCA_036542125.1	identical	https://ftp.ncbi.nlm.nih.gov/genomes/all/GCF/036/542/125/GCF_036542125.1_ASM3654212v1	./Development/ThreeFold/data/external/Enterobacter/GCF_036542125.1_ASM3654212v1_genomic.fna.gz
GCF_041006445.1	PRJNA224116	SAMN19611296	na	na	na	na	299767	299767	Enterobacter ludwigii	strain=EL-TMU	na	latest	Complete Genome	Major	Full	2024-08-03	ASM4100644v1		GCA_041006445.1	identical	https://ftp.ncbi.nlm.nih.gov/genomes/all/GCF/041/006/445/GCF_041006445.1_ASM4100644v1	./Development/ThreeFold/data/external/Enterobacter/GCF_041006445.1_ASM4100644v1_genomic.fna.gz
GCF_041110985.1	PRJNA224116	SAMN43047201	na	na	na	na	299767	299767	Enterobacter ludwigii	strain=2024CK-01200	na	latest	Complete Genome	Major	Full	2024-09-20	2024CK-01200		GCA_041110985.2	identical	https://ftp.ncbi.nlm.nih.gov/genomes/all/GCF/041/110/985/GCF_041110985.1_2024CK-01200	./Development/ThreeFold/data/external/Enterobacter/GCF_041110985.1_2024CK-01200_genomic.fna.gz
GCF_043647335.1	PRJNA224116	SAMN44383937	na	na	na	na	299767	299767	Enterobacter ludwigii	strain=2024CK-01663	na	latest	Complete Genome	Major	Full	2024-12-06	ASM4364733v2		GCA_043647335.2	identical	https://ftp.ncbi.nlm.nih.gov/genomes/all/GCF/043/647/335/GCF_043647335.1_ASM4364733v2	./Development/ThreeFold/data/external/Enterobacter/GCF_043647335.1_ASM4364733v2_genomic.fna.gz
GCF_043974065.1	PRJNA224116	SAMN39551826	na	na	na	na	299767	299767	Enterobacter ludwigii	strain=ECC-051	na	latest	Complete Genome	Major	Full	2024-10-29	ASM4397406v1		GCA_043974065.1	identical	https://ftp.ncbi.nlm.nih.gov/genomes/all/GCF/043/974/065/GCF_043974065.1_ASM4397406v1	./Development/ThreeFold/data/external/Enterobacter/GCF_043974065.1_ASM4397406v1_genomic.fna.gz
GCF_001729705.1	PRJNA224116	SAMN05581749	na	na	na	assembly from type material	301102	158836	Enterobacter hormaechei subsp. oharae	strain=DSM 16687	na	latest	Complete Genome	Major	Full	2016-09-16	ASM172970v1		GCA_001729705.1	identical	https://ftp.ncbi.nlm.nih.gov/genomes/all/GCF/001/729/705/GCF_001729705.1_ASM172970v1	./Development/ThreeFold/data/external/Enterobacter/GCF_001729705.1_ASM172970v1_genomic.fna.gz
GCF_020097195.1	PRJNA224116	SAMN21402700	na	na	na	assembly from type material	301102	158836	Enterobacter hormaechei subsp. oharae	strain=FDAARGOS_1533	na	latest	Complete Genome	Major	Full	2021-09-23	ASM2009719v1		GCA_020097195.1	identical	https://ftp.ncbi.nlm.nih.gov/genomes/all/GCF/020/097/195/GCF_020097195.1_ASM2009719v1	./Development/ThreeFold/data/external/Enterobacter/GCF_020097195.1_ASM2009719v1_genomic.fna.gz
GCF_000814205.1	PRJNA224116	SAMN03067416	na	na	na	na	301105	158836	Enterobacter hormaechei subsp. hormaechei	strain=34983	na	latest	Complete Genome	Major	Full	2015-01-05	ASM81420v1		GCA_000814205.1	identical	https://ftp.ncbi.nlm.nih.gov/genomes/all/GCF/000/814/205/GCF_000814205.1_ASM81420v1	./Development/ThreeFold/data/external/Enterobacter/GCF_000814205.1_ASM81420v1_genomic.fna.gz
GCF_025266795.1	PRJNA224116	SAMN28865091	na	na	na	na	301105	158836	Enterobacter hormaechei subsp. hormaechei	strain=ECC33	na	latest	Complete Genome	Major	Full	2022-09-19	ASM2526679v1		GCA_025266795.1	identical	https://ftp.ncbi.nlm.nih.gov/genomes/all/GCF/025/266/795/GCF_025266795.1_ASM2526679v1	./Development/ThreeFold/data/external/Enterobacter/GCF_025266795.1_ASM2526679v1_genomic.fna.gz
GCF_031852185.1	PRJNA224116	SAMN37418113	na	na	na	na	301105	158836	Enterobacter hormaechei subsp. hormaechei	strain=Naas 2022_1	na	latest	Complete Genome	Major	Full	2023-09-24	ASM3185218v1		GCA_031852185.1	identical	https://ftp.ncbi.nlm.nih.gov/genomes/all/GCF/031/852/185/GCF_031852185.1_ASM3185218v1	./Development/ThreeFold/data/external/Enterobacter/GCF_031852185.1_ASM3185218v1_genomic.fna.gz
GCF_023023085.1	PRJNA224116	SAMN21379556	na	na	na	na	336306	550	Enterobacter cloacae subsp. cloacae	strain=12961-yvys	na	latest	Complete Genome	Major	Full	2022-04-18	ASM2302308v1		GCA_023023085.1	identical	https://ftp.ncbi.nlm.nih.gov/genomes/all/GCF/023/023/085/GCF_023023085.1_ASM2302308v1	./Development/ThreeFold/data/external/Enterobacter/GCF_023023085.1_ASM2302308v1_genomic.fna.gz
GCF_030406505.2	PRJNA224116	SAMN35795218	na	na	na	na	336306	550	Enterobacter cloacae subsp. cloacae	strain=Ecc8276_LB-HALD	na	latest	Complete Genome	Major	Full	2023-08-03	ASM3040650v2		GCA_030406505.2	identical	https://ftp.ncbi.nlm.nih.gov/genomes/all/GCF/030/406/505/GCF_030406505.2_ASM3040650v2	./Development/ThreeFold/data/external/Enterobacter/GCF_030406505.2_ASM3040650v2_genomic.fna.gz
GCF_047119245.1	PRJNA224116	SAMN36376123	na	na	na	assembly from type material	336306	550	Enterobacter cloacae subsp. cloacae	strain=ATCC 13047	na	latest	Complete Genome	Major	Full	2025-01-25	Ecl_13047_lr_galaxy		GCA_047119245.1	identical	https://ftp.ncbi.nlm.nih.gov/genomes/all/GCF/047/119/245/GCF_047119245.1_Ecl_13047_lr_galaxy	./Development/ThreeFold/data/external/Enterobacter/GCF_047119245.1_Ecl_13047_lr_galaxy_genomic.fna.gz
GCF_000016325.1	PRJNA224116	SAMN02598394	na	na	na	na	399742	399742	Enterobacter sp. 638	strain=638	na	latest	Complete Genome	Major	Full	2007-04-18	ASM1632v1		GCA_000016325.1	identical	https://ftp.ncbi.nlm.nih.gov/genomes/all/GCF/000/016/325/GCF_000016325.1_ASM1632v1	./Development/ThreeFold/data/external/Enterobacter/GCF_000016325.1_ASM1632v1_genomic.fna.gz
GCF_015708675.1	PRJNA224116	SAMN16131364	na	na	na	na	539813	539813	Enterobacter mori	strain=HSW1412	na	latest	Complete Genome	Major	Full	2020-12-01	ASM1570867v1		GCA_015708675.1	identical	https://ftp.ncbi.nlm.nih.gov/genomes/all/GCF/015/708/675/GCF_015708675.1_ASM1570867v1	./Development/ThreeFold/data/external/Enterobacter/GCF_015708675.1_ASM1570867v1_genomic.fna.gz
GCF_018638795.1	PRJNA224116	SAMN18011300	na	na	na	na	539813	539813	Enterobacter mori	strain=08-091	na	latest	Complete Genome	Major	Full	2021-06-02	ASM1863879v1		GCA_018638795.1	identical	https://ftp.ncbi.nlm.nih.gov/genomes/all/GCF/018/638/795/GCF_018638795.1_ASM1863879v1	./Development/ThreeFold/data/external/Enterobacter/GCF_018638795.1_ASM1863879v1_genomic.fna.gz
GCF_019203945.1	PRJNA224116	SAMN15184663	na	na	na	na	539813	539813	Enterobacter mori	strain=CX01	na	latest	Complete Genome	Major	Full	2021-07-13	ASM1920394v1		GCA_019203945.1	identical	https://ftp.ncbi.nlm.nih.gov/genomes/all/GCF/019/203/945/GCF_019203945.1_ASM1920394v1	./Development/ThreeFold/data/external/Enterobacter/GCF_019203945.1_ASM1920394v1_genomic.fna.gz
GCF_020494085.1	PRJNA224116	SAMN20982344	na	na	na	na	539813	539813	Enterobacter mori	strain=BC01	na	latest	Complete Genome	Major	Full	2021-10-14	ASM2049408v1		GCA_020494085.1	identical	https://ftp.ncbi.nlm.nih.gov/genomes/all/GCF/020/494/085/GCF_020494085.1_ASM2049408v1	./Development/ThreeFold/data/external/Enterobacter/GCF_020494085.1_ASM2049408v1_genomic.fna.gz
GCF_022014715.1	PRJNA224116	SAMN25390741	na	na	reference genome	na	539813	539813	Enterobacter mori	strain=ACYC.E9L	na	latest	Complete Genome	Major	Full	2022-02-06	ASM2201471v1		GCA_022014715.1	identical	https://ftp.ncbi.nlm.nih.gov/genomes/all/GCF/022/014/715/GCF_022014715.1_ASM2201471v1	./Development/ThreeFold/data/external/Enterobacter/GCF_022014715.1_ASM2201471v1_genomic.fna.gz
GCF_025244905.1	PRJNA224116	SAMN30697280	na	na	na	na	539813	539813	Enterobacter mori	strain=JT.W3M11	na	latest	Complete Genome	Major	Full	2022-09-18	ASM2524490v1		GCA_025244905.1	identical	https://ftp.ncbi.nlm.nih.gov/genomes/all/GCF/025/244/905/GCF_025244905.1_ASM2524490v1	./Development/ThreeFold/data/external/Enterobacter/GCF_025244905.1_ASM2524490v1_genomic.fna.gz
GCF_030544955.1	PRJNA224116	SAMN33277635	na	na	na	na	539813	539813	Enterobacter mori	strain=LgD10	na	latest	Complete Genome	Major	Full	2023-07-26	ASM3054495v1		GCA_030544955.1	identical	https://ftp.ncbi.nlm.nih.gov/genomes/all/GCF/030/544/955/GCF_030544955.1_ASM3054495v1	./Development/ThreeFold/data/external/Enterobacter/GCF_030544955.1_ASM3054495v1_genomic.fna.gz
GCF_043973405.1	PRJNA224116	SAMN39551820	na	na	na	na	539813	539813	Enterobacter mori	strain=ECC-007	na	latest	Complete Genome	Major	Full	2024-10-29	ASM4397340v1		GCA_043973405.1	identical	https://ftp.ncbi.nlm.nih.gov/genomes/all/GCF/043/973/405/GCF_043973405.1_ASM4397340v1	./Development/ThreeFold/data/external/Enterobacter/GCF_043973405.1_ASM4397340v1_genomic.fna.gz
GCF_000025565.1	PRJNA224116	SAMN02603901	na	na	na	assembly from type material	716541	550	Enterobacter cloacae subsp. cloacae ATCC 13047	strain=ATCC 13047	na	latest	Complete Genome	Major	Full	2010-04-23	ASM2556v1		GCA_000025565.1	identical	https://ftp.ncbi.nlm.nih.gov/genomes/all/GCF/000/025/565/GCF_000025565.1_ASM2556v1	./Development/ThreeFold/data/external/Enterobacter/GCF_000025565.1_ASM2556v1_genomic.fna.gz
GCF_004804375.1	PRJNA224116	SAMN11349924	na	na	na	na	881260	881260	Enterobacter bugandensis	strain=220	na	latest	Complete Genome	Major	Full	2019-04-23	ASM480437v1		GCA_004804375.1	identical	https://ftp.ncbi.nlm.nih.gov/genomes/all/GCF/004/804/375/GCF_004804375.1_ASM480437v1	./Development/ThreeFold/data/external/Enterobacter/GCF_004804375.1_ASM480437v1_genomic.fna.gz
GCF_004804395.1	PRJNA224116	SAMN11349925	na	na	na	na	881260	881260	Enterobacter bugandensis	strain=1367	na	latest	Complete Genome	Major	Full	2019-04-23	ASM480439v1		GCA_004804395.1	identical	https://ftp.ncbi.nlm.nih.gov/genomes/all/GCF/004/804/395/GCF_004804395.1_ASM480439v1	./Development/ThreeFold/data/external/Enterobacter/GCF_004804395.1_ASM480439v1_genomic.fna.gz
GCF_015137655.1	PRJNA224116	SAMD00195975	na	na	na	na	881260	881260	Enterobacter bugandensis	strain=STN0717-56	na	latest	Complete Genome	Major	Full	2020-10-08	ASM1513765v1		GCA_015137655.1	identical	https://ftp.ncbi.nlm.nih.gov/genomes/all/GCF/015/137/655/GCF_015137655.1_ASM1513765v1	./Development/ThreeFold/data/external/Enterobacter/GCF_015137655.1_ASM1513765v1_genomic.fna.gz
GCF_019046905.1	PRJNA224116	SAMN16357569	na	na	na	assembly from type material	881260	881260	Enterobacter bugandensis	strain=FDAARGOS 1427	na	latest	Complete Genome	Major	Full	2021-06-28	ASM1904690v1		GCA_019046905.1	identical	https://ftp.ncbi.nlm.nih.gov/genomes/all/GCF/019/046/905/GCF_019046905.1_ASM1904690v1	./Development/ThreeFold/data/external/Enterobacter/GCF_019046905.1_ASM1904690v1_genomic.fna.gz
GCF_020042625.1	PRJNA224116	SAMN21366797	na	na	na	na	881260	881260	Enterobacter bugandensis	strain=XL95	na	latest	Complete Genome	Major	Full	2021-09-20	ASM2004262v1		GCA_020042625.1	identical	https://ftp.ncbi.nlm.nih.gov/genomes/all/GCF/020/042/625/GCF_020042625.1_ASM2004262v1	./Development/ThreeFold/data/external/Enterobacter/GCF_020042625.1_ASM2004262v1_genomic.fna.gz
GCF_020097235.1	PRJNA224116	SAMN21218876	na	na	na	na	881260	881260	Enterobacter bugandensis	strain=FDAARGOS_1520	na	latest	Complete Genome	Major	Full	2021-09-23	ASM2009723v1		GCA_020097235.1	identical	https://ftp.ncbi.nlm.nih.gov/genomes/all/GCF/020/097/235/GCF_020097235.1_ASM2009723v1	./Development/ThreeFold/data/external/Enterobacter/GCF_020097235.1_ASM2009723v1_genomic.fna.gz
GCF_020099235.1	PRJNA224116	SAMN21218853	na	na	na	na	881260	881260	Enterobacter bugandensis	strain=FDAARGOS_1497	na	latest	Complete Genome	Major	Full	2021-09-23	ASM2009923v1		GCA_020099235.1	identical	https://ftp.ncbi.nlm.nih.gov/genomes/all/GCF/020/099/235/GCF_020099235.1_ASM2009923v1	./Development/ThreeFold/data/external/Enterobacter/GCF_020099235.1_ASM2009923v1_genomic.fna.gz
GCF_020099255.1	PRJNA224116	SAMN21218852	na	na	na	na	881260	881260	Enterobacter bugandensis	strain=FDAARGOS_1496	na	latest	Complete Genome	Major	Full	2021-09-23	ASM2009925v1		GCA_020099255.1	identical	https://ftp.ncbi.nlm.nih.gov/genomes/all/GCF/020/099/255/GCF_020099255.1_ASM2009925v1	./Development/ThreeFold/data/external/Enterobacter/GCF_020099255.1_ASM2009925v1_genomic.fna.gz
GCF_023374275.1	PRJNA224116	SAMN27966081	na	na	na	na	881260	881260	Enterobacter bugandensis	strain=CMCC(B)45301	na	latest	Complete Genome	Major	Full	2022-05-16	ASM2337427v1		GCA_023374275.1	identical	https://ftp.ncbi.nlm.nih.gov/genomes/all/GCF/023/374/275/GCF_023374275.1_ASM2337427v1	./Development/ThreeFold/data/external/Enterobacter/GCF_023374275.1_ASM2337427v1_genomic.fna.gz
GCF_031216605.1	PRJNA224116	SAMN31713467	na	na	na	na	881260	881260	Enterobacter bugandensis	strain=E105227	na	latest	Complete Genome	Major	Full	2023-09-06	ASM3121660v1		GCA_031216605.1	identical	https://ftp.ncbi.nlm.nih.gov/genomes/all/GCF/031/216/605/GCF_031216605.1_ASM3121660v1	./Development/ThreeFold/data/external/Enterobacter/GCF_031216605.1_ASM3121660v1_genomic.fna.gz
GCF_031218175.1	PRJNA224116	SAMN31713468	na	na	na	na	881260	881260	Enterobacter bugandensis	strain=E104107	na	latest	Complete Genome	Major	Full	2023-09-06	ASM3121817v1		GCA_031218175.1	identical	https://ftp.ncbi.nlm.nih.gov/genomes/all/GCF/031/218/175/GCF_031218175.1_ASM3121817v1	./Development/ThreeFold/data/external/Enterobacter/GCF_031218175.1_ASM3121817v1_genomic.fna.gz
GCF_031851455.1	PRJNA224116	SAMN37298527	na	na	na	na	881260	881260	Enterobacter bugandensis	strain=31A:C	na	latest	Complete Genome	Major	Full	2023-09-24	ASM3185145v1		GCA_031851455.1	identical	https://ftp.ncbi.nlm.nih.gov/genomes/all/GCF/031/851/455/GCF_031851455.1_ASM3185145v1	./Development/ThreeFold/data/external/Enterobacter/GCF_031851455.1_ASM3185145v1_genomic.fna.gz
GCF_035658275.1	PRJNA224116	SAMN39246787	na	na	na	na	881260	881260	Enterobacter bugandensis	strain=Eltt.P1	na	latest	Complete Genome	Major	Full	2024-01-15	ASM3565827v1		GCA_035658275.1	identical	https://ftp.ncbi.nlm.nih.gov/genomes/all/GCF/035/658/275/GCF_035658275.1_ASM3565827v1	./Development/ThreeFold/data/external/Enterobacter/GCF_035658275.1_ASM3565827v1_genomic.fna.gz
GCF_035847925.1	PRJNA224116	SAMN39216373	na	na	na	na	881260	881260	Enterobacter bugandensis	strain=H4	na	latest	Complete Genome	Major	Full	2024-01-18	ASM3584792v1		GCA_035847925.1	identical	https://ftp.ncbi.nlm.nih.gov/genomes/all/GCF/035/847/925/GCF_035847925.1_ASM3584792v1	./Development/ThreeFold/data/external/Enterobacter/GCF_035847925.1_ASM3584792v1_genomic.fna.gz
GCF_037008725.1	PRJNA224116	SAMN40254327	na	na	na	na	881260	881260	Enterobacter bugandensis	strain=2024CK-00251	na	latest	Complete Genome	Major	Full	2024-11-02	ASM3700872v2		GCA_037008725.2	identical	https://ftp.ncbi.nlm.nih.gov/genomes/all/GCF/037/008/725/GCF_037008725.1_ASM3700872v2	./Development/ThreeFold/data/external/Enterobacter/GCF_037008725.1_ASM3700872v2_genomic.fna.gz
GCF_037008945.1	PRJNA224116	SAMN40254320	na	na	na	na	881260	881260	Enterobacter bugandensis	strain=2024CK-00243	na	latest	Complete Genome	Major	Full	2024-04-06	ASM3700894v2		GCA_037008945.2	identical	https://ftp.ncbi.nlm.nih.gov/genomes/all/GCF/037/008/945/GCF_037008945.1_ASM3700894v2	./Development/ThreeFold/data/external/Enterobacter/GCF_037008945.1_ASM3700894v2_genomic.fna.gz
GCF_043966825.1	PRJNA224116	SAMN39551853	na	na	na	na	881260	881260	Enterobacter bugandensis	strain=ECC-209	na	latest	Complete Genome	Major	Full	2024-10-29	ASM4396682v1		GCA_043966825.1	identical	https://ftp.ncbi.nlm.nih.gov/genomes/all/GCF/043/966/825/GCF_043966825.1_ASM4396682v1	./Development/ThreeFold/data/external/Enterobacter/GCF_043966825.1_ASM4396682v1_genomic.fna.gz
GCF_043967505.1	PRJNA224116	SAMN39551851	na	na	na	na	881260	881260	Enterobacter bugandensis	strain=ECC-190	na	latest	Complete Genome	Major	Full	2024-10-29	ASM4396750v1		GCA_043967505.1	identical	https://ftp.ncbi.nlm.nih.gov/genomes/all/GCF/043/967/505/GCF_043967505.1_ASM4396750v1	./Development/ThreeFold/data/external/Enterobacter/GCF_043967505.1_ASM4396750v1_genomic.fna.gz
GCF_043970685.1	PRJNA224116	SAMN39551837	na	na	na	na	881260	881260	Enterobacter bugandensis	strain=ECC-105	na	latest	Complete Genome	Major	Full	2024-10-29	ASM4397068v1		GCA_043970685.1	identical	https://ftp.ncbi.nlm.nih.gov/genomes/all/GCF/043/970/685/GCF_043970685.1_ASM4397068v1	./Development/ThreeFold/data/external/Enterobacter/GCF_043970685.1_ASM4397068v1_genomic.fna.gz
GCF_043971365.1	PRJNA224116	SAMN39551833	na	na	na	na	881260	881260	Enterobacter bugandensis	strain=ECC-097	na	latest	Complete Genome	Major	Full	2024-10-29	ASM4397136v1		GCA_043971365.1	identical	https://ftp.ncbi.nlm.nih.gov/genomes/all/GCF/043/971/365/GCF_043971365.1_ASM4397136v1	./Development/ThreeFold/data/external/Enterobacter/GCF_043971365.1_ASM4397136v1_genomic.fna.gz
GCF_043972025.1	PRJNA224116	SAMN39551831	na	na	na	na	881260	881260	Enterobacter bugandensis	strain=ECC-090	na	latest	Complete Genome	Major	Full	2024-10-29	ASM4397202v1		GCA_043972025.1	identical	https://ftp.ncbi.nlm.nih.gov/genomes/all/GCF/043/972/025/GCF_043972025.1_ASM4397202v1	./Development/ThreeFold/data/external/Enterobacter/GCF_043972025.1_ASM4397202v1_genomic.fna.gz
GCF_900324475.1	PRJNA224116	SAMEA104711314	na	na	reference genome	assembly from type material	881260	881260	Enterobacter bugandensis	na	EB-247	latest	Complete Genome	Major	Full	2018-04-04	EB-247		GCA_900324475.1	identical	https://ftp.ncbi.nlm.nih.gov/genomes/all/GCF/900/324/475/GCF_900324475.1_EB-247	./Development/ThreeFold/data/external/Enterobacter/GCF_900324475.1_EB-247_genomic.fna.gz
GCF_000224675.1	PRJNA224116	SAMN02232020	na	na	reference genome	na	885040	885040	Enterobacter soli	strain=LF7a	na	latest	Complete Genome	Major	Full	2011-08-30	ASM22467v1		GCA_000224675.1	identical	https://ftp.ncbi.nlm.nih.gov/genomes/all/GCF/000/224/675/GCF_000224675.1_ASM22467v1	./Development/ThreeFold/data/external/Enterobacter/GCF_000224675.1_ASM22467v1_genomic.fna.gz
GCF_043970025.1	PRJNA224116	SAMN39551839	na	na	na	na	885040	885040	Enterobacter soli	strain=ECC-115	na	latest	Complete Genome	Major	Full	2024-10-29	ASM4397002v1		GCA_043970025.1	identical	https://ftp.ncbi.nlm.nih.gov/genomes/all/GCF/043/970/025/GCF_043970025.1_ASM4397002v1	./Development/ThreeFold/data/external/Enterobacter/GCF_043970025.1_ASM4397002v1_genomic.fna.gz
GCF_000235765.1	PRJNA224116	SAMN02603521	na	na	na	na	1104326	550	Enterobacter cloacae subsp. dissolvens SDM	strain=SDM	na	latest	Complete Genome	Major	Full	2012-06-20	ASM23576v3		GCA_000235765.3	identical	https://ftp.ncbi.nlm.nih.gov/genomes/all/GCF/000/235/765/GCF_000235765.1_ASM23576v3	./Development/ThreeFold/data/external/Enterobacter/GCF_000235765.1_ASM23576v3_genomic.fna.gz
GCF_000410515.1	PRJNA224116	SAMN02603907	na	na	na	na	1166130	1166130	Enterobacter sp. R4-368	strain=R4-368	na	latest	Complete Genome	Major	Full	2013-06-11	ASM41051v1		GCA_000410515.1	identical	https://ftp.ncbi.nlm.nih.gov/genomes/all/GCF/000/410/515/GCF_000410515.1_ASM41051v1	./Development/ThreeFold/data/external/Enterobacter/GCF_000410515.1_ASM41051v1_genomic.fna.gz
GCF_000807405.2	PRJNA224116	SAMN03067415	na	na	na	na	1296536	158836	Enterobacter hormaechei subsp. xiangfangensis	strain=34978	na	latest	Complete Genome	Major	Full	2015-08-18	ASM80740v4		GCA_000807405.4	identical	https://ftp.ncbi.nlm.nih.gov/genomes/all/GCF/000/807/405/GCF_000807405.2_ASM80740v4	./Development/ThreeFold/data/external/Enterobacter/GCF_000807405.2_ASM80740v4_genomic.fna.gz
GCF_000814225.1	PRJNA224116	SAMN03067418	na	na	na	na	1296536	158836	Enterobacter hormaechei subsp. xiangfangensis	strain=34399	na	latest	Complete Genome	Major	Full	2015-01-05	ASM81422v1		GCA_000814225.1	identical	https://ftp.ncbi.nlm.nih.gov/genomes/all/GCF/000/814/225/GCF_000814225.1_ASM81422v1	./Development/ThreeFold/data/external/Enterobacter/GCF_000814225.1_ASM81422v1_genomic.fna.gz
GCF_001729785.1	PRJNA224116	SAMN05581746	na	na	na	assembly from type material	1296536	158836	Enterobacter hormaechei subsp. xiangfangensis	strain=LMG27195	na	latest	Complete Genome	Major	Full	2016-09-16	ASM172978v1		GCA_001729785.1	identical	https://ftp.ncbi.nlm.nih.gov/genomes/all/GCF/001/729/785/GCF_001729785.1_ASM172978v1	./Development/ThreeFold/data/external/Enterobacter/GCF_001729785.1_ASM172978v1_genomic.fna.gz
GCF_003254805.1	PRJNA224116	SAMN09389154	na	na	na	na	1296536	158836	Enterobacter hormaechei subsp. xiangfangensis	strain=Pb204	na	latest	Complete Genome	Major	Full	2018-06-19	ASM325480v1		GCA_003254805.1	identical	https://ftp.ncbi.nlm.nih.gov/genomes/all/GCF/003/254/805/GCF_003254805.1_ASM325480v1	./Development/ThreeFold/data/external/Enterobacter/GCF_003254805.1_ASM325480v1_genomic.fna.gz
GCF_003382725.1	PRJNA224116	SAMN09071586	na	na	na	na	1296536	158836	Enterobacter hormaechei subsp. xiangfangensis	strain=OSUVMCKPC4-2	na	latest	Complete Genome	Major	Full	2018-08-13	ASM338272v1		GCA_003382725.1	identical	https://ftp.ncbi.nlm.nih.gov/genomes/all/GCF/003/382/725/GCF_003382725.1_ASM338272v1	./Development/ThreeFold/data/external/Enterobacter/GCF_003382725.1_ASM338272v1_genomic.fna.gz
GCF_003586025.1	PRJNA224116	SAMN07988874	na	na	na	na	1296536	158836	Enterobacter hormaechei subsp. xiangfangensis	strain=OSUKPC4_L	na	latest	Complete Genome	Major	Full	2018-06-06	ASM358602v1		GCA_003586025.1	identical	https://ftp.ncbi.nlm.nih.gov/genomes/all/GCF/003/586/025/GCF_003586025.1_ASM358602v1	./Development/ThreeFold/data/external/Enterobacter/GCF_003586025.1_ASM358602v1_genomic.fna.gz
GCF_003964795.2	PRJNA224116	SAMN10525000	na	na	na	na	1296536	158836	Enterobacter hormaechei subsp. xiangfangensis	strain=WCHEX045001	na	latest	Complete Genome	Major	Full	2019-09-03	ASM396479v2		GCA_003964795.2	identical	https://ftp.ncbi.nlm.nih.gov/genomes/all/GCF/003/964/795/GCF_003964795.2_ASM396479v2	./Development/ThreeFold/data/external/Enterobacter/GCF_003964795.2_ASM396479v2_genomic.fna.gz
GCF_014931695.1	PRJNA224116	SAMN14828832	na	na	na	na	1296536	158836	Enterobacter hormaechei subsp. xiangfangensis	strain=Ec61	na	latest	Complete Genome	Major	Full	2020-10-26	ASM1493169v1		GCA_014931695.1	identical	https://ftp.ncbi.nlm.nih.gov/genomes/all/GCF/014/931/695/GCF_014931695.1_ASM1493169v1	./Development/ThreeFold/data/external/Enterobacter/GCF_014931695.1_ASM1493169v1_genomic.fna.gz
GCF_022376815.1	PRJNA224116	SAMN17117771	na	na	na	na	1296536	158836	Enterobacter hormaechei subsp. xiangfangensis	strain=OSUCZKPC4-140	na	latest	Complete Genome	Major	Full	2022-02-23	ASM2237681v1		GCA_022376815.1	identical	https://ftp.ncbi.nlm.nih.gov/genomes/all/GCF/022/376/815/GCF_022376815.1_ASM2237681v1	./Development/ThreeFold/data/external/Enterobacter/GCF_022376815.1_ASM2237681v1_genomic.fna.gz
GCF_024585325.1	PRJNA224116	SAMN28200646	na	na	na	na	1296536	158836	Enterobacter hormaechei subsp. xiangfangensis	strain=va18651	na	latest	Complete Genome	Major	Full	2022-08-08	ASM2458532v1		GCA_024585325.1	identical	https://ftp.ncbi.nlm.nih.gov/genomes/all/GCF/024/585/325/GCF_024585325.1_ASM2458532v1	./Development/ThreeFold/data/external/Enterobacter/GCF_024585325.1_ASM2458532v1_genomic.fna.gz
GCF_026109755.1	PRJNA224116	SAMN27409789	na	na	na	na	1296536	158836	Enterobacter hormaechei subsp. xiangfangensis	strain=HD8642	na	latest	Complete Genome	Major	Full	2022-11-09	ASM2610975v1		GCA_026109755.1	identical	https://ftp.ncbi.nlm.nih.gov/genomes/all/GCF/026/109/755/GCF_026109755.1_ASM2610975v1	./Development/ThreeFold/data/external/Enterobacter/GCF_026109755.1_ASM2610975v1_genomic.fna.gz
GCF_028752775.1	PRJNA224116	SAMN21522362	na	na	na	na	1296536	158836	Enterobacter hormaechei subsp. xiangfangensis	strain=MDCL 3	na	latest	Complete Genome	Major	Full	2023-02-21	ASM2875277v1		GCA_028752775.1	identical	https://ftp.ncbi.nlm.nih.gov/genomes/all/GCF/028/752/775/GCF_028752775.1_ASM2875277v1	./Development/ThreeFold/data/external/Enterobacter/GCF_028752775.1_ASM2875277v1_genomic.fna.gz
GCF_029639565.1	PRJNA224116	SAMN34062071	na	na	na	na	1296536	158836	Enterobacter hormaechei subsp. xiangfangensis	strain=F81Y	na	latest	Complete Genome	Major	Full	2023-04-10	ASM2963956v1		GCA_029639565.1	identical	https://ftp.ncbi.nlm.nih.gov/genomes/all/GCF/029/639/565/GCF_029639565.1_ASM2963956v1	./Development/ThreeFold/data/external/Enterobacter/GCF_029639565.1_ASM2963956v1_genomic.fna.gz
GCF_030062075.1	PRJNA224116	SAMN26810699	na	na	na	na	1296536	158836	Enterobacter hormaechei subsp. xiangfangensis	strain=CNCI 7	na	latest	Complete Genome	Major	Full	2023-05-22	ASM3006207v1		GCA_030062075.1	identical	https://ftp.ncbi.nlm.nih.gov/genomes/all/GCF/030/062/075/GCF_030062075.1_ASM3006207v1	./Development/ThreeFold/data/external/Enterobacter/GCF_030062075.1_ASM3006207v1_genomic.fna.gz
GCF_030486465.1	PRJNA224116	SAMN36341330	na	na	na	na	1296536	158836	Enterobacter hormaechei subsp. xiangfangensis	strain=Eh8322_LBHALD	na	latest	Complete Genome	Major	Full	2023-07-16	ASM3048646v1		GCA_030486465.1	identical	https://ftp.ncbi.nlm.nih.gov/genomes/all/GCF/030/486/465/GCF_030486465.1_ASM3048646v1	./Development/ThreeFold/data/external/Enterobacter/GCF_030486465.1_ASM3048646v1_genomic.fna.gz
GCF_032600985.1	PRJNA224116	SAMN32105454	na	na	na	na	1296536	158836	Enterobacter hormaechei subsp. xiangfangensis	strain=IPPBiotE33	na	latest	Complete Genome	Major	Full	2023-10-13	ASM3260098v1		GCA_032600985.1	identical	https://ftp.ncbi.nlm.nih.gov/genomes/all/GCF/032/600/985/GCF_032600985.1_ASM3260098v1	./Development/ThreeFold/data/external/Enterobacter/GCF_032600985.1_ASM3260098v1_genomic.fna.gz
GCF_043965205.1	PRJNA224116	SAMN39551861	na	na	na	na	1296536	158836	Enterobacter hormaechei subsp. xiangfangensis	strain=ECC-257	na	latest	Complete Genome	Major	Full	2024-10-29	ASM4396520v1		GCA_043965205.1	identical	https://ftp.ncbi.nlm.nih.gov/genomes/all/GCF/043/965/205/GCF_043965205.1_ASM4396520v1	./Development/ThreeFold/data/external/Enterobacter/GCF_043965205.1_ASM4396520v1_genomic.fna.gz
GCF_043966005.1	PRJNA224116	SAMN39551857	na	na	na	na	1296536	158836	Enterobacter hormaechei subsp. xiangfangensis	strain=ECC-239	na	latest	Complete Genome	Major	Full	2024-10-29	ASM4396600v1		GCA_043966005.1	identical	https://ftp.ncbi.nlm.nih.gov/genomes/all/GCF/043/966/005/GCF_043966005.1_ASM4396600v1	./Development/ThreeFold/data/external/Enterobacter/GCF_043966005.1_ASM4396600v1_genomic.fna.gz
GCF_043966785.1	PRJNA224116	SAMN39551855	na	na	na	na	1296536	158836	Enterobacter hormaechei subsp. xiangfangensis	strain=ECC-228	na	latest	Complete Genome	Major	Full	2024-10-29	ASM4396678v1		GCA_043966785.1	identical	https://ftp.ncbi.nlm.nih.gov/genomes/all/GCF/043/966/785/GCF_043966785.1_ASM4396678v1	./Development/ThreeFold/data/external/Enterobacter/GCF_043966785.1_ASM4396678v1_genomic.fna.gz
GCF_043967515.1	PRJNA224116	SAMN39551850	na	na	na	na	1296536	158836	Enterobacter hormaechei subsp. xiangfangensis	strain=ECC-182	na	latest	Complete Genome	Major	Full	2024-10-29	ASM4396751v1		GCA_043967515.1	identical	https://ftp.ncbi.nlm.nih.gov/genomes/all/GCF/043/967/515/GCF_043967515.1_ASM4396751v1	./Development/ThreeFold/data/external/Enterobacter/GCF_043967515.1_ASM4396751v1_genomic.fna.gz
GCF_043968005.1	PRJNA224116	SAMN39551849	na	na	na	na	1296536	158836	Enterobacter hormaechei subsp. xiangfangensis	strain=ECC-181	na	latest	Complete Genome	Major	Full	2024-10-29	ASM4396800v1		GCA_043968005.1	identical	https://ftp.ncbi.nlm.nih.gov/genomes/all/GCF/043/968/005/GCF_043968005.1_ASM4396800v1	./Development/ThreeFold/data/external/Enterobacter/GCF_043968005.1_ASM4396800v1_genomic.fna.gz
GCF_043968685.1	PRJNA224116	SAMN39551845	na	na	na	na	1296536	158836	Enterobacter hormaechei subsp. xiangfangensis	strain=ECC-162	na	latest	Complete Genome	Major	Full	2024-10-29	ASM4396868v1		GCA_043968685.1	identical	https://ftp.ncbi.nlm.nih.gov/genomes/all/GCF/043/968/685/GCF_043968685.1_ASM4396868v1	./Development/ThreeFold/data/external/Enterobacter/GCF_043968685.1_ASM4396868v1_genomic.fna.gz
GCF_043968695.1	PRJNA224116	SAMN39551844	na	na	na	na	1296536	158836	Enterobacter hormaechei subsp. xiangfangensis	strain=ECC-151	na	latest	Complete Genome	Major	Full	2024-10-29	ASM4396869v1		GCA_043968695.1	identical	https://ftp.ncbi.nlm.nih.gov/genomes/all/GCF/043/968/695/GCF_043968695.1_ASM4396869v1	./Development/ThreeFold/data/external/Enterobacter/GCF_043968695.1_ASM4396869v1_genomic.fna.gz
GCF_043970015.1	PRJNA224116	SAMN39551840	na	na	na	na	1296536	158836	Enterobacter hormaechei subsp. xiangfangensis	strain=ECC-124	na	latest	Complete Genome	Major	Full	2024-10-29	ASM4397001v1		GCA_043970015.1	identical	https://ftp.ncbi.nlm.nih.gov/genomes/all/GCF/043/970/015/GCF_043970015.1_ASM4397001v1	./Development/ThreeFold/data/external/Enterobacter/GCF_043970015.1_ASM4397001v1_genomic.fna.gz
GCF_043970035.1	PRJNA224116	SAMN39551838	na	na	na	na	1296536	158836	Enterobacter hormaechei subsp. xiangfangensis	strain=ECC-113	na	latest	Complete Genome	Major	Full	2024-10-29	ASM4397003v1		GCA_043970035.1	identical	https://ftp.ncbi.nlm.nih.gov/genomes/all/GCF/043/970/035/GCF_043970035.1_ASM4397003v1	./Development/ThreeFold/data/external/Enterobacter/GCF_043970035.1_ASM4397003v1_genomic.fna.gz
GCF_043970695.1	PRJNA224116	SAMN39551836	na	na	na	na	1296536	158836	Enterobacter hormaechei subsp. xiangfangensis	strain=ECC-103	na	latest	Complete Genome	Major	Full	2024-10-29	ASM4397069v1		GCA_043970695.1	identical	https://ftp.ncbi.nlm.nih.gov/genomes/all/GCF/043/970/695/GCF_043970695.1_ASM4397069v1	./Development/ThreeFold/data/external/Enterobacter/GCF_043970695.1_ASM4397069v1_genomic.fna.gz
GCF_043971355.1	PRJNA224116	SAMN39551834	na	na	na	na	1296536	158836	Enterobacter hormaechei subsp. xiangfangensis	strain=ECC-101	na	latest	Complete Genome	Major	Full	2024-10-29	ASM4397135v1		GCA_043971355.1	identical	https://ftp.ncbi.nlm.nih.gov/genomes/all/GCF/043/971/355/GCF_043971355.1_ASM4397135v1	./Development/ThreeFold/data/external/Enterobacter/GCF_043971355.1_ASM4397135v1_genomic.fna.gz
GCF_043972715.1	PRJNA224116	SAMN39551825	na	na	na	na	1296536	158836	Enterobacter hormaechei subsp. xiangfangensis	strain=ECC-050	na	latest	Complete Genome	Major	Full	2024-10-29	ASM4397271v1		GCA_043972715.1	identical	https://ftp.ncbi.nlm.nih.gov/genomes/all/GCF/043/972/715/GCF_043972715.1_ASM4397271v1	./Development/ThreeFold/data/external/Enterobacter/GCF_043972715.1_ASM4397271v1_genomic.fna.gz
GCF_043973385.1	PRJNA224116	SAMN39551824	na	na	na	na	1296536	158836	Enterobacter hormaechei subsp. xiangfangensis	strain=ECC-039	na	latest	Complete Genome	Major	Full	2024-10-29	ASM4397338v1		GCA_043973385.1	identical	https://ftp.ncbi.nlm.nih.gov/genomes/all/GCF/043/973/385/GCF_043973385.1_ASM4397338v1	./Development/ThreeFold/data/external/Enterobacter/GCF_043973385.1_ASM4397338v1_genomic.fna.gz
GCF_043974655.1	PRJNA224116	SAMN39551819	na	na	na	na	1296536	158836	Enterobacter hormaechei subsp. xiangfangensis	strain=ECC-005	na	latest	Complete Genome	Major	Full	2024-10-29	ASM4397465v1		GCA_043974655.1	identical	https://ftp.ncbi.nlm.nih.gov/genomes/all/GCF/043/974/655/GCF_043974655.1_ASM4397465v1	./Development/ThreeFold/data/external/Enterobacter/GCF_043974655.1_ASM4397465v1_genomic.fna.gz
GCF_045866585.1	PRJNA224116	SAMD00824839	na	na	na	na	1296536	158836	Enterobacter hormaechei subsp. xiangfangensis	strain=B12-S377	na	latest	Complete Genome	Major	Full	2024-12-11	ASM4586658v1		GCA_045866585.1	identical	https://ftp.ncbi.nlm.nih.gov/genomes/all/GCF/045/866/585/GCF_045866585.1_ASM4586658v1	./Development/ThreeFold/data/external/Enterobacter/GCF_045866585.1_ASM4586658v1_genomic.fna.gz
GCF_046097125.1	PRJNA224116	SAMN45053829	na	na	na	na	1296536	158836	Enterobacter hormaechei subsp. xiangfangensis	strain=NY3110	na	latest	Complete Genome	Major	Full	2024-12-17	ASM4609712v1		GCA_046097125.1	identical	https://ftp.ncbi.nlm.nih.gov/genomes/all/GCF/046/097/125/GCF_046097125.1_ASM4609712v1	./Development/ThreeFold/data/external/Enterobacter/GCF_046097125.1_ASM4609712v1_genomic.fna.gz
GCF_047302675.1	PRJNA224116	SAMN36399226	na	na	na	na	1296536	158836	Enterobacter hormaechei subsp. xiangfangensis	strain=HD1692	na	latest	Complete Genome	Major	Full	2025-01-30	ASM4730267v1		GCA_047302675.1	identical	https://ftp.ncbi.nlm.nih.gov/genomes/all/GCF/047/302/675/GCF_047302675.1_ASM4730267v1	./Development/ThreeFold/data/external/Enterobacter/GCF_047302675.1_ASM4730267v1_genomic.fna.gz
GCF_047302685.1	PRJNA224116	SAMN36402073	na	na	na	na	1296536	158836	Enterobacter hormaechei subsp. xiangfangensis	strain=HD4615	na	latest	Complete Genome	Major	Full	2025-01-30	ASM4730268v1		GCA_047302685.1	identical	https://ftp.ncbi.nlm.nih.gov/genomes/all/GCF/047/302/685/GCF_047302685.1_ASM4730268v1	./Development/ThreeFold/data/external/Enterobacter/GCF_047302685.1_ASM4730268v1_genomic.fna.gz
GCF_047302695.1	PRJNA224116	SAMN36468333	na	na	na	na	1296536	158836	Enterobacter hormaechei subsp. xiangfangensis	strain=HD2292	na	latest	Complete Genome	Major	Full	2025-01-30	ASM4730269v1		GCA_047302695.1	identical	https://ftp.ncbi.nlm.nih.gov/genomes/all/GCF/047/302/695/GCF_047302695.1_ASM4730269v1	./Development/ThreeFold/data/external/Enterobacter/GCF_047302695.1_ASM4730269v1_genomic.fna.gz
GCF_047302705.1	PRJNA224116	SAMN36468341	na	na	na	na	1296536	158836	Enterobacter hormaechei subsp. xiangfangensis	strain=HD2649	na	latest	Complete Genome	Major	Full	2025-01-30	ASM4730270v1		GCA_047302705.1	identical	https://ftp.ncbi.nlm.nih.gov/genomes/all/GCF/047/302/705/GCF_047302705.1_ASM4730270v1	./Development/ThreeFold/data/external/Enterobacter/GCF_047302705.1_ASM4730270v1_genomic.fna.gz
GCF_047302715.1	PRJNA224116	SAMN36399245	na	na	na	na	1296536	158836	Enterobacter hormaechei subsp. xiangfangensis	strain=HD2769	na	latest	Complete Genome	Major	Full	2025-01-30	ASM4730271v1		GCA_047302715.1	identical	https://ftp.ncbi.nlm.nih.gov/genomes/all/GCF/047/302/715/GCF_047302715.1_ASM4730271v1	./Development/ThreeFold/data/external/Enterobacter/GCF_047302715.1_ASM4730271v1_genomic.fna.gz
GCF_018075145.1	PRJNA224116	SAMN02138543	na	na	na	na	1329812	1329812	Enterobacter sp. MGH 3	strain=MGH 3	na	latest	Complete Genome	Major	Full	2021-04-19	ASM1807514v1		GCA_018075145.1	identical	https://ftp.ncbi.nlm.nih.gov/genomes/all/GCF/018/075/145/GCF_018075145.1_ASM1807514v1	./Development/ThreeFold/data/external/Enterobacter/GCF_018075145.1_ASM1807514v1_genomic.fna.gz
GCF_018075005.1	PRJNA224116	SAMN02138547	na	na	na	na	1329816	1329816	Enterobacter sp. MGH 7	strain=MGH 7	na	latest	Complete Genome	Major	Full	2021-04-19	ASM1807500v1		GCA_018075005.1	identical	https://ftp.ncbi.nlm.nih.gov/genomes/all/GCF/018/075/005/GCF_018075005.1_ASM1807500v1	./Development/ThreeFold/data/external/Enterobacter/GCF_018075005.1_ASM1807500v1_genomic.fna.gz
GCF_018074945.1	PRJNA224116	SAMN02138554	na	na	na	na	1329823	1329823	Enterobacter sp. MGH 14	strain=MGH 14	na	latest	Complete Genome	Major	Full	2021-04-19	ASM1807494v1		GCA_018074945.1	identical	https://ftp.ncbi.nlm.nih.gov/genomes/all/GCF/018/074/945/GCF_018074945.1_ASM1807494v1	./Development/ThreeFold/data/external/Enterobacter/GCF_018074945.1_ASM1807494v1_genomic.fna.gz
GCF_018075245.1	PRJNA224116	SAMN02138600	na	na	na	na	1329836	1329836	Enterobacter sp. BWH 37	strain=BWH 37	na	latest	Complete Genome	Major	Full	2021-04-19	ASM1807524v1		GCA_018075245.1	identical	https://ftp.ncbi.nlm.nih.gov/genomes/all/GCF/018/075/245/GCF_018075245.1_ASM1807524v1	./Development/ThreeFold/data/external/Enterobacter/GCF_018075245.1_ASM1807524v1_genomic.fna.gz
GCF_000750275.1	PRJNA224116	SAMN02713646	na	na	na	na	1333849	158836	Enterobacter hormaechei subsp. hoffmannii ECR091	strain=ECR091	na	latest	Complete Genome	Major	Full	2014-09-09	ASM75027v1		GCA_000750275.1	identical	https://ftp.ncbi.nlm.nih.gov/genomes/all/GCF/000/750/275/GCF_000750275.1_ASM75027v1	./Development/ThreeFold/data/external/Enterobacter/GCF_000750275.1_ASM75027v1_genomic.fna.gz
GCF_000750225.1	PRJNA224116	SAMN02713683	na	na	na	na	1333851	158836	Enterobacter hormaechei subsp. hoffmannii ECNIH3	strain=ECNIH3	na	latest	Complete Genome	Major	Full	2014-09-09	ASM75022v1		GCA_000750225.1	identical	https://ftp.ncbi.nlm.nih.gov/genomes/all/GCF/000/750/225/GCF_000750225.1_ASM75022v1	./Development/ThreeFold/data/external/Enterobacter/GCF_000750225.1_ASM75022v1_genomic.fna.gz
GCF_000632395.1	PRJNA224116	SAMN02716203	na	na	na	na	1421338	61645	Enterobacter asburiae L1	strain=L1	na	latest	Complete Genome	Major	Full	2014-04-15	ASM63239v1		GCA_000632395.1	identical	https://ftp.ncbi.nlm.nih.gov/genomes/all/GCF/000/632/395/GCF_000632395.1_ASM63239v1	./Development/ThreeFold/data/external/Enterobacter/GCF_000632395.1_ASM63239v1_genomic.fna.gz
GCF_000801755.2	PRJNA224116	SAMN03099801	na	na	na	na	1560339	1560339	Enterobacter sp. E20	strain=E20	na	latest	Complete Genome	Major	Full	2015-10-26	ASM80175v2		GCA_000801755.2	identical	https://ftp.ncbi.nlm.nih.gov/genomes/all/GCF/000/801/755/GCF_000801755.2_ASM80175v2	./Development/ThreeFold/data/external/Enterobacter/GCF_000801755.2_ASM80175v2_genomic.fna.gz
GCF_001729745.1	PRJNA224116	SAMN05581748	na	na	na	assembly from type material	1812934	158836	Enterobacter hormaechei subsp. hoffmannii	strain=DSM 14563	na	latest	Complete Genome	Major	Full	2016-09-16	ASM172974v1		GCA_001729745.1	identical	https://ftp.ncbi.nlm.nih.gov/genomes/all/GCF/001/729/745/GCF_001729745.1_ASM172974v1	./Development/ThreeFold/data/external/Enterobacter/GCF_001729745.1_ASM172974v1_genomic.fna.gz
GCF_002968455.1	PRJNA224116	SAMN07291508	na	na	na	na	1812934	158836	Enterobacter hormaechei subsp. hoffmannii	strain=AR_0365	na	latest	Complete Genome	Major	Full	2018-03-05	ASM296845v1		GCA_002968455.1	identical	https://ftp.ncbi.nlm.nih.gov/genomes/all/GCF/002/968/455/GCF_002968455.1_ASM296845v1	./Development/ThreeFold/data/external/Enterobacter/GCF_002968455.1_ASM296845v1_genomic.fna.gz
GCF_009834325.1	PRJNA224116	SAMN10654518	na	na	na	na	1812934	158836	Enterobacter hormaechei subsp. hoffmannii	strain=Eh1	na	latest	Complete Genome	Major	Full	2020-01-08	ASM983432v1		GCA_009834325.1	identical	https://ftp.ncbi.nlm.nih.gov/genomes/all/GCF/009/834/325/GCF_009834325.1_ASM983432v1	./Development/ThreeFold/data/external/Enterobacter/GCF_009834325.1_ASM983432v1_genomic.fna.gz
GCF_010319625.1	PRJNA224116	SAMD00167169	na	na	na	na	1812934	158836	Enterobacter hormaechei subsp. hoffmannii	strain=OIPH-N069	na	latest	Complete Genome	Major	Full	2020-01-27	ASM1031962v1		GCA_010319625.1	identical	https://ftp.ncbi.nlm.nih.gov/genomes/all/GCF/010/319/625/GCF_010319625.1_ASM1031962v1	./Development/ThreeFold/data/external/Enterobacter/GCF_010319625.1_ASM1031962v1_genomic.fna.gz
GCF_043967495.1	PRJNA224116	SAMN39551852	na	na	na	na	1812934	158836	Enterobacter hormaechei subsp. hoffmannii	strain=ECC-201	na	latest	Complete Genome	Major	Full	2024-10-29	ASM4396749v1		GCA_043967495.1	identical	https://ftp.ncbi.nlm.nih.gov/genomes/all/GCF/043/967/495/GCF_043967495.1_ASM4396749v1	./Development/ThreeFold/data/external/Enterobacter/GCF_043967495.1_ASM4396749v1_genomic.fna.gz
GCF_043968025.1	PRJNA224116	SAMN39551847	na	na	na	na	1812934	158836	Enterobacter hormaechei subsp. hoffmannii	strain=ECC-179	na	latest	Complete Genome	Major	Full	2024-10-29	ASM4396802v1		GCA_043968025.1	identical	https://ftp.ncbi.nlm.nih.gov/genomes/all/GCF/043/968/025/GCF_043968025.1_ASM4396802v1	./Development/ThreeFold/data/external/Enterobacter/GCF_043968025.1_ASM4396802v1_genomic.fna.gz
GCF_043969345.1	PRJNA224116	SAMN39551843	na	na	na	na	1812934	158836	Enterobacter hormaechei subsp. hoffmannii	strain=ECC-143	na	latest	Complete Genome	Major	Full	2024-10-29	ASM4396934v1		GCA_043969345.1	identical	https://ftp.ncbi.nlm.nih.gov/genomes/all/GCF/043/969/345/GCF_043969345.1_ASM4396934v1	./Development/ThreeFold/data/external/Enterobacter/GCF_043969345.1_ASM4396934v1_genomic.fna.gz
GCF_043969365.1	PRJNA224116	SAMN39551841	na	na	na	na	1812934	158836	Enterobacter hormaechei subsp. hoffmannii	strain=ECC-134	na	latest	Complete Genome	Major	Full	2024-10-29	ASM4396936v1		GCA_043969365.1	identical	https://ftp.ncbi.nlm.nih.gov/genomes/all/GCF/043/969/365/GCF_043969365.1_ASM4396936v1	./Development/ThreeFold/data/external/Enterobacter/GCF_043969365.1_ASM4396936v1_genomic.fna.gz
GCF_043970705.1	PRJNA224116	SAMN39551835	na	na	na	na	1812934	158836	Enterobacter hormaechei subsp. hoffmannii	strain=ECC-102	na	latest	Complete Genome	Major	Full	2024-10-29	ASM4397070v1		GCA_043970705.1	identical	https://ftp.ncbi.nlm.nih.gov/genomes/all/GCF/043/970/705/GCF_043970705.1_ASM4397070v1	./Development/ThreeFold/data/external/Enterobacter/GCF_043970705.1_ASM4397070v1_genomic.fna.gz
GCF_043972045.1	PRJNA224116	SAMN39551829	na	na	na	na	1812934	158836	Enterobacter hormaechei subsp. hoffmannii	strain=ECC-080	na	latest	Complete Genome	Major	Full	2024-10-29	ASM4397204v1		GCA_043972045.1	identical	https://ftp.ncbi.nlm.nih.gov/genomes/all/GCF/043/972/045/GCF_043972045.1_ASM4397204v1	./Development/ThreeFold/data/external/Enterobacter/GCF_043972045.1_ASM4397204v1_genomic.fna.gz
GCF_043974645.1	PRJNA224116	SAMN39551821	na	na	na	na	1812934	158836	Enterobacter hormaechei subsp. hoffmannii	strain=ECC-014	na	latest	Complete Genome	Major	Full	2024-10-29	ASM4397464v1		GCA_043974645.1	identical	https://ftp.ncbi.nlm.nih.gov/genomes/all/GCF/043/974/645/GCF_043974645.1_ASM4397464v1	./Development/ThreeFold/data/external/Enterobacter/GCF_043974645.1_ASM4397464v1_genomic.fna.gz
GCF_000807415.2	PRJNA224116	SAMN03067419	na	na	na	na	1812935	1812935	Enterobacter roggenkampii	strain=35734	na	latest	Complete Genome	Major	Full	2015-08-18	ASM80741v4		GCA_000807415.4	identical	https://ftp.ncbi.nlm.nih.gov/genomes/all/GCF/000/807/415/GCF_000807415.2_ASM80741v4	./Development/ThreeFold/data/external/Enterobacter/GCF_000807415.2_ASM80741v4_genomic.fna.gz
GCF_001729805.1	PRJNA224116	SAMN05581750	na	na	reference genome	assembly from type material	1812935	1812935	Enterobacter roggenkampii	strain=DSM 16690	na	latest	Complete Genome	Major	Full	2016-09-16	ASM172980v1		GCA_001729805.1	identical	https://ftp.ncbi.nlm.nih.gov/genomes/all/GCF/001/729/805/GCF_001729805.1_ASM172980v1	./Development/ThreeFold/data/external/Enterobacter/GCF_001729805.1_ASM172980v1_genomic.fna.gz
GCF_002007805.1	PRJNA224116	SAMN06323809	na	na	na	na	1812935	1812935	Enterobacter roggenkampii	strain=R11	na	latest	Complete Genome	Major	Full	2017-02-28	ASM200780v1		GCA_002007805.1	identical	https://ftp.ncbi.nlm.nih.gov/genomes/all/GCF/002/007/805/GCF_002007805.1_ASM200780v1	./Development/ThreeFold/data/external/Enterobacter/GCF_002007805.1_ASM200780v1_genomic.fna.gz
GCF_002211685.1	PRJNA224116	SAMN07260410	na	na	na	na	1812935	1812935	Enterobacter roggenkampii	strain=704SK10	na	latest	Complete Genome	Major	Full	2017-06-30	ASM221168v1		GCA_002211685.1	identical	https://ftp.ncbi.nlm.nih.gov/genomes/all/GCF/002/211/685/GCF_002211685.1_ASM221168v1	./Development/ThreeFold/data/external/Enterobacter/GCF_002211685.1_ASM221168v1_genomic.fna.gz
GCF_003812145.1	PRJNA224116	SAMN10163217	na	na	na	na	1812935	1812935	Enterobacter roggenkampii	strain=FDAARGOS_523	na	latest	Complete Genome	Major	Full	2018-11-21	ASM381214v1		GCA_003812145.1	identical	https://ftp.ncbi.nlm.nih.gov/genomes/all/GCF/003/812/145/GCF_003812145.1_ASM381214v1	./Development/ThreeFold/data/external/Enterobacter/GCF_003812145.1_ASM381214v1_genomic.fna.gz
GCF_004138605.1	PRJNA224116	SAMN10188240	na	na	na	na	1812935	1812935	Enterobacter roggenkampii	strain=ECY546	na	latest	Complete Genome	Major	Full	2019-02-05	ASM413860v1		GCA_004138605.1	identical	https://ftp.ncbi.nlm.nih.gov/genomes/all/GCF/004/138/605/GCF_004138605.1_ASM413860v1	./Development/ThreeFold/data/external/Enterobacter/GCF_004138605.1_ASM413860v1_genomic.fna.gz
GCF_004684365.1	PRJNA224116	SAMN11283933	na	na	na	na	1812935	1812935	Enterobacter roggenkampii	strain=BP10374	na	latest	Complete Genome	Major	Full	2019-04-07	ASM468436v1		GCA_004684365.1	identical	https://ftp.ncbi.nlm.nih.gov/genomes/all/GCF/004/684/365/GCF_004684365.1_ASM468436v1	./Development/ThreeFold/data/external/Enterobacter/GCF_004684365.1_ASM468436v1_genomic.fna.gz
GCF_009184765.2	PRJNA224116	SAMN12995719	na	na	na	na	1812935	1812935	Enterobacter roggenkampii	strain=WCHER090065	na	latest	Complete Genome	Major	Full	2019-11-07	ASM918476v2		GCA_009184765.2	identical	https://ftp.ncbi.nlm.nih.gov/genomes/all/GCF/009/184/765/GCF_009184765.2_ASM918476v2	./Development/ThreeFold/data/external/Enterobacter/GCF_009184765.2_ASM918476v2_genomic.fna.gz
GCF_013389415.1	PRJNA224116	SAMN15329677	na	na	na	na	1812935	1812935	Enterobacter roggenkampii	strain=ED5	na	latest	Complete Genome	Major	Full	2020-07-05	ASM1338941v1		GCA_013389415.1	identical	https://ftp.ncbi.nlm.nih.gov/genomes/all/GCF/013/389/415/GCF_013389415.1_ASM1338941v1	./Development/ThreeFold/data/external/Enterobacter/GCF_013389415.1_ASM1338941v1_genomic.fna.gz
GCF_013403545.1	PRJNA224116	SAMN15460797	na	na	na	na	1812935	1812935	Enterobacter roggenkampii	strain=KQ-01	na	latest	Complete Genome	Major	Full	2020-07-13	ASM1340354v1		GCA_013403545.1	identical	https://ftp.ncbi.nlm.nih.gov/genomes/all/GCF/013/403/545/GCF_013403545.1_ASM1340354v1	./Development/ThreeFold/data/external/Enterobacter/GCF_013403545.1_ASM1340354v1_genomic.fna.gz
GCF_013635755.1	PRJNA224116	SAMN15148444	na	na	na	na	1812935	1812935	Enterobacter roggenkampii	strain=RHBSTW-00002	na	latest	Complete Genome	Major	Full	2020-07-24	ASM1363575v1		GCA_013635755.1	identical	https://ftp.ncbi.nlm.nih.gov/genomes/all/GCF/013/635/755/GCF_013635755.1_ASM1363575v1	./Development/ThreeFold/data/external/Enterobacter/GCF_013635755.1_ASM1363575v1_genomic.fna.gz
GCF_013725995.1	PRJNA224116	SAMN15148745	na	na	na	na	1812935	1812935	Enterobacter roggenkampii	strain=RHBSTW-00925	na	latest	Complete Genome	Major	Full	2020-07-27	ASM1372599v1		GCA_013725995.1	identical	https://ftp.ncbi.nlm.nih.gov/genomes/all/GCF/013/725/995/GCF_013725995.1_ASM1372599v1	./Development/ThreeFold/data/external/Enterobacter/GCF_013725995.1_ASM1372599v1_genomic.fna.gz
GCF_013728935.1	PRJNA224116	SAMN15148725	na	na	na	na	1812935	1812935	Enterobacter roggenkampii	strain=RHBSTW-00872	na	latest	Complete Genome	Major	Full	2020-07-27	ASM1372893v1		GCA_013728935.1	identical	https://ftp.ncbi.nlm.nih.gov/genomes/all/GCF/013/728/935/GCF_013728935.1_ASM1372893v1	./Development/ThreeFold/data/external/Enterobacter/GCF_013728935.1_ASM1372893v1_genomic.fna.gz
GCF_013733395.1	PRJNA224116	SAMN15148685	na	na	na	na	1812935	1812935	Enterobacter roggenkampii	strain=RHBSTW-00695	na	latest	Complete Genome	Major	Full	2020-07-27	ASM1373339v1		GCA_013733395.1	identical	https://ftp.ncbi.nlm.nih.gov/genomes/all/GCF/013/733/395/GCF_013733395.1_ASM1373339v1	./Development/ThreeFold/data/external/Enterobacter/GCF_013733395.1_ASM1373339v1_genomic.fna.gz
GCF_013742615.1	PRJNA224116	SAMN15148567	na	na	na	na	1812935	1812935	Enterobacter roggenkampii	strain=RHBSTW-00309	na	latest	Complete Genome	Major	Full	2020-07-27	ASM1374261v1		GCA_013742615.1	identical	https://ftp.ncbi.nlm.nih.gov/genomes/all/GCF/013/742/615/GCF_013742615.1_ASM1374261v1	./Development/ThreeFold/data/external/Enterobacter/GCF_013742615.1_ASM1374261v1_genomic.fna.gz
GCF_014490825.1	PRJNA224116	SAMN15905310	na	na	na	na	1812935	1812935	Enterobacter roggenkampii	strain=Ed-982	na	latest	Complete Genome	Major	Full	2020-09-08	ASM1449082v1		GCA_014490825.1	identical	https://ftp.ncbi.nlm.nih.gov/genomes/all/GCF/014/490/825/GCF_014490825.1_ASM1449082v1	./Development/ThreeFold/data/external/Enterobacter/GCF_014490825.1_ASM1449082v1_genomic.fna.gz
GCF_014490845.1	PRJNA224116	SAMN15905311	na	na	na	na	1812935	1812935	Enterobacter roggenkampii	na	enterobacter cloacae	latest	Complete Genome	Major	Full	2020-09-08	ASM1449084v1		GCA_014490845.1	identical	https://ftp.ncbi.nlm.nih.gov/genomes/all/GCF/014/490/845/GCF_014490845.1_ASM1449084v1	./Development/ThreeFold/data/external/Enterobacter/GCF_014490845.1_ASM1449084v1_genomic.fna.gz
GCF_014524505.1	PRJNA224116	SAMN13881485	na	na	na	na	1812935	1812935	Enterobacter roggenkampii	strain=Ecl_20_981	na	latest	Complete Genome	Major	Full	2020-09-11	ASM1452450v1		GCA_014524505.1	identical	https://ftp.ncbi.nlm.nih.gov/genomes/all/GCF/014/524/505/GCF_014524505.1_ASM1452450v1	./Development/ThreeFold/data/external/Enterobacter/GCF_014524505.1_ASM1452450v1_genomic.fna.gz
GCF_015136315.1	PRJNA224116	SAMD00195906	na	na	na	na	1812935	1812935	Enterobacter roggenkampii	strain=STW0522-66	na	latest	Complete Genome	Major	Full	2020-10-08	ASM1513631v1		GCA_015136315.1	identical	https://ftp.ncbi.nlm.nih.gov/genomes/all/GCF/015/136/315/GCF_015136315.1_ASM1513631v1	./Development/ThreeFold/data/external/Enterobacter/GCF_015136315.1_ASM1513631v1_genomic.fna.gz
GCF_016756655.1	PRJNA224116	SAMD00235761	na	na	na	na	1812935	1812935	Enterobacter roggenkampii	strain=OIPH-N260	na	latest	Complete Genome	Major	Full	2021-01-04	ASM1675665v1		GCA_016756655.1	identical	https://ftp.ncbi.nlm.nih.gov/genomes/all/GCF/016/756/655/GCF_016756655.1_ASM1675665v1	./Development/ThreeFold/data/external/Enterobacter/GCF_016756655.1_ASM1675665v1_genomic.fna.gz
GCF_018596855.2	PRJNA224116	SAMN19316169	na	na	na	na	1812935	1812935	Enterobacter roggenkampii	strain=120063	na	latest	Complete Genome	Major	Full	2023-01-30	ASM1859685v2		GCA_018596855.2	identical	https://ftp.ncbi.nlm.nih.gov/genomes/all/GCF/018/596/855/GCF_018596855.2_ASM1859685v2	./Development/ThreeFold/data/external/Enterobacter/GCF_018596855.2_ASM1859685v2_genomic.fna.gz
GCF_019047025.1	PRJNA224116	SAMN16357572	na	na	na	assembly from type material	1812935	1812935	Enterobacter roggenkampii	strain=FDAARGOS 1430	na	latest	Complete Genome	Major	Full	2021-06-28	ASM1904702v1		GCA_019047025.1	identical	https://ftp.ncbi.nlm.nih.gov/genomes/all/GCF/019/047/025/GCF_019047025.1_ASM1904702v1	./Development/ThreeFold/data/external/Enterobacter/GCF_019047025.1_ASM1904702v1_genomic.fna.gz
GCF_020881955.1	PRJNA224116	SAMN22871631	na	na	na	na	1812935	1812935	Enterobacter roggenkampii	strain=POL1	na	latest	Complete Genome	Major	Full	2021-11-16	ASM2088195v1		GCA_020881955.1	identical	https://ftp.ncbi.nlm.nih.gov/genomes/all/GCF/020/881/955/GCF_020881955.1_ASM2088195v1	./Development/ThreeFold/data/external/Enterobacter/GCF_020881955.1_ASM2088195v1_genomic.fna.gz
GCF_021347605.1	PRJNA224116	SAMN22799449	na	na	na	na	1812935	1812935	Enterobacter roggenkampii	strain=F1057	na	latest	Complete Genome	Major	Full	2022-01-03	ASM2134760v1		GCA_021347605.1	identical	https://ftp.ncbi.nlm.nih.gov/genomes/all/GCF/021/347/605/GCF_021347605.1_ASM2134760v1	./Development/ThreeFold/data/external/Enterobacter/GCF_021347605.1_ASM2134760v1_genomic.fna.gz
GCF_023023065.1	PRJNA224116	SAMN21379557	na	na	na	na	1812935	1812935	Enterobacter roggenkampii	strain=13840-yvys	na	latest	Complete Genome	Major	Full	2022-04-18	ASM2302306v1		GCA_023023065.1	identical	https://ftp.ncbi.nlm.nih.gov/genomes/all/GCF/023/023/065/GCF_023023065.1_ASM2302306v1	./Development/ThreeFold/data/external/Enterobacter/GCF_023023065.1_ASM2302306v1_genomic.fna.gz
GCF_023023685.1	PRJNA224116	SAMN21379549	na	na	na	na	1812935	1812935	Enterobacter roggenkampii	strain=12795-yvys	na	latest	Complete Genome	Major	Full	2022-04-18	ASM2302368v1		GCA_023023685.1	identical	https://ftp.ncbi.nlm.nih.gov/genomes/all/GCF/023/023/685/GCF_023023685.1_ASM2302368v1	./Development/ThreeFold/data/external/Enterobacter/GCF_023023685.1_ASM2302368v1_genomic.fna.gz
GCF_023195715.1	PRJNA224116	SAMN27117675	na	na	na	na	1812935	1812935	Enterobacter roggenkampii	na	C3-17	latest	Complete Genome	Major	Full	2022-05-01	ASM2319571v1		GCA_023195715.1	identical	https://ftp.ncbi.nlm.nih.gov/genomes/all/GCF/023/195/715/GCF_023195715.1_ASM2319571v1	./Development/ThreeFold/data/external/Enterobacter/GCF_023195715.1_ASM2319571v1_genomic.fna.gz
GCF_023375565.1	PRJNA224116	SAMN27363725	na	na	na	na	1812935	1812935	Enterobacter roggenkampii	strain=K475-2	na	latest	Complete Genome	Major	Full	2022-05-16	ASM2337556v1		GCA_023375565.1	identical	https://ftp.ncbi.nlm.nih.gov/genomes/all/GCF/023/375/565/GCF_023375565.1_ASM2337556v1	./Development/ThreeFold/data/external/Enterobacter/GCF_023375565.1_ASM2337556v1_genomic.fna.gz
GCF_023375585.1	PRJNA224116	SAMN27363726	na	na	na	na	1812935	1812935	Enterobacter roggenkampii	strain=K666	na	latest	Complete Genome	Major	Full	2022-05-16	ASM2337558v1		GCA_023375585.1	identical	https://ftp.ncbi.nlm.nih.gov/genomes/all/GCF/023/375/585/GCF_023375585.1_ASM2337558v1	./Development/ThreeFold/data/external/Enterobacter/GCF_023375585.1_ASM2337558v1_genomic.fna.gz
GCF_023375625.1	PRJNA224116	SAMN27363776	na	na	na	na	1812935	1812935	Enterobacter roggenkampii	strain=Ek140	na	latest	Complete Genome	Major	Full	2022-05-16	ASM2337562v1		GCA_023375625.1	identical	https://ftp.ncbi.nlm.nih.gov/genomes/all/GCF/023/375/625/GCF_023375625.1_ASM2337562v1	./Development/ThreeFold/data/external/Enterobacter/GCF_023375625.1_ASM2337562v1_genomic.fna.gz
GCF_023650875.1	PRJNA224116	SAMN24967284	na	na	na	na	1812935	1812935	Enterobacter roggenkampii	strain=GD21SC1505	na	latest	Complete Genome	Major	Full	2022-06-06	ASM2365087v1		GCA_023650875.1	identical	https://ftp.ncbi.nlm.nih.gov/genomes/all/GCF/023/650/875/GCF_023650875.1_ASM2365087v1	./Development/ThreeFold/data/external/Enterobacter/GCF_023650875.1_ASM2365087v1_genomic.fna.gz
GCF_025021485.1	PRJNA224116	SAMN30618652	na	na	na	na	1812935	1812935	Enterobacter roggenkampii	strain=RX.G5M56	na	latest	Complete Genome	Major	Full	2022-09-07	ASM2502148v1		GCA_025021485.1	identical	https://ftp.ncbi.nlm.nih.gov/genomes/all/GCF/025/021/485/GCF_025021485.1_ASM2502148v1	./Development/ThreeFold/data/external/Enterobacter/GCF_025021485.1_ASM2502148v1_genomic.fna.gz
GCF_025999915.1	PRJNA224116	SAMD00535933	na	na	na	na	1812935	1812935	Enterobacter roggenkampii	strain=KAM546	na	latest	Complete Genome	Major	Full	2022-10-11	ASM2599991v1		GCA_025999915.1	identical	https://ftp.ncbi.nlm.nih.gov/genomes/all/GCF/025/999/915/GCF_025999915.1_ASM2599991v1	./Development/ThreeFold/data/external/Enterobacter/GCF_025999915.1_ASM2599991v1_genomic.fna.gz
GCF_029536245.1	PRJNA224116	SAMN33770999	na	na	na	na	1812935	1812935	Enterobacter roggenkampii	strain=0-E	na	latest	Complete Genome	Major	Full	2023-04-01	ASM2953624v1		GCA_029536245.1	identical	https://ftp.ncbi.nlm.nih.gov/genomes/all/GCF/029/536/245/GCF_029536245.1_ASM2953624v1	./Development/ThreeFold/data/external/Enterobacter/GCF_029536245.1_ASM2953624v1_genomic.fna.gz
GCF_029542685.1	PRJNA224116	SAMN31523745	na	na	na	na	1812935	1812935	Enterobacter roggenkampii	strain=ws6-3	na	latest	Complete Genome	Major	Full	2023-04-03	ASM2954268v1		GCA_029542685.1	identical	https://ftp.ncbi.nlm.nih.gov/genomes/all/GCF/029/542/685/GCF_029542685.1_ASM2954268v1	./Development/ThreeFold/data/external/Enterobacter/GCF_029542685.1_ASM2954268v1_genomic.fna.gz
GCF_029542705.1	PRJNA224116	SAMN31525273	na	na	na	na	1812935	1812935	Enterobacter roggenkampii	strain=WS28-4	na	latest	Complete Genome	Major	Full	2023-04-03	ASM2954270v1		GCA_029542705.1	identical	https://ftp.ncbi.nlm.nih.gov/genomes/all/GCF/029/542/705/GCF_029542705.1_ASM2954270v1	./Development/ThreeFold/data/external/Enterobacter/GCF_029542705.1_ASM2954270v1_genomic.fna.gz
GCF_029542745.1	PRJNA224116	SAMN31525259	na	na	na	na	1812935	1812935	Enterobacter roggenkampii	strain=WS22-2	na	latest	Complete Genome	Major	Full	2023-04-03	ASM2954274v1		GCA_029542745.1	identical	https://ftp.ncbi.nlm.nih.gov/genomes/all/GCF/029/542/745/GCF_029542745.1_ASM2954274v1	./Development/ThreeFold/data/external/Enterobacter/GCF_029542745.1_ASM2954274v1_genomic.fna.gz
GCF_029718635.1	PRJNA224116	SAMN15488572	na	na	na	na	1812935	1812935	Enterobacter roggenkampii	strain=RHB21-E1-C01	na	latest	Complete Genome	Major	Full	2023-04-13	ASM2971863v1		GCA_029718635.1	identical	https://ftp.ncbi.nlm.nih.gov/genomes/all/GCF/029/718/635/GCF_029718635.1_ASM2971863v1	./Development/ThreeFold/data/external/Enterobacter/GCF_029718635.1_ASM2971863v1_genomic.fna.gz
GCF_029834495.1	PRJNA224116	SAMN34139910	na	na	na	na	1812935	1812935	Enterobacter roggenkampii	strain=EOBSR_19	na	latest	Complete Genome	Major	Full	2023-04-19	ASM2983449v1		GCA_029834495.1	identical	https://ftp.ncbi.nlm.nih.gov/genomes/all/GCF/029/834/495/GCF_029834495.1_ASM2983449v1	./Development/ThreeFold/data/external/Enterobacter/GCF_029834495.1_ASM2983449v1_genomic.fna.gz
GCF_030179035.1	PRJNA224116	SAMN30974109	na	na	na	na	1812935	1812935	Enterobacter roggenkampii	strain=2017-45-51-04-01	na	latest	Complete Genome	Major	Full	2023-06-06	ASM3017903v1		GCA_030179035.1	identical	https://ftp.ncbi.nlm.nih.gov/genomes/all/GCF/030/179/035/GCF_030179035.1_ASM3017903v1	./Development/ThreeFold/data/external/Enterobacter/GCF_030179035.1_ASM3017903v1_genomic.fna.gz
GCF_030179635.1	PRJNA224116	SAMN30974096	na	na	na	na	1812935	1812935	Enterobacter roggenkampii	strain=2017-45-131-01A	na	latest	Complete Genome	Major	Full	2023-06-06	ASM3017963v1		GCA_030179635.1	identical	https://ftp.ncbi.nlm.nih.gov/genomes/all/GCF/030/179/635/GCF_030179635.1_ASM3017963v1	./Development/ThreeFold/data/external/Enterobacter/GCF_030179635.1_ASM3017963v1_genomic.fna.gz
GCF_030384865.1	PRJNA224116	SAMN35977203	na	na	na	na	1812935	1812935	Enterobacter roggenkampii	strain=WL374	na	latest	Complete Genome	Major	Full	2023-07-02	ASM3038486v1		GCA_030384865.1	identical	https://ftp.ncbi.nlm.nih.gov/genomes/all/GCF/030/384/865/GCF_030384865.1_ASM3038486v1	./Development/ThreeFold/data/external/Enterobacter/GCF_030384865.1_ASM3038486v1_genomic.fna.gz
GCF_031199395.2	PRJNA224116	SAMN37177602	na	na	na	na	1812935	1812935	Enterobacter roggenkampii	strain=FACU 2	na	latest	Complete Genome	Major	Full	2023-11-14	ASM3119939v2		GCA_031199395.2	identical	https://ftp.ncbi.nlm.nih.gov/genomes/all/GCF/031/199/395/GCF_031199395.2_ASM3119939v2	./Development/ThreeFold/data/external/Enterobacter/GCF_031199395.2_ASM3119939v2_genomic.fna.gz
GCF_038627005.1	PRJNA224116	SAMN41094951	na	na	na	na	1812935	1812935	Enterobacter roggenkampii	strain=2024CK-00478	na	latest	Complete Genome	Major	Full	2024-06-12	ASM3862700v2		GCA_038627005.2	identical	https://ftp.ncbi.nlm.nih.gov/genomes/all/GCF/038/627/005/GCF_038627005.1_ASM3862700v2	./Development/ThreeFold/data/external/Enterobacter/GCF_038627005.1_ASM3862700v2_genomic.fna.gz
GCF_039727605.1	PRJNA224116	SAMN41378131	na	na	na	na	1812935	1812935	Enterobacter roggenkampii	strain=L3897	na	latest	Complete Genome	Major	Full	2024-05-24	ASM3972760v1		GCA_039727605.1	identical	https://ftp.ncbi.nlm.nih.gov/genomes/all/GCF/039/727/605/GCF_039727605.1_ASM3972760v1	./Development/ThreeFold/data/external/Enterobacter/GCF_039727605.1_ASM3972760v1_genomic.fna.gz
GCF_040735585.1	PRJNA224116	SAMN38049406	na	na	na	na	1812935	1812935	Enterobacter roggenkampii	strain=18Y001733	na	latest	Complete Genome	Major	Full	2024-07-17	ASM4073558v1		GCA_040735585.1	identical	https://ftp.ncbi.nlm.nih.gov/genomes/all/GCF/040/735/585/GCF_040735585.1_ASM4073558v1	./Development/ThreeFold/data/external/Enterobacter/GCF_040735585.1_ASM4073558v1_genomic.fna.gz
GCF_041462765.1	PRJNA224116	SAMN43321952	na	na	na	na	1812935	1812935	Enterobacter roggenkampii	strain=2024CK-01276	na	latest	Complete Genome	Major	Full	2024-12-06	ASM4146276v2		GCA_041462765.2	identical	https://ftp.ncbi.nlm.nih.gov/genomes/all/GCF/041/462/765/GCF_041462765.1_ASM4146276v2	./Development/ThreeFold/data/external/Enterobacter/GCF_041462765.1_ASM4146276v2_genomic.fna.gz
GCF_042246085.1	PRJNA224116	SAMN43046597	na	na	na	na	1812935	1812935	Enterobacter roggenkampii	strain=INCIENSA_724942	na	latest	Complete Genome	Major	Full	2024-09-26	ASM4224608v1		GCA_042246085.1	identical	https://ftp.ncbi.nlm.nih.gov/genomes/all/GCF/042/246/085/GCF_042246085.1_ASM4224608v1	./Development/ThreeFold/data/external/Enterobacter/GCF_042246085.1_ASM4224608v1_genomic.fna.gz
GCF_042710995.1	PRJNA224116	SAMN44063878	na	na	na	na	1812935	1812935	Enterobacter roggenkampii	na	2024CK-01530	latest	Complete Genome	Major	Full	2025-02-13	ASM4271099v2		GCA_042710995.2	identical	https://ftp.ncbi.nlm.nih.gov/genomes/all/GCF/042/710/995/GCF_042710995.1_ASM4271099v2	./Development/ThreeFold/data/external/Enterobacter/GCF_042710995.1_ASM4271099v2_genomic.fna.gz
GCF_043965975.1	PRJNA224116	SAMN39551858	na	na	na	na	1812935	1812935	Enterobacter roggenkampii	strain=ECC-247	na	latest	Complete Genome	Major	Full	2024-10-29	ASM4396597v1		GCA_043965975.1	identical	https://ftp.ncbi.nlm.nih.gov/genomes/all/GCF/043/965/975/GCF_043965975.1_ASM4396597v1	./Development/ThreeFold/data/external/Enterobacter/GCF_043965975.1_ASM4396597v1_genomic.fna.gz
GCF_043968015.1	PRJNA224116	SAMN39551848	na	na	na	na	1812935	1812935	Enterobacter roggenkampii	strain=ECC-180	na	latest	Complete Genome	Major	Full	2024-10-29	ASM4396801v1		GCA_043968015.1	identical	https://ftp.ncbi.nlm.nih.gov/genomes/all/GCF/043/968/015/GCF_043968015.1_ASM4396801v1	./Development/ThreeFold/data/external/Enterobacter/GCF_043968015.1_ASM4396801v1_genomic.fna.gz
GCF_047116295.1	PRJNA224116	SAMN35974179	na	na	na	na	1812935	1812935	Enterobacter roggenkampii	strain=WL110	na	latest	Complete Genome	Major	Full	2025-01-25	ASM4711629v1		GCA_047116295.1	identical	https://ftp.ncbi.nlm.nih.gov/genomes/all/GCF/047/116/295/GCF_047116295.1_ASM4711629v1	./Development/ThreeFold/data/external/Enterobacter/GCF_047116295.1_ASM4711629v1_genomic.fna.gz
GCF_047117625.1	PRJNA224116	SAMN35977200	na	na	na	na	1812935	1812935	Enterobacter roggenkampii	strain=WL111	na	latest	Complete Genome	Major	Full	2025-01-25	ASM4711762v1		GCA_047117625.1	identical	https://ftp.ncbi.nlm.nih.gov/genomes/all/GCF/047/117/625/GCF_047117625.1_ASM4711762v1	./Development/ThreeFold/data/external/Enterobacter/GCF_047117625.1_ASM4711762v1_genomic.fna.gz
GCF_001623605.1	PRJNA224116	SAMN04624399	na	na	na	na	1827481	1827481	Enterobacter sp. ODB01	strain=ODB01	na	latest	Complete Genome	Major	Full	2016-04-19	ASM162360v1		GCA_001623605.1	identical	https://ftp.ncbi.nlm.nih.gov/genomes/all/GCF/001/623/605/GCF_001623605.1_ASM162360v1	./Development/ThreeFold/data/external/Enterobacter/GCF_001623605.1_ASM162360v1_genomic.fna.gz
GCF_008271405.2	PRJNA224116	SAMN12646121	na	na	na	na	1848517	1848517	Enterobacter sp. LU1	strain=LU1	na	latest	Complete Genome	Major	Full	2020-04-02	ASM827140v2		GCA_008271405.2	identical	https://ftp.ncbi.nlm.nih.gov/genomes/all/GCF/008/271/405/GCF_008271405.2_ASM827140v2	./Development/ThreeFold/data/external/Enterobacter/GCF_008271405.2_ASM827140v2_genomic.fna.gz
GCF_001719105.1	PRJNA224116	SAMN05285327	na	na	na	na	1868135	1868135	Enterobacter sp. HK169	strain=HK169	na	latest	Complete Genome	Major	Full	2016-09-06	ASM171910v1		GCA_001719105.1	identical	https://ftp.ncbi.nlm.nih.gov/genomes/all/GCF/001/719/105/GCF_001719105.1_ASM171910v1	./Development/ThreeFold/data/external/Enterobacter/GCF_001719105.1_ASM171910v1_genomic.fna.gz
GCF_001888805.2	PRJNA224116	SAMN05967246	na	na	na	na	1914861	1914861	Enterobacter sp. SA187	strain=SA187	na	latest	Complete Genome	Major	Full	2018-03-05	ASM188880v2		GCA_001888805.2	identical	https://ftp.ncbi.nlm.nih.gov/genomes/all/GCF/001/888/805/GCF_001888805.2_ASM188880v2	./Development/ThreeFold/data/external/Enterobacter/GCF_001888805.2_ASM188880v2_genomic.fna.gz
GCF_002208095.1	PRJNA224116	SAMN03455979	na	na	na	na	1915310	1915310	Enterobacter cloacae complex sp. ECNIH7	strain=ECNIH7	na	latest	Complete Genome	Major	Full	2017-06-26	ASM220809v1		GCA_002208095.1	identical	https://ftp.ncbi.nlm.nih.gov/genomes/all/GCF/002/208/095/GCF_002208095.1_ASM220809v1	./Development/ThreeFold/data/external/Enterobacter/GCF_002208095.1_ASM220809v1_genomic.fna.gz
GCF_002863825.2	PRJNA224116	SAMN06689580	na	na	na	na	1977566	1977566	Enterobacter sp. Crenshaw	strain=Crenshaw	na	latest	Complete Genome	Major	Full	2022-08-08	ASM286382v3		GCA_002863825.3	identical	https://ftp.ncbi.nlm.nih.gov/genomes/all/GCF/002/863/825/GCF_002863825.2_ASM286382v3	./Development/ThreeFold/data/external/Enterobacter/GCF_002863825.2_ASM286382v3_genomic.fna.gz
GCF_024734705.1	PRJNA224116	SAMN30351667	na	na	na	na	1977566	1977566	Enterobacter sp. Crenshaw	strain=Crenshaw	na	latest	Complete Genome	Major	Full	2022-08-24	ASM2473470v1		GCA_024734705.1	identical	https://ftp.ncbi.nlm.nih.gov/genomes/all/GCF/024/734/705/GCF_024734705.1_ASM2473470v1	./Development/ThreeFold/data/external/Enterobacter/GCF_024734705.1_ASM2473470v1_genomic.fna.gz
GCF_900322725.1	PRJNA224116	SAMEA104700141	na	na	na	na	2027919	2027919	Enterobacter cloacae complex sp.	na	C45	latest	Complete Genome	Major	Full	2018-03-23	C45		GCA_900322725.1	identical	https://ftp.ncbi.nlm.nih.gov/genomes/all/GCF/900/322/725/GCF_900322725.1_C45	./Development/ThreeFold/data/external/Enterobacter/GCF_900322725.1_C45_genomic.fna.gz
GCF_002787395.1	PRJNA224116	SAMN07944244	na	na	na	na	2051905	2051905	Enterobacter sp. CRENT-193	strain=CRENT-193	na	latest	Complete Genome	Major	Full	2017-11-20	ASM278739v1		GCA_002787395.1	identical	https://ftp.ncbi.nlm.nih.gov/genomes/all/GCF/002/787/395/GCF_002787395.1_ASM278739v1	./Development/ThreeFold/data/external/Enterobacter/GCF_002787395.1_ASM278739v1_genomic.fna.gz
GCF_009036245.1	PRJNA224116	SAMN08222714	na	na	reference genome	na	2071710	2071710	Enterobacter sichuanensis	strain=SGAir0282	na	latest	Complete Genome	Major	Full	2019-10-16	ASM903624v1		GCA_009036245.1	identical	https://ftp.ncbi.nlm.nih.gov/genomes/all/GCF/009/036/245/GCF_009036245.1_ASM903624v1	./Development/ThreeFold/data/external/Enterobacter/GCF_009036245.1_ASM903624v1_genomic.fna.gz
GCF_042434935.1	PRJNA224116	SAMN43309383	na	na	na	na	2071710	2071710	Enterobacter sichuanensis	strain=B36	na	latest	Complete Genome	Major	Full	2024-10-11	ASM4243493v1		GCA_042434935.1	identical	https://ftp.ncbi.nlm.nih.gov/genomes/all/GCF/042/434/935/GCF_042434935.1_ASM4243493v1	./Development/ThreeFold/data/external/Enterobacter/GCF_042434935.1_ASM4243493v1_genomic.fna.gz
GCF_043964395.1	PRJNA224116	SAMN39551862	na	na	na	na	2071710	2071710	Enterobacter sichuanensis	strain=ECC-263	na	latest	Complete Genome	Major	Full	2024-10-29	ASM4396439v1		GCA_043964395.1	identical	https://ftp.ncbi.nlm.nih.gov/genomes/all/GCF/043/964/395/GCF_043964395.1_ASM4396439v1	./Development/ThreeFold/data/external/Enterobacter/GCF_043964395.1_ASM4396439v1_genomic.fna.gz
GCF_003071645.1	PRJNA224116	SAMN04015005	na	na	na	na	2077136	2077136	Enterobacter cloacae complex sp. FDA-CDC-AR_0164	strain=FDA-CDC-AR_0164	na	latest	Complete Genome	Major	Full	2018-04-25	ASM307164v1		GCA_003071645.1	identical	https://ftp.ncbi.nlm.nih.gov/genomes/all/GCF/003/071/645/GCF_003071645.1_ASM307164v1	./Development/ThreeFold/data/external/Enterobacter/GCF_003071645.1_ASM307164v1_genomic.fna.gz
GCF_003010695.1	PRJNA224116	SAMN04014973	na	na	na	na	2077137	2077137	Enterobacter cloacae complex sp. FDA-CDC-AR_0132	strain=FDA-CDC-AR_0132	na	latest	Complete Genome	Major	Full	2018-03-19	ASM301069v1		GCA_003010695.1	identical	https://ftp.ncbi.nlm.nih.gov/genomes/all/GCF/003/010/695/GCF_003010695.1_ASM301069v1	./Development/ThreeFold/data/external/Enterobacter/GCF_003010695.1_ASM301069v1_genomic.fna.gz
GCF_009176645.1	PRJNA224116	SAMD00143594	na	na	reference genome	assembly from type material	2478464	2478464	Enterobacter oligotrophicus	strain=CCA6	na	latest	Complete Genome	Major	Full	2019-03-18	ASM917664v1		GCA_009176645.1	identical	https://ftp.ncbi.nlm.nih.gov/genomes/all/GCF/009/176/645/GCF_009176645.1_ASM917664v1	./Development/ThreeFold/data/external/Enterobacter/GCF_009176645.1_ASM917664v1_genomic.fna.gz
GCF_001984825.2	PRJNA224116	SAMN06249239	na	na	reference genome	assembly from type material	2494701	2494701	Enterobacter chengduensis	strain=WCHECl-C4 = WCHECh050004	na	latest	Complete Genome	Major	Full	2019-09-03	ASM198482v2		GCA_001984825.2	identical	https://ftp.ncbi.nlm.nih.gov/genomes/all/GCF/001/984/825/GCF_001984825.2_ASM198482v2	./Development/ThreeFold/data/external/Enterobacter/GCF_001984825.2_ASM198482v2_genomic.fna.gz
GCF_043971375.1	PRJNA224116	SAMN39551832	na	na	na	na	2494701	2494701	Enterobacter chengduensis	strain=ECC-093	na	latest	Complete Genome	Major	Full	2024-10-29	ASM4397137v1		GCA_043971375.1	identical	https://ftp.ncbi.nlm.nih.gov/genomes/all/GCF/043/971/375/GCF_043971375.1_ASM4397137v1	./Development/ThreeFold/data/external/Enterobacter/GCF_043971375.1_ASM4397137v1_genomic.fna.gz
GCF_003594935.2	PRJNA224116	SAMN09845186	na	na	reference genome	assembly from type material	2494702	2494702	Enterobacter huaxiensis	strain=090008	na	latest	Complete Genome	Major	Full	2022-04-04	ASM359493v2		GCA_003594935.2	identical	https://ftp.ncbi.nlm.nih.gov/genomes/all/GCF/003/594/935/GCF_003594935.2_ASM359493v2	./Development/ThreeFold/data/external/Enterobacter/GCF_003594935.2_ASM359493v2_genomic.fna.gz
GCF_029542725.1	PRJNA224116	SAMN31525164	na	na	na	na	2497436	2497436	Enterobacter quasiroggenkampii	strain=WS12-3	na	latest	Complete Genome	Major	Full	2023-04-03	ASM2954272v1		GCA_029542725.1	identical	https://ftp.ncbi.nlm.nih.gov/genomes/all/GCF/029/542/725/GCF_029542725.1_ASM2954272v1	./Development/ThreeFold/data/external/Enterobacter/GCF_029542725.1_ASM2954272v1_genomic.fna.gz
GCF_043972695.1	PRJNA224116	SAMN39551828	na	na	reference genome	na	2497436	2497436	Enterobacter quasiroggenkampii	strain=ECC-072	na	latest	Complete Genome	Major	Full	2024-10-29	ASM4397269v1		GCA_043972695.1	identical	https://ftp.ncbi.nlm.nih.gov/genomes/all/GCF/043/972/695/GCF_043972695.1_ASM4397269v1	./Development/ThreeFold/data/external/Enterobacter/GCF_043972695.1_ASM4397269v1_genomic.fna.gz
GCF_039718975.1	PRJNA224116	SAMN27594634	na	na	reference genome	na	2497875	2497875	Enterobacter chuandaensis	strain=E20191216	na	latest	Complete Genome	Major	Full	2024-05-23	ASM3971897v1		GCA_039718975.1	identical	https://ftp.ncbi.nlm.nih.gov/genomes/all/GCF/039/718/975/GCF_039718975.1_ASM3971897v1	./Development/ThreeFold/data/external/Enterobacter/GCF_039718975.1_ASM3971897v1_genomic.fna.gz
GCF_045278925.1	PRJNA224116	SAMN37542559	na	na	na	na	2497875	2497875	Enterobacter chuandaensis	strain=FAHZZU5885	na	latest	Complete Genome	Major	Full	2024-11-26	ASM4527892v1		GCA_045278925.1	identical	https://ftp.ncbi.nlm.nih.gov/genomes/all/GCF/045/278/925/GCF_045278925.1_ASM4527892v1	./Development/ThreeFold/data/external/Enterobacter/GCF_045278925.1_ASM4527892v1_genomic.fna.gz
GCF_045348695.1	PRJNA224116	SAMN42392492	na	na	na	na	2497875	2497875	Enterobacter chuandaensis	strain=STK53-E	na	latest	Complete Genome	Major	Full	2024-11-27	ASM4534869v1		GCA_045348695.1	identical	https://ftp.ncbi.nlm.nih.gov/genomes/all/GCF/045/348/695/GCF_045348695.1_ASM4534869v1	./Development/ThreeFold/data/external/Enterobacter/GCF_045348695.1_ASM4534869v1_genomic.fna.gz
GCF_004006055.1	PRJNA224116	SAMN10638715	na	na	na	na	2500132	2500132	Enterobacter sp. N18-03635	strain=N18-03635	na	latest	Complete Genome	Major	Full	2019-01-09	ASM400605v1		GCA_004006055.1	identical	https://ftp.ncbi.nlm.nih.gov/genomes/all/GCF/004/006/055/GCF_004006055.1_ASM400605v1	./Development/ThreeFold/data/external/Enterobacter/GCF_004006055.1_ASM400605v1_genomic.fna.gz
GCF_035835995.1	PRJNA224116	SAMN39325020	na	na	reference genome	na	2529381	2529381	Enterobacter wuhouensis	strain=AV1	na	latest	Complete Genome	Major	Full	2024-01-18	ASM3583599v1		GCA_035835995.1	identical	https://ftp.ncbi.nlm.nih.gov/genomes/all/GCF/035/835/995/GCF_035835995.1_ASM3583599v1	./Development/ThreeFold/data/external/Enterobacter/GCF_035835995.1_ASM3583599v1_genomic.fna.gz
GCF_007035975.1	PRJNA224116	SAMD00166969	na	na	na	na	2565914	2565914	Enterobacter sp. 18A13	strain=18A13	na	latest	Complete Genome	Major	Full	2019-05-14	ASM703597v1		GCA_007035975.1	identical	https://ftp.ncbi.nlm.nih.gov/genomes/all/GCF/007/035/975/GCF_007035975.1_ASM703597v1	./Development/ThreeFold/data/external/Enterobacter/GCF_007035975.1_ASM703597v1_genomic.fna.gz
GCF_012571345.1	PRJNA224116	SAMN13256172	na	na	reference genome	na	2675791	2675791	Enterobacteriaceae endosymbiont of Macroplea mutica	na	MmutSym	latest	Complete Genome	Major	Full	2020-04-20	ASM1257134v1		GCA_012571345.1	identical	https://ftp.ncbi.nlm.nih.gov/genomes/all/GCF/012/571/345/GCF_012571345.1_ASM1257134v1	./Development/ThreeFold/data/external/Enterobacter/GCF_012571345.1_ASM1257134v1_genomic.fna.gz
GCF_012562765.1	PRJNA224116	SAMN13256168	na	na	reference genome	na	2675795	2675795	Enterobacteriaceae endosymbiont of Plateumaris pusilla	na	PpusSym	latest	Complete Genome	Major	Full	2020-04-20	ASM1256276v1		GCA_012562765.1	identical	https://ftp.ncbi.nlm.nih.gov/genomes/all/GCF/012/562/765/GCF_012562765.1_ASM1256276v1	./Development/ThreeFold/data/external/Enterobacter/GCF_012562765.1_ASM1256276v1_genomic.fna.gz
GCF_010692925.1	PRJNA224116	SAMN14002398	na	na	na	na	2707174	2707174	Enterobacter sp. T2	strain=T2	na	latest	Complete Genome	Major	Full	2020-02-18	ASM1069292v1		GCA_010692925.1	identical	https://ftp.ncbi.nlm.nih.gov/genomes/all/GCF/010/692/925/GCF_010692925.1_ASM1069292v1	./Development/ThreeFold/data/external/Enterobacter/GCF_010692925.1_ASM1069292v1_genomic.fna.gz
GCF_019443845.1	PRJNA224116	SAMN14422719	na	na	na	na	2720029	2720029	Enterobacter sp. DNB-S2	strain=DNB-S2	na	latest	Complete Genome	Major	Full	2021-08-03	ASM1944384v1		GCA_019443845.1	identical	https://ftp.ncbi.nlm.nih.gov/genomes/all/GCF/019/443/845/GCF_019443845.1_ASM1944384v1	./Development/ThreeFold/data/external/Enterobacter/GCF_019443845.1_ASM1944384v1_genomic.fna.gz
GCF_013749735.1	PRJNA224116	SAMN15148606	na	na	na	na	2742646	2742646	Enterobacter sp. RHBSTW-00422	strain=RHBSTW-00422	na	latest	Complete Genome	Major	Full	2020-07-27	ASM1374973v1		GCA_013749735.1	identical	https://ftp.ncbi.nlm.nih.gov/genomes/all/GCF/013/749/735/GCF_013749735.1_ASM1374973v1	./Development/ThreeFold/data/external/Enterobacter/GCF_013749735.1_ASM1374973v1_genomic.fna.gz
GCF_013784105.1	PRJNA224116	SAMN15148659	na	na	na	na	2742656	2742656	Enterobacter sp. RHBSTW-00593	strain=RHBSTW-00593	na	latest	Complete Genome	Major	Full	2020-07-28	ASM1378410v1		GCA_013784105.1	identical	https://ftp.ncbi.nlm.nih.gov/genomes/all/GCF/013/784/105/GCF_013784105.1_ASM1378410v1	./Development/ThreeFold/data/external/Enterobacter/GCF_013784105.1_ASM1378410v1_genomic.fna.gz
GCF_013615235.1	PRJNA224116	SAMN15148757	na	na	na	na	2742673	2742673	Enterobacter sp. RHBSTW-00975	strain=RHBSTW-00975	na	latest	Complete Genome	Major	Full	2020-07-24	ASM1361523v1		GCA_013615235.1	identical	https://ftp.ncbi.nlm.nih.gov/genomes/all/GCF/013/615/235/GCF_013615235.1_ASM1361523v1	./Development/ThreeFold/data/external/Enterobacter/GCF_013615235.1_ASM1361523v1_genomic.fna.gz
GCF_013782625.1	PRJNA224116	SAMN15148763	na	na	na	na	2742676	2742676	Enterobacter sp. RHBSTW-00994	strain=RHBSTW-00994	na	latest	Complete Genome	Major	Full	2020-07-28	ASM1378262v1		GCA_013782625.1	identical	https://ftp.ncbi.nlm.nih.gov/genomes/all/GCF/013/782/625/GCF_013782625.1_ASM1378262v1	./Development/ThreeFold/data/external/Enterobacter/GCF_013782625.1_ASM1378262v1_genomic.fna.gz
GCF_013375955.1	PRJNA224116	SAMN15299118	na	na	na	na	2747372	2747372	Enterobacter sp. DSM 30060	strain=DSM 30060	na	latest	Complete Genome	Major	Full	2020-06-29	ASM1337595v1		GCA_013375955.1	identical	https://ftp.ncbi.nlm.nih.gov/genomes/all/GCF/013/375/955/GCF_013375955.1_ASM1337595v1	./Development/ThreeFold/data/external/Enterobacter/GCF_013375955.1_ASM1337595v1_genomic.fna.gz
GCF_014596715.2	PRJNA224116	SAMN15963938	na	na	na	na	2769348	2769348	Enterobacter sp. E12	strain=E12	na	latest	Complete Genome	Major	Full	2024-12-18	ASM1459671v2		GCA_014596715.2	identical	https://ftp.ncbi.nlm.nih.gov/genomes/all/GCF/014/596/715/GCF_014596715.2_ASM1459671v2	./Development/ThreeFold/data/external/Enterobacter/GCF_014596715.2_ASM1459671v2_genomic.fna.gz
GCF_040834095.1	PRJNA224116	SAMN42392507	na	na	reference genome	na	2797505	2797505	Enterobacter vonholyi	strain=STK80-C	na	latest	Complete Genome	Major	Full	2024-07-25	ASM4083409v1		GCA_040834095.1	identical	https://ftp.ncbi.nlm.nih.gov/genomes/all/GCF/040/834/095/GCF_040834095.1_ASM4083409v1	./Development/ThreeFold/data/external/Enterobacter/GCF_040834095.1_ASM4083409v1_genomic.fna.gz
GCF_008364625.2	PRJNA224116	SAMN12560198	na	na	reference genome	assembly from type material	2797506	2797506	Enterobacter dykesii	strain=E1	na	latest	Complete Genome	Major	Full	2024-06-06	ASM836462v2		GCA_008364625.2	identical	https://ftp.ncbi.nlm.nih.gov/genomes/all/GCF/008/364/625/GCF_008364625.2_ASM836462v2	./Development/ThreeFold/data/external/Enterobacter/GCF_008364625.2_ASM836462v2_genomic.fna.gz
GCF_001922365.1	PRJNA224116	SAMN04014843	na	na	na	na	2798729	2798729	Enterobacter cloacae complex sp. AR_0002	strain=AR_0002	na	latest	Complete Genome	Major	Full	2016-12-27	ASM192236v1		GCA_001922365.1	identical	https://ftp.ncbi.nlm.nih.gov/genomes/all/GCF/001/922/365/GCF_001922365.1_ASM192236v1	./Development/ThreeFold/data/external/Enterobacter/GCF_001922365.1_ASM192236v1_genomic.fna.gz
GCF_019968825.1	PRJNA224116	SAMN18917000	na	na	na	na	2831890	2831890	Enterobacter sp. JBIWA003	strain=JBIWA003	na	latest	Complete Genome	Major	Full	2021-09-14	ASM1996882v1		GCA_019968825.1	identical	https://ftp.ncbi.nlm.nih.gov/genomes/all/GCF/019/968/825/GCF_019968825.1_ASM1996882v1	./Development/ThreeFold/data/external/Enterobacter/GCF_019968825.1_ASM1996882v1_genomic.fna.gz
GCF_019968805.1	PRJNA224116	SAMN18917002	na	na	na	na	2831891	2831891	Enterobacter sp. JBIWA005	strain=JBIWA005	na	latest	Complete Genome	Major	Full	2021-09-14	ASM1996880v1		GCA_019968805.1	identical	https://ftp.ncbi.nlm.nih.gov/genomes/all/GCF/019/968/805/GCF_019968805.1_ASM1996880v1	./Development/ThreeFold/data/external/Enterobacter/GCF_019968805.1_ASM1996880v1_genomic.fna.gz
GCF_019968765.1	PRJNA224116	SAMN18917004	na	na	na	na	2831892	2831892	Enterobacter sp. JBIWA008	strain=JBIWA008	na	latest	Complete Genome	Major	Full	2021-09-14	ASM1996876v1		GCA_019968765.1	identical	https://ftp.ncbi.nlm.nih.gov/genomes/all/GCF/019/968/765/GCF_019968765.1_ASM1996876v1	./Development/ThreeFold/data/external/Enterobacter/GCF_019968765.1_ASM1996876v1_genomic.fna.gz
GCF_002952735.2	PRJNA224116	SAMN08103213	na	na	na	na	2836161	2836161	Enterobacter sp. SGAir0187	strain=SGAir0187	na	latest	Complete Genome	Major	Full	2018-12-11	ASM295273v2		GCA_002952735.2	identical	https://ftp.ncbi.nlm.nih.gov/genomes/all/GCF/002/952/735/GCF_002952735.2_ASM295273v2	./Development/ThreeFold/data/external/Enterobacter/GCF_002952735.2_ASM295273v2_genomic.fna.gz
GCF_019056635.1	PRJNA224116	SAMN19769864	na	na	na	na	2850078	2850078	Enterobacter cloacae complex sp. ECL72	strain=ECL72	na	latest	Complete Genome	Major	Full	2021-06-29	ASM1905663v1		GCA_019056635.1	identical	https://ftp.ncbi.nlm.nih.gov/genomes/all/GCF/019/056/635/GCF_019056635.1_ASM1905663v1	./Development/ThreeFold/data/external/Enterobacter/GCF_019056635.1_ASM1905663v1_genomic.fna.gz
GCF_019056655.1	PRJNA224116	SAMN19789732	na	na	na	na	2850493	2850493	Enterobacter cloacae complex sp. ECL112	strain=ECL112	na	latest	Complete Genome	Major	Full	2021-06-29	ASM1905665v1		GCA_019056655.1	identical	https://ftp.ncbi.nlm.nih.gov/genomes/all/GCF/019/056/655/GCF_019056655.1_ASM1905665v1	./Development/ThreeFold/data/external/Enterobacter/GCF_019056655.1_ASM1905665v1_genomic.fna.gz
GCF_019880405.1	PRJNA224116	SAMN20805501	na	na	na	na	2870346	2870346	Enterobacter sp. C2	strain=C2	na	latest	Complete Genome	Major	Full	2021-09-05	ASM1988040v1		GCA_019880405.1	identical	https://ftp.ncbi.nlm.nih.gov/genomes/all/GCF/019/880/405/GCF_019880405.1_ASM1988040v1	./Development/ThreeFold/data/external/Enterobacter/GCF_019880405.1_ASM1988040v1_genomic.fna.gz
GCF_020149545.1	PRJNA224116	SAMN21399027	na	na	na	na	2876028	2876028	Enterobacter cloacae complex sp. ECL352	strain=ECL352	na	latest	Complete Genome	Major	Full	2021-09-25	ASM2014954v1		GCA_020149545.1	identical	https://ftp.ncbi.nlm.nih.gov/genomes/all/GCF/020/149/545/GCF_020149545.1_ASM2014954v1	./Development/ThreeFold/data/external/Enterobacter/GCF_020149545.1_ASM2014954v1_genomic.fna.gz
GCF_020971765.1	PRJNA224116	SAMN23067479	na	na	na	na	2894203	2894203	Enterobacter sp. AN-K1	strain=AN-K1	na	latest	Complete Genome	Major	Full	2021-11-24	ASM2097176v1		GCA_020971765.1	identical	https://ftp.ncbi.nlm.nih.gov/genomes/all/GCF/020/971/765/GCF_020971765.1_ASM2097176v1	./Development/ThreeFold/data/external/Enterobacter/GCF_020971765.1_ASM2097176v1_genomic.fna.gz
GCF_021869685.1	PRJNA224116	SAMN25233122	na	na	na	na	2912628	2912628	Enterobacter cloacae complex sp. ECL414	strain=ECL414	na	latest	Complete Genome	Major	Full	2022-02-02	ASM2186968v1		GCA_021869685.1	identical	https://ftp.ncbi.nlm.nih.gov/genomes/all/GCF/021/869/685/GCF_021869685.1_ASM2186968v1	./Development/ThreeFold/data/external/Enterobacter/GCF_021869685.1_ASM2186968v1_genomic.fna.gz
GCF_021869665.1	PRJNA224116	SAMN25233123	na	na	na	na	2912629	2912629	Enterobacter cloacae complex sp. ECL411	strain=ECL411	na	latest	Complete Genome	Major	Full	2022-02-02	ASM2186966v1		GCA_021869665.1	identical	https://ftp.ncbi.nlm.nih.gov/genomes/all/GCF/021/869/665/GCF_021869665.1_ASM2186966v1	./Development/ThreeFold/data/external/Enterobacter/GCF_021869665.1_ASM2186966v1_genomic.fna.gz
GCF_021869645.1	PRJNA224116	SAMN25233124	na	na	na	na	2912630	2912630	Enterobacter cloacae complex sp. ECL405	strain=ECL405	na	latest	Complete Genome	Major	Full	2022-02-02	ASM2186964v1		GCA_021869645.1	identical	https://ftp.ncbi.nlm.nih.gov/genomes/all/GCF/021/869/645/GCF_021869645.1_ASM2186964v1	./Development/ThreeFold/data/external/Enterobacter/GCF_021869645.1_ASM2186964v1_genomic.fna.gz
GCF_021869625.1	PRJNA224116	SAMN25233125	na	na	na	na	2912631	2912631	Enterobacter cloacae complex sp. ECL404	strain=ECL404	na	latest	Complete Genome	Major	Full	2022-02-02	ASM2186962v1		GCA_021869625.1	identical	https://ftp.ncbi.nlm.nih.gov/genomes/all/GCF/021/869/625/GCF_021869625.1_ASM2186962v1	./Development/ThreeFold/data/external/Enterobacter/GCF_021869625.1_ASM2186962v1_genomic.fna.gz
GCF_021725435.1	PRJNA224116	SAMN25126227	na	na	na	na	2923088	2923088	Enterobacter sp. JH25	strain=JH25	na	latest	Complete Genome	Major	Full	2022-01-30	ASM2172543v1		GCA_021725435.1	identical	https://ftp.ncbi.nlm.nih.gov/genomes/all/GCF/021/725/435/GCF_021725435.1_ASM2172543v1	./Development/ThreeFold/data/external/Enterobacter/GCF_021725435.1_ASM2172543v1_genomic.fna.gz
GCF_024599795.1	PRJNA224116	SAMN29928042	na	na	na	na	2969431	2969431	Enterobacter cloacae complex sp. R_G8	strain=R_G8	na	latest	Complete Genome	Major	Full	2022-08-09	ASM2459979v1		GCA_024599795.1	identical	https://ftp.ncbi.nlm.nih.gov/genomes/all/GCF/024/599/795/GCF_024599795.1_ASM2459979v1	./Development/ThreeFold/data/external/Enterobacter/GCF_024599795.1_ASM2459979v1_genomic.fna.gz
GCF_025152625.1	PRJNA224116	SAMN30377401	na	na	na	na	2976431	2976431	Enterobacter sp. CP102	strain=CP102	na	latest	Complete Genome	Major	Full	2022-09-12	ASM2515262v1		GCA_025152625.1	identical	https://ftp.ncbi.nlm.nih.gov/genomes/all/GCF/025/152/625/GCF_025152625.1_ASM2515262v1	./Development/ThreeFold/data/external/Enterobacter/GCF_025152625.1_ASM2515262v1_genomic.fna.gz
GCF_025502525.1	PRJNA224116	SAMN30957467	na	na	na	na	2980499	2980499	Enterobacter sp. 155105	strain=155105	na	latest	Complete Genome	Major	Full	2022-09-30	ASM2550252v1		GCA_025502525.1	identical	https://ftp.ncbi.nlm.nih.gov/genomes/all/GCF/025/502/525/GCF_025502525.1_ASM2550252v1	./Development/ThreeFold/data/external/Enterobacter/GCF_025502525.1_ASM2550252v1_genomic.fna.gz
GCF_030406125.1	PRJNA224116	SAMN35981010	na	na	na	na	2996112	2996112	Enterobacter pseudoroggenkampii	strain=SC1	na	latest	Complete Genome	Major	Full	2023-07-04	ASM3040612v1		GCA_030406125.1	identical	https://ftp.ncbi.nlm.nih.gov/genomes/all/GCF/030/406/125/GCF_030406125.1_ASM3040612v1	./Development/ThreeFold/data/external/Enterobacter/GCF_030406125.1_ASM3040612v1_genomic.fna.gz
GCF_030406165.1	PRJNA224116	SAMN35981009	na	na	reference genome	na	2996112	2996112	Enterobacter pseudoroggenkampii	strain=FY158	na	latest	Complete Genome	Major	Full	2023-07-04	ASM3040616v1		GCA_030406165.1	identical	https://ftp.ncbi.nlm.nih.gov/genomes/all/GCF/030/406/165/GCF_030406165.1_ASM3040616v1	./Development/ThreeFold/data/external/Enterobacter/GCF_030406165.1_ASM3040616v1_genomic.fna.gz
GCF_045866555.1	PRJNA224116	SAMD00823201	na	na	na	na	2996112	2996112	Enterobacter pseudoroggenkampii	strain=GVv1	na	latest	Complete Genome	Major	Full	2024-12-11	ASM4586655v1		GCA_045866555.1	identical	https://ftp.ncbi.nlm.nih.gov/genomes/all/GCF/045/866/555/GCF_045866555.1_ASM4586655v1	./Development/ThreeFold/data/external/Enterobacter/GCF_045866555.1_ASM4586655v1_genomic.fna.gz
GCF_028735835.1	PRJNA224116	SAMN29820932	na	na	na	na	3026145	3026145	Enterobacter sp. S-33	strain=S-33	na	latest	Complete Genome	Major	Full	2023-02-19	ASM2873583v1		GCA_028735835.1	identical	https://ftp.ncbi.nlm.nih.gov/genomes/all/GCF/028/735/835/GCF_028735835.1_ASM2873583v1	./Development/ThreeFold/data/external/Enterobacter/GCF_028735835.1_ASM2873583v1_genomic.fna.gz
GCF_013376835.1	PRJNA224116	SAMN15300312	na	na	na	na	3029761	3029761	Enterobacter pasteurii	strain=D41-sc-1712200	na	latest	Complete Genome	Major	Full	2020-06-30	ASM1337683v1		GCA_013376835.1	identical	https://ftp.ncbi.nlm.nih.gov/genomes/all/GCF/013/376/835/GCF_013376835.1_ASM1337683v1	./Development/ThreeFold/data/external/Enterobacter/GCF_013376835.1_ASM1337683v1_genomic.fna.gz
GCF_031432835.1	PRJNA224116	SAMN37200060	na	na	na	na	3073865	3073865	Enterobacter cloacae complex sp. EB5	strain=EB5	na	latest	Complete Genome	Major	Full	2023-09-13	ASM3143283v1		GCA_031432835.1	identical	https://ftp.ncbi.nlm.nih.gov/genomes/all/GCF/031/432/835/GCF_031432835.1_ASM3143283v1	./Development/ThreeFold/data/external/Enterobacter/GCF_031432835.1_ASM3143283v1_genomic.fna.gz
GCF_032389435.1	PRJNA224116	SAMEA111505541	na	na	na	na	3077940	3077940	Enterobacter sp. DTU_2021_1002640_1_SI_PRY_ASU_LCPMC_013	strain=DTU_2021_1002640_1_SI_PRY_ASU_LCPMC_013	na	latest	Complete Genome	Major	Full	2023-10-05	ASM3238943v1		GCA_032389435.1	identical	https://ftp.ncbi.nlm.nih.gov/genomes/all/GCF/032/389/435/GCF_032389435.1_ASM3238943v1	./Development/ThreeFold/data/external/Enterobacter/GCF_032389435.1_ASM3238943v1_genomic.fna.gz
GCF_036936505.1	PRJNA224116	SAMN37733154	na	na	na	na	3080020	3080020	Enterobacter sp. JJBC	strain=JJBC	na	latest	Complete Genome	Major	Full	2024-04-05	ASM3693650v1		GCA_036936505.1	identical	https://ftp.ncbi.nlm.nih.gov/genomes/all/GCF/036/936/505/GCF_036936505.1_ASM3693650v1	./Development/ThreeFold/data/external/Enterobacter/GCF_036936505.1_ASM3693650v1_genomic.fna.gz
GCF_043968675.1	PRJNA224116	SAMN39551846	na	na	na	na	3116479	3116479	Enterobacter sp. ECC-175	strain=ECC-175	na	latest	Complete Genome	Major	Full	2024-10-29	ASM4396867v1		GCA_043968675.1	identical	https://ftp.ncbi.nlm.nih.gov/genomes/all/GCF/043/968/675/GCF_043968675.1_ASM4396867v1	./Development/ThreeFold/data/external/Enterobacter/GCF_043968675.1_ASM4396867v1_genomic.fna.gz
GCF_043966805.1	PRJNA224116	SAMN39551854	na	na	na	na	3116480	3116480	Enterobacter sp. ECC-219	strain=ECC-219	na	latest	Complete Genome	Major	Full	2024-10-29	ASM4396680v1		GCA_043966805.1	identical	https://ftp.ncbi.nlm.nih.gov/genomes/all/GCF/043/966/805/GCF_043966805.1_ASM4396680v1	./Development/ThreeFold/data/external/Enterobacter/GCF_043966805.1_ASM4396680v1_genomic.fna.gz
GCF_043965265.1	PRJNA224116	SAMN39551859	na	na	na	na	3116481	3116481	Enterobacter sp. ECC-249	strain=ECC-249	na	latest	Complete Genome	Major	Full	2024-10-29	ASM4396526v1		GCA_043965265.1	identical	https://ftp.ncbi.nlm.nih.gov/genomes/all/GCF/043/965/265/GCF_043965265.1_ASM4396526v1	./Development/ThreeFold/data/external/Enterobacter/GCF_043965265.1_ASM4396526v1_genomic.fna.gz
GCF_047159375.1	PRJNA224116	SAMD00758754	na	na	reference genome	na	3132096	3132096	Enterobacterales bacterium endosymbiont of Anomoneura mori	strain=AM	na	latest	Complete Genome	Major	Full	2025-01-26	ASM4715937v1		GCA_047159375.1	identical	https://ftp.ncbi.nlm.nih.gov/genomes/all/GCF/047/159/375/GCF_047159375.1_ASM4715937v1	./Development/ThreeFold/data/external/Enterobacter/GCF_047159375.1_ASM4715937v1_genomic.fna.gz
GCF_041937165.1	PRJNA224116	SAMN41075129	na	na	reference genome	assembly from type material	3142537	3142537	Enterobacter adelaidei	strain=ECC3473	na	latest	Complete Genome	Major	Full	2024-09-17	UNISA_Eadel_1.0		GCA_041937165.1	identical	https://ftp.ncbi.nlm.nih.gov/genomes/all/GCF/041/937/165/GCF_041937165.1_UNISA_Eadel_1.0	./Development/ThreeFold/data/external/Enterobacter/GCF_041937165.1_UNISA_Eadel_1.0_genomic.fna.gz
GCF_039850505.1	PRJNA224116	SAMN41399802	na	na	na	na	3151599	3151599	Enterobacter sp. HNDS-6	strain=HNDS-6	na	latest	Complete Genome	Major	Full	2024-05-28	ASM3985050v1		GCA_039850505.1	identical	https://ftp.ncbi.nlm.nih.gov/genomes/all/GCF/039/850/505/GCF_039850505.1_ASM3985050v1	./Development/ThreeFold/data/external/Enterobacter/GCF_039850505.1_ASM3985050v1_genomic.fna.gz
GCF_040059225.1	PRJNA224116	SAMN41422173	na	na	na	na	3152302	3152302	Enterobacter cloacae complex sp. Mu1197	strain=Mu1197	na	latest	Complete Genome	Major	Full	2024-06-06	ASM4005922v1		GCA_040059225.1	identical	https://ftp.ncbi.nlm.nih.gov/genomes/all/GCF/040/059/225/GCF_040059225.1_ASM4005922v1	./Development/ThreeFold/data/external/Enterobacter/GCF_040059225.1_ASM4005922v1_genomic.fna.gz
GCF_047456095.1	PRJNA224116	SAMN44451133	na	na	na	na	3376151	3376151	Enterobacter sp. BNK-14	strain=BNK-14	na	latest	Complete Genome	Major	Full	2025-02-06	ASM4745609v1		GCA_047456095.1	identical	https://ftp.ncbi.nlm.nih.gov/genomes/all/GCF/047/456/095/GCF_047456095.1_ASM4745609v1	./Development/ThreeFold/data/external/Enterobacter/GCF_047456095.1_ASM4745609v1_genomic.fna.gz
GCF_047456135.1	PRJNA224116	SAMN44451137	na	na	na	na	3376155	3376155	Enterobacter sp. BNK-18	strain=BNK-18	na	latest	Complete Genome	Major	Full	2025-02-06	ASM4745613v1		GCA_047456135.1	identical	https://ftp.ncbi.nlm.nih.gov/genomes/all/GCF/047/456/135/GCF_047456135.1_ASM4745613v1	./Development/ThreeFold/data/external/Enterobacter/GCF_047456135.1_ASM4745613v1_genomic.fna.gz
