assembly_accession	bioproject	biosample	wgs_master	excluded_from_refseq	refseq_category	relation_to_type_material	taxid	species_taxid	organism_name	infraspecific_name	isolate	version_status	assembly_level	release_type	genome_rep	seq_rel_date	asm_name	submitter	gbrs_paired_asm	paired_asm_comp	ftp_path	local_filename
GCF_020023795.1	PRJNA224116	SAMN19866762	na	na	na	na	594	28901	Salmonella enterica subsp. enterica serovar Gallinarum	strain=07Q015	na	latest	Complete Genome	Major	Full	2021-09-17	ASM2002379v1		GCA_020023795.1	identical	https://ftp.ncbi.nlm.nih.gov/genomes/all/GCF/020/023/795/GCF_020023795.1_ASM2002379v1	./Development/ThreeFold/data/external/Salmonella/GCF_020023795.1_ASM2002379v1_genomic.fna.gz
GCF_023518135.1	PRJNA224116	SAMN23378274	na	na	na	na	594	28901	Salmonella enterica subsp. enterica serovar Gallinarum	strain=SCPM-O-B-4493	na	latest	Complete Genome	Major	Full	2022-05-23	ASM2351813v1		GCA_023518135.1	identical	https://ftp.ncbi.nlm.nih.gov/genomes/all/GCF/023/518/135/GCF_023518135.1_ASM2351813v1	./Development/ThreeFold/data/external/Salmonella/GCF_023518135.1_ASM2351813v1_genomic.fna.gz
GCF_023518195.1	PRJNA224116	SAMN23378277	na	na	na	na	594	28901	Salmonella enterica subsp. enterica serovar Gallinarum	strain=SCPM-O-B-4548	na	latest	Complete Genome	Major	Full	2022-05-23	ASM2351819v1		GCA_023518195.1	identical	https://ftp.ncbi.nlm.nih.gov/genomes/all/GCF/023/518/195/GCF_023518195.1_ASM2351819v1	./Development/ThreeFold/data/external/Salmonella/GCF_023518195.1_ASM2351819v1_genomic.fna.gz
GCF_032598805.1	PRJNA224116	SAMN32628980	na	na	na	na	594	28901	Salmonella enterica subsp. enterica serovar Gallinarum	strain=SG1	na	latest	Complete Genome	Major	Full	2023-10-12	ASM3259880v1		GCA_032598805.1	identical	https://ftp.ncbi.nlm.nih.gov/genomes/all/GCF/032/598/805/GCF_032598805.1_ASM3259880v1	./Development/ThreeFold/data/external/Salmonella/GCF_032598805.1_ASM3259880v1_genomic.fna.gz
GCF_000806805.2	PRJNA224116	SAMN03079723	na	na	na	na	595	28901	Salmonella enterica subsp. enterica serovar Infantis	strain=CFSAN024778	na	latest	Complete Genome	Major	Full	2021-05-11	ASM80680v2		GCA_000806805.2	identical	https://ftp.ncbi.nlm.nih.gov/genomes/all/GCF/000/806/805/GCF_000806805.2_ASM80680v2	./Development/ThreeFold/data/external/Salmonella/GCF_000806805.2_ASM80680v2_genomic.fna.gz
GCF_000807005.2	PRJNA224116	SAMN03079726	na	na	na	na	595	28901	Salmonella enterica subsp. enterica serovar Infantis	strain=CFSAN024781	na	latest	Complete Genome	Major	Full	2021-05-11	ASM80700v2		GCA_000807005.2	identical	https://ftp.ncbi.nlm.nih.gov/genomes/all/GCF/000/807/005/GCF_000807005.2_ASM80700v2	./Development/ThreeFold/data/external/Salmonella/GCF_000807005.2_ASM80700v2_genomic.fna.gz
GCF_000953495.1	PRJNA224116	SAMEA3106395	na	na	na	na	595	28901	Salmonella enterica subsp. enterica serovar Infantis	strain=1326/28	na	latest	Complete Genome	Major	Full	2014-12-16	SINFA		GCA_000953495.1	identical	https://ftp.ncbi.nlm.nih.gov/genomes/all/GCF/000/953/495/GCF_000953495.1_SINFA	./Development/ThreeFold/data/external/Salmonella/GCF_000953495.1_SINFA_genomic.fna.gz
GCF_001931555.1	PRJNA224116	SAMN04285042	na	na	na	na	595	28901	Salmonella enterica subsp. enterica serovar Infantis	strain=FSIS1502169	na	latest	Complete Genome	Major	Full	2017-01-04	ASM193155v1		GCA_001931555.1	identical	https://ftp.ncbi.nlm.nih.gov/genomes/all/GCF/001/931/555/GCF_001931555.1_ASM193155v1	./Development/ThreeFold/data/external/Salmonella/GCF_001931555.1_ASM193155v1_genomic.fna.gz
GCF_001931575.1	PRJNA224116	SAMN04364590	na	na	na	na	595	28901	Salmonella enterica subsp. enterica serovar Infantis	strain=FSIS1502916	na	latest	Complete Genome	Major	Full	2017-01-04	ASM193157v1		GCA_001931575.1	identical	https://ftp.ncbi.nlm.nih.gov/genomes/all/GCF/001/931/575/GCF_001931575.1_ASM193157v1	./Development/ThreeFold/data/external/Salmonella/GCF_001931575.1_ASM193157v1_genomic.fna.gz
GCF_001931595.1	PRJNA224116	SAMN03988471	na	na	na	na	595	28901	Salmonella enterica subsp. enterica serovar Infantis	strain=N55391	na	latest	Complete Genome	Major	Full	2017-01-04	ASM193159v1		GCA_001931595.1	identical	https://ftp.ncbi.nlm.nih.gov/genomes/all/GCF/001/931/595/GCF_001931595.1_ASM193159v1	./Development/ThreeFold/data/external/Salmonella/GCF_001931595.1_ASM193159v1_genomic.fna.gz
GCF_001931615.1	PRJNA224116	SAMN05255999	na	na	na	na	595	28901	Salmonella enterica subsp. enterica serovar Infantis	strain=CVM44454	2014am-3028	latest	Complete Genome	Major	Full	2017-01-04	ASM193161v1		GCA_001931615.1	identical	https://ftp.ncbi.nlm.nih.gov/genomes/all/GCF/001/931/615/GCF_001931615.1_ASM193161v1	./Development/ThreeFold/data/external/Salmonella/GCF_001931615.1_ASM193161v1_genomic.fna.gz
GCF_002863785.1	PRJNA224116	SAMN03463818	na	na	na	na	595	28901	Salmonella enterica subsp. enterica serovar Infantis	strain=CFSAN003307	na	latest	Complete Genome	Major	Full	2018-01-05	ASM286378v1		GCA_002863785.1	identical	https://ftp.ncbi.nlm.nih.gov/genomes/all/GCF/002/863/785/GCF_002863785.1_ASM286378v1	./Development/ThreeFold/data/external/Salmonella/GCF_002863785.1_ASM286378v1_genomic.fna.gz
GCF_010919335.1	PRJNA224116	SAMN13850655	na	na	na	na	595	28901	Salmonella enterica subsp. enterica serovar Infantis	strain=119944	na	latest	Complete Genome	Major	Full	2020-02-21	ASM1091933v1		GCA_010919335.1	identical	https://ftp.ncbi.nlm.nih.gov/genomes/all/GCF/010/919/335/GCF_010919335.1_ASM1091933v1	./Development/ThreeFold/data/external/Salmonella/GCF_010919335.1_ASM1091933v1_genomic.fna.gz
GCF_013377315.1	PRJNA224116	SAMN11355818	na	na	na	na	595	28901	Salmonella enterica subsp. enterica serovar Infantis	strain=VNSEC003	na	latest	Complete Genome	Major	Full	2020-06-30	ASM1337731v1		GCA_013377315.1	identical	https://ftp.ncbi.nlm.nih.gov/genomes/all/GCF/013/377/315/GCF_013377315.1_ASM1337731v1	./Development/ThreeFold/data/external/Salmonella/GCF_013377315.1_ASM1337731v1_genomic.fna.gz
GCF_013377335.1	PRJNA224116	SAMN11355817	na	na	na	na	595	28901	Salmonella enterica subsp. enterica serovar Infantis	strain=VNSEC002	na	latest	Complete Genome	Major	Full	2020-06-30	ASM1337733v1		GCA_013377335.1	identical	https://ftp.ncbi.nlm.nih.gov/genomes/all/GCF/013/377/335/GCF_013377335.1_ASM1337733v1	./Development/ThreeFold/data/external/Salmonella/GCF_013377335.1_ASM1337733v1_genomic.fna.gz
GCF_013377355.1	PRJNA224116	SAMN11355816	na	na	na	na	595	28901	Salmonella enterica subsp. enterica serovar Infantis	strain=VNSEC001	na	latest	Complete Genome	Major	Full	2020-06-30	ASM1337735v1		GCA_013377355.1	identical	https://ftp.ncbi.nlm.nih.gov/genomes/all/GCF/013/377/355/GCF_013377355.1_ASM1337735v1	./Development/ThreeFold/data/external/Salmonella/GCF_013377355.1_ASM1337735v1_genomic.fna.gz
GCF_022117515.1	PRJNA224116	SAMN25608808	na	na	na	na	595	28901	Salmonella enterica subsp. enterica serovar Infantis	strain=S19	na	latest	Complete Genome	Major	Full	2022-02-09	ASM2211751v1		GCA_022117515.1	identical	https://ftp.ncbi.nlm.nih.gov/genomes/all/GCF/022/117/515/GCF_022117515.1_ASM2211751v1	./Development/ThreeFold/data/external/Salmonella/GCF_022117515.1_ASM2211751v1_genomic.fna.gz
GCF_022670675.1	PRJNA224116	SAMN26567210	na	na	na	na	595	28901	Salmonella enterica subsp. enterica serovar Infantis	strain=R21.1147	na	latest	Complete Genome	Major	Full	2022-03-22	ASM2267067v1		GCA_022670675.1	identical	https://ftp.ncbi.nlm.nih.gov/genomes/all/GCF/022/670/675/GCF_022670675.1_ASM2267067v1	./Development/ThreeFold/data/external/Salmonella/GCF_022670675.1_ASM2267067v1_genomic.fna.gz
GCF_023024545.1	PRJNA224116	SAMN26540071	na	na	na	na	595	28901	Salmonella enterica subsp. enterica serovar Infantis	strain=423_13	na	latest	Complete Genome	Major	Full	2022-04-18	ASM2302454v1		GCA_023024545.1	identical	https://ftp.ncbi.nlm.nih.gov/genomes/all/GCF/023/024/545/GCF_023024545.1_ASM2302454v1	./Development/ThreeFold/data/external/Salmonella/GCF_023024545.1_ASM2302454v1_genomic.fna.gz
GCF_024917215.1	PRJNA224116	SAMN30540908	na	na	na	na	595	28901	Salmonella enterica subsp. enterica serovar Infantis	strain=MRS17_00712	na	latest	Complete Genome	Major	Full	2022-09-04	ASM2491721v1		GCA_024917215.1	identical	https://ftp.ncbi.nlm.nih.gov/genomes/all/GCF/024/917/215/GCF_024917215.1_ASM2491721v1	./Development/ThreeFold/data/external/Salmonella/GCF_024917215.1_ASM2491721v1_genomic.fna.gz
GCF_029591745.1	PRJNA224116	SAMN33760335	na	na	na	na	595	28901	Salmonella enterica subsp. enterica serovar Infantis	strain=R21.0914	na	latest	Complete Genome	Major	Full	2023-04-05	ASM2959174v1		GCA_029591745.1	identical	https://ftp.ncbi.nlm.nih.gov/genomes/all/GCF/029/591/745/GCF_029591745.1_ASM2959174v1	./Development/ThreeFold/data/external/Salmonella/GCF_029591745.1_ASM2959174v1_genomic.fna.gz
GCF_029591825.1	PRJNA224116	SAMN33760351	na	na	na	na	595	28901	Salmonella enterica subsp. enterica serovar Infantis	strain=R22.2574	na	latest	Complete Genome	Major	Full	2023-04-05	ASM2959182v1		GCA_029591825.1	identical	https://ftp.ncbi.nlm.nih.gov/genomes/all/GCF/029/591/825/GCF_029591825.1_ASM2959182v1	./Development/ThreeFold/data/external/Salmonella/GCF_029591825.1_ASM2959182v1_genomic.fna.gz
GCF_029591945.1	PRJNA224116	SAMN33760342	na	na	na	na	595	28901	Salmonella enterica subsp. enterica serovar Infantis	strain=R22.0044	na	latest	Complete Genome	Major	Full	2023-04-05	ASM2959194v1		GCA_029591945.1	identical	https://ftp.ncbi.nlm.nih.gov/genomes/all/GCF/029/591/945/GCF_029591945.1_ASM2959194v1	./Development/ThreeFold/data/external/Salmonella/GCF_029591945.1_ASM2959194v1_genomic.fna.gz
GCF_029592045.1	PRJNA224116	SAMN33760338	na	na	na	na	595	28901	Salmonella enterica subsp. enterica serovar Infantis	strain=R21.1575	na	latest	Complete Genome	Major	Full	2023-04-05	ASM2959204v1		GCA_029592045.1	identical	https://ftp.ncbi.nlm.nih.gov/genomes/all/GCF/029/592/045/GCF_029592045.1_ASM2959204v1	./Development/ThreeFold/data/external/Salmonella/GCF_029592045.1_ASM2959204v1_genomic.fna.gz
GCF_029592105.1	PRJNA224116	SAMN33760354	na	na	na	na	595	28901	Salmonella enterica subsp. enterica serovar Infantis	strain=R22.3740	na	latest	Complete Genome	Major	Full	2023-04-05	ASM2959210v1		GCA_029592105.1	identical	https://ftp.ncbi.nlm.nih.gov/genomes/all/GCF/029/592/105/GCF_029592105.1_ASM2959210v1	./Development/ThreeFold/data/external/Salmonella/GCF_029592105.1_ASM2959210v1_genomic.fna.gz
GCF_029592185.1	PRJNA224116	SAMN33760349	na	na	na	na	595	28901	Salmonella enterica subsp. enterica serovar Infantis	strain=R22.2169	na	latest	Complete Genome	Major	Full	2023-04-05	ASM2959218v1		GCA_029592185.1	identical	https://ftp.ncbi.nlm.nih.gov/genomes/all/GCF/029/592/185/GCF_029592185.1_ASM2959218v1	./Development/ThreeFold/data/external/Salmonella/GCF_029592185.1_ASM2959218v1_genomic.fna.gz
GCF_030435995.1	PRJNA224116	SAMN10434137	na	na	na	na	595	28901	Salmonella enterica subsp. enterica serovar Infantis	strain=R13.1986	na	latest	Complete Genome	Major	Full	2023-07-12	ASM3043599v1		GCA_030435995.1	identical	https://ftp.ncbi.nlm.nih.gov/genomes/all/GCF/030/435/995/GCF_030435995.1_ASM3043599v1	./Development/ThreeFold/data/external/Salmonella/GCF_030435995.1_ASM3043599v1_genomic.fna.gz
GCF_037770365.1	PRJNA224116	SAMN40424073	na	na	na	na	595	28901	Salmonella enterica subsp. enterica serovar Infantis	strain=Z1323HSL0044	na	latest	Complete Genome	Major	Full	2024-04-05	ASM3777036v1		GCA_037770365.1	identical	https://ftp.ncbi.nlm.nih.gov/genomes/all/GCF/037/770/365/GCF_037770365.1_ASM3777036v1	./Development/ThreeFold/data/external/Salmonella/GCF_037770365.1_ASM3777036v1_genomic.fna.gz
GCF_037771175.1	PRJNA224116	SAMN40424072	na	na	na	na	595	28901	Salmonella enterica subsp. enterica serovar Infantis	strain=Z1323HSL0039	na	latest	Complete Genome	Major	Full	2024-04-05	ASM3777117v1		GCA_037771175.1	identical	https://ftp.ncbi.nlm.nih.gov/genomes/all/GCF/037/771/175/GCF_037771175.1_ASM3777117v1	./Development/ThreeFold/data/external/Salmonella/GCF_037771175.1_ASM3777117v1_genomic.fna.gz
GCF_037772145.1	PRJNA224116	SAMN40424071	na	na	na	na	595	28901	Salmonella enterica subsp. enterica serovar Infantis	strain=Z1323HSL0030	na	latest	Complete Genome	Major	Full	2024-04-05	ASM3777214v1		GCA_037772145.1	identical	https://ftp.ncbi.nlm.nih.gov/genomes/all/GCF/037/772/145/GCF_037772145.1_ASM3777214v1	./Development/ThreeFold/data/external/Salmonella/GCF_037772145.1_ASM3777214v1_genomic.fna.gz
GCF_037773035.1	PRJNA224116	SAMN40424070	na	na	na	na	595	28901	Salmonella enterica subsp. enterica serovar Infantis	strain=Z1323HSL0028	na	latest	Complete Genome	Major	Full	2024-04-05	ASM3777303v1		GCA_037773035.1	identical	https://ftp.ncbi.nlm.nih.gov/genomes/all/GCF/037/773/035/GCF_037773035.1_ASM3777303v1	./Development/ThreeFold/data/external/Salmonella/GCF_037773035.1_ASM3777303v1_genomic.fna.gz
GCF_037774005.1	PRJNA224116	SAMN40424068	na	na	na	na	595	28901	Salmonella enterica subsp. enterica serovar Infantis	strain=Z1323HSL0002	na	latest	Complete Genome	Major	Full	2024-04-05	ASM3777400v1		GCA_037774005.1	identical	https://ftp.ncbi.nlm.nih.gov/genomes/all/GCF/037/774/005/GCF_037774005.1_ASM3777400v1	./Development/ThreeFold/data/external/Salmonella/GCF_037774005.1_ASM3777400v1_genomic.fna.gz
GCF_037775235.1	PRJNA224116	SAMN40424066	na	na	na	na	595	28901	Salmonella enterica subsp. enterica serovar Infantis	strain=Z1323CSL0034	na	latest	Complete Genome	Major	Full	2024-04-05	ASM3777523v1		GCA_037775235.1	identical	https://ftp.ncbi.nlm.nih.gov/genomes/all/GCF/037/775/235/GCF_037775235.1_ASM3777523v1	./Development/ThreeFold/data/external/Salmonella/GCF_037775235.1_ASM3777523v1_genomic.fna.gz
GCF_037776255.1	PRJNA224116	SAMN40424065	na	na	na	na	595	28901	Salmonella enterica subsp. enterica serovar Infantis	strain=Z1323CSL0027	na	latest	Complete Genome	Major	Full	2024-04-05	ASM3777625v1		GCA_037776255.1	identical	https://ftp.ncbi.nlm.nih.gov/genomes/all/GCF/037/776/255/GCF_037776255.1_ASM3777625v1	./Development/ThreeFold/data/external/Salmonella/GCF_037776255.1_ASM3777625v1_genomic.fna.gz
GCF_037776265.1	PRJNA224116	SAMN40424064	na	na	na	na	595	28901	Salmonella enterica subsp. enterica serovar Infantis	strain=Z1323CSL0017	na	latest	Complete Genome	Major	Full	2024-04-05	ASM3777626v1		GCA_037776265.1	identical	https://ftp.ncbi.nlm.nih.gov/genomes/all/GCF/037/776/265/GCF_037776265.1_ASM3777626v1	./Development/ThreeFold/data/external/Salmonella/GCF_037776265.1_ASM3777626v1_genomic.fna.gz
GCF_037777435.1	PRJNA224116	SAMN40424063	na	na	na	na	595	28901	Salmonella enterica subsp. enterica serovar Infantis	strain=Z1323CSL0016	na	latest	Complete Genome	Major	Full	2024-04-05	ASM3777743v1		GCA_037777435.1	identical	https://ftp.ncbi.nlm.nih.gov/genomes/all/GCF/037/777/435/GCF_037777435.1_ASM3777743v1	./Development/ThreeFold/data/external/Salmonella/GCF_037777435.1_ASM3777743v1_genomic.fna.gz
GCF_037778605.1	PRJNA224116	SAMN40424062	na	na	na	na	595	28901	Salmonella enterica subsp. enterica serovar Infantis	strain=Z1323CSL0015	na	latest	Complete Genome	Major	Full	2024-04-05	ASM3777860v1		GCA_037778605.1	identical	https://ftp.ncbi.nlm.nih.gov/genomes/all/GCF/037/778/605/GCF_037778605.1_ASM3777860v1	./Development/ThreeFold/data/external/Salmonella/GCF_037778605.1_ASM3777860v1_genomic.fna.gz
GCF_037779835.1	PRJNA224116	SAMN40424061	na	na	na	na	595	28901	Salmonella enterica subsp. enterica serovar Infantis	strain=Z1323CSL0014	na	latest	Complete Genome	Major	Full	2024-04-05	ASM3777983v1		GCA_037779835.1	identical	https://ftp.ncbi.nlm.nih.gov/genomes/all/GCF/037/779/835/GCF_037779835.1_ASM3777983v1	./Development/ThreeFold/data/external/Salmonella/GCF_037779835.1_ASM3777983v1_genomic.fna.gz
GCF_037780985.1	PRJNA224116	SAMN40424060	na	na	na	na	595	28901	Salmonella enterica subsp. enterica serovar Infantis	strain=Z1323CSL0006	na	latest	Complete Genome	Major	Full	2024-04-05	ASM3778098v1		GCA_037780985.1	identical	https://ftp.ncbi.nlm.nih.gov/genomes/all/GCF/037/780/985/GCF_037780985.1_ASM3778098v1	./Development/ThreeFold/data/external/Salmonella/GCF_037780985.1_ASM3778098v1_genomic.fna.gz
GCF_037782195.1	PRJNA224116	SAMN40424059	na	na	na	na	595	28901	Salmonella enterica subsp. enterica serovar Infantis	strain=Z1323CSL0002	na	latest	Complete Genome	Major	Full	2024-04-05	ASM3778219v1		GCA_037782195.1	identical	https://ftp.ncbi.nlm.nih.gov/genomes/all/GCF/037/782/195/GCF_037782195.1_ASM3778219v1	./Development/ThreeFold/data/external/Salmonella/GCF_037782195.1_ASM3778219v1_genomic.fna.gz
GCF_037784635.1	PRJNA224116	SAMN40424055	na	na	na	na	595	28901	Salmonella enterica subsp. enterica serovar Infantis	strain=Z1322PSL0048	na	latest	Complete Genome	Major	Full	2024-04-05	ASM3778463v1		GCA_037784635.1	identical	https://ftp.ncbi.nlm.nih.gov/genomes/all/GCF/037/784/635/GCF_037784635.1_ASM3778463v1	./Development/ThreeFold/data/external/Salmonella/GCF_037784635.1_ASM3778463v1_genomic.fna.gz
GCF_037795395.1	PRJNA224116	SAMN40424045	na	na	na	na	595	28901	Salmonella enterica subsp. enterica serovar Infantis	strain=Z1322HSL0061	na	latest	Complete Genome	Major	Full	2024-04-05	ASM3779539v1		GCA_037795395.1	identical	https://ftp.ncbi.nlm.nih.gov/genomes/all/GCF/037/795/395/GCF_037795395.1_ASM3779539v1	./Development/ThreeFold/data/external/Salmonella/GCF_037795395.1_ASM3779539v1_genomic.fna.gz
GCF_037796365.1	PRJNA224116	SAMN40424044	na	na	na	na	595	28901	Salmonella enterica subsp. enterica serovar Infantis	strain=Z1322HSL0052	na	latest	Complete Genome	Major	Full	2024-04-05	ASM3779636v1		GCA_037796365.1	identical	https://ftp.ncbi.nlm.nih.gov/genomes/all/GCF/037/796/365/GCF_037796365.1_ASM3779636v1	./Development/ThreeFold/data/external/Salmonella/GCF_037796365.1_ASM3779636v1_genomic.fna.gz
GCF_037797495.1	PRJNA224116	SAMN40424043	na	na	na	na	595	28901	Salmonella enterica subsp. enterica serovar Infantis	strain=Z1322HSL0050	na	latest	Complete Genome	Major	Full	2024-04-05	ASM3779749v1		GCA_037797495.1	identical	https://ftp.ncbi.nlm.nih.gov/genomes/all/GCF/037/797/495/GCF_037797495.1_ASM3779749v1	./Development/ThreeFold/data/external/Salmonella/GCF_037797495.1_ASM3779749v1_genomic.fna.gz
GCF_037798445.1	PRJNA224116	SAMN40424042	na	na	na	na	595	28901	Salmonella enterica subsp. enterica serovar Infantis	strain=Z1322HSL0046	na	latest	Complete Genome	Major	Full	2024-04-05	ASM3779844v1		GCA_037798445.1	identical	https://ftp.ncbi.nlm.nih.gov/genomes/all/GCF/037/798/445/GCF_037798445.1_ASM3779844v1	./Development/ThreeFold/data/external/Salmonella/GCF_037798445.1_ASM3779844v1_genomic.fna.gz
GCF_037799595.1	PRJNA224116	SAMN40424040	na	na	na	na	595	28901	Salmonella enterica subsp. enterica serovar Infantis	strain=Z1322HSL0027	na	latest	Complete Genome	Major	Full	2024-04-05	ASM3779959v1		GCA_037799595.1	identical	https://ftp.ncbi.nlm.nih.gov/genomes/all/GCF/037/799/595/GCF_037799595.1_ASM3779959v1	./Development/ThreeFold/data/external/Salmonella/GCF_037799595.1_ASM3779959v1_genomic.fna.gz
GCF_040050635.1	PRJNA224116	SAMN41563898	na	na	na	na	595	28901	Salmonella enterica subsp. enterica serovar Infantis	strain=IJCS5-22	na	latest	Complete Genome	Major	Full	2024-06-06	ASM4005063v1		GCA_040050635.1	identical	https://ftp.ncbi.nlm.nih.gov/genomes/all/GCF/040/050/635/GCF_040050635.1_ASM4005063v1	./Development/ThreeFold/data/external/Salmonella/GCF_040050635.1_ASM4005063v1_genomic.fna.gz
GCF_041937575.1	PRJNA224116	SAMN43385903	na	na	na	na	595	28901	Salmonella enterica subsp. enterica serovar Infantis	strain=FSIS9799	na	latest	Complete Genome	Major	Full	2024-09-18	ASM4193757v1		GCA_041937575.1	identical	https://ftp.ncbi.nlm.nih.gov/genomes/all/GCF/041/937/575/GCF_041937575.1_ASM4193757v1	./Development/ThreeFold/data/external/Salmonella/GCF_041937575.1_ASM4193757v1_genomic.fna.gz
GCF_041937595.1	PRJNA224116	SAMN43385911	na	na	na	na	595	28901	Salmonella enterica subsp. enterica serovar Infantis	strain=FSIS7821	na	latest	Complete Genome	Major	Full	2024-09-18	ASM4193759v1		GCA_041937595.1	identical	https://ftp.ncbi.nlm.nih.gov/genomes/all/GCF/041/937/595/GCF_041937595.1_ASM4193759v1	./Development/ThreeFold/data/external/Salmonella/GCF_041937595.1_ASM4193759v1_genomic.fna.gz
GCF_041941485.1	PRJNA224116	SAMN43385905	na	na	na	na	595	28901	Salmonella enterica subsp. enterica serovar Infantis	strain=FSIS9851	na	latest	Complete Genome	Major	Full	2024-09-18	ASM4194148v1		GCA_041941485.1	identical	https://ftp.ncbi.nlm.nih.gov/genomes/all/GCF/041/941/485/GCF_041941485.1_ASM4194148v1	./Development/ThreeFold/data/external/Salmonella/GCF_041941485.1_ASM4194148v1_genomic.fna.gz
GCF_041941495.1	PRJNA224116	SAMN43385897	na	na	na	na	595	28901	Salmonella enterica subsp. enterica serovar Infantis	strain=FSIS4900	na	latest	Complete Genome	Major	Full	2024-09-18	ASM4194149v1		GCA_041941495.1	identical	https://ftp.ncbi.nlm.nih.gov/genomes/all/GCF/041/941/495/GCF_041941495.1_ASM4194149v1	./Development/ThreeFold/data/external/Salmonella/GCF_041941495.1_ASM4194149v1_genomic.fna.gz
GCF_041941505.1	PRJNA224116	SAMN43385894	na	na	na	na	595	28901	Salmonella enterica subsp. enterica serovar Infantis	strain=FSIS4897	na	latest	Complete Genome	Major	Full	2024-09-18	ASM4194150v1		GCA_041941505.1	identical	https://ftp.ncbi.nlm.nih.gov/genomes/all/GCF/041/941/505/GCF_041941505.1_ASM4194150v1	./Development/ThreeFold/data/external/Salmonella/GCF_041941505.1_ASM4194150v1_genomic.fna.gz
GCF_041941515.1	PRJNA224116	SAMN43385899	na	na	na	na	595	28901	Salmonella enterica subsp. enterica serovar Infantis	strain=FSIS7823	na	latest	Complete Genome	Major	Full	2024-09-18	ASM4194151v1		GCA_041941515.1	identical	https://ftp.ncbi.nlm.nih.gov/genomes/all/GCF/041/941/515/GCF_041941515.1_ASM4194151v1	./Development/ThreeFold/data/external/Salmonella/GCF_041941515.1_ASM4194151v1_genomic.fna.gz
GCF_041941525.1	PRJNA224116	SAMN43385907	na	na	na	na	595	28901	Salmonella enterica subsp. enterica serovar Infantis	strain=FSIS9861	na	latest	Complete Genome	Major	Full	2024-09-18	ASM4194152v1		GCA_041941525.1	identical	https://ftp.ncbi.nlm.nih.gov/genomes/all/GCF/041/941/525/GCF_041941525.1_ASM4194152v1	./Development/ThreeFold/data/external/Salmonella/GCF_041941525.1_ASM4194152v1_genomic.fna.gz
GCF_041941555.1	PRJNA224116	SAMN43385901	na	na	na	na	595	28901	Salmonella enterica subsp. enterica serovar Infantis	strain=FSIS5221	na	latest	Complete Genome	Major	Full	2024-09-18	ASM4194155v1		GCA_041941555.1	identical	https://ftp.ncbi.nlm.nih.gov/genomes/all/GCF/041/941/555/GCF_041941555.1_ASM4194155v1	./Development/ThreeFold/data/external/Salmonella/GCF_041941555.1_ASM4194155v1_genomic.fna.gz
GCF_041941565.1	PRJNA224116	SAMN43385909	na	na	na	na	595	28901	Salmonella enterica subsp. enterica serovar Infantis	strain=FSIS9916	na	latest	Complete Genome	Major	Full	2024-09-18	ASM4194156v1		GCA_041941565.1	identical	https://ftp.ncbi.nlm.nih.gov/genomes/all/GCF/041/941/565/GCF_041941565.1_ASM4194156v1	./Development/ThreeFold/data/external/Salmonella/GCF_041941565.1_ASM4194156v1_genomic.fna.gz
GCF_045291575.1	PRJNA224116	SAMN40424041	na	na	na	na	595	28901	Salmonella enterica subsp. enterica serovar Infantis	strain=Z1322HSL0032	na	latest	Complete Genome	Major	Full	2024-11-26	ASM4529157v1		GCA_045291575.1	identical	https://ftp.ncbi.nlm.nih.gov/genomes/all/GCF/045/291/575/GCF_045291575.1_ASM4529157v1	./Development/ThreeFold/data/external/Salmonella/GCF_045291575.1_ASM4529157v1_genomic.fna.gz
GCF_045291595.1	PRJNA224116	SAMN40424057	na	na	na	na	595	28901	Salmonella enterica subsp. enterica serovar Infantis	strain=Z1322PSL0055	na	latest	Complete Genome	Major	Full	2024-11-26	ASM4529159v1		GCA_045291595.1	identical	https://ftp.ncbi.nlm.nih.gov/genomes/all/GCF/045/291/595/GCF_045291595.1_ASM4529159v1	./Development/ThreeFold/data/external/Salmonella/GCF_045291595.1_ASM4529159v1_genomic.fna.gz
GCF_045291605.1	PRJNA224116	SAMN40424058	na	na	na	na	595	28901	Salmonella enterica subsp. enterica serovar Infantis	strain=Z1323CSL0001	na	latest	Complete Genome	Major	Full	2024-11-26	ASM4529160v1		GCA_045291605.1	identical	https://ftp.ncbi.nlm.nih.gov/genomes/all/GCF/045/291/605/GCF_045291605.1_ASM4529160v1	./Development/ThreeFold/data/external/Salmonella/GCF_045291605.1_ASM4529160v1_genomic.fna.gz
GCF_045291615.1	PRJNA224116	SAMN40424067	na	na	na	na	595	28901	Salmonella enterica subsp. enterica serovar Infantis	strain=Z1323CSL0042	na	latest	Complete Genome	Major	Full	2024-11-26	ASM4529161v1		GCA_045291615.1	identical	https://ftp.ncbi.nlm.nih.gov/genomes/all/GCF/045/291/615/GCF_045291615.1_ASM4529161v1	./Development/ThreeFold/data/external/Salmonella/GCF_045291615.1_ASM4529161v1_genomic.fna.gz
GCF_045821975.1	PRJNA224116	SAMN44848293	na	na	na	na	595	28901	Salmonella enterica subsp. enterica serovar Infantis	strain=Z1324PSL0001	na	latest	Complete Genome	Major	Full	2024-12-11	ASM4582197v1		GCA_045821975.1	identical	https://ftp.ncbi.nlm.nih.gov/genomes/all/GCF/045/821/975/GCF_045821975.1_ASM4582197v1	./Development/ThreeFold/data/external/Salmonella/GCF_045821975.1_ASM4582197v1_genomic.fna.gz
GCF_963575775.1	PRJNA224116	SAMEA114565967	na	na	na	na	595	28901	Salmonella enterica subsp. enterica serovar Infantis	na	Reference	latest	Complete Genome	Major	Full	2024-02-07	GENOMIC21-002		GCA_963575775.1	identical	https://ftp.ncbi.nlm.nih.gov/genomes/all/GCF/963/575/775/GCF_963575775.1_GENOMIC21-002	./Development/ThreeFold/data/external/Salmonella/GCF_963575775.1_GENOMIC21-002_genomic.fna.gz
GCF_009650355.1	PRJNA224116	SAMN13002763	na	na	na	na	596	28901	Salmonella enterica subsp. enterica serovar Muenchen	strain=LG24	na	latest	Complete Genome	Major	Full	2019-11-12	ASM965035v1		GCA_009650355.1	identical	https://ftp.ncbi.nlm.nih.gov/genomes/all/GCF/009/650/355/GCF_009650355.1_ASM965035v1	./Development/ThreeFold/data/external/Salmonella/GCF_009650355.1_ASM965035v1_genomic.fna.gz
GCF_009650375.1	PRJNA224116	SAMN13002952	na	na	na	na	596	28901	Salmonella enterica subsp. enterica serovar Muenchen	strain=LG25	na	latest	Complete Genome	Major	Full	2019-11-12	ASM965037v1		GCA_009650375.1	identical	https://ftp.ncbi.nlm.nih.gov/genomes/all/GCF/009/650/375/GCF_009650375.1_ASM965037v1	./Development/ThreeFold/data/external/Salmonella/GCF_009650375.1_ASM965037v1_genomic.fna.gz
GCF_009650395.1	PRJNA224116	SAMN13002973	na	na	na	na	596	28901	Salmonella enterica subsp. enterica serovar Muenchen	strain=LG26	na	latest	Complete Genome	Major	Full	2019-11-12	ASM965039v1		GCA_009650395.1	identical	https://ftp.ncbi.nlm.nih.gov/genomes/all/GCF/009/650/395/GCF_009650395.1_ASM965039v1	./Development/ThreeFold/data/external/Salmonella/GCF_009650395.1_ASM965039v1_genomic.fna.gz
GCF_016454465.1	PRJNA224116	SAMN14504656	na	na	na	na	596	28901	Salmonella enterica subsp. enterica serovar Muenchen	strain=CVM 22536	na	latest	Complete Genome	Major	Full	2020-12-31	ASM1645446v1		GCA_016454465.1	identical	https://ftp.ncbi.nlm.nih.gov/genomes/all/GCF/016/454/465/GCF_016454465.1_ASM1645446v1	./Development/ThreeFold/data/external/Salmonella/GCF_016454465.1_ASM1645446v1_genomic.fna.gz
GCF_016454705.1	PRJNA224116	SAMN14504546	na	na	na	na	596	28901	Salmonella enterica subsp. enterica serovar Muenchen	strain=CVM 20744	na	latest	Complete Genome	Major	Full	2020-12-31	ASM1645470v1		GCA_016454705.1	identical	https://ftp.ncbi.nlm.nih.gov/genomes/all/GCF/016/454/705/GCF_016454705.1_ASM1645470v1	./Development/ThreeFold/data/external/Salmonella/GCF_016454705.1_ASM1645470v1_genomic.fna.gz
GCF_022559825.1	PRJNA224116	SAMN23543477	na	na	na	na	596	28901	Salmonella enterica subsp. enterica serovar Muenchen	strain=180135033	na	latest	Complete Genome	Major	Full	2022-03-14	ASM2255982v1		GCA_022559825.1	identical	https://ftp.ncbi.nlm.nih.gov/genomes/all/GCF/022/559/825/GCF_022559825.1_ASM2255982v1	./Development/ThreeFold/data/external/Salmonella/GCF_022559825.1_ASM2255982v1_genomic.fna.gz
GCF_030122235.1	PRJNA224116	SAMN33677887	na	na	na	na	596	28901	Salmonella enterica subsp. enterica serovar Muenchen	strain=PS_Mu_11_2021	na	latest	Complete Genome	Major	Full	2023-05-26	ASM3012223v1		GCA_030122235.1	identical	https://ftp.ncbi.nlm.nih.gov/genomes/all/GCF/030/122/235/GCF_030122235.1_ASM3012223v1	./Development/ThreeFold/data/external/Salmonella/GCF_030122235.1_ASM3012223v1_genomic.fna.gz
GCF_030122275.1	PRJNA224116	SAMN33677886	na	na	na	na	596	28901	Salmonella enterica subsp. enterica serovar Muenchen	strain=PS_Mu_10_2021	na	latest	Complete Genome	Major	Full	2023-05-26	ASM3012227v1		GCA_030122275.1	identical	https://ftp.ncbi.nlm.nih.gov/genomes/all/GCF/030/122/275/GCF_030122275.1_ASM3012227v1	./Development/ThreeFold/data/external/Salmonella/GCF_030122275.1_ASM3012227v1_genomic.fna.gz
GCF_030122335.1	PRJNA224116	SAMN33677879	na	na	na	na	596	28901	Salmonella enterica subsp. enterica serovar Muenchen	strain=PS_Mu_9_2021	na	latest	Complete Genome	Major	Full	2023-05-26	ASM3012233v1		GCA_030122335.1	identical	https://ftp.ncbi.nlm.nih.gov/genomes/all/GCF/030/122/335/GCF_030122335.1_ASM3012233v1	./Development/ThreeFold/data/external/Salmonella/GCF_030122335.1_ASM3012233v1_genomic.fna.gz
GCF_030122355.1	PRJNA224116	SAMN33677878	na	na	na	na	596	28901	Salmonella enterica subsp. enterica serovar Muenchen	strain=PS_Mu_8_2021	na	latest	Complete Genome	Major	Full	2023-05-26	ASM3012235v1		GCA_030122355.1	identical	https://ftp.ncbi.nlm.nih.gov/genomes/all/GCF/030/122/355/GCF_030122355.1_ASM3012235v1	./Development/ThreeFold/data/external/Salmonella/GCF_030122355.1_ASM3012235v1_genomic.fna.gz
GCF_030122375.1	PRJNA224116	SAMN33677884	na	na	na	na	596	28901	Salmonella enterica subsp. enterica serovar Muenchen	strain=PS_Mu_7_2021	na	latest	Complete Genome	Major	Full	2023-05-26	ASM3012237v1		GCA_030122375.1	identical	https://ftp.ncbi.nlm.nih.gov/genomes/all/GCF/030/122/375/GCF_030122375.1_ASM3012237v1	./Development/ThreeFold/data/external/Salmonella/GCF_030122375.1_ASM3012237v1_genomic.fna.gz
GCF_030122395.1	PRJNA224116	SAMN33677883	na	na	na	na	596	28901	Salmonella enterica subsp. enterica serovar Muenchen	strain=PS_Mu_6_2021	na	latest	Complete Genome	Major	Full	2023-05-26	ASM3012239v1		GCA_030122395.1	identical	https://ftp.ncbi.nlm.nih.gov/genomes/all/GCF/030/122/395/GCF_030122395.1_ASM3012239v1	./Development/ThreeFold/data/external/Salmonella/GCF_030122395.1_ASM3012239v1_genomic.fna.gz
GCF_030122415.1	PRJNA224116	SAMN33677882	na	na	na	na	596	28901	Salmonella enterica subsp. enterica serovar Muenchen	strain=PS_Mu_5_2021	na	latest	Complete Genome	Major	Full	2023-05-26	ASM3012241v1		GCA_030122415.1	identical	https://ftp.ncbi.nlm.nih.gov/genomes/all/GCF/030/122/415/GCF_030122415.1_ASM3012241v1	./Development/ThreeFold/data/external/Salmonella/GCF_030122415.1_ASM3012241v1_genomic.fna.gz
GCF_030122515.1	PRJNA224116	SAMN33677880	na	na	na	na	596	28901	Salmonella enterica subsp. enterica serovar Muenchen	strain=PS_Mu_4_2021	na	latest	Complete Genome	Major	Full	2023-05-26	ASM3012251v1		GCA_030122515.1	identical	https://ftp.ncbi.nlm.nih.gov/genomes/all/GCF/030/122/515/GCF_030122515.1_ASM3012251v1	./Development/ThreeFold/data/external/Salmonella/GCF_030122515.1_ASM3012251v1_genomic.fna.gz
GCF_030122535.1	PRJNA224116	SAMN33677877	na	na	na	na	596	28901	Salmonella enterica subsp. enterica serovar Muenchen	strain=PS_Mu_3_2021	na	latest	Complete Genome	Major	Full	2023-05-26	ASM3012253v1		GCA_030122535.1	identical	https://ftp.ncbi.nlm.nih.gov/genomes/all/GCF/030/122/535/GCF_030122535.1_ASM3012253v1	./Development/ThreeFold/data/external/Salmonella/GCF_030122535.1_ASM3012253v1_genomic.fna.gz
GCF_030122555.1	PRJNA224116	SAMN33677876	na	na	na	na	596	28901	Salmonella enterica subsp. enterica serovar Muenchen	strain=PS_Mu_2_2021	na	latest	Complete Genome	Major	Full	2023-05-26	ASM3012255v1		GCA_030122555.1	identical	https://ftp.ncbi.nlm.nih.gov/genomes/all/GCF/030/122/555/GCF_030122555.1_ASM3012255v1	./Development/ThreeFold/data/external/Salmonella/GCF_030122555.1_ASM3012255v1_genomic.fna.gz
GCF_030122575.1	PRJNA224116	SAMN33677875	na	na	na	na	596	28901	Salmonella enterica subsp. enterica serovar Muenchen	strain=PS_Mu_1_2021	na	latest	Complete Genome	Major	Full	2023-05-26	ASM3012257v1		GCA_030122575.1	identical	https://ftp.ncbi.nlm.nih.gov/genomes/all/GCF/030/122/575/GCF_030122575.1_ASM3012257v1	./Development/ThreeFold/data/external/Salmonella/GCF_030122575.1_ASM3012257v1_genomic.fna.gz
GCF_001833255.2	PRJNA224116	SAMN04961988	na	na	na	na	598	28901	Salmonella enterica subsp. enterica serovar Rubislaw	strain=CFSAN044921	na	latest	Complete Genome	Major	Full	2021-06-07	ASM183325v2		GCA_001833255.2	identical	https://ftp.ncbi.nlm.nih.gov/genomes/all/GCF/001/833/255/GCF_001833255.2_ASM183325v2	./Development/ThreeFold/data/external/Salmonella/GCF_001833255.2_ASM183325v2_genomic.fna.gz
GCF_001305815.1	PRJNA224116	SAMN03959817	na	na	na	na	600	28901	Salmonella enterica subsp. enterica serovar Thompson	strain=RM1984	na	latest	Complete Genome	Major	Full	2015-10-02	ASM130581v1		GCA_001305815.1	identical	https://ftp.ncbi.nlm.nih.gov/genomes/all/GCF/001/305/815/GCF_001305815.1_ASM130581v1	./Development/ThreeFold/data/external/Salmonella/GCF_001305815.1_ASM130581v1_genomic.fna.gz
GCF_001305835.1	PRJNA224116	SAMN03959818	na	na	na	na	600	28901	Salmonella enterica subsp. enterica serovar Thompson	strain=RM1986	na	latest	Complete Genome	Major	Full	2015-10-02	ASM130583v1		GCA_001305835.1	identical	https://ftp.ncbi.nlm.nih.gov/genomes/all/GCF/001/305/835/GCF_001305835.1_ASM130583v1	./Development/ThreeFold/data/external/Salmonella/GCF_001305835.1_ASM130583v1_genomic.fna.gz
GCF_001953015.1	PRJNA224116	SAMN06192066	na	na	na	na	600	28901	Salmonella enterica subsp. enterica serovar Thompson	strain=ATCC BAA-1738	na	latest	Complete Genome	Major	Full	2017-01-17	ASM195301v1		GCA_001953015.1	identical	https://ftp.ncbi.nlm.nih.gov/genomes/all/GCF/001/953/015/GCF_001953015.1_ASM195301v1	./Development/ThreeFold/data/external/Salmonella/GCF_001953015.1_ASM195301v1_genomic.fna.gz
GCF_003052785.2	PRJNA224116	SAMN08903186	na	na	na	na	600	28901	Salmonella enterica subsp. enterica serovar Thompson	strain=HFCDC-SM-846	na	latest	Complete Genome	Major	Full	2018-05-14	ASM305278v2		GCA_003052785.2	identical	https://ftp.ncbi.nlm.nih.gov/genomes/all/GCF/003/052/785/GCF_003052785.2_ASM305278v2	./Development/ThreeFold/data/external/Salmonella/GCF_003052785.2_ASM305278v2_genomic.fna.gz
GCF_003902395.1	PRJNA224116	SAMN10261268	na	na	na	na	600	28901	Salmonella enterica subsp. enterica serovar Thompson	strain=7	CFSAN047352	latest	Complete Genome	Major	Full	2019-06-03	ASM390239v2		GCA_003902395.2	identical	https://ftp.ncbi.nlm.nih.gov/genomes/all/GCF/003/902/395/GCF_003902395.1_ASM390239v2	./Development/ThreeFold/data/external/Salmonella/GCF_003902395.1_ASM390239v2_genomic.fna.gz
GCF_006516995.1	PRJNA224116	SAMN11979405	na	na	na	na	600	28901	Salmonella enterica subsp. enterica serovar Thompson	strain=SH11G0791	na	latest	Complete Genome	Major	Full	2019-06-30	ASM651699v1		GCA_006516995.1	identical	https://ftp.ncbi.nlm.nih.gov/genomes/all/GCF/006/516/995/GCF_006516995.1_ASM651699v1	./Development/ThreeFold/data/external/Salmonella/GCF_006516995.1_ASM651699v1_genomic.fna.gz
GCF_024266405.1	PRJNA224116	SAMN29431226	na	na	na	na	600	28901	Salmonella enterica subsp. enterica serovar Thompson	strain=R18.0872	na	latest	Complete Genome	Major	Full	2022-07-14	ASM2426640v1		GCA_024266405.1	identical	https://ftp.ncbi.nlm.nih.gov/genomes/all/GCF/024/266/405/GCF_024266405.1_ASM2426640v1	./Development/ThreeFold/data/external/Salmonella/GCF_024266405.1_ASM2426640v1_genomic.fna.gz
GCF_027942115.1	PRJNA224116	SAMN26139402	na	na	na	na	600	28901	Salmonella enterica subsp. enterica serovar Thompson	strain=MFDS1011657	na	latest	Complete Genome	Major	Full	2023-01-23	ASM2794211v1		GCA_027942115.1	identical	https://ftp.ncbi.nlm.nih.gov/genomes/all/GCF/027/942/115/GCF_027942115.1_ASM2794211v1	./Development/ThreeFold/data/external/Salmonella/GCF_027942115.1_ASM2794211v1_genomic.fna.gz
GCF_027942155.1	PRJNA224116	SAMN26236019	na	na	na	na	600	28901	Salmonella enterica subsp. enterica serovar Thompson	strain=MFDS1011716	na	latest	Complete Genome	Major	Full	2023-01-23	ASM2794215v1		GCA_027942155.1	identical	https://ftp.ncbi.nlm.nih.gov/genomes/all/GCF/027/942/155/GCF_027942155.1_ASM2794215v1	./Development/ThreeFold/data/external/Salmonella/GCF_027942155.1_ASM2794215v1_genomic.fna.gz
GCF_032465835.1	PRJNA224116	SAMN36745160	na	na	na	na	600	28901	Salmonella enterica subsp. enterica serovar Thompson	strain=JNQH950	na	latest	Complete Genome	Major	Full	2023-10-10	ASM3246583v1		GCA_032465835.1	identical	https://ftp.ncbi.nlm.nih.gov/genomes/all/GCF/032/465/835/GCF_032465835.1_ASM3246583v1	./Development/ThreeFold/data/external/Salmonella/GCF_032465835.1_ASM3246583v1_genomic.fna.gz
GCF_027474565.1	PRJNA224116	SAMN17221882	na	na	na	na	604	28901	Salmonella enterica subsp. enterica serovar Gallinarum/Pullorum	strain=R51	na	latest	Complete Genome	Major	Full	2022-12-28	ASM2747456v1		GCA_027474565.1	identical	https://ftp.ncbi.nlm.nih.gov/genomes/all/GCF/027/474/565/GCF_027474565.1_ASM2747456v1	./Development/ThreeFold/data/external/Salmonella/GCF_027474565.1_ASM2747456v1_genomic.fna.gz
GCF_003606225.1	PRJNA224116	SAMN07522555	na	na	na	na	605	28901	Salmonella enterica subsp. enterica serovar Pullorum	strain=QJ-2D-Sal	na	latest	Complete Genome	Major	Full	2018-10-01	ASM360622v1		GCA_003606225.1	identical	https://ftp.ncbi.nlm.nih.gov/genomes/all/GCF/003/606/225/GCF_003606225.1_ASM360622v1	./Development/ThreeFold/data/external/Salmonella/GCF_003606225.1_ASM360622v1_genomic.fna.gz
GCF_042466655.1	PRJNA224116	SAMN42342096	na	na	na	na	607	28901	Salmonella enterica subsp. enterica serovar Abortusequi	strain=XJP1	na	latest	Complete Genome	Major	Full	2024-10-11	ASM4246665v1		GCA_042466655.1	identical	https://ftp.ncbi.nlm.nih.gov/genomes/all/GCF/042/466/655/GCF_042466655.1_ASM4246665v1	./Development/ThreeFold/data/external/Salmonella/GCF_042466655.1_ASM4246665v1_genomic.fna.gz
GCF_045865615.1	PRJNA224116	SAMD00763122	na	na	na	na	607	28901	Salmonella enterica subsp. enterica serovar Abortusequi	strain=L-2508	na	latest	Complete Genome	Major	Full	2024-12-11	ASM4586561v1		GCA_045865615.1	identical	https://ftp.ncbi.nlm.nih.gov/genomes/all/GCF/045/865/615/GCF_045865615.1_ASM4586561v1	./Development/ThreeFold/data/external/Salmonella/GCF_045865615.1_ASM4586561v1_genomic.fna.gz
GCF_001188125.2	PRJNA224116	SAMN03255434	na	na	na	na	611	28901	Salmonella enterica subsp. enterica serovar Heidelberg	strain=FDAARGOS_54	na	latest	Complete Genome	Major	Full	2018-02-21	ASM118812v2		GCA_001188125.2	identical	https://ftp.ncbi.nlm.nih.gov/genomes/all/GCF/001/188/125/GCF_001188125.2_ASM118812v2	./Development/ThreeFold/data/external/Salmonella/GCF_001188125.2_ASM118812v2_genomic.fna.gz
GCF_001441205.1	PRJNA224116	SAMN04156749	na	na	na	na	611	28901	Salmonella enterica subsp. enterica serovar Heidelberg	strain=SA02DT10168701	na	latest	Complete Genome	Major	Full	2015-11-09	ASM144120v1		GCA_001441205.1	identical	https://ftp.ncbi.nlm.nih.gov/genomes/all/GCF/001/441/205/GCF_001441205.1_ASM144120v1	./Development/ThreeFold/data/external/Salmonella/GCF_001441205.1_ASM144120v1_genomic.fna.gz
GCF_001441225.1	PRJNA224116	SAMN04156727	na	na	na	na	611	28901	Salmonella enterica subsp. enterica serovar Heidelberg	strain=12-4374	na	latest	Complete Genome	Major	Full	2015-11-09	ASM144122v1		GCA_001441225.1	identical	https://ftp.ncbi.nlm.nih.gov/genomes/all/GCF/001/441/225/GCF_001441225.1_ASM144122v1	./Development/ThreeFold/data/external/Salmonella/GCF_001441225.1_ASM144122v1_genomic.fna.gz
GCF_001441245.1	PRJNA224116	SAMN04156715	na	na	na	na	611	28901	Salmonella enterica subsp. enterica serovar Heidelberg	strain=N13-01290	na	latest	Complete Genome	Major	Full	2015-11-09	ASM144124v1		GCA_001441245.1	identical	https://ftp.ncbi.nlm.nih.gov/genomes/all/GCF/001/441/245/GCF_001441245.1_ASM144124v1	./Development/ThreeFold/data/external/Salmonella/GCF_001441245.1_ASM144124v1_genomic.fna.gz
GCF_001689935.1	PRJNA224116	SAMN04334633	na	na	na	na	611	28901	Salmonella enterica subsp. enterica serovar Heidelberg	strain=SH12-007	na	latest	Complete Genome	Major	Full	2016-07-21	ASM168993v1		GCA_001689935.1	identical	https://ftp.ncbi.nlm.nih.gov/genomes/all/GCF/001/689/935/GCF_001689935.1_ASM168993v1	./Development/ThreeFold/data/external/Salmonella/GCF_001689935.1_ASM168993v1_genomic.fna.gz
GCF_001690005.1	PRJNA224116	SAMN04334629	na	na	na	na	611	28901	Salmonella enterica subsp. enterica serovar Heidelberg	strain=SH12-003	na	latest	Complete Genome	Major	Full	2016-07-21	ASM169000v1		GCA_001690005.1	identical	https://ftp.ncbi.nlm.nih.gov/genomes/all/GCF/001/690/005/GCF_001690005.1_ASM169000v1	./Development/ThreeFold/data/external/Salmonella/GCF_001690005.1_ASM169000v1_genomic.fna.gz
GCF_001690035.1	PRJNA224116	SAMN04334672	na	na	na	na	611	28901	Salmonella enterica subsp. enterica serovar Heidelberg	strain=SH14-028	na	latest	Complete Genome	Major	Full	2016-07-21	ASM169003v1		GCA_001690035.1	identical	https://ftp.ncbi.nlm.nih.gov/genomes/all/GCF/001/690/035/GCF_001690035.1_ASM169003v1	./Development/ThreeFold/data/external/Salmonella/GCF_001690035.1_ASM169003v1_genomic.fna.gz
GCF_001690055.1	PRJNA224116	SAMN05263553	na	na	na	na	611	28901	Salmonella enterica subsp. enterica serovar Heidelberg	strain=11-004736-1-7	na	latest	Complete Genome	Major	Full	2016-07-21	ASM169005v1		GCA_001690055.1	identical	https://ftp.ncbi.nlm.nih.gov/genomes/all/GCF/001/690/055/GCF_001690055.1_ASM169005v1	./Development/ThreeFold/data/external/Salmonella/GCF_001690055.1_ASM169005v1_genomic.fna.gz
GCF_001690075.1	PRJNA224116	SAMN05263538	na	na	na	na	611	28901	Salmonella enterica subsp. enterica serovar Heidelberg	strain=CE-R2-11-0435	na	latest	Complete Genome	Major	Full	2016-07-21	ASM169007v1		GCA_001690075.1	identical	https://ftp.ncbi.nlm.nih.gov/genomes/all/GCF/001/690/075/GCF_001690075.1_ASM169007v1	./Development/ThreeFold/data/external/Salmonella/GCF_001690075.1_ASM169007v1_genomic.fna.gz
GCF_001690095.1	PRJNA224116	SAMN05263504	na	na	na	na	611	28901	Salmonella enterica subsp. enterica serovar Heidelberg	strain=SA01AB09084001	na	latest	Complete Genome	Major	Full	2016-07-21	ASM169009v1		GCA_001690095.1	identical	https://ftp.ncbi.nlm.nih.gov/genomes/all/GCF/001/690/095/GCF_001690095.1_ASM169009v1	./Development/ThreeFold/data/external/Salmonella/GCF_001690095.1_ASM169009v1_genomic.fna.gz
GCF_001690115.1	PRJNA224116	SAMN05263513	na	na	na	na	611	28901	Salmonella enterica subsp. enterica serovar Heidelberg	strain=SA02DT09004001	na	latest	Complete Genome	Major	Full	2016-07-21	ASM169011v1		GCA_001690115.1	identical	https://ftp.ncbi.nlm.nih.gov/genomes/all/GCF/001/690/115/GCF_001690115.1_ASM169011v1	./Development/ThreeFold/data/external/Salmonella/GCF_001690115.1_ASM169011v1_genomic.fna.gz
GCF_001690135.1	PRJNA224116	SAMN05263546	na	na	na	na	611	28901	Salmonella enterica subsp. enterica serovar Heidelberg	strain=09-036813-1A	na	latest	Complete Genome	Major	Full	2016-07-21	ASM169013v1		GCA_001690135.1	identical	https://ftp.ncbi.nlm.nih.gov/genomes/all/GCF/001/690/135/GCF_001690135.1_ASM169013v1	./Development/ThreeFold/data/external/Salmonella/GCF_001690135.1_ASM169013v1_genomic.fna.gz
GCF_001692495.1	PRJNA224116	SAMN05277890	na	na	na	na	611	28901	Salmonella enterica subsp. enterica serovar Heidelberg	strain=A3EZ223	na	latest	Complete Genome	Major	Full	2016-07-22	ASM169249v1		GCA_001692495.1	identical	https://ftp.ncbi.nlm.nih.gov/genomes/all/GCF/001/692/495/GCF_001692495.1_ASM169249v1	./Development/ThreeFold/data/external/Salmonella/GCF_001692495.1_ASM169249v1_genomic.fna.gz
GCF_001692515.1	PRJNA224116	SAMN05263516	na	na	na	na	611	28901	Salmonella enterica subsp. enterica serovar Heidelberg	strain=AMR588-04-00435	na	latest	Complete Genome	Major	Full	2016-07-22	ASM169251v1		GCA_001692515.1	identical	https://ftp.ncbi.nlm.nih.gov/genomes/all/GCF/001/692/515/GCF_001692515.1_ASM169251v1	./Development/ThreeFold/data/external/Salmonella/GCF_001692515.1_ASM169251v1_genomic.fna.gz
GCF_001692535.1	PRJNA224116	SAMN04334642	na	na	na	na	611	28901	Salmonella enterica subsp. enterica serovar Heidelberg	strain=SH13-006	na	latest	Complete Genome	Major	Full	2016-07-22	ASM169253v1		GCA_001692535.1	identical	https://ftp.ncbi.nlm.nih.gov/genomes/all/GCF/001/692/535/GCF_001692535.1_ASM169253v1	./Development/ThreeFold/data/external/Salmonella/GCF_001692535.1_ASM169253v1_genomic.fna.gz
GCF_001692555.1	PRJNA224116	SAMN05277889	na	na	na	na	611	28901	Salmonella enterica subsp. enterica serovar Heidelberg	strain=A3ES40	na	latest	Complete Genome	Major	Full	2016-07-22	ASM169255v1		GCA_001692555.1	identical	https://ftp.ncbi.nlm.nih.gov/genomes/all/GCF/001/692/555/GCF_001692555.1_ASM169255v1	./Development/ThreeFold/data/external/Salmonella/GCF_001692555.1_ASM169255v1_genomic.fna.gz
GCF_001692575.1	PRJNA224116	SAMN05263515	na	na	na	na	611	28901	Salmonella enterica subsp. enterica serovar Heidelberg	strain=AMR588-04-00320	na	latest	Complete Genome	Major	Full	2016-07-22	ASM169257v1		GCA_001692575.1	identical	https://ftp.ncbi.nlm.nih.gov/genomes/all/GCF/001/692/575/GCF_001692575.1_ASM169257v1	./Development/ThreeFold/data/external/Salmonella/GCF_001692575.1_ASM169257v1_genomic.fna.gz
GCF_001692595.1	PRJNA224116	SAMN05263514	na	na	na	na	611	28901	Salmonella enterica subsp. enterica serovar Heidelberg	strain=AMR588-04-00318	na	latest	Complete Genome	Major	Full	2016-07-22	ASM169259v1		GCA_001692595.1	identical	https://ftp.ncbi.nlm.nih.gov/genomes/all/GCF/001/692/595/GCF_001692595.1_ASM169259v1	./Development/ThreeFold/data/external/Salmonella/GCF_001692595.1_ASM169259v1_genomic.fna.gz
GCF_001692615.1	PRJNA224116	SAMN05263517	na	na	na	na	611	28901	Salmonella enterica subsp. enterica serovar Heidelberg	strain=AMR588-04-00437	na	latest	Complete Genome	Major	Full	2016-07-22	ASM169261v1		GCA_001692615.1	identical	https://ftp.ncbi.nlm.nih.gov/genomes/all/GCF/001/692/615/GCF_001692615.1_ASM169261v1	./Development/ThreeFold/data/external/Salmonella/GCF_001692615.1_ASM169261v1_genomic.fna.gz
GCF_001692635.1	PRJNA224116	SAMN04334640	na	na	na	na	611	28901	Salmonella enterica subsp. enterica serovar Heidelberg	strain=SH13-004	na	latest	Complete Genome	Major	Full	2016-07-22	ASM169263v1		GCA_001692635.1	identical	https://ftp.ncbi.nlm.nih.gov/genomes/all/GCF/001/692/635/GCF_001692635.1_ASM169263v1	./Development/ThreeFold/data/external/Salmonella/GCF_001692635.1_ASM169263v1_genomic.fna.gz
GCF_001692655.1	PRJNA224116	SAMN04334653	na	na	na	na	611	28901	Salmonella enterica subsp. enterica serovar Heidelberg	strain=SH14-009	na	latest	Complete Genome	Major	Full	2016-07-22	ASM169265v1		GCA_001692655.1	identical	https://ftp.ncbi.nlm.nih.gov/genomes/all/GCF/001/692/655/GCF_001692655.1_ASM169265v1	./Development/ThreeFold/data/external/Salmonella/GCF_001692655.1_ASM169265v1_genomic.fna.gz
GCF_002984035.1	PRJNA224116	SAMN06173332	na	na	na	na	611	28901	Salmonella enterica subsp. enterica serovar Heidelberg	strain=FDAARGOS_319	na	latest	Complete Genome	Major	Full	2018-03-09	ASM298403v1		GCA_002984035.1	identical	https://ftp.ncbi.nlm.nih.gov/genomes/all/GCF/002/984/035/GCF_002984035.1_ASM298403v1	./Development/ThreeFold/data/external/Salmonella/GCF_002984035.1_ASM298403v1_genomic.fna.gz
GCF_003971525.1	PRJNA224116	SAMN09741727	na	na	na	na	611	28901	Salmonella enterica subsp. enterica serovar Heidelberg	strain=5	na	latest	Complete Genome	Major	Full	2018-12-27	ASM397152v1		GCA_003971525.1	identical	https://ftp.ncbi.nlm.nih.gov/genomes/all/GCF/003/971/525/GCF_003971525.1_ASM397152v1	./Development/ThreeFold/data/external/Salmonella/GCF_003971525.1_ASM397152v1_genomic.fna.gz
GCF_003986635.1	PRJNA224116	SAMN08737531	na	na	na	na	611	28901	Salmonella enterica subsp. enterica serovar Heidelberg	strain=CFSAN067218	na	latest	Complete Genome	Major	Full	2018-12-31	ASM398663v1		GCA_003986635.1	identical	https://ftp.ncbi.nlm.nih.gov/genomes/all/GCF/003/986/635/GCF_003986635.1_ASM398663v1	./Development/ThreeFold/data/external/Salmonella/GCF_003986635.1_ASM398663v1_genomic.fna.gz
GCF_004564195.1	PRJNA224116	SAMN06560104	na	na	na	na	611	28901	Salmonella enterica subsp. enterica serovar Heidelberg	strain=UFPRLABMOR1	na	latest	Complete Genome	Major	Full	2019-04-02	ASM456419v1		GCA_004564195.1	identical	https://ftp.ncbi.nlm.nih.gov/genomes/all/GCF/004/564/195/GCF_004564195.1_ASM456419v1	./Development/ThreeFold/data/external/Salmonella/GCF_004564195.1_ASM456419v1_genomic.fna.gz
GCF_008124065.1	PRJNA224116	SAMN12603255	na	na	na	na	611	28901	Salmonella enterica subsp. enterica serovar Heidelberg	strain=SL-312	na	latest	Complete Genome	Major	Full	2019-08-29	ASM812406v1		GCA_008124065.1	identical	https://ftp.ncbi.nlm.nih.gov/genomes/all/GCF/008/124/065/GCF_008124065.1_ASM812406v1	./Development/ThreeFold/data/external/Salmonella/GCF_008124065.1_ASM812406v1_genomic.fna.gz
GCF_008727595.1	PRJNA224116	SAMN12648954	na	na	na	na	611	28901	Salmonella enterica subsp. enterica serovar Heidelberg	strain=AR-0404	na	latest	Complete Genome	Major	Full	2019-09-29	ASM872759v1		GCA_008727595.1	identical	https://ftp.ncbi.nlm.nih.gov/genomes/all/GCF/008/727/595/GCF_008727595.1_ASM872759v1	./Development/ThreeFold/data/external/Salmonella/GCF_008727595.1_ASM872759v1_genomic.fna.gz
GCF_016452005.1	PRJNA224116	SAMN14504925	na	na	na	na	611	28901	Salmonella enterica subsp. enterica serovar Heidelberg	strain=CVM 35161	na	latest	Complete Genome	Major	Full	2020-12-31	ASM1645200v1		GCA_016452005.1	identical	https://ftp.ncbi.nlm.nih.gov/genomes/all/GCF/016/452/005/GCF_016452005.1_ASM1645200v1	./Development/ThreeFold/data/external/Salmonella/GCF_016452005.1_ASM1645200v1_genomic.fna.gz
GCF_016454265.1	PRJNA224116	SAMN14504769	na	na	na	na	611	28901	Salmonella enterica subsp. enterica serovar Heidelberg	strain=CVM 28322	na	latest	Complete Genome	Major	Full	2020-12-31	ASM1645426v1		GCA_016454265.1	identical	https://ftp.ncbi.nlm.nih.gov/genomes/all/GCF/016/454/265/GCF_016454265.1_ASM1645426v1	./Development/ThreeFold/data/external/Salmonella/GCF_016454265.1_ASM1645426v1_genomic.fna.gz
GCF_016454385.1	PRJNA224116	SAMN14504710	na	na	na	na	611	28901	Salmonella enterica subsp. enterica serovar Heidelberg	strain=CVM 24359	na	latest	Complete Genome	Major	Full	2020-12-31	ASM1645438v1		GCA_016454385.1	identical	https://ftp.ncbi.nlm.nih.gov/genomes/all/GCF/016/454/385/GCF_016454385.1_ASM1645438v1	./Development/ThreeFold/data/external/Salmonella/GCF_016454385.1_ASM1645438v1_genomic.fna.gz
GCF_016454645.1	PRJNA224116	SAMN14504560	na	na	na	na	611	28901	Salmonella enterica subsp. enterica serovar Heidelberg	strain=CVM 20760	na	latest	Complete Genome	Major	Full	2020-12-31	ASM1645464v1		GCA_016454645.1	identical	https://ftp.ncbi.nlm.nih.gov/genomes/all/GCF/016/454/645/GCF_016454645.1_ASM1645464v1	./Development/ThreeFold/data/external/Salmonella/GCF_016454645.1_ASM1645464v1_genomic.fna.gz
GCF_019426245.1	PRJNA224116	SAMN12082795	na	na	na	na	611	28901	Salmonella enterica subsp. enterica serovar Heidelberg	strain=SH-2813-Parental 2	na	latest	Complete Genome	Major	Full	2021-07-30	ASM1942624v1		GCA_019426245.1	identical	https://ftp.ncbi.nlm.nih.gov/genomes/all/GCF/019/426/245/GCF_019426245.1_ASM1942624v1	./Development/ThreeFold/data/external/Salmonella/GCF_019426245.1_ASM1942624v1_genomic.fna.gz
GCF_028893235.1	PRJNA224116	SAMN32950796	na	na	na	na	611	28901	Salmonella enterica subsp. enterica serovar Heidelberg	strain=RM101	na	latest	Complete Genome	Major	Full	2023-03-01	ASM2889323v1		GCA_028893235.1	identical	https://ftp.ncbi.nlm.nih.gov/genomes/all/GCF/028/893/235/GCF_028893235.1_ASM2889323v1	./Development/ThreeFold/data/external/Salmonella/GCF_028893235.1_ASM2889323v1_genomic.fna.gz
GCF_030345015.1	PRJNA224116	SAMN35717869	na	na	na	na	611	28901	Salmonella enterica subsp. enterica serovar Heidelberg	na	FT3-7B	latest	Complete Genome	Major	Full	2023-06-26	ASM3034501v1		GCA_030345015.1	identical	https://ftp.ncbi.nlm.nih.gov/genomes/all/GCF/030/345/015/GCF_030345015.1_ASM3034501v1	./Development/ThreeFold/data/external/Salmonella/GCF_030345015.1_ASM3034501v1_genomic.fna.gz
GCF_003324875.1	PRJNA224116	SAMN09237638	na	na	na	na	28142	28901	Salmonella enterica subsp. enterica serovar Berta	strain=SA20141895	na	latest	Complete Genome	Major	Full	2018-07-17	ASM332487v1		GCA_003324875.1	identical	https://ftp.ncbi.nlm.nih.gov/genomes/all/GCF/003/324/875/GCF_003324875.1_ASM332487v1	./Development/ThreeFold/data/external/Salmonella/GCF_003324875.1_ASM332487v1_genomic.fna.gz
GCF_002234755.2	PRJNA224116	SAMN06045055	na	na	na	na	28144	28901	Salmonella enterica subsp. enterica serovar Derby	strain=SA20035215	na	latest	Complete Genome	Minor	Full	2017-07-27	ASM223475v2		GCA_002234755.2	identical	https://ftp.ncbi.nlm.nih.gov/genomes/all/GCF/002/234/755/GCF_002234755.2_ASM223475v2	./Development/ThreeFold/data/external/Salmonella/GCF_002234755.2_ASM223475v2_genomic.fna.gz
GCF_002946375.1	PRJNA224116	SAMN08470240	na	na	na	na	28144	28901	Salmonella enterica subsp. enterica serovar Derby	na	2014LSAL01779	latest	Complete Genome	Major	Full	2018-02-13	ASM294637v1		GCA_002946375.1	identical	https://ftp.ncbi.nlm.nih.gov/genomes/all/GCF/002/946/375/GCF_002946375.1_ASM294637v1	./Development/ThreeFold/data/external/Salmonella/GCF_002946375.1_ASM294637v1_genomic.fna.gz
GCF_016454765.1	PRJNA224116	SAMN14504803	na	na	na	na	28144	28901	Salmonella enterica subsp. enterica serovar Derby	strain=CVM 30155	na	latest	Complete Genome	Major	Full	2020-12-31	ASM1645476v1		GCA_016454765.1	identical	https://ftp.ncbi.nlm.nih.gov/genomes/all/GCF/016/454/765/GCF_016454765.1_ASM1645476v1	./Development/ThreeFold/data/external/Salmonella/GCF_016454765.1_ASM1645476v1_genomic.fna.gz
GCF_028892935.1	PRJNA224116	SAMN32950810	na	na	na	na	28144	28901	Salmonella enterica subsp. enterica serovar Derby	strain=RM005	na	latest	Complete Genome	Major	Full	2023-03-01	ASM2889293v1		GCA_028892935.1	identical	https://ftp.ncbi.nlm.nih.gov/genomes/all/GCF/028/892/935/GCF_028892935.1_ASM2889293v1	./Development/ThreeFold/data/external/Salmonella/GCF_028892935.1_ASM2889293v1_genomic.fna.gz
GCF_028892955.1	PRJNA224116	SAMN32950811	na	na	na	na	28144	28901	Salmonella enterica subsp. enterica serovar Derby	strain=RM006	na	latest	Complete Genome	Major	Full	2023-03-01	ASM2889295v1		GCA_028892955.1	identical	https://ftp.ncbi.nlm.nih.gov/genomes/all/GCF/028/892/955/GCF_028892955.1_ASM2889295v1	./Development/ThreeFold/data/external/Salmonella/GCF_028892955.1_ASM2889295v1_genomic.fna.gz
GCF_028892975.1	PRJNA224116	SAMN32950809	na	na	na	na	28144	28901	Salmonella enterica subsp. enterica serovar Derby	strain=RM004	na	latest	Complete Genome	Major	Full	2023-03-01	ASM2889297v1		GCA_028892975.1	identical	https://ftp.ncbi.nlm.nih.gov/genomes/all/GCF/028/892/975/GCF_028892975.1_ASM2889297v1	./Development/ThreeFold/data/external/Salmonella/GCF_028892975.1_ASM2889297v1_genomic.fna.gz
GCF_028892995.1	PRJNA224116	SAMN32950808	na	na	na	na	28144	28901	Salmonella enterica subsp. enterica serovar Derby	strain=RM003	na	latest	Complete Genome	Major	Full	2023-03-01	ASM2889299v1		GCA_028892995.1	identical	https://ftp.ncbi.nlm.nih.gov/genomes/all/GCF/028/892/995/GCF_028892995.1_ASM2889299v1	./Development/ThreeFold/data/external/Salmonella/GCF_028892995.1_ASM2889299v1_genomic.fna.gz
GCF_028893015.1	PRJNA224116	SAMN32950807	na	na	na	na	28144	28901	Salmonella enterica subsp. enterica serovar Derby	strain=RM002	na	latest	Complete Genome	Major	Full	2023-03-01	ASM2889301v1		GCA_028893015.1	identical	https://ftp.ncbi.nlm.nih.gov/genomes/all/GCF/028/893/015/GCF_028893015.1_ASM2889301v1	./Development/ThreeFold/data/external/Salmonella/GCF_028893015.1_ASM2889301v1_genomic.fna.gz
GCF_028893035.1	PRJNA224116	SAMN32950806	na	na	na	na	28144	28901	Salmonella enterica subsp. enterica serovar Derby	strain=RM001	na	latest	Complete Genome	Major	Full	2023-03-01	ASM2889303v1		GCA_028893035.1	identical	https://ftp.ncbi.nlm.nih.gov/genomes/all/GCF/028/893/035/GCF_028893035.1_ASM2889303v1	./Development/ThreeFold/data/external/Salmonella/GCF_028893035.1_ASM2889303v1_genomic.fna.gz
GCF_003710145.1	PRJNA224116	SAMN10243031	na	na	na	na	28147	28901	Salmonella enterica subsp. enterica serovar Oranienburg	strain=CFSAN076211	na	latest	Complete Genome	Major	Full	2018-11-03	ASM371014v1		GCA_003710145.1	identical	https://ftp.ncbi.nlm.nih.gov/genomes/all/GCF/003/710/145/GCF_003710145.1_ASM371014v1	./Development/ThreeFold/data/external/Salmonella/GCF_003710145.1_ASM371014v1_genomic.fna.gz
GCF_004798745.1	PRJNA224116	SAMN06030177	na	na	na	na	28147	28901	Salmonella enterica subsp. enterica serovar Oranienburg	strain=12-0523	na	latest	Complete Genome	Major	Full	2019-04-17	ASM479874v1		GCA_004798745.1	identical	https://ftp.ncbi.nlm.nih.gov/genomes/all/GCF/004/798/745/GCF_004798745.1_ASM479874v1	./Development/ThreeFold/data/external/Salmonella/GCF_004798745.1_ASM479874v1_genomic.fna.gz
GCF_027943865.1	PRJNA224116	SAMD00280083	na	na	na	na	28147	28901	Salmonella enterica subsp. enterica serovar Oranienburg	strain=11548	na	latest	Complete Genome	Major	Full	2023-01-13	ASM2794386v1		GCA_027943865.1	identical	https://ftp.ncbi.nlm.nih.gov/genomes/all/GCF/027/943/865/GCF_027943865.1_ASM2794386v1	./Development/ThreeFold/data/external/Salmonella/GCF_027943865.1_ASM2794386v1_genomic.fna.gz
GCF_000806845.2	PRJNA224116	SAMN03079667	na	na	na	na	28150	28901	Salmonella enterica subsp. enterica serovar Senftenberg	strain=CFSAN024722	na	latest	Complete Genome	Major	Full	2021-05-11	ASM80684v2		GCA_000806845.2	identical	https://ftp.ncbi.nlm.nih.gov/genomes/all/GCF/000/806/845/GCF_000806845.2_ASM80684v2	./Development/ThreeFold/data/external/Salmonella/GCF_000806845.2_ASM80684v2_genomic.fna.gz
GCF_000807035.2	PRJNA224116	SAMN03079664	na	na	na	na	28150	28901	Salmonella enterica subsp. enterica serovar Senftenberg	strain=CFSAN024719	na	latest	Complete Genome	Major	Full	2021-05-11	ASM80703v2		GCA_000807035.2	identical	https://ftp.ncbi.nlm.nih.gov/genomes/all/GCF/000/807/035/GCF_000807035.2_ASM80703v2	./Development/ThreeFold/data/external/Salmonella/GCF_000807035.2_ASM80703v2_genomic.fna.gz
GCF_001457675.1	PRJNA224116	SAMEA2517359	na	na	na	na	28150	28901	Salmonella enterica subsp. enterica serovar Senftenberg	strain=NCTC10384	na	latest	Complete Genome	Major	Full	2015-07-08	NCTC10384		GCA_001457675.1	identical	https://ftp.ncbi.nlm.nih.gov/genomes/all/GCF/001/457/675/GCF_001457675.1_NCTC10384	./Development/ThreeFold/data/external/Salmonella/GCF_001457675.1_NCTC10384_genomic.fna.gz
GCF_001969425.1	PRJNA224116	SAMN05514141	na	na	na	na	28150	28901	Salmonella enterica subsp. enterica serovar Senftenberg	strain=775W (ATCC 43845)	na	latest	Complete Genome	Major	Full	2017-01-23	ASM196942v1		GCA_001969425.1	identical	https://ftp.ncbi.nlm.nih.gov/genomes/all/GCF/001/969/425/GCF_001969425.1_ASM196942v1	./Development/ThreeFold/data/external/Salmonella/GCF_001969425.1_ASM196942v1_genomic.fna.gz
GCF_003073535.1	PRJNA224116	SAMN04549535	na	na	na	na	28150	28901	Salmonella enterica subsp. enterica serovar Senftenberg	strain=CFSAN047866	na	latest	Complete Genome	Major	Full	2018-04-30	ASM307353v1		GCA_003073535.1	identical	https://ftp.ncbi.nlm.nih.gov/genomes/all/GCF/003/073/535/GCF_003073535.1_ASM307353v1	./Development/ThreeFold/data/external/Salmonella/GCF_003073535.1_ASM307353v1_genomic.fna.gz
GCF_003073555.1	PRJNA224116	SAMN04451263	na	na	na	na	28150	28901	Salmonella enterica subsp. enterica serovar Senftenberg	strain=CFSAN045763	na	latest	Complete Genome	Major	Full	2018-04-30	ASM307355v1		GCA_003073555.1	identical	https://ftp.ncbi.nlm.nih.gov/genomes/all/GCF/003/073/555/GCF_003073555.1_ASM307355v1	./Development/ThreeFold/data/external/Salmonella/GCF_003073555.1_ASM307355v1_genomic.fna.gz
GCF_003571625.1	PRJNA224116	SAMN04014968	na	na	na	na	28150	28901	Salmonella enterica subsp. enterica serovar Senftenberg	strain=AR_0127	na	latest	Complete Genome	Major	Full	2018-09-16	ASM357162v1		GCA_003571625.1	identical	https://ftp.ncbi.nlm.nih.gov/genomes/all/GCF/003/571/625/GCF_003571625.1_ASM357162v1	./Development/ThreeFold/data/external/Salmonella/GCF_003571625.1_ASM357162v1_genomic.fna.gz
GCF_003864035.1	PRJNA224116	SAMN10485461	na	na	na	na	28150	28901	Salmonella enterica subsp. enterica serovar Senftenberg	strain=ATCC 8400	na	latest	Complete Genome	Major	Full	2018-12-05	ASM386403v1		GCA_003864035.1	identical	https://ftp.ncbi.nlm.nih.gov/genomes/all/GCF/003/864/035/GCF_003864035.1_ASM386403v1	./Development/ThreeFold/data/external/Salmonella/GCF_003864035.1_ASM386403v1_genomic.fna.gz
GCF_004768565.1	PRJNA224116	SAMN11029488	na	na	na	na	28150	28901	Salmonella enterica subsp. enterica serovar Senftenberg	strain=SA20061017	na	latest	Complete Genome	Major	Full	2019-04-10	ASM476856v1		GCA_004768565.1	identical	https://ftp.ncbi.nlm.nih.gov/genomes/all/GCF/004/768/565/GCF_004768565.1_ASM476856v1	./Development/ThreeFold/data/external/Salmonella/GCF_004768565.1_ASM476856v1_genomic.fna.gz
GCF_004768585.1	PRJNA224116	SAMN11029489	na	na	na	na	28150	28901	Salmonella enterica subsp. enterica serovar Senftenberg	strain=SA20130280	na	latest	Complete Genome	Major	Full	2019-04-10	ASM476858v1		GCA_004768585.1	identical	https://ftp.ncbi.nlm.nih.gov/genomes/all/GCF/004/768/585/GCF_004768585.1_ASM476858v1	./Development/ThreeFold/data/external/Salmonella/GCF_004768585.1_ASM476858v1_genomic.fna.gz
GCF_004768605.1	PRJNA224116	SAMN06030139	na	na	na	na	28150	28901	Salmonella enterica subsp. enterica serovar Senftenberg	strain=11-5006	na	latest	Complete Genome	Major	Full	2019-04-10	ASM476860v1		GCA_004768605.1	identical	https://ftp.ncbi.nlm.nih.gov/genomes/all/GCF/004/768/605/GCF_004768605.1_ASM476860v1	./Development/ThreeFold/data/external/Salmonella/GCF_004768605.1_ASM476860v1_genomic.fna.gz
GCF_004768625.1	PRJNA224116	SAMN10501887	na	na	na	na	28150	28901	Salmonella enterica subsp. enterica serovar Senftenberg	strain=CFIAFB20170120	na	latest	Complete Genome	Major	Full	2019-04-10	ASM476862v1		GCA_004768625.1	identical	https://ftp.ncbi.nlm.nih.gov/genomes/all/GCF/004/768/625/GCF_004768625.1_ASM476862v1	./Development/ThreeFold/data/external/Salmonella/GCF_004768625.1_ASM476862v1_genomic.fna.gz
GCF_004768665.1	PRJNA224116	SAMN10501888	na	na	na	na	28150	28901	Salmonella enterica subsp. enterica serovar Senftenberg	strain=CFIAFB20170121	na	latest	Complete Genome	Major	Full	2019-04-10	ASM476866v1		GCA_004768665.1	identical	https://ftp.ncbi.nlm.nih.gov/genomes/all/GCF/004/768/665/GCF_004768665.1_ASM476866v1	./Development/ThreeFold/data/external/Salmonella/GCF_004768665.1_ASM476866v1_genomic.fna.gz
GCF_004798765.1	PRJNA224116	SAMN10501886	na	na	na	na	28150	28901	Salmonella enterica subsp. enterica serovar Senftenberg	strain=CFIAFB20170119	na	latest	Complete Genome	Major	Full	2019-04-17	ASM479876v1		GCA_004798765.1	identical	https://ftp.ncbi.nlm.nih.gov/genomes/all/GCF/004/798/765/GCF_004798765.1_ASM479876v1	./Development/ThreeFold/data/external/Salmonella/GCF_004798765.1_ASM479876v1_genomic.fna.gz
GCF_006741505.1	PRJNA224116	SAMD00171749	na	na	na	na	28150	28901	Salmonella enterica subsp. enterica serovar Senftenberg	strain=SL180013	na	latest	Complete Genome	Major	Full	2019-05-30	ASM674150v1		GCA_006741505.1	identical	https://ftp.ncbi.nlm.nih.gov/genomes/all/GCF/006/741/505/GCF_006741505.1_ASM674150v1	./Development/ThreeFold/data/external/Salmonella/GCF_006741505.1_ASM674150v1_genomic.fna.gz
GCF_008727575.1	PRJNA224116	SAMN12648955	na	na	na	na	28150	28901	Salmonella enterica subsp. enterica serovar Senftenberg	strain=AR-0405	na	latest	Complete Genome	Major	Full	2019-09-29	ASM872757v1		GCA_008727575.1	identical	https://ftp.ncbi.nlm.nih.gov/genomes/all/GCF/008/727/575/GCF_008727575.1_ASM872757v1	./Development/ThreeFold/data/external/Salmonella/GCF_008727575.1_ASM872757v1_genomic.fna.gz
GCF_016452105.1	PRJNA224116	SAMN14504879	na	na	na	na	28150	28901	Salmonella enterica subsp. enterica serovar Senftenberg	strain=CVM 34514	na	latest	Complete Genome	Major	Full	2020-12-31	ASM1645210v1		GCA_016452105.1	identical	https://ftp.ncbi.nlm.nih.gov/genomes/all/GCF/016/452/105/GCF_016452105.1_ASM1645210v1	./Development/ThreeFold/data/external/Salmonella/GCF_016452105.1_ASM1645210v1_genomic.fna.gz
GCF_016454425.1	PRJNA224116	SAMN14504707	na	na	na	na	28150	28901	Salmonella enterica subsp. enterica serovar Senftenberg	strain=CVM 24355	na	latest	Complete Genome	Major	Full	2020-12-31	ASM1645442v1		GCA_016454425.1	identical	https://ftp.ncbi.nlm.nih.gov/genomes/all/GCF/016/454/425/GCF_016454425.1_ASM1645442v1	./Development/ThreeFold/data/external/Salmonella/GCF_016454425.1_ASM1645442v1_genomic.fna.gz
GCF_016454665.1	PRJNA224116	SAMN14504550	na	na	na	na	28150	28901	Salmonella enterica subsp. enterica serovar Senftenberg	strain=CVM 20749	na	latest	Complete Genome	Major	Full	2020-12-31	ASM1645466v1		GCA_016454665.1	identical	https://ftp.ncbi.nlm.nih.gov/genomes/all/GCF/016/454/665/GCF_016454665.1_ASM1645466v1	./Development/ThreeFold/data/external/Salmonella/GCF_016454665.1_ASM1645466v1_genomic.fna.gz
GCF_900478065.1	PRJNA224116	SAMEA4028451	na	na	na	na	28150	28901	Salmonella enterica subsp. enterica serovar Senftenberg	strain=NCTC10080	na	latest	Complete Genome	Major	Full	2018-06-17	50681_B01		GCA_900478065.1	identical	https://ftp.ncbi.nlm.nih.gov/genomes/all/GCF/900/478/065/GCF_900478065.1_50681_B01	./Development/ThreeFold/data/external/Salmonella/GCF_900478065.1_50681_B01_genomic.fna.gz
GCF_000783815.2	PRJNA224116	SAMN02934521	na	na	na	na	28901	28901	Salmonella enterica	strain=FDAARGOS_70	na	latest	Complete Genome	Major	Full	2018-01-30	ASM78381v2		GCA_000783815.2	identical	https://ftp.ncbi.nlm.nih.gov/genomes/all/GCF/000/783/815/GCF_000783815.2_ASM78381v2	./Development/ThreeFold/data/external/Salmonella/GCF_000783815.2_ASM78381v2_genomic.fna.gz
GCF_001558355.2	PRJNA224116	SAMN03996249	na	na	na	assembly from type material	28901	28901	Salmonella enterica	strain=FDAARGOS_94	na	latest	Complete Genome	Major	Full	2018-02-23	ASM155835v2		GCA_001558355.2	identical	https://ftp.ncbi.nlm.nih.gov/genomes/all/GCF/001/558/355/GCF_001558355.2_ASM155835v2	./Development/ThreeFold/data/external/Salmonella/GCF_001558355.2_ASM155835v2_genomic.fna.gz
GCF_001647755.1	PRJNA224116	SAMN04961653	na	na	na	na	28901	28901	Salmonella enterica	strain=C629	na	latest	Complete Genome	Major	Full	2016-05-19	ASM164775v1		GCA_001647755.1	identical	https://ftp.ncbi.nlm.nih.gov/genomes/all/GCF/001/647/755/GCF_001647755.1_ASM164775v1	./Development/ThreeFold/data/external/Salmonella/GCF_001647755.1_ASM164775v1_genomic.fna.gz
GCF_001652385.2	PRJNA224116	SAMN03742073	na	na	na	na	28901	28901	Salmonella enterica	strain=CFSAN033950	na	latest	Complete Genome	Major	Full	2021-06-07	ASM165238v2		GCA_001652385.2	identical	https://ftp.ncbi.nlm.nih.gov/genomes/all/GCF/001/652/385/GCF_001652385.2_ASM165238v2	./Development/ThreeFold/data/external/Salmonella/GCF_001652385.2_ASM165238v2_genomic.fna.gz
GCF_001705055.1	PRJNA224116	SAMN03896006	na	na	na	na	28901	28901	Salmonella enterica	strain=FORC_019	na	latest	Complete Genome	Major	Full	2016-08-16	ASM170505v1		GCA_001705055.1	identical	https://ftp.ncbi.nlm.nih.gov/genomes/all/GCF/001/705/055/GCF_001705055.1_ASM170505v1	./Development/ThreeFold/data/external/Salmonella/GCF_001705055.1_ASM170505v1_genomic.fna.gz
GCF_001831555.2	PRJNA224116	SAMN04961926	na	na	na	na	28901	28901	Salmonella enterica	strain=CFSAN044865	na	latest	Complete Genome	Major	Full	2021-06-07	ASM183155v2		GCA_001831555.2	identical	https://ftp.ncbi.nlm.nih.gov/genomes/all/GCF/001/831/555/GCF_001831555.2_ASM183155v2	./Development/ThreeFold/data/external/Salmonella/GCF_001831555.2_ASM183155v2_genomic.fna.gz
GCF_001831715.2	PRJNA224116	SAMN04961937	na	na	na	na	28901	28901	Salmonella enterica	strain=CFSAN044875	na	latest	Complete Genome	Major	Full	2021-06-07	ASM183171v2		GCA_001831715.2	identical	https://ftp.ncbi.nlm.nih.gov/genomes/all/GCF/001/831/715/GCF_001831715.2_ASM183171v2	./Development/ThreeFold/data/external/Salmonella/GCF_001831715.2_ASM183171v2_genomic.fna.gz
GCF_001831915.2	PRJNA224116	SAMN04961947	na	na	na	na	28901	28901	Salmonella enterica	strain=CFSAN044885	na	latest	Complete Genome	Major	Full	2021-06-07	ASM183191v2		GCA_001831915.2	identical	https://ftp.ncbi.nlm.nih.gov/genomes/all/GCF/001/831/915/GCF_001831915.2_ASM183191v2	./Development/ThreeFold/data/external/Salmonella/GCF_001831915.2_ASM183191v2_genomic.fna.gz
GCF_001831985.2	PRJNA224116	SAMN04961950	na	na	na	na	28901	28901	Salmonella enterica	strain=CFSAN044888	na	latest	Complete Genome	Major	Full	2021-06-10	ASM183198v2		GCA_001831985.2	identical	https://ftp.ncbi.nlm.nih.gov/genomes/all/GCF/001/831/985/GCF_001831985.2_ASM183198v2	./Development/ThreeFold/data/external/Salmonella/GCF_001831985.2_ASM183198v2_genomic.fna.gz
GCF_001833305.2	PRJNA224116	SAMN04961992	na	na	na	na	28901	28901	Salmonella enterica	strain=CFSAN044925	na	latest	Complete Genome	Major	Full	2021-06-07	ASM183330v2		GCA_001833305.2	identical	https://ftp.ncbi.nlm.nih.gov/genomes/all/GCF/001/833/305/GCF_001833305.2_ASM183330v2	./Development/ThreeFold/data/external/Salmonella/GCF_001833305.2_ASM183330v2_genomic.fna.gz
GCF_001834965.2	PRJNA224116	SAMN04962018	na	na	na	na	28901	28901	Salmonella enterica	strain=CFSAN044945	na	latest	Complete Genome	Major	Full	2021-06-07	ASM183496v2		GCA_001834965.2	identical	https://ftp.ncbi.nlm.nih.gov/genomes/all/GCF/001/834/965/GCF_001834965.2_ASM183496v2	./Development/ThreeFold/data/external/Salmonella/GCF_001834965.2_ASM183496v2_genomic.fna.gz
GCF_002119485.1	PRJNA224116	SAMN04932651	na	na	na	na	28901	28901	Salmonella enterica	strain=FORC_038	na	latest	Complete Genome	Major	Full	2017-05-09	ASM211948v1		GCA_002119485.1	identical	https://ftp.ncbi.nlm.nih.gov/genomes/all/GCF/002/119/485/GCF_002119485.1_ASM211948v1	./Development/ThreeFold/data/external/Salmonella/GCF_002119485.1_ASM211948v1_genomic.fna.gz
GCF_002313085.1	PRJNA224116	SAMN05756207	na	na	na	na	28901	28901	Salmonella enterica	strain=FORC_051	na	latest	Complete Genome	Major	Full	2017-09-19	ASM231308v1		GCA_002313085.1	identical	https://ftp.ncbi.nlm.nih.gov/genomes/all/GCF/002/313/085/GCF_002313085.1_ASM231308v1	./Development/ThreeFold/data/external/Salmonella/GCF_002313085.1_ASM231308v1_genomic.fna.gz
GCF_002313105.1	PRJNA224116	SAMN05631013	na	na	na	na	28901	28901	Salmonella enterica	strain=FORC_056	na	latest	Complete Genome	Major	Full	2017-09-19	ASM231310v1		GCA_002313105.1	identical	https://ftp.ncbi.nlm.nih.gov/genomes/all/GCF/002/313/105/GCF_002313105.1_ASM231310v1	./Development/ThreeFold/data/external/Salmonella/GCF_002313105.1_ASM231310v1_genomic.fna.gz
GCF_002507715.2	PRJNA224116	SAMN07135152	na	na	na	na	28901	28901	Salmonella enterica	strain=CFSAN064276	na	latest	Complete Genome	Major	Full	2021-06-07	ASM250771v2		GCA_002507715.2	identical	https://ftp.ncbi.nlm.nih.gov/genomes/all/GCF/002/507/715/GCF_002507715.2_ASM250771v2	./Development/ThreeFold/data/external/Salmonella/GCF_002507715.2_ASM250771v2_genomic.fna.gz
GCF_002507745.2	PRJNA224116	SAMN07427967	na	na	na	na	28901	28901	Salmonella enterica	strain=CFSAN060808	na	latest	Complete Genome	Major	Full	2021-06-07	ASM250774v2		GCA_002507745.2	identical	https://ftp.ncbi.nlm.nih.gov/genomes/all/GCF/002/507/745/GCF_002507745.2_ASM250774v2	./Development/ThreeFold/data/external/Salmonella/GCF_002507745.2_ASM250774v2_genomic.fna.gz
GCF_002507865.2	PRJNA224116	SAMN07427966	na	na	na	na	28901	28901	Salmonella enterica	strain=CFSAN060809	na	latest	Complete Genome	Major	Full	2021-06-07	ASM250786v2		GCA_002507865.2	identical	https://ftp.ncbi.nlm.nih.gov/genomes/all/GCF/002/507/865/GCF_002507865.2_ASM250786v2	./Development/ThreeFold/data/external/Salmonella/GCF_002507865.2_ASM250786v2_genomic.fna.gz
GCF_002507875.2	PRJNA224116	SAMN07427968	na	na	na	na	28901	28901	Salmonella enterica	strain=CFSAN060807	na	latest	Complete Genome	Major	Full	2021-06-07	ASM250787v2		GCA_002507875.2	identical	https://ftp.ncbi.nlm.nih.gov/genomes/all/GCF/002/507/875/GCF_002507875.2_ASM250787v2	./Development/ThreeFold/data/external/Salmonella/GCF_002507875.2_ASM250787v2_genomic.fna.gz
GCF_002507915.2	PRJNA224116	SAMN07427971	na	na	na	na	28901	28901	Salmonella enterica	strain=CFSAN060804	na	latest	Complete Genome	Major	Full	2021-06-07	ASM250791v2		GCA_002507915.2	identical	https://ftp.ncbi.nlm.nih.gov/genomes/all/GCF/002/507/915/GCF_002507915.2_ASM250791v2	./Development/ThreeFold/data/external/Salmonella/GCF_002507915.2_ASM250791v2_genomic.fna.gz
GCF_002900325.1	PRJNA224116	SAMN08272061	na	na	na	na	28901	28901	Salmonella enterica	strain=MFDS1004024	na	latest	Complete Genome	Major	Full	2018-01-26	ASM290032v1		GCA_002900325.1	identical	https://ftp.ncbi.nlm.nih.gov/genomes/all/GCF/002/900/325/GCF_002900325.1_ASM290032v1	./Development/ThreeFold/data/external/Salmonella/GCF_002900325.1_ASM290032v1_genomic.fna.gz
GCF_002946675.1	PRJNA224116	SAMN08323710	na	na	na	na	28901	28901	Salmonella enterica	strain=MFDS1004839	na	latest	Complete Genome	Major	Full	2018-02-12	ASM294667v1		GCA_002946675.1	identical	https://ftp.ncbi.nlm.nih.gov/genomes/all/GCF/002/946/675/GCF_002946675.1_ASM294667v1	./Development/ThreeFold/data/external/Salmonella/GCF_002946675.1_ASM294667v1_genomic.fna.gz
GCF_003030105.1	PRJNA224116	SAMN08663433	na	na	na	na	28901	28901	Salmonella enterica	strain=CFSAN064034	na	latest	Complete Genome	Major	Full	2018-04-02	ASM303010v1		GCA_003030105.1	identical	https://ftp.ncbi.nlm.nih.gov/genomes/all/GCF/003/030/105/GCF_003030105.1_ASM303010v1	./Development/ThreeFold/data/external/Salmonella/GCF_003030105.1_ASM303010v1_genomic.fna.gz
GCF_003030125.1	PRJNA224116	SAMN08663434	na	na	na	na	28901	28901	Salmonella enterica	strain=CFSAN064033	na	latest	Complete Genome	Major	Full	2018-04-02	ASM303012v1		GCA_003030125.1	identical	https://ftp.ncbi.nlm.nih.gov/genomes/all/GCF/003/030/125/GCF_003030125.1_ASM303012v1	./Development/ThreeFold/data/external/Salmonella/GCF_003030125.1_ASM303012v1_genomic.fna.gz
GCF_003324915.1	PRJNA224116	SAMN06045011	na	na	na	na	28901	28901	Salmonella enterica	strain=SA20030575	na	latest	Complete Genome	Major	Full	2018-07-17	ASM332491v1		GCA_003324915.1	identical	https://ftp.ncbi.nlm.nih.gov/genomes/all/GCF/003/324/915/GCF_003324915.1_ASM332491v1	./Development/ThreeFold/data/external/Salmonella/GCF_003324915.1_ASM332491v1_genomic.fna.gz
GCF_003324935.1	PRJNA224116	SAMN06045071	na	na	na	na	28901	28901	Salmonella enterica	strain=SA20052327	na	latest	Complete Genome	Major	Full	2018-07-17	ASM332493v1		GCA_003324935.1	identical	https://ftp.ncbi.nlm.nih.gov/genomes/all/GCF/003/324/935/GCF_003324935.1_ASM332493v1	./Development/ThreeFold/data/external/Salmonella/GCF_003324935.1_ASM332493v1_genomic.fna.gz
GCF_003324955.1	PRJNA224116	SAMN06044983	na	na	na	na	28901	28901	Salmonella enterica	strain=SA19992307	na	latest	Complete Genome	Major	Full	2018-07-17	ASM332495v1		GCA_003324955.1	identical	https://ftp.ncbi.nlm.nih.gov/genomes/all/GCF/003/324/955/GCF_003324955.1_ASM332495v1	./Development/ThreeFold/data/external/Salmonella/GCF_003324955.1_ASM332495v1_genomic.fna.gz
GCF_003324975.1	PRJNA224116	SAMN06045066	na	na	na	na	28901	28901	Salmonella enterica	strain=SA20044414	na	latest	Complete Genome	Major	Full	2018-07-17	ASM332497v1		GCA_003324975.1	identical	https://ftp.ncbi.nlm.nih.gov/genomes/all/GCF/003/324/975/GCF_003324975.1_ASM332497v1	./Development/ThreeFold/data/external/Salmonella/GCF_003324975.1_ASM332497v1_genomic.fna.gz
GCF_003324995.1	PRJNA224116	SAMN06045063	na	na	na	na	28901	28901	Salmonella enterica	strain=SA20043041	na	latest	Complete Genome	Major	Full	2018-07-17	ASM332499v1		GCA_003324995.1	identical	https://ftp.ncbi.nlm.nih.gov/genomes/all/GCF/003/324/995/GCF_003324995.1_ASM332499v1	./Development/ThreeFold/data/external/Salmonella/GCF_003324995.1_ASM332499v1_genomic.fna.gz
GCF_003325015.1	PRJNA224116	SAMN06045028	na	na	na	na	28901	28901	Salmonella enterica	strain=SA20031245	na	latest	Complete Genome	Major	Full	2018-07-17	ASM332501v1		GCA_003325015.1	identical	https://ftp.ncbi.nlm.nih.gov/genomes/all/GCF/003/325/015/GCF_003325015.1_ASM332501v1	./Development/ThreeFold/data/external/Salmonella/GCF_003325015.1_ASM332501v1_genomic.fna.gz
GCF_003325035.1	PRJNA224116	SAMN06045182	na	na	na	na	28901	28901	Salmonella enterica	strain=SA20100201	na	latest	Complete Genome	Major	Full	2018-07-17	ASM332503v1		GCA_003325035.1	identical	https://ftp.ncbi.nlm.nih.gov/genomes/all/GCF/003/325/035/GCF_003325035.1_ASM332503v1	./Development/ThreeFold/data/external/Salmonella/GCF_003325035.1_ASM332503v1_genomic.fna.gz
GCF_003325055.1	PRJNA224116	SAMN06045172	na	na	na	na	28901	28901	Salmonella enterica	strain=SA20094620	na	latest	Complete Genome	Major	Full	2018-07-17	ASM332505v1		GCA_003325055.1	identical	https://ftp.ncbi.nlm.nih.gov/genomes/all/GCF/003/325/055/GCF_003325055.1_ASM332505v1	./Development/ThreeFold/data/external/Salmonella/GCF_003325055.1_ASM332505v1_genomic.fna.gz
GCF_003325075.1	PRJNA224116	SAMN06045239	na	na	na	na	28901	28901	Salmonella enterica	strain=SA20104250	na	latest	Complete Genome	Major	Full	2018-07-17	ASM332507v1		GCA_003325075.1	identical	https://ftp.ncbi.nlm.nih.gov/genomes/all/GCF/003/325/075/GCF_003325075.1_ASM332507v1	./Development/ThreeFold/data/external/Salmonella/GCF_003325075.1_ASM332507v1_genomic.fna.gz
GCF_003325095.1	PRJNA224116	SAMN06045068	na	na	na	na	28901	28901	Salmonella enterica	strain=SA20051401	na	latest	Complete Genome	Major	Full	2018-07-17	ASM332509v1		GCA_003325095.1	identical	https://ftp.ncbi.nlm.nih.gov/genomes/all/GCF/003/325/095/GCF_003325095.1_ASM332509v1	./Development/ThreeFold/data/external/Salmonella/GCF_003325095.1_ASM332509v1_genomic.fna.gz
GCF_003325135.1	PRJNA224116	SAMN06045123	na	na	na	na	28901	28901	Salmonella enterica	strain=SA20083530	na	latest	Complete Genome	Major	Full	2018-07-17	ASM332513v1		GCA_003325135.1	identical	https://ftp.ncbi.nlm.nih.gov/genomes/all/GCF/003/325/135/GCF_003325135.1_ASM332513v1	./Development/ThreeFold/data/external/Salmonella/GCF_003325135.1_ASM332513v1_genomic.fna.gz
GCF_003325155.1	PRJNA224116	SAMN06045069	na	na	na	na	28901	28901	Salmonella enterica	strain=SA20051528	na	latest	Complete Genome	Major	Full	2018-07-17	ASM332515v1		GCA_003325155.1	identical	https://ftp.ncbi.nlm.nih.gov/genomes/all/GCF/003/325/155/GCF_003325155.1_ASM332515v1	./Development/ThreeFold/data/external/Salmonella/GCF_003325155.1_ASM332515v1_genomic.fna.gz
GCF_003325195.1	PRJNA224116	SAMN06045089	na	na	na	na	28901	28901	Salmonella enterica	strain=SA20075157	na	latest	Complete Genome	Major	Full	2018-07-17	ASM332519v1		GCA_003325195.1	identical	https://ftp.ncbi.nlm.nih.gov/genomes/all/GCF/003/325/195/GCF_003325195.1_ASM332519v1	./Development/ThreeFold/data/external/Salmonella/GCF_003325195.1_ASM332519v1_genomic.fna.gz
GCF_003325215.1	PRJNA224116	SAMN06044987	na	na	na	na	28901	28901	Salmonella enterica	strain=SA20021456	na	latest	Complete Genome	Major	Full	2018-07-17	ASM332521v1		GCA_003325215.1	identical	https://ftp.ncbi.nlm.nih.gov/genomes/all/GCF/003/325/215/GCF_003325215.1_ASM332521v1	./Development/ThreeFold/data/external/Salmonella/GCF_003325215.1_ASM332521v1_genomic.fna.gz
GCF_003325235.1	PRJNA224116	SAMN06045121	na	na	na	na	28901	28901	Salmonella enterica	strain=SA20083039	na	latest	Complete Genome	Major	Full	2018-07-17	ASM332523v1		GCA_003325235.1	identical	https://ftp.ncbi.nlm.nih.gov/genomes/all/GCF/003/325/235/GCF_003325235.1_ASM332523v1	./Development/ThreeFold/data/external/Salmonella/GCF_003325235.1_ASM332523v1_genomic.fna.gz
GCF_003325255.1	PRJNA224116	SAMN06045058	na	na	na	na	28901	28901	Salmonella enterica	strain=SA20041605	na	latest	Complete Genome	Major	Full	2018-07-17	ASM332525v1		GCA_003325255.1	identical	https://ftp.ncbi.nlm.nih.gov/genomes/all/GCF/003/325/255/GCF_003325255.1_ASM332525v1	./Development/ThreeFold/data/external/Salmonella/GCF_003325255.1_ASM332525v1_genomic.fna.gz
GCF_003325275.1	PRJNA224116	SAMN06045193	na	na	na	na	28901	28901	Salmonella enterica	strain=SA20101045	na	latest	Complete Genome	Major	Full	2018-07-17	ASM332527v1		GCA_003325275.1	identical	https://ftp.ncbi.nlm.nih.gov/genomes/all/GCF/003/325/275/GCF_003325275.1_ASM332527v1	./Development/ThreeFold/data/external/Salmonella/GCF_003325275.1_ASM332527v1_genomic.fna.gz
GCF_003515965.1	PRJNA224116	SAMN07604329	na	na	na	na	28901	28901	Salmonella enterica	strain=FORC_074	na	latest	Complete Genome	Major	Full	2018-09-10	ASM351596v1		GCA_003515965.1	identical	https://ftp.ncbi.nlm.nih.gov/genomes/all/GCF/003/515/965/GCF_003515965.1_ASM351596v1	./Development/ThreeFold/data/external/Salmonella/GCF_003515965.1_ASM351596v1_genomic.fna.gz
GCF_004135835.1	PRJNA224116	SAMN08449845	na	na	na	na	28901	28901	Salmonella enterica	strain=FORC_078	na	latest	Complete Genome	Major	Full	2019-02-04	ASM413583v1		GCA_004135835.1	identical	https://ftp.ncbi.nlm.nih.gov/genomes/all/GCF/004/135/835/GCF_004135835.1_ASM413583v1	./Development/ThreeFold/data/external/Salmonella/GCF_004135835.1_ASM413583v1_genomic.fna.gz
GCF_004354225.1	PRJNA224116	SAMN04192176	na	na	na	na	28901	28901	Salmonella enterica	strain=FDA925033-2-17	na	latest	Complete Genome	Major	Full	2019-03-18	ASM435422v1		GCA_004354225.1	identical	https://ftp.ncbi.nlm.nih.gov/genomes/all/GCF/004/354/225/GCF_004354225.1_ASM435422v1	./Development/ThreeFold/data/external/Salmonella/GCF_004354225.1_ASM435422v1_genomic.fna.gz
GCF_004354285.1	PRJNA224116	SAMN02678831	na	na	na	na	28901	28901	Salmonella enterica	strain=FSW0104	na	latest	Complete Genome	Major	Full	2019-03-18	ASM435428v1		GCA_004354285.1	identical	https://ftp.ncbi.nlm.nih.gov/genomes/all/GCF/004/354/285/GCF_004354285.1_ASM435428v1	./Development/ThreeFold/data/external/Salmonella/GCF_004354285.1_ASM435428v1_genomic.fna.gz
GCF_005576595.1	PRJNA224116	SAMN02265272	na	na	na	na	28901	28901	Salmonella enterica	strain=CFSAN005645	na	latest	Complete Genome	Major	Full	2019-05-22	ASM557659v1		GCA_005576595.1	identical	https://ftp.ncbi.nlm.nih.gov/genomes/all/GCF/005/576/595/GCF_005576595.1_ASM557659v1	./Development/ThreeFold/data/external/Salmonella/GCF_005576595.1_ASM557659v1_genomic.fna.gz
GCF_006287295.1	PRJNA224116	SAMN09091327	na	na	na	na	28901	28901	Salmonella enterica	strain=PNUSAS040124	na	latest	Complete Genome	Major	Full	2023-12-20	ASM628729v2		GCA_006287295.2	identical	https://ftp.ncbi.nlm.nih.gov/genomes/all/GCF/006/287/295/GCF_006287295.1_ASM628729v2	./Development/ThreeFold/data/external/Salmonella/GCF_006287295.1_ASM628729v2_genomic.fna.gz
GCF_006365335.1	PRJNA224116	SAMN11056483	na	na	na	assembly from type material	28901	28901	Salmonella enterica	strain=FDAARGOS_768	na	latest	Complete Genome	Major	Full	2019-06-19	ASM636533v1		GCA_006365335.1	identical	https://ftp.ncbi.nlm.nih.gov/genomes/all/GCF/006/365/335/GCF_006365335.1_ASM636533v1	./Development/ThreeFold/data/external/Salmonella/GCF_006365335.1_ASM636533v1_genomic.fna.gz
GCF_006461325.2	PRJNA224116	SAMN12070264	na	na	na	na	28901	28901	Salmonella enterica	strain=GSJ/2016-Sal.-018	na	latest	Complete Genome	Major	Full	2021-03-08	ASM646132v2		GCA_006461325.2	identical	https://ftp.ncbi.nlm.nih.gov/genomes/all/GCF/006/461/325/GCF_006461325.2_ASM646132v2	./Development/ThreeFold/data/external/Salmonella/GCF_006461325.2_ASM646132v2_genomic.fna.gz
GCF_006461415.2	PRJNA224116	SAMN12070255	na	na	na	na	28901	28901	Salmonella enterica	strain=GSJ/2017-Sal.-009	na	latest	Complete Genome	Major	Full	2020-07-16	ASM646141v2		GCA_006461415.2	identical	https://ftp.ncbi.nlm.nih.gov/genomes/all/GCF/006/461/415/GCF_006461415.2_ASM646141v2	./Development/ThreeFold/data/external/Salmonella/GCF_006461415.2_ASM646141v2_genomic.fna.gz
GCF_006969245.1	PRJNA224116	SAMN09519168	na	na	na	na	28901	28901	Salmonella enterica	strain=MAC15	na	latest	Complete Genome	Major	Full	2019-07-15	ASM696924v1		GCA_006969245.1	identical	https://ftp.ncbi.nlm.nih.gov/genomes/all/GCF/006/969/245/GCF_006969245.1_ASM696924v1	./Development/ThreeFold/data/external/Salmonella/GCF_006969245.1_ASM696924v1_genomic.fna.gz
GCF_008386295.1	PRJNA224116	SAMN12715008	na	na	na	na	28901	28901	Salmonella enterica	strain=QH	na	latest	Complete Genome	Major	Full	2019-09-16	ASM838629v1		GCA_008386295.1	identical	https://ftp.ncbi.nlm.nih.gov/genomes/all/GCF/008/386/295/GCF_008386295.1_ASM838629v1	./Development/ThreeFold/data/external/Salmonella/GCF_008386295.1_ASM838629v1_genomic.fna.gz
GCF_008728495.1	PRJNA224116	SAMN12547576	na	na	na	na	28901	28901	Salmonella enterica	strain=CFSAN096147	na	latest	Complete Genome	Major	Full	2019-09-30	ASM872849v1		GCA_008728495.1	identical	https://ftp.ncbi.nlm.nih.gov/genomes/all/GCF/008/728/495/GCF_008728495.1_ASM872849v1	./Development/ThreeFold/data/external/Salmonella/GCF_008728495.1_ASM872849v1_genomic.fna.gz
GCF_008931225.1	PRJNA224116	SAMN10914546	na	na	na	na	28901	28901	Salmonella enterica	strain=S61394	na	latest	Complete Genome	Major	Full	2019-10-09	ASM893122v1		GCA_008931225.1	identical	https://ftp.ncbi.nlm.nih.gov/genomes/all/GCF/008/931/225/GCF_008931225.1_ASM893122v1	./Development/ThreeFold/data/external/Salmonella/GCF_008931225.1_ASM893122v1_genomic.fna.gz
GCF_008931245.1	PRJNA224116	SAMN10914547	na	na	na	na	28901	28901	Salmonella enterica	strain=S44712	na	latest	Complete Genome	Major	Full	2019-10-09	ASM893124v1		GCA_008931245.1	identical	https://ftp.ncbi.nlm.nih.gov/genomes/all/GCF/008/931/245/GCF_008931245.1_ASM893124v1	./Development/ThreeFold/data/external/Salmonella/GCF_008931245.1_ASM893124v1_genomic.fna.gz
GCF_009729895.1	PRJNA224116	SAMN11056425	na	na	na	na	28901	28901	Salmonella enterica	strain=FDAARGOS_710	na	latest	Complete Genome	Major	Full	2019-12-05	ASM972989v1		GCA_009729895.1	identical	https://ftp.ncbi.nlm.nih.gov/genomes/all/GCF/009/729/895/GCF_009729895.1_ASM972989v1	./Development/ThreeFold/data/external/Salmonella/GCF_009729895.1_ASM972989v1_genomic.fna.gz
GCF_009729915.1	PRJNA224116	SAMN11056423	na	na	na	na	28901	28901	Salmonella enterica	strain=FDAARGOS_708	na	latest	Complete Genome	Major	Full	2019-12-05	ASM972991v1		GCA_009729915.1	identical	https://ftp.ncbi.nlm.nih.gov/genomes/all/GCF/009/729/915/GCF_009729915.1_ASM972991v1	./Development/ThreeFold/data/external/Salmonella/GCF_009729915.1_ASM972991v1_genomic.fna.gz
GCF_009729935.1	PRJNA224116	SAMN11056422	na	na	na	na	28901	28901	Salmonella enterica	strain=FDAARGOS_707	na	latest	Complete Genome	Major	Full	2019-12-05	ASM972993v1		GCA_009729935.1	identical	https://ftp.ncbi.nlm.nih.gov/genomes/all/GCF/009/729/935/GCF_009729935.1_ASM972993v1	./Development/ThreeFold/data/external/Salmonella/GCF_009729935.1_ASM972993v1_genomic.fna.gz
GCF_009729955.1	PRJNA224116	SAMN11056403	na	na	na	na	28901	28901	Salmonella enterica	strain=FDAARGOS_688	na	latest	Complete Genome	Major	Full	2019-12-05	ASM972995v1		GCA_009729955.1	identical	https://ftp.ncbi.nlm.nih.gov/genomes/all/GCF/009/729/955/GCF_009729955.1_ASM972995v1	./Development/ThreeFold/data/external/Salmonella/GCF_009729955.1_ASM972995v1_genomic.fna.gz
GCF_009729975.1	PRJNA224116	SAMN11056402	na	na	na	na	28901	28901	Salmonella enterica	strain=FDAARGOS_687	na	latest	Complete Genome	Major	Full	2019-12-05	ASM972997v1		GCA_009729975.1	identical	https://ftp.ncbi.nlm.nih.gov/genomes/all/GCF/009/729/975/GCF_009729975.1_ASM972997v1	./Development/ThreeFold/data/external/Salmonella/GCF_009729975.1_ASM972997v1_genomic.fna.gz
GCF_009730015.1	PRJNA224116	SAMN11056427	na	na	na	na	28901	28901	Salmonella enterica	strain=FDAARGOS_712	na	latest	Complete Genome	Major	Full	2019-12-05	ASM973001v1		GCA_009730015.1	identical	https://ftp.ncbi.nlm.nih.gov/genomes/all/GCF/009/730/015/GCF_009730015.1_ASM973001v1	./Development/ThreeFold/data/external/Salmonella/GCF_009730015.1_ASM973001v1_genomic.fna.gz
GCF_009930575.1	PRJNA224116	SAMN11565619	WUPX00000000.1	na	na	na	28901	28901	Salmonella enterica	strain=16E080	na	latest	Complete Genome	Major	Full	2020-01-24	ASM993057v1		GCA_009930575.1	identical	https://ftp.ncbi.nlm.nih.gov/genomes/all/GCF/009/930/575/GCF_009930575.1_ASM993057v1	./Development/ThreeFold/data/external/Salmonella/GCF_009930575.1_ASM993057v1_genomic.fna.gz
GCF_009930675.1	PRJNA224116	SAMN11565614	WUQC00000000.1	na	na	na	28901	28901	Salmonella enterica	strain=15E434	na	latest	Complete Genome	Major	Full	2020-01-24	ASM993067v1		GCA_009930675.1	identical	https://ftp.ncbi.nlm.nih.gov/genomes/all/GCF/009/930/675/GCF_009930675.1_ASM993067v1	./Development/ThreeFold/data/external/Salmonella/GCF_009930675.1_ASM993067v1_genomic.fna.gz
GCF_013161625.1	PRJNA224116	SAMN14927984	na	na	na	na	28901	28901	Salmonella enterica	strain=2011K-1440	na	latest	Complete Genome	Major	Full	2020-05-25	ASM1316162v1		GCA_013161625.1	identical	https://ftp.ncbi.nlm.nih.gov/genomes/all/GCF/013/161/625/GCF_013161625.1_ASM1316162v1	./Development/ThreeFold/data/external/Salmonella/GCF_013161625.1_ASM1316162v1_genomic.fna.gz
GCF_013415925.1	PRJNA224116	SAMN15471789	na	na	na	na	28901	28901	Salmonella enterica	strain=SRC27	na	latest	Complete Genome	Major	Full	2020-07-15	ASM1341592v1		GCA_013415925.1	identical	https://ftp.ncbi.nlm.nih.gov/genomes/all/GCF/013/415/925/GCF_013415925.1_ASM1341592v1	./Development/ThreeFold/data/external/Salmonella/GCF_013415925.1_ASM1341592v1_genomic.fna.gz
GCF_014334175.1	PRJNA224116	SAMN15666303	na	na	na	na	28901	28901	Salmonella enterica	strain=SLR1_7697	na	latest	Complete Genome	Major	Full	2020-08-30	ASM1433417v1		GCA_014334175.1	identical	https://ftp.ncbi.nlm.nih.gov/genomes/all/GCF/014/334/175/GCF_014334175.1_ASM1433417v1	./Development/ThreeFold/data/external/Salmonella/GCF_014334175.1_ASM1433417v1_genomic.fna.gz
GCF_014334195.1	PRJNA224116	SAMN15666302	na	na	na	na	28901	28901	Salmonella enterica	strain=SLR1_7966	na	latest	Complete Genome	Major	Full	2020-08-30	ASM1433419v1		GCA_014334195.1	identical	https://ftp.ncbi.nlm.nih.gov/genomes/all/GCF/014/334/195/GCF_014334195.1_ASM1433419v1	./Development/ThreeFold/data/external/Salmonella/GCF_014334195.1_ASM1433419v1_genomic.fna.gz
GCF_014334215.1	PRJNA224116	SAMN15666301	na	na	na	na	28901	28901	Salmonella enterica	strain=SLR1_8094	na	latest	Complete Genome	Major	Full	2020-08-30	ASM1433421v1		GCA_014334215.1	identical	https://ftp.ncbi.nlm.nih.gov/genomes/all/GCF/014/334/215/GCF_014334215.1_ASM1433421v1	./Development/ThreeFold/data/external/Salmonella/GCF_014334215.1_ASM1433421v1_genomic.fna.gz
GCF_014334235.1	PRJNA224116	SAMN15666300	na	na	na	na	28901	28901	Salmonella enterica	strain=SLR1_7627	na	latest	Complete Genome	Major	Full	2020-08-30	ASM1433423v1		GCA_014334235.1	identical	https://ftp.ncbi.nlm.nih.gov/genomes/all/GCF/014/334/235/GCF_014334235.1_ASM1433423v1	./Development/ThreeFold/data/external/Salmonella/GCF_014334235.1_ASM1433423v1_genomic.fna.gz
GCF_014334255.1	PRJNA224116	SAMN15666299	na	na	na	na	28901	28901	Salmonella enterica	strain=SLR1_8250	na	latest	Complete Genome	Major	Full	2020-08-30	ASM1433425v1		GCA_014334255.1	identical	https://ftp.ncbi.nlm.nih.gov/genomes/all/GCF/014/334/255/GCF_014334255.1_ASM1433425v1	./Development/ThreeFold/data/external/Salmonella/GCF_014334255.1_ASM1433425v1_genomic.fna.gz
GCF_014521465.1	PRJNA224116	SAMN15891899	na	na	na	na	28901	28901	Salmonella enterica	strain=K_SA184	na	latest	Complete Genome	Major	Full	2020-09-10	ASM1452146v1		GCA_014521465.1	identical	https://ftp.ncbi.nlm.nih.gov/genomes/all/GCF/014/521/465/GCF_014521465.1_ASM1452146v1	./Development/ThreeFold/data/external/Salmonella/GCF_014521465.1_ASM1452146v1_genomic.fna.gz
GCF_016026715.1	PRJNA224116	SAMN13450458	na	na	na	na	28901	28901	Salmonella enterica	strain=FDAARGOS_928	na	latest	Complete Genome	Major	Full	2020-12-14	ASM1602671v1		GCA_016026715.1	identical	https://ftp.ncbi.nlm.nih.gov/genomes/all/GCF/016/026/715/GCF_016026715.1_ASM1602671v1	./Development/ThreeFold/data/external/Salmonella/GCF_016026715.1_ASM1602671v1_genomic.fna.gz
GCF_016028495.1	PRJNA224116	SAMN13450408	na	na	na	assembly from type material	28901	28901	Salmonella enterica	strain=FDAARGOS_878	na	latest	Complete Genome	Major	Full	2020-12-14	ASM1602849v1		GCA_016028495.1	identical	https://ftp.ncbi.nlm.nih.gov/genomes/all/GCF/016/028/495/GCF_016028495.1_ASM1602849v1	./Development/ThreeFold/data/external/Salmonella/GCF_016028495.1_ASM1602849v1_genomic.fna.gz
GCF_016071195.1	PRJNA224116	SAMN15897436	na	na	na	na	28901	28901	Salmonella enterica	strain=GX1006	na	latest	Complete Genome	Major	Full	2020-12-15	ASM1607119v1		GCA_016071195.1	identical	https://ftp.ncbi.nlm.nih.gov/genomes/all/GCF/016/071/195/GCF_016071195.1_ASM1607119v1	./Development/ThreeFold/data/external/Salmonella/GCF_016071195.1_ASM1607119v1_genomic.fna.gz
GCF_016127435.1	PRJNA224116	SAMN16357236	na	na	na	na	28901	28901	Salmonella enterica	strain=FDAARGOS_1067	na	latest	Complete Genome	Major	Full	2020-12-20	ASM1612743v1		GCA_016127435.1	identical	https://ftp.ncbi.nlm.nih.gov/genomes/all/GCF/016/127/435/GCF_016127435.1_ASM1612743v1	./Development/ThreeFold/data/external/Salmonella/GCF_016127435.1_ASM1612743v1_genomic.fna.gz
GCF_016127835.1	PRJNA224116	SAMN16357235	na	na	na	na	28901	28901	Salmonella enterica	strain=FDAARGOS_1066	na	latest	Complete Genome	Major	Full	2020-12-20	ASM1612783v1		GCA_016127835.1	identical	https://ftp.ncbi.nlm.nih.gov/genomes/all/GCF/016/127/835/GCF_016127835.1_ASM1612783v1	./Development/ThreeFold/data/external/Salmonella/GCF_016127835.1_ASM1612783v1_genomic.fna.gz
GCF_016889645.1	PRJNA224116	SAMN16357413	na	na	na	na	28901	28901	Salmonella enterica	strain=FDAARGOS_1271	na	latest	Complete Genome	Major	Full	2021-02-15	ASM1688964v1		GCA_016889645.1	identical	https://ftp.ncbi.nlm.nih.gov/genomes/all/GCF/016/889/645/GCF_016889645.1_ASM1688964v1	./Development/ThreeFold/data/external/Salmonella/GCF_016889645.1_ASM1688964v1_genomic.fna.gz
GCF_018311215.1	PRJNA224116	SAMN19088490	na	na	na	na	28901	28901	Salmonella enterica	strain=PNUSAS200857	na	latest	Complete Genome	Major	Full	2023-12-20	ASM1831121v2		GCA_018311215.2	identical	https://ftp.ncbi.nlm.nih.gov/genomes/all/GCF/018/311/215/GCF_018311215.1_ASM1831121v2	./Development/ThreeFold/data/external/Salmonella/GCF_018311215.1_ASM1831121v2_genomic.fna.gz
GCF_018460045.1	PRJNA224116	SAMN19104843	na	na	na	na	28901	28901	Salmonella enterica	strain=no75	na	latest	Complete Genome	Major	Full	2021-05-24	ASM1846004v1		GCA_018460045.1	identical	https://ftp.ncbi.nlm.nih.gov/genomes/all/GCF/018/460/045/GCF_018460045.1_ASM1846004v1	./Development/ThreeFold/data/external/Salmonella/GCF_018460045.1_ASM1846004v1_genomic.fna.gz
GCF_019105565.1	PRJNA224116	SAMN20057411	na	na	na	na	28901	28901	Salmonella enterica	strain=PNUSAS210186	na	latest	Complete Genome	Major	Full	2023-12-20	ASM1910556v2		GCA_019105565.2	identical	https://ftp.ncbi.nlm.nih.gov/genomes/all/GCF/019/105/565/GCF_019105565.1_ASM1910556v2	./Development/ThreeFold/data/external/Salmonella/GCF_019105565.1_ASM1910556v2_genomic.fna.gz
GCF_019339425.1	PRJNA224116	SAMN17316236	na	na	na	na	28901	28901	Salmonella enterica	strain=LHICA_E3	na	latest	Complete Genome	Major	Full	2021-07-26	ASM1933942v1		GCA_019339425.1	identical	https://ftp.ncbi.nlm.nih.gov/genomes/all/GCF/019/339/425/GCF_019339425.1_ASM1933942v1	./Development/ThreeFold/data/external/Salmonella/GCF_019339425.1_ASM1933942v1_genomic.fna.gz
GCF_019428465.1	PRJNA224116	SAMN20345806	na	na	na	na	28901	28901	Salmonella enterica	strain=SLR1_8245	na	latest	Complete Genome	Major	Full	2021-07-31	ASM1942846v1		GCA_019428465.1	identical	https://ftp.ncbi.nlm.nih.gov/genomes/all/GCF/019/428/465/GCF_019428465.1_ASM1942846v1	./Development/ThreeFold/data/external/Salmonella/GCF_019428465.1_ASM1942846v1_genomic.fna.gz
GCF_019469485.1	PRJNA224116	SAMN14571954	na	na	na	na	28901	28901	Salmonella enterica	strain=SCSW714	na	latest	Complete Genome	Major	Full	2021-08-09	ASM1946948v1		GCA_019469485.1	identical	https://ftp.ncbi.nlm.nih.gov/genomes/all/GCF/019/469/485/GCF_019469485.1_ASM1946948v1	./Development/ThreeFold/data/external/Salmonella/GCF_019469485.1_ASM1946948v1_genomic.fna.gz
GCF_019710375.1	PRJNA224116	SAMN20692191	na	na	na	na	28901	28901	Salmonella enterica	strain=sg1722-1	na	latest	Complete Genome	Major	Full	2021-08-21	ASM1971037v1		GCA_019710375.1	identical	https://ftp.ncbi.nlm.nih.gov/genomes/all/GCF/019/710/375/GCF_019710375.1_ASM1971037v1	./Development/ThreeFold/data/external/Salmonella/GCF_019710375.1_ASM1971037v1_genomic.fna.gz
GCF_019710395.2	PRJNA224116	SAMN20693596	na	na	na	na	28901	28901	Salmonella enterica	strain=sg1722-2	na	latest	Complete Genome	Major	Full	2021-12-13	ASM1971039v3		GCA_019710395.3	identical	https://ftp.ncbi.nlm.nih.gov/genomes/all/GCF/019/710/395/GCF_019710395.2_ASM1971039v3	./Development/ThreeFold/data/external/Salmonella/GCF_019710395.2_ASM1971039v3_genomic.fna.gz
GCF_019969195.1	PRJNA224116	SAMN19812513	na	na	na	na	28901	28901	Salmonella enterica	strain=S146	na	latest	Complete Genome	Major	Full	2021-09-14	ASM1996919v1		GCA_019969195.1	identical	https://ftp.ncbi.nlm.nih.gov/genomes/all/GCF/019/969/195/GCF_019969195.1_ASM1996919v1	./Development/ThreeFold/data/external/Salmonella/GCF_019969195.1_ASM1996919v1_genomic.fna.gz
GCF_019969255.1	PRJNA224116	SAMN19812510	na	na	na	na	28901	28901	Salmonella enterica	strain=S90	na	latest	Complete Genome	Major	Full	2021-09-14	ASM1996925v1		GCA_019969255.1	identical	https://ftp.ncbi.nlm.nih.gov/genomes/all/GCF/019/969/255/GCF_019969255.1_ASM1996925v1	./Development/ThreeFold/data/external/Salmonella/GCF_019969255.1_ASM1996925v1_genomic.fna.gz
GCF_020736305.1	PRJNA224116	SAMN22551429	na	na	na	na	28901	28901	Salmonella enterica	strain=SZL 31	na	latest	Complete Genome	Major	Full	2021-11-03	ASM2073630v1		GCA_020736305.1	identical	https://ftp.ncbi.nlm.nih.gov/genomes/all/GCF/020/736/305/GCF_020736305.1_ASM2073630v1	./Development/ThreeFold/data/external/Salmonella/GCF_020736305.1_ASM2073630v1_genomic.fna.gz
GCF_020736325.1	PRJNA224116	SAMN22551430	na	na	na	na	28901	28901	Salmonella enterica	strain=SZL 30	na	latest	Complete Genome	Major	Full	2021-11-03	ASM2073632v1		GCA_020736325.1	identical	https://ftp.ncbi.nlm.nih.gov/genomes/all/GCF/020/736/325/GCF_020736325.1_ASM2073632v1	./Development/ThreeFold/data/external/Salmonella/GCF_020736325.1_ASM2073632v1_genomic.fna.gz
GCF_020736345.1	PRJNA224116	SAMN22551506	na	na	na	na	28901	28901	Salmonella enterica	strain=SZL 38	na	latest	Complete Genome	Major	Full	2021-11-03	ASM2073634v1		GCA_020736345.1	identical	https://ftp.ncbi.nlm.nih.gov/genomes/all/GCF/020/736/345/GCF_020736345.1_ASM2073634v1	./Development/ThreeFold/data/external/Salmonella/GCF_020736345.1_ASM2073634v1_genomic.fna.gz
GCF_021183525.1	PRJNA224116	SAMN23671188	na	na	na	na	28901	28901	Salmonella enterica	strain=S639	na	latest	Complete Genome	Major	Full	2021-12-14	ASM2118352v1		GCA_021183525.1	identical	https://ftp.ncbi.nlm.nih.gov/genomes/all/GCF/021/183/525/GCF_021183525.1_ASM2118352v1	./Development/ThreeFold/data/external/Salmonella/GCF_021183525.1_ASM2118352v1_genomic.fna.gz
GCF_021183545.1	PRJNA224116	SAMN23671187	na	na	na	na	28901	28901	Salmonella enterica	strain=S15	na	latest	Complete Genome	Major	Full	2021-12-14	ASM2118354v1		GCA_021183545.1	identical	https://ftp.ncbi.nlm.nih.gov/genomes/all/GCF/021/183/545/GCF_021183545.1_ASM2118354v1	./Development/ThreeFold/data/external/Salmonella/GCF_021183545.1_ASM2118354v1_genomic.fna.gz
GCF_021474245.1	PRJNA224116	SAMN24619906	na	na	na	na	28901	28901	Salmonella enterica	strain=2017028-SE	na	latest	Complete Genome	Major	Full	2022-01-15	ASM2147424v1		GCA_021474245.1	identical	https://ftp.ncbi.nlm.nih.gov/genomes/all/GCF/021/474/245/GCF_021474245.1_ASM2147424v1	./Development/ThreeFold/data/external/Salmonella/GCF_021474245.1_ASM2147424v1_genomic.fna.gz
GCF_021474265.1	PRJNA224116	SAMN24619911	na	na	na	na	28901	28901	Salmonella enterica	strain=2008079-SE	na	latest	Complete Genome	Major	Full	2022-01-15	ASM2147426v1		GCA_021474265.1	identical	https://ftp.ncbi.nlm.nih.gov/genomes/all/GCF/021/474/265/GCF_021474265.1_ASM2147426v1	./Development/ThreeFold/data/external/Salmonella/GCF_021474265.1_ASM2147426v1_genomic.fna.gz
GCF_021474285.1	PRJNA224116	SAMN24619910	na	na	na	na	28901	28901	Salmonella enterica	strain=2017005-SE	na	latest	Complete Genome	Major	Full	2022-01-15	ASM2147428v1		GCA_021474285.1	identical	https://ftp.ncbi.nlm.nih.gov/genomes/all/GCF/021/474/285/GCF_021474285.1_ASM2147428v1	./Development/ThreeFold/data/external/Salmonella/GCF_021474285.1_ASM2147428v1_genomic.fna.gz
GCF_021474305.1	PRJNA224116	SAMN24619909	na	na	na	na	28901	28901	Salmonella enterica	strain=2016089-SE	na	latest	Complete Genome	Major	Full	2022-01-15	ASM2147430v1		GCA_021474305.1	identical	https://ftp.ncbi.nlm.nih.gov/genomes/all/GCF/021/474/305/GCF_021474305.1_ASM2147430v1	./Development/ThreeFold/data/external/Salmonella/GCF_021474305.1_ASM2147430v1_genomic.fna.gz
GCF_021474325.1	PRJNA224116	SAMN24619908	na	na	na	na	28901	28901	Salmonella enterica	strain=2016062-SE	na	latest	Complete Genome	Major	Full	2022-01-15	ASM2147432v1		GCA_021474325.1	identical	https://ftp.ncbi.nlm.nih.gov/genomes/all/GCF/021/474/325/GCF_021474325.1_ASM2147432v1	./Development/ThreeFold/data/external/Salmonella/GCF_021474325.1_ASM2147432v1_genomic.fna.gz
GCF_021474345.1	PRJNA224116	SAMN24619907	na	na	na	na	28901	28901	Salmonella enterica	strain=2010112-SE	na	latest	Complete Genome	Major	Full	2022-01-15	ASM2147434v1		GCA_021474345.1	identical	https://ftp.ncbi.nlm.nih.gov/genomes/all/GCF/021/474/345/GCF_021474345.1_ASM2147434v1	./Development/ThreeFold/data/external/Salmonella/GCF_021474345.1_ASM2147434v1_genomic.fna.gz
GCF_022226915.1	PRJNA224116	SAMN25761580	na	na	na	na	28901	28901	Salmonella enterica	strain=P281972	na	latest	Complete Genome	Major	Full	2022-02-15	ASM2222691v1		GCA_022226915.1	identical	https://ftp.ncbi.nlm.nih.gov/genomes/all/GCF/022/226/915/GCF_022226915.1_ASM2222691v1	./Development/ThreeFold/data/external/Salmonella/GCF_022226915.1_ASM2222691v1_genomic.fna.gz
GCF_022533545.1	PRJNA224116	SAMN26317632	na	na	na	na	28901	28901	Salmonella enterica	strain=P164045	na	latest	Complete Genome	Major	Full	2022-03-09	ASM2253354v1		GCA_022533545.1	identical	https://ftp.ncbi.nlm.nih.gov/genomes/all/GCF/022/533/545/GCF_022533545.1_ASM2253354v1	./Development/ThreeFold/data/external/Salmonella/GCF_022533545.1_ASM2253354v1_genomic.fna.gz
GCF_022559345.1	PRJNA224116	SAMN15941602	na	na	na	na	28901	28901	Salmonella enterica	strain=1505	na	latest	Complete Genome	Major	Full	2022-03-14	ASM2255934v1		GCA_022559345.1	identical	https://ftp.ncbi.nlm.nih.gov/genomes/all/GCF/022/559/345/GCF_022559345.1_ASM2255934v1	./Development/ThreeFold/data/external/Salmonella/GCF_022559345.1_ASM2255934v1_genomic.fna.gz
GCF_022559365.1	PRJNA224116	SAMN15941601	na	na	na	na	28901	28901	Salmonella enterica	strain=852	na	latest	Complete Genome	Major	Full	2022-03-14	ASM2255936v1		GCA_022559365.1	identical	https://ftp.ncbi.nlm.nih.gov/genomes/all/GCF/022/559/365/GCF_022559365.1_ASM2255936v1	./Development/ThreeFold/data/external/Salmonella/GCF_022559365.1_ASM2255936v1_genomic.fna.gz
GCF_022559385.1	PRJNA224116	SAMN15941600	na	na	na	na	28901	28901	Salmonella enterica	strain=805	na	latest	Complete Genome	Major	Full	2022-03-14	ASM2255938v1		GCA_022559385.1	identical	https://ftp.ncbi.nlm.nih.gov/genomes/all/GCF/022/559/385/GCF_022559385.1_ASM2255938v1	./Development/ThreeFold/data/external/Salmonella/GCF_022559385.1_ASM2255938v1_genomic.fna.gz
GCF_022559425.1	PRJNA224116	SAMN15941598	na	na	na	na	28901	28901	Salmonella enterica	strain=733	na	latest	Complete Genome	Major	Full	2022-03-14	ASM2255942v1		GCA_022559425.1	identical	https://ftp.ncbi.nlm.nih.gov/genomes/all/GCF/022/559/425/GCF_022559425.1_ASM2255942v1	./Development/ThreeFold/data/external/Salmonella/GCF_022559425.1_ASM2255942v1_genomic.fna.gz
GCF_022559445.1	PRJNA224116	SAMN15941597	na	na	na	na	28901	28901	Salmonella enterica	strain=724	na	latest	Complete Genome	Major	Full	2022-03-14	ASM2255944v1		GCA_022559445.1	identical	https://ftp.ncbi.nlm.nih.gov/genomes/all/GCF/022/559/445/GCF_022559445.1_ASM2255944v1	./Development/ThreeFold/data/external/Salmonella/GCF_022559445.1_ASM2255944v1_genomic.fna.gz
GCF_022559465.1	PRJNA224116	SAMN15941596	na	na	na	na	28901	28901	Salmonella enterica	strain=467	na	latest	Complete Genome	Major	Full	2022-03-14	ASM2255946v1		GCA_022559465.1	identical	https://ftp.ncbi.nlm.nih.gov/genomes/all/GCF/022/559/465/GCF_022559465.1_ASM2255946v1	./Development/ThreeFold/data/external/Salmonella/GCF_022559465.1_ASM2255946v1_genomic.fna.gz
GCF_022559485.1	PRJNA224116	SAMN15941595	na	na	na	na	28901	28901	Salmonella enterica	strain=453	na	latest	Complete Genome	Major	Full	2022-03-14	ASM2255948v1		GCA_022559485.1	identical	https://ftp.ncbi.nlm.nih.gov/genomes/all/GCF/022/559/485/GCF_022559485.1_ASM2255948v1	./Development/ThreeFold/data/external/Salmonella/GCF_022559485.1_ASM2255948v1_genomic.fna.gz
GCF_022655645.1	PRJNA224116	SAMN26662412	na	na	na	na	28901	28901	Salmonella enterica	strain=P048595	na	latest	Complete Genome	Major	Full	2022-03-21	ASM2265564v1		GCA_022655645.1	identical	https://ftp.ncbi.nlm.nih.gov/genomes/all/GCF/022/655/645/GCF_022655645.1_ASM2265564v1	./Development/ThreeFold/data/external/Salmonella/GCF_022655645.1_ASM2265564v1_genomic.fna.gz
GCF_022655665.1	PRJNA224116	SAMN26664046	na	na	na	na	28901	28901	Salmonella enterica	strain=P287611	na	latest	Complete Genome	Major	Full	2022-03-21	ASM2265566v1		GCA_022655665.1	identical	https://ftp.ncbi.nlm.nih.gov/genomes/all/GCF/022/655/665/GCF_022655665.1_ASM2265566v1	./Development/ThreeFold/data/external/Salmonella/GCF_022655665.1_ASM2265566v1_genomic.fna.gz
GCF_022655685.1	PRJNA224116	SAMN26664047	na	na	na	na	28901	28901	Salmonella enterica	strain=P289597	na	latest	Complete Genome	Major	Full	2022-03-21	ASM2265568v1		GCA_022655685.1	identical	https://ftp.ncbi.nlm.nih.gov/genomes/all/GCF/022/655/685/GCF_022655685.1_ASM2265568v1	./Development/ThreeFold/data/external/Salmonella/GCF_022655685.1_ASM2265568v1_genomic.fna.gz
GCF_022655705.1	PRJNA224116	SAMN26664045	na	na	na	na	28901	28901	Salmonella enterica	strain=P201982	na	latest	Complete Genome	Major	Full	2022-03-21	ASM2265570v1		GCA_022655705.1	identical	https://ftp.ncbi.nlm.nih.gov/genomes/all/GCF/022/655/705/GCF_022655705.1_ASM2265570v1	./Development/ThreeFold/data/external/Salmonella/GCF_022655705.1_ASM2265570v1_genomic.fna.gz
GCF_022870605.1	PRJNA224116	SAMN15350026	na	na	na	na	28901	28901	Salmonella enterica	strain=MS114	na	latest	Complete Genome	Major	Full	2022-04-11	ASM2287060v1		GCA_022870605.1	identical	https://ftp.ncbi.nlm.nih.gov/genomes/all/GCF/022/870/605/GCF_022870605.1_ASM2287060v1	./Development/ThreeFold/data/external/Salmonella/GCF_022870605.1_ASM2287060v1_genomic.fna.gz
GCF_022870685.1	PRJNA224116	SAMN17208412	na	na	na	na	28901	28901	Salmonella enterica	strain=1722	na	latest	Complete Genome	Major	Full	2022-04-11	ASM2287068v1		GCA_022870685.1	identical	https://ftp.ncbi.nlm.nih.gov/genomes/all/GCF/022/870/685/GCF_022870685.1_ASM2287068v1	./Development/ThreeFold/data/external/Salmonella/GCF_022870685.1_ASM2287068v1_genomic.fna.gz
GCF_023330705.1	PRJNA224116	SAMN25249355	na	na	na	na	28901	28901	Salmonella enterica	strain=1618	na	latest	Complete Genome	Major	Full	2022-05-11	ASM2333070v1		GCA_023330705.1	identical	https://ftp.ncbi.nlm.nih.gov/genomes/all/GCF/023/330/705/GCF_023330705.1_ASM2333070v1	./Development/ThreeFold/data/external/Salmonella/GCF_023330705.1_ASM2333070v1_genomic.fna.gz
GCF_023330725.1	PRJNA224116	SAMN25249354	na	na	na	na	28901	28901	Salmonella enterica	strain=1559	na	latest	Complete Genome	Major	Full	2022-05-11	ASM2333072v1		GCA_023330725.1	identical	https://ftp.ncbi.nlm.nih.gov/genomes/all/GCF/023/330/725/GCF_023330725.1_ASM2333072v1	./Development/ThreeFold/data/external/Salmonella/GCF_023330725.1_ASM2333072v1_genomic.fna.gz
GCF_023330745.1	PRJNA224116	SAMN16419724	na	na	na	na	28901	28901	Salmonella enterica	strain=628	na	latest	Complete Genome	Major	Full	2022-05-11	ASM2333074v1		GCA_023330745.1	identical	https://ftp.ncbi.nlm.nih.gov/genomes/all/GCF/023/330/745/GCF_023330745.1_ASM2333074v1	./Development/ThreeFold/data/external/Salmonella/GCF_023330745.1_ASM2333074v1_genomic.fna.gz
GCF_023330765.1	PRJNA224116	SAMN16419723	na	na	na	na	28901	28901	Salmonella enterica	strain=751	na	latest	Complete Genome	Major	Full	2022-05-11	ASM2333076v1		GCA_023330765.1	identical	https://ftp.ncbi.nlm.nih.gov/genomes/all/GCF/023/330/765/GCF_023330765.1_ASM2333076v1	./Development/ThreeFold/data/external/Salmonella/GCF_023330765.1_ASM2333076v1_genomic.fna.gz
GCF_023330785.1	PRJNA224116	SAMN16419722	na	na	na	na	28901	28901	Salmonella enterica	strain=632	na	latest	Complete Genome	Major	Full	2022-05-11	ASM2333078v1		GCA_023330785.1	identical	https://ftp.ncbi.nlm.nih.gov/genomes/all/GCF/023/330/785/GCF_023330785.1_ASM2333078v1	./Development/ThreeFold/data/external/Salmonella/GCF_023330785.1_ASM2333078v1_genomic.fna.gz
GCF_023330805.1	PRJNA224116	SAMN16419721	na	na	na	na	28901	28901	Salmonella enterica	strain=418	na	latest	Complete Genome	Major	Full	2022-05-11	ASM2333080v1		GCA_023330805.1	identical	https://ftp.ncbi.nlm.nih.gov/genomes/all/GCF/023/330/805/GCF_023330805.1_ASM2333080v1	./Development/ThreeFold/data/external/Salmonella/GCF_023330805.1_ASM2333080v1_genomic.fna.gz
GCF_023330825.1	PRJNA224116	SAMN16419720	na	na	na	na	28901	28901	Salmonella enterica	strain=179	na	latest	Complete Genome	Major	Full	2022-05-11	ASM2333082v1		GCA_023330825.1	identical	https://ftp.ncbi.nlm.nih.gov/genomes/all/GCF/023/330/825/GCF_023330825.1_ASM2333082v1	./Development/ThreeFold/data/external/Salmonella/GCF_023330825.1_ASM2333082v1_genomic.fna.gz
GCF_023330845.1	PRJNA224116	SAMN16419719	na	na	na	na	28901	28901	Salmonella enterica	strain=143	na	latest	Complete Genome	Major	Full	2022-05-11	ASM2333084v1		GCA_023330845.1	identical	https://ftp.ncbi.nlm.nih.gov/genomes/all/GCF/023/330/845/GCF_023330845.1_ASM2333084v1	./Development/ThreeFold/data/external/Salmonella/GCF_023330845.1_ASM2333084v1_genomic.fna.gz
GCF_023330865.1	PRJNA224116	SAMN16419718	na	na	na	na	28901	28901	Salmonella enterica	strain=137	na	latest	Complete Genome	Major	Full	2022-05-11	ASM2333086v1		GCA_023330865.1	identical	https://ftp.ncbi.nlm.nih.gov/genomes/all/GCF/023/330/865/GCF_023330865.1_ASM2333086v1	./Development/ThreeFold/data/external/Salmonella/GCF_023330865.1_ASM2333086v1_genomic.fna.gz
GCF_023330885.1	PRJNA224116	SAMN16419717	na	na	na	na	28901	28901	Salmonella enterica	strain=131	na	latest	Complete Genome	Major	Full	2022-05-11	ASM2333088v1		GCA_023330885.1	identical	https://ftp.ncbi.nlm.nih.gov/genomes/all/GCF/023/330/885/GCF_023330885.1_ASM2333088v1	./Development/ThreeFold/data/external/Salmonella/GCF_023330885.1_ASM2333088v1_genomic.fna.gz
GCF_023330905.1	PRJNA224116	SAMN16419716	na	na	na	na	28901	28901	Salmonella enterica	strain=2	na	latest	Complete Genome	Major	Full	2022-05-11	ASM2333090v1		GCA_023330905.1	identical	https://ftp.ncbi.nlm.nih.gov/genomes/all/GCF/023/330/905/GCF_023330905.1_ASM2333090v1	./Development/ThreeFold/data/external/Salmonella/GCF_023330905.1_ASM2333090v1_genomic.fna.gz
GCF_023612355.1	PRJNA224116	SAMN14309716	na	na	na	na	28901	28901	Salmonella enterica	strain=GSJ/2016-Sal-016	na	latest	Complete Genome	Major	Full	2022-05-31	ASM2361235v1		GCA_023612355.1	identical	https://ftp.ncbi.nlm.nih.gov/genomes/all/GCF/023/612/355/GCF_023612355.1_ASM2361235v1	./Development/ThreeFold/data/external/Salmonella/GCF_023612355.1_ASM2361235v1_genomic.fna.gz
GCF_024364825.1	PRJNA224116	SAMN29629757	na	na	na	na	28901	28901	Salmonella enterica	strain=SC2014107	na	latest	Complete Genome	Major	Full	2022-07-21	ASM2436482v1		GCA_024364825.1	identical	https://ftp.ncbi.nlm.nih.gov/genomes/all/GCF/024/364/825/GCF_024364825.1_ASM2436482v1	./Development/ThreeFold/data/external/Salmonella/GCF_024364825.1_ASM2436482v1_genomic.fna.gz
GCF_024364845.1	PRJNA224116	SAMN29630085	na	na	na	na	28901	28901	Salmonella enterica	strain=SC2014238	na	latest	Complete Genome	Major	Full	2022-07-21	ASM2436484v1		GCA_024364845.1	identical	https://ftp.ncbi.nlm.nih.gov/genomes/all/GCF/024/364/845/GCF_024364845.1_ASM2436484v1	./Development/ThreeFold/data/external/Salmonella/GCF_024364845.1_ASM2436484v1_genomic.fna.gz
GCF_024364865.1	PRJNA224116	SAMN29630109	na	na	na	na	28901	28901	Salmonella enterica	strain=SC2016025	na	latest	Complete Genome	Major	Full	2022-07-21	ASM2436486v1		GCA_024364865.1	identical	https://ftp.ncbi.nlm.nih.gov/genomes/all/GCF/024/364/865/GCF_024364865.1_ASM2436486v1	./Development/ThreeFold/data/external/Salmonella/GCF_024364865.1_ASM2436486v1_genomic.fna.gz
GCF_024364885.1	PRJNA224116	SAMN29630254	na	na	na	na	28901	28901	Salmonella enterica	strain=SC2016042	na	latest	Complete Genome	Major	Full	2022-07-21	ASM2436488v1		GCA_024364885.1	identical	https://ftp.ncbi.nlm.nih.gov/genomes/all/GCF/024/364/885/GCF_024364885.1_ASM2436488v1	./Development/ThreeFold/data/external/Salmonella/GCF_024364885.1_ASM2436488v1_genomic.fna.gz
GCF_024364905.1	PRJNA224116	SAMN29630270	na	na	na	na	28901	28901	Salmonella enterica	strain=SC2016090	na	latest	Complete Genome	Major	Full	2022-07-21	ASM2436490v1		GCA_024364905.1	identical	https://ftp.ncbi.nlm.nih.gov/genomes/all/GCF/024/364/905/GCF_024364905.1_ASM2436490v1	./Development/ThreeFold/data/external/Salmonella/GCF_024364905.1_ASM2436490v1_genomic.fna.gz
GCF_024364925.1	PRJNA224116	SAMN29630309	na	na	na	na	28901	28901	Salmonella enterica	strain=SC2016091	na	latest	Complete Genome	Major	Full	2022-07-21	ASM2436492v1		GCA_024364925.1	identical	https://ftp.ncbi.nlm.nih.gov/genomes/all/GCF/024/364/925/GCF_024364925.1_ASM2436492v1	./Development/ThreeFold/data/external/Salmonella/GCF_024364925.1_ASM2436492v1_genomic.fna.gz
GCF_024364945.1	PRJNA224116	SAMN29630312	na	na	na	na	28901	28901	Salmonella enterica	strain=SC2016290	na	latest	Complete Genome	Major	Full	2022-07-21	ASM2436494v1		GCA_024364945.1	identical	https://ftp.ncbi.nlm.nih.gov/genomes/all/GCF/024/364/945/GCF_024364945.1_ASM2436494v1	./Development/ThreeFold/data/external/Salmonella/GCF_024364945.1_ASM2436494v1_genomic.fna.gz
GCF_024364965.1	PRJNA224116	SAMN29630349	na	na	na	na	28901	28901	Salmonella enterica	strain=SC2017030	na	latest	Complete Genome	Major	Full	2022-07-21	ASM2436496v1		GCA_024364965.1	identical	https://ftp.ncbi.nlm.nih.gov/genomes/all/GCF/024/364/965/GCF_024364965.1_ASM2436496v1	./Development/ThreeFold/data/external/Salmonella/GCF_024364965.1_ASM2436496v1_genomic.fna.gz
GCF_024364985.1	PRJNA224116	SAMN29630500	na	na	na	na	28901	28901	Salmonella enterica	strain=SC2017100	na	latest	Complete Genome	Major	Full	2022-07-21	ASM2436498v1		GCA_024364985.1	identical	https://ftp.ncbi.nlm.nih.gov/genomes/all/GCF/024/364/985/GCF_024364985.1_ASM2436498v1	./Development/ThreeFold/data/external/Salmonella/GCF_024364985.1_ASM2436498v1_genomic.fna.gz
GCF_024365005.1	PRJNA224116	SAMN29630588	na	na	na	na	28901	28901	Salmonella enterica	strain=SC2017167	na	latest	Complete Genome	Major	Full	2022-07-21	ASM2436500v1		GCA_024365005.1	identical	https://ftp.ncbi.nlm.nih.gov/genomes/all/GCF/024/365/005/GCF_024365005.1_ASM2436500v1	./Development/ThreeFold/data/external/Salmonella/GCF_024365005.1_ASM2436500v1_genomic.fna.gz
GCF_024365025.1	PRJNA224116	SAMN29631754	na	na	na	na	28901	28901	Salmonella enterica	strain=SC2017297	na	latest	Complete Genome	Major	Full	2022-07-21	ASM2436502v1		GCA_024365025.1	identical	https://ftp.ncbi.nlm.nih.gov/genomes/all/GCF/024/365/025/GCF_024365025.1_ASM2436502v1	./Development/ThreeFold/data/external/Salmonella/GCF_024365025.1_ASM2436502v1_genomic.fna.gz
GCF_024917195.1	PRJNA224116	SAMN30507085	na	na	na	na	28901	28901	Salmonella enterica	strain=S1905	na	latest	Complete Genome	Major	Full	2022-09-04	ASM2491719v1		GCA_024917195.1	identical	https://ftp.ncbi.nlm.nih.gov/genomes/all/GCF/024/917/195/GCF_024917195.1_ASM2491719v1	./Development/ThreeFold/data/external/Salmonella/GCF_024917195.1_ASM2491719v1_genomic.fna.gz
GCF_025259065.1	PRJNA224116	SAMN13390196	na	na	na	na	28901	28901	Salmonella enterica	strain=PNUSAS119065	na	latest	Complete Genome	Major	Full	2022-09-19	ASM2525906v1		GCA_025259065.1	identical	https://ftp.ncbi.nlm.nih.gov/genomes/all/GCF/025/259/065/GCF_025259065.1_ASM2525906v1	./Development/ThreeFold/data/external/Salmonella/GCF_025259065.1_ASM2525906v1_genomic.fna.gz
GCF_025259185.1	PRJNA224116	SAMN13354305	na	na	na	na	28901	28901	Salmonella enterica	strain=PNUSAS118606	na	latest	Complete Genome	Major	Full	2022-09-19	ASM2525918v1		GCA_025259185.1	identical	https://ftp.ncbi.nlm.nih.gov/genomes/all/GCF/025/259/185/GCF_025259185.1_ASM2525918v1	./Development/ThreeFold/data/external/Salmonella/GCF_025259185.1_ASM2525918v1_genomic.fna.gz
GCF_025259525.1	PRJNA224116	SAMN09744916	na	na	na	na	28901	28901	Salmonella enterica	strain=PNUSAS048232	na	latest	Complete Genome	Major	Full	2022-09-19	ASM2525952v1		GCA_025259525.1	identical	https://ftp.ncbi.nlm.nih.gov/genomes/all/GCF/025/259/525/GCF_025259525.1_ASM2525952v1	./Development/ThreeFold/data/external/Salmonella/GCF_025259525.1_ASM2525952v1_genomic.fna.gz
GCF_025310955.1	PRJNA224116	SAMN30802447	na	na	na	na	28901	28901	Salmonella enterica	strain=SalSpp_sample_09_No.5	na	latest	Complete Genome	Major	Full	2022-09-20	ASM2531095v1		GCA_025310955.1	identical	https://ftp.ncbi.nlm.nih.gov/genomes/all/GCF/025/310/955/GCF_025310955.1_ASM2531095v1	./Development/ThreeFold/data/external/Salmonella/GCF_025310955.1_ASM2531095v1_genomic.fna.gz
GCF_025311075.1	PRJNA224116	SAMN30802446	na	na	na	na	28901	28901	Salmonella enterica	strain=SalSpp_sample_08_No.4	na	latest	Complete Genome	Major	Full	2022-09-20	ASM2531107v1		GCA_025311075.1	identical	https://ftp.ncbi.nlm.nih.gov/genomes/all/GCF/025/311/075/GCF_025311075.1_ASM2531107v1	./Development/ThreeFold/data/external/Salmonella/GCF_025311075.1_ASM2531107v1_genomic.fna.gz
GCF_025311235.1	PRJNA224116	SAMN30802445	na	na	na	na	28901	28901	Salmonella enterica	strain=SalSpp_sample_07_No.3	na	latest	Complete Genome	Major	Full	2022-09-20	ASM2531123v1		GCA_025311235.1	identical	https://ftp.ncbi.nlm.nih.gov/genomes/all/GCF/025/311/235/GCF_025311235.1_ASM2531123v1	./Development/ThreeFold/data/external/Salmonella/GCF_025311235.1_ASM2531123v1_genomic.fna.gz
GCF_025311295.1	PRJNA224116	SAMN30802444	na	na	na	na	28901	28901	Salmonella enterica	strain=SalSpp_sample_10_No.2	na	latest	Complete Genome	Major	Full	2022-09-20	ASM2531129v1		GCA_025311295.1	identical	https://ftp.ncbi.nlm.nih.gov/genomes/all/GCF/025/311/295/GCF_025311295.1_ASM2531129v1	./Development/ThreeFold/data/external/Salmonella/GCF_025311295.1_ASM2531129v1_genomic.fna.gz
GCF_025311435.1	PRJNA224116	SAMN30802443	na	na	na	na	28901	28901	Salmonella enterica	strain=SalSpp_sample_05_No.1	na	latest	Complete Genome	Major	Full	2022-09-20	ASM2531143v1		GCA_025311435.1	identical	https://ftp.ncbi.nlm.nih.gov/genomes/all/GCF/025/311/435/GCF_025311435.1_ASM2531143v1	./Development/ThreeFold/data/external/Salmonella/GCF_025311435.1_ASM2531143v1_genomic.fna.gz
GCF_025398995.1	PRJNA224116	SAMN08773568	na	na	na	na	28901	28901	Salmonella enterica	strain=PNUSAS036471	na	latest	Complete Genome	Major	Full	2022-09-25	ASM2539899v1		GCA_025398995.1	identical	https://ftp.ncbi.nlm.nih.gov/genomes/all/GCF/025/398/995/GCF_025398995.1_ASM2539899v1	./Development/ThreeFold/data/external/Salmonella/GCF_025398995.1_ASM2539899v1_genomic.fna.gz
GCF_025399015.1	PRJNA224116	SAMN13354303	na	na	na	na	28901	28901	Salmonella enterica	strain=PNUSAS118466	na	latest	Complete Genome	Major	Full	2022-09-25	ASM2539901v1		GCA_025399015.1	identical	https://ftp.ncbi.nlm.nih.gov/genomes/all/GCF/025/399/015/GCF_025399015.1_ASM2539901v1	./Development/ThreeFold/data/external/Salmonella/GCF_025399015.1_ASM2539901v1_genomic.fna.gz
GCF_025399055.1	PRJNA224116	SAMN30839143	na	na	na	na	28901	28901	Salmonella enterica	strain=1019942	na	latest	Complete Genome	Major	Full	2022-09-25	ASM2539905v1		GCA_025399055.1	identical	https://ftp.ncbi.nlm.nih.gov/genomes/all/GCF/025/399/055/GCF_025399055.1_ASM2539905v1	./Development/ThreeFold/data/external/Salmonella/GCF_025399055.1_ASM2539905v1_genomic.fna.gz
GCF_025399075.1	PRJNA224116	SAMN30839144	na	na	na	na	28901	28901	Salmonella enterica	strain=1020677	na	latest	Complete Genome	Major	Full	2022-09-25	ASM2539907v1		GCA_025399075.1	identical	https://ftp.ncbi.nlm.nih.gov/genomes/all/GCF/025/399/075/GCF_025399075.1_ASM2539907v1	./Development/ThreeFold/data/external/Salmonella/GCF_025399075.1_ASM2539907v1_genomic.fna.gz
GCF_025808235.1	PRJNA224116	SAMN15870321	na	na	na	na	28901	28901	Salmonella enterica	strain=190821_1	na	latest	Complete Genome	Major	Full	2022-10-24	ASM2580823v1		GCA_025808235.1	identical	https://ftp.ncbi.nlm.nih.gov/genomes/all/GCF/025/808/235/GCF_025808235.1_ASM2580823v1	./Development/ThreeFold/data/external/Salmonella/GCF_025808235.1_ASM2580823v1_genomic.fna.gz
GCF_025808255.1	PRJNA224116	SAMN15870320	na	na	na	na	28901	28901	Salmonella enterica	strain=190819_2	na	latest	Complete Genome	Major	Full	2022-10-24	ASM2580825v1		GCA_025808255.1	identical	https://ftp.ncbi.nlm.nih.gov/genomes/all/GCF/025/808/255/GCF_025808255.1_ASM2580825v1	./Development/ThreeFold/data/external/Salmonella/GCF_025808255.1_ASM2580825v1_genomic.fna.gz
GCF_025808275.1	PRJNA224116	SAMN15870319	na	na	na	na	28901	28901	Salmonella enterica	strain=190807_1	na	latest	Complete Genome	Major	Full	2022-10-24	ASM2580827v1		GCA_025808275.1	identical	https://ftp.ncbi.nlm.nih.gov/genomes/all/GCF/025/808/275/GCF_025808275.1_ASM2580827v1	./Development/ThreeFold/data/external/Salmonella/GCF_025808275.1_ASM2580827v1_genomic.fna.gz
GCF_025808295.1	PRJNA224116	SAMN15870318	na	na	na	na	28901	28901	Salmonella enterica	strain=190729_8	na	latest	Complete Genome	Major	Full	2022-10-24	ASM2580829v1		GCA_025808295.1	identical	https://ftp.ncbi.nlm.nih.gov/genomes/all/GCF/025/808/295/GCF_025808295.1_ASM2580829v1	./Development/ThreeFold/data/external/Salmonella/GCF_025808295.1_ASM2580829v1_genomic.fna.gz
GCF_025808315.1	PRJNA224116	SAMN15870317	na	na	na	na	28901	28901	Salmonella enterica	strain=190729_4	na	latest	Complete Genome	Major	Full	2022-10-24	ASM2580831v1		GCA_025808315.1	identical	https://ftp.ncbi.nlm.nih.gov/genomes/all/GCF/025/808/315/GCF_025808315.1_ASM2580831v1	./Development/ThreeFold/data/external/Salmonella/GCF_025808315.1_ASM2580831v1_genomic.fna.gz
GCF_025808335.1	PRJNA224116	SAMN15870316	na	na	na	na	28901	28901	Salmonella enterica	strain=190704_2	na	latest	Complete Genome	Major	Full	2022-10-24	ASM2580833v1		GCA_025808335.1	identical	https://ftp.ncbi.nlm.nih.gov/genomes/all/GCF/025/808/335/GCF_025808335.1_ASM2580833v1	./Development/ThreeFold/data/external/Salmonella/GCF_025808335.1_ASM2580833v1_genomic.fna.gz
GCF_025808355.1	PRJNA224116	SAMN15870315	na	na	na	na	28901	28901	Salmonella enterica	strain=190610_1	na	latest	Complete Genome	Major	Full	2022-10-24	ASM2580835v1		GCA_025808355.1	identical	https://ftp.ncbi.nlm.nih.gov/genomes/all/GCF/025/808/355/GCF_025808355.1_ASM2580835v1	./Development/ThreeFold/data/external/Salmonella/GCF_025808355.1_ASM2580835v1_genomic.fna.gz
GCF_025999715.1	PRJNA224116	SAMD00515066	na	na	na	na	28901	28901	Salmonella enterica	strain=SE20-72C-2	na	latest	Complete Genome	Major	Full	2022-10-29	ASM2599971v1		GCA_025999715.1	identical	https://ftp.ncbi.nlm.nih.gov/genomes/all/GCF/025/999/715/GCF_025999715.1_ASM2599971v1	./Development/ThreeFold/data/external/Salmonella/GCF_025999715.1_ASM2599971v1_genomic.fna.gz
GCF_026248385.1	PRJNA224116	SAMN31698714	na	na	na	na	28901	28901	Salmonella enterica	strain=XM3104	na	latest	Complete Genome	Major	Full	2022-11-21	ASM2624838v1		GCA_026248385.1	identical	https://ftp.ncbi.nlm.nih.gov/genomes/all/GCF/026/248/385/GCF_026248385.1_ASM2624838v1	./Development/ThreeFold/data/external/Salmonella/GCF_026248385.1_ASM2624838v1_genomic.fna.gz
GCF_026248545.1	PRJNA224116	SAMN31698713	na	na	na	na	28901	28901	Salmonella enterica	strain=CVCC 519	na	latest	Complete Genome	Major	Full	2022-11-21	ASM2624854v1		GCA_026248545.1	identical	https://ftp.ncbi.nlm.nih.gov/genomes/all/GCF/026/248/545/GCF_026248545.1_ASM2624854v1	./Development/ThreeFold/data/external/Salmonella/GCF_026248545.1_ASM2624854v1_genomic.fna.gz
GCF_026801915.1	PRJNA224116	SAMN31814743	na	na	na	na	28901	28901	Salmonella enterica	strain=ZYX	na	latest	Complete Genome	Major	Full	2022-12-11	ASM2680191v1		GCA_026801915.1	identical	https://ftp.ncbi.nlm.nih.gov/genomes/all/GCF/026/801/915/GCF_026801915.1_ASM2680191v1	./Development/ThreeFold/data/external/Salmonella/GCF_026801915.1_ASM2680191v1_genomic.fna.gz
GCF_026801935.1	PRJNA224116	SAMN31814742	na	na	na	na	28901	28901	Salmonella enterica	strain=ZLQ	na	latest	Complete Genome	Major	Full	2022-12-11	ASM2680193v1		GCA_026801935.1	identical	https://ftp.ncbi.nlm.nih.gov/genomes/all/GCF/026/801/935/GCF_026801935.1_ASM2680193v1	./Development/ThreeFold/data/external/Salmonella/GCF_026801935.1_ASM2680193v1_genomic.fna.gz
GCF_026801955.1	PRJNA224116	SAMN31814741	na	na	na	na	28901	28901	Salmonella enterica	strain=ZCX	na	latest	Complete Genome	Major	Full	2022-12-11	ASM2680195v1		GCA_026801955.1	identical	https://ftp.ncbi.nlm.nih.gov/genomes/all/GCF/026/801/955/GCF_026801955.1_ASM2680195v1	./Development/ThreeFold/data/external/Salmonella/GCF_026801955.1_ASM2680195v1_genomic.fna.gz
GCF_026801975.1	PRJNA224116	SAMN31814740	na	na	na	na	28901	28901	Salmonella enterica	strain=YZY	na	latest	Complete Genome	Major	Full	2022-12-11	ASM2680197v1		GCA_026801975.1	identical	https://ftp.ncbi.nlm.nih.gov/genomes/all/GCF/026/801/975/GCF_026801975.1_ASM2680197v1	./Development/ThreeFold/data/external/Salmonella/GCF_026801975.1_ASM2680197v1_genomic.fna.gz
GCF_026801995.1	PRJNA224116	SAMN31814739	na	na	na	na	28901	28901	Salmonella enterica	strain=XSK	na	latest	Complete Genome	Major	Full	2022-12-11	ASM2680199v1		GCA_026801995.1	identical	https://ftp.ncbi.nlm.nih.gov/genomes/all/GCF/026/801/995/GCF_026801995.1_ASM2680199v1	./Development/ThreeFold/data/external/Salmonella/GCF_026801995.1_ASM2680199v1_genomic.fna.gz
GCF_026802015.1	PRJNA224116	SAMN31814738	na	na	na	na	28901	28901	Salmonella enterica	strain=FFL	na	latest	Complete Genome	Major	Full	2022-12-11	ASM2680201v1		GCA_026802015.1	identical	https://ftp.ncbi.nlm.nih.gov/genomes/all/GCF/026/802/015/GCF_026802015.1_ASM2680201v1	./Development/ThreeFold/data/external/Salmonella/GCF_026802015.1_ASM2680201v1_genomic.fna.gz
GCF_026802035.1	PRJNA224116	SAMN31814737	na	na	na	na	28901	28901	Salmonella enterica	strain=CYX	na	latest	Complete Genome	Major	Full	2022-12-11	ASM2680203v1		GCA_026802035.1	identical	https://ftp.ncbi.nlm.nih.gov/genomes/all/GCF/026/802/035/GCF_026802035.1_ASM2680203v1	./Development/ThreeFold/data/external/Salmonella/GCF_026802035.1_ASM2680203v1_genomic.fna.gz
GCF_026802055.1	PRJNA224116	SAMN31814736	na	na	na	na	28901	28901	Salmonella enterica	strain=CHC	na	latest	Complete Genome	Major	Full	2022-12-11	ASM2680205v1		GCA_026802055.1	identical	https://ftp.ncbi.nlm.nih.gov/genomes/all/GCF/026/802/055/GCF_026802055.1_ASM2680205v1	./Development/ThreeFold/data/external/Salmonella/GCF_026802055.1_ASM2680205v1_genomic.fna.gz
GCF_026873305.1	PRJNA224116	SAMN25270681	na	na	na	na	28901	28901	Salmonella enterica	strain=1902	na	latest	Complete Genome	Major	Full	2022-12-13	ASM2687330v1		GCA_026873305.1	identical	https://ftp.ncbi.nlm.nih.gov/genomes/all/GCF/026/873/305/GCF_026873305.1_ASM2687330v1	./Development/ThreeFold/data/external/Salmonella/GCF_026873305.1_ASM2687330v1_genomic.fna.gz
GCF_026873325.1	PRJNA224116	SAMN25270680	na	na	na	na	28901	28901	Salmonella enterica	strain=1810	na	latest	Complete Genome	Major	Full	2022-12-13	ASM2687332v1		GCA_026873325.1	identical	https://ftp.ncbi.nlm.nih.gov/genomes/all/GCF/026/873/325/GCF_026873325.1_ASM2687332v1	./Development/ThreeFold/data/external/Salmonella/GCF_026873325.1_ASM2687332v1_genomic.fna.gz
GCF_026873345.1	PRJNA224116	SAMN25270679	na	na	na	na	28901	28901	Salmonella enterica	strain=1795	na	latest	Complete Genome	Major	Full	2022-12-13	ASM2687334v1		GCA_026873345.1	identical	https://ftp.ncbi.nlm.nih.gov/genomes/all/GCF/026/873/345/GCF_026873345.1_ASM2687334v1	./Development/ThreeFold/data/external/Salmonella/GCF_026873345.1_ASM2687334v1_genomic.fna.gz
GCF_026873365.1	PRJNA224116	SAMN25270678	na	na	na	na	28901	28901	Salmonella enterica	strain=1653	na	latest	Complete Genome	Major	Full	2022-12-13	ASM2687336v1		GCA_026873365.1	identical	https://ftp.ncbi.nlm.nih.gov/genomes/all/GCF/026/873/365/GCF_026873365.1_ASM2687336v1	./Development/ThreeFold/data/external/Salmonella/GCF_026873365.1_ASM2687336v1_genomic.fna.gz
GCF_026873385.1	PRJNA224116	SAMN25270677	na	na	na	na	28901	28901	Salmonella enterica	strain=1473	na	latest	Complete Genome	Major	Full	2022-12-13	ASM2687338v1		GCA_026873385.1	identical	https://ftp.ncbi.nlm.nih.gov/genomes/all/GCF/026/873/385/GCF_026873385.1_ASM2687338v1	./Development/ThreeFold/data/external/Salmonella/GCF_026873385.1_ASM2687338v1_genomic.fna.gz
GCF_026873405.1	PRJNA224116	SAMN25270676	na	na	na	na	28901	28901	Salmonella enterica	strain=1419	na	latest	Complete Genome	Major	Full	2022-12-13	ASM2687340v1		GCA_026873405.1	identical	https://ftp.ncbi.nlm.nih.gov/genomes/all/GCF/026/873/405/GCF_026873405.1_ASM2687340v1	./Development/ThreeFold/data/external/Salmonella/GCF_026873405.1_ASM2687340v1_genomic.fna.gz
GCF_026873425.1	PRJNA224116	SAMN25270675	na	na	na	na	28901	28901	Salmonella enterica	strain=1382	na	latest	Complete Genome	Major	Full	2022-12-13	ASM2687342v1		GCA_026873425.1	identical	https://ftp.ncbi.nlm.nih.gov/genomes/all/GCF/026/873/425/GCF_026873425.1_ASM2687342v1	./Development/ThreeFold/data/external/Salmonella/GCF_026873425.1_ASM2687342v1_genomic.fna.gz
GCF_026873445.1	PRJNA224116	SAMN25270674	na	na	na	na	28901	28901	Salmonella enterica	strain=1165	na	latest	Complete Genome	Major	Full	2022-12-13	ASM2687344v1		GCA_026873445.1	identical	https://ftp.ncbi.nlm.nih.gov/genomes/all/GCF/026/873/445/GCF_026873445.1_ASM2687344v1	./Development/ThreeFold/data/external/Salmonella/GCF_026873445.1_ASM2687344v1_genomic.fna.gz
GCF_026873465.1	PRJNA224116	SAMN25270673	na	na	na	na	28901	28901	Salmonella enterica	strain=1147	na	latest	Complete Genome	Major	Full	2022-12-13	ASM2687346v1		GCA_026873465.1	identical	https://ftp.ncbi.nlm.nih.gov/genomes/all/GCF/026/873/465/GCF_026873465.1_ASM2687346v1	./Development/ThreeFold/data/external/Salmonella/GCF_026873465.1_ASM2687346v1_genomic.fna.gz
GCF_026873485.1	PRJNA224116	SAMN25270672	na	na	na	na	28901	28901	Salmonella enterica	strain=1116	na	latest	Complete Genome	Major	Full	2022-12-13	ASM2687348v1		GCA_026873485.1	identical	https://ftp.ncbi.nlm.nih.gov/genomes/all/GCF/026/873/485/GCF_026873485.1_ASM2687348v1	./Development/ThreeFold/data/external/Salmonella/GCF_026873485.1_ASM2687348v1_genomic.fna.gz
GCF_026873505.1	PRJNA224116	SAMN25270671	na	na	na	na	28901	28901	Salmonella enterica	strain=1063	na	latest	Complete Genome	Major	Full	2022-12-13	ASM2687350v1		GCA_026873505.1	identical	https://ftp.ncbi.nlm.nih.gov/genomes/all/GCF/026/873/505/GCF_026873505.1_ASM2687350v1	./Development/ThreeFold/data/external/Salmonella/GCF_026873505.1_ASM2687350v1_genomic.fna.gz
GCF_026873525.1	PRJNA224116	SAMN25270670	na	na	na	na	28901	28901	Salmonella enterica	strain=965	na	latest	Complete Genome	Major	Full	2022-12-13	ASM2687352v1		GCA_026873525.1	identical	https://ftp.ncbi.nlm.nih.gov/genomes/all/GCF/026/873/525/GCF_026873525.1_ASM2687352v1	./Development/ThreeFold/data/external/Salmonella/GCF_026873525.1_ASM2687352v1_genomic.fna.gz
GCF_027943645.1	PRJNA224116	SAMD00206786	na	na	na	na	28901	28901	Salmonella enterica	strain=SEOhiM1593	na	latest	Complete Genome	Major	Full	2022-12-11	ASM2794364v1		GCA_027943645.1	identical	https://ftp.ncbi.nlm.nih.gov/genomes/all/GCF/027/943/645/GCF_027943645.1_ASM2794364v1	./Development/ThreeFold/data/external/Salmonella/GCF_027943645.1_ASM2794364v1_genomic.fna.gz
GCF_028551175.1	PRJNA224116	SAMN32929940	na	na	na	na	28901	28901	Salmonella enterica	strain=PIW95_S14_0299	na	latest	Complete Genome	Major	Full	2023-02-08	ASM2855117v1		GCA_028551175.1	identical	https://ftp.ncbi.nlm.nih.gov/genomes/all/GCF/028/551/175/GCF_028551175.1_ASM2855117v1	./Development/ThreeFold/data/external/Salmonella/GCF_028551175.1_ASM2855117v1_genomic.fna.gz
GCF_028743635.1	PRJNA224116	SAMN33246676	na	na	na	na	28901	28901	Salmonella enterica	strain=B-4212	na	latest	Complete Genome	Major	Full	2023-02-20	ASM2874363v1		GCA_028743635.1	identical	https://ftp.ncbi.nlm.nih.gov/genomes/all/GCF/028/743/635/GCF_028743635.1_ASM2874363v1	./Development/ThreeFold/data/external/Salmonella/GCF_028743635.1_ASM2874363v1_genomic.fna.gz
GCF_029537315.1	PRJNA224116	SAMN33818803	na	na	na	na	28901	28901	Salmonella enterica	strain=SC2020597	na	latest	Complete Genome	Major	Full	2023-04-02	ASM2953731v1		GCA_029537315.1	identical	https://ftp.ncbi.nlm.nih.gov/genomes/all/GCF/029/537/315/GCF_029537315.1_ASM2953731v1	./Development/ThreeFold/data/external/Salmonella/GCF_029537315.1_ASM2953731v1_genomic.fna.gz
GCF_029590355.1	PRJNA224116	SAMN33944461	na	na	na	na	28901	28901	Salmonella enterica	strain=31A	na	latest	Complete Genome	Major	Full	2023-04-05	ASM2959035v1		GCA_029590355.1	identical	https://ftp.ncbi.nlm.nih.gov/genomes/all/GCF/029/590/355/GCF_029590355.1_ASM2959035v1	./Development/ThreeFold/data/external/Salmonella/GCF_029590355.1_ASM2959035v1_genomic.fna.gz
GCF_029692005.1	PRJNA224116	SAMN33715203	na	na	na	na	28901	28901	Salmonella enterica	strain=CRIN525628	na	latest	Complete Genome	Major	Full	2023-04-12	ASM2969200v1		GCA_029692005.1	identical	https://ftp.ncbi.nlm.nih.gov/genomes/all/GCF/029/692/005/GCF_029692005.1_ASM2969200v1	./Development/ThreeFold/data/external/Salmonella/GCF_029692005.1_ASM2969200v1_genomic.fna.gz
GCF_029692025.1	PRJNA224116	SAMN33715202	na	na	na	na	28901	28901	Salmonella enterica	strain=CRIN541822	na	latest	Complete Genome	Major	Full	2023-04-12	ASM2969202v1		GCA_029692025.1	identical	https://ftp.ncbi.nlm.nih.gov/genomes/all/GCF/029/692/025/GCF_029692025.1_ASM2969202v1	./Development/ThreeFold/data/external/Salmonella/GCF_029692025.1_ASM2969202v1_genomic.fna.gz
GCF_029692065.1	PRJNA224116	SAMN33715201	na	na	na	na	28901	28901	Salmonella enterica	strain=CRIN508879	na	latest	Complete Genome	Major	Full	2023-04-12	ASM2969206v1		GCA_029692065.1	identical	https://ftp.ncbi.nlm.nih.gov/genomes/all/GCF/029/692/065/GCF_029692065.1_ASM2969206v1	./Development/ThreeFold/data/external/Salmonella/GCF_029692065.1_ASM2969206v1_genomic.fna.gz
GCF_029692105.1	PRJNA224116	SAMN33715200	na	na	na	na	28901	28901	Salmonella enterica	strain=CRIN514780	na	latest	Complete Genome	Major	Full	2023-04-12	ASM2969210v1		GCA_029692105.1	identical	https://ftp.ncbi.nlm.nih.gov/genomes/all/GCF/029/692/105/GCF_029692105.1_ASM2969210v1	./Development/ThreeFold/data/external/Salmonella/GCF_029692105.1_ASM2969210v1_genomic.fna.gz
GCF_029814235.1	PRJNA224116	SAMN34003877	na	na	na	na	28901	28901	Salmonella enterica	strain=27A	na	latest	Complete Genome	Major	Full	2023-04-18	ASM2981423v1		GCA_029814235.1	identical	https://ftp.ncbi.nlm.nih.gov/genomes/all/GCF/029/814/235/GCF_029814235.1_ASM2981423v1	./Development/ThreeFold/data/external/Salmonella/GCF_029814235.1_ASM2981423v1_genomic.fna.gz
GCF_029953555.1	PRJNA224116	SAMN34404588	na	na	na	na	28901	28901	Salmonella enterica	strain=PNUSAS118467	na	latest	Complete Genome	Major	Full	2023-05-08	ASM2995355v1		GCA_029953555.1	identical	https://ftp.ncbi.nlm.nih.gov/genomes/all/GCF/029/953/555/GCF_029953555.1_ASM2995355v1	./Development/ThreeFold/data/external/Salmonella/GCF_029953555.1_ASM2995355v1_genomic.fna.gz
GCF_030436365.1	PRJNA224116	SAMN35713968	na	na	na	na	28901	28901	Salmonella enterica	strain=BC01	na	latest	Complete Genome	Major	Full	2023-07-11	ASM3043636v1		GCA_030436365.1	identical	https://ftp.ncbi.nlm.nih.gov/genomes/all/GCF/030/436/365/GCF_030436365.1_ASM3043636v1	./Development/ThreeFold/data/external/Salmonella/GCF_030436365.1_ASM3043636v1_genomic.fna.gz
GCF_030931095.1	PRJNA224116	SAMN37107273	na	na	na	na	28901	28901	Salmonella enterica	strain=AJM4	na	latest	Complete Genome	Major	Full	2023-08-29	ASM3093109v1		GCA_030931095.1	identical	https://ftp.ncbi.nlm.nih.gov/genomes/all/GCF/030/931/095/GCF_030931095.1_ASM3093109v1	./Development/ThreeFold/data/external/Salmonella/GCF_030931095.1_ASM3093109v1_genomic.fna.gz
GCF_030931115.1	PRJNA224116	SAMN37106984	na	na	na	na	28901	28901	Salmonella enterica	strain=ZZC1	na	latest	Complete Genome	Major	Full	2023-08-29	ASM3093111v1		GCA_030931115.1	identical	https://ftp.ncbi.nlm.nih.gov/genomes/all/GCF/030/931/115/GCF_030931115.1_ASM3093111v1	./Development/ThreeFold/data/external/Salmonella/GCF_030931115.1_ASM3093111v1_genomic.fna.gz
GCF_030979995.1	PRJNA224116	SAMN37105856	na	na	na	na	28901	28901	Salmonella enterica	strain=TC-177	na	latest	Complete Genome	Major	Full	2023-08-30	ASM3097999v1		GCA_030979995.1	identical	https://ftp.ncbi.nlm.nih.gov/genomes/all/GCF/030/979/995/GCF_030979995.1_ASM3097999v1	./Development/ThreeFold/data/external/Salmonella/GCF_030979995.1_ASM3097999v1_genomic.fna.gz
GCF_031197025.1	PRJNA224116	SAMN37187407	na	na	na	na	28901	28901	Salmonella enterica	strain=94	na	latest	Complete Genome	Major	Full	2023-09-05	ASM3119702v1		GCA_031197025.1	identical	https://ftp.ncbi.nlm.nih.gov/genomes/all/GCF/031/197/025/GCF_031197025.1_ASM3119702v1	./Development/ThreeFold/data/external/Salmonella/GCF_031197025.1_ASM3119702v1_genomic.fna.gz
GCF_031198825.1	PRJNA224116	SAMN13334506	na	na	na	na	28901	28901	Salmonella enterica	strain=CFIAFB20140150	na	latest	Complete Genome	Major	Full	2023-09-06	ASM3119882v1		GCA_031198825.1	identical	https://ftp.ncbi.nlm.nih.gov/genomes/all/GCF/031/198/825/GCF_031198825.1_ASM3119882v1	./Development/ThreeFold/data/external/Salmonella/GCF_031198825.1_ASM3119882v1_genomic.fna.gz
GCF_032681265.1	PRJNA224116	SAMN37648166	na	na	na	na	28901	28901	Salmonella enterica	strain=JE4313	na	latest	Complete Genome	Major	Full	2023-10-15	ASM3268126v1		GCA_032681265.1	identical	https://ftp.ncbi.nlm.nih.gov/genomes/all/GCF/032/681/265/GCF_032681265.1_ASM3268126v1	./Development/ThreeFold/data/external/Salmonella/GCF_032681265.1_ASM3268126v1_genomic.fna.gz
GCF_032700165.1	PRJNA224116	SAMN30589491	na	na	na	na	28901	28901	Salmonella enterica	strain=QT6365	na	latest	Complete Genome	Major	Full	2023-10-16	ASM3270016v1		GCA_032700165.1	identical	https://ftp.ncbi.nlm.nih.gov/genomes/all/GCF/032/700/165/GCF_032700165.1_ASM3270016v1	./Development/ThreeFold/data/external/Salmonella/GCF_032700165.1_ASM3270016v1_genomic.fna.gz
GCF_033403855.1	PRJNA224116	SAMN37648164	na	na	na	na	28901	28901	Salmonella enterica	na	FELIX_MS734	latest	Complete Genome	Major	Full	2023-11-07	ASM3340385v1		GCA_033403855.1	identical	https://ftp.ncbi.nlm.nih.gov/genomes/all/GCF/033/403/855/GCF_033403855.1_ASM3340385v1	./Development/ThreeFold/data/external/Salmonella/GCF_033403855.1_ASM3340385v1_genomic.fna.gz
GCF_034259065.1	PRJNA224116	SAMN38354319	na	na	na	na	28901	28901	Salmonella enterica	strain=FB23	na	latest	Complete Genome	Major	Full	2023-12-10	ASM3425906v1		GCA_034259065.1	identical	https://ftp.ncbi.nlm.nih.gov/genomes/all/GCF/034/259/065/GCF_034259065.1_ASM3425906v1	./Development/ThreeFold/data/external/Salmonella/GCF_034259065.1_ASM3425906v1_genomic.fna.gz
GCF_034259085.1	PRJNA224116	SAMN38354716	na	na	na	na	28901	28901	Salmonella enterica	strain=XB08	na	latest	Complete Genome	Major	Full	2023-12-10	ASM3425908v1		GCA_034259085.1	identical	https://ftp.ncbi.nlm.nih.gov/genomes/all/GCF/034/259/085/GCF_034259085.1_ASM3425908v1	./Development/ThreeFold/data/external/Salmonella/GCF_034259085.1_ASM3425908v1_genomic.fna.gz
GCF_034377425.1	PRJNA224116	SAMN37931220	na	na	na	na	28901	28901	Salmonella enterica	strain=FELIX_MS205	na	latest	Complete Genome	Major	Full	2023-12-14	ASM3437742v1		GCA_034377425.1	identical	https://ftp.ncbi.nlm.nih.gov/genomes/all/GCF/034/377/425/GCF_034377425.1_ASM3437742v1	./Development/ThreeFold/data/external/Salmonella/GCF_034377425.1_ASM3437742v1_genomic.fna.gz
GCF_035658395.1	PRJNA224116	SAMN39239504	na	na	na	na	28901	28901	Salmonella enterica	strain=TY27	na	latest	Complete Genome	Major	Full	2024-01-15	ASM3565839v1		GCA_035658395.1	identical	https://ftp.ncbi.nlm.nih.gov/genomes/all/GCF/035/658/395/GCF_035658395.1_ASM3565839v1	./Development/ThreeFold/data/external/Salmonella/GCF_035658395.1_ASM3565839v1_genomic.fna.gz
GCF_037055435.1	PRJNA224116	SAMN34359772	na	na	na	na	28901	28901	Salmonella enterica	strain=S151	na	latest	Complete Genome	Major	Full	2024-04-05	ASM3705543v1		GCA_037055435.1	identical	https://ftp.ncbi.nlm.nih.gov/genomes/all/GCF/037/055/435/GCF_037055435.1_ASM3705543v1	./Development/ThreeFold/data/external/Salmonella/GCF_037055435.1_ASM3705543v1_genomic.fna.gz
GCF_038096135.1	PRJNA224116	SAMN40730350	na	na	na	na	28901	28901	Salmonella enterica	strain=ST.GS36	na	latest	Complete Genome	Major	Full	2024-04-16	ASM3809613v1		GCA_038096135.1	identical	https://ftp.ncbi.nlm.nih.gov/genomes/all/GCF/038/096/135/GCF_038096135.1_ASM3809613v1	./Development/ThreeFold/data/external/Salmonella/GCF_038096135.1_ASM3809613v1_genomic.fna.gz
GCF_038396425.1	PRJNA224116	SAMN38777018	na	na	na	na	28901	28901	Salmonella enterica	strain=21A	na	latest	Complete Genome	Major	Full	2024-04-22	ASM3839642v1		GCA_038396425.1	identical	https://ftp.ncbi.nlm.nih.gov/genomes/all/GCF/038/396/425/GCF_038396425.1_ASM3839642v1	./Development/ThreeFold/data/external/Salmonella/GCF_038396425.1_ASM3839642v1_genomic.fna.gz
GCF_038396435.1	PRJNA224116	SAMN38777019	na	na	na	na	28901	28901	Salmonella enterica	strain=33A	na	latest	Complete Genome	Major	Full	2024-04-22	ASM3839643v1		GCA_038396435.1	identical	https://ftp.ncbi.nlm.nih.gov/genomes/all/GCF/038/396/435/GCF_038396435.1_ASM3839643v1	./Development/ThreeFold/data/external/Salmonella/GCF_038396435.1_ASM3839643v1_genomic.fna.gz
GCF_038396445.1	PRJNA224116	SAMN38777020	na	na	na	na	28901	28901	Salmonella enterica	strain=38A	na	latest	Complete Genome	Major	Full	2024-04-22	ASM3839644v1		GCA_038396445.1	identical	https://ftp.ncbi.nlm.nih.gov/genomes/all/GCF/038/396/445/GCF_038396445.1_ASM3839644v1	./Development/ThreeFold/data/external/Salmonella/GCF_038396445.1_ASM3839644v1_genomic.fna.gz
GCF_038396455.1	PRJNA224116	SAMN38777021	na	na	na	na	28901	28901	Salmonella enterica	strain=44A	na	latest	Complete Genome	Major	Full	2024-04-22	ASM3839645v1		GCA_038396455.1	identical	https://ftp.ncbi.nlm.nih.gov/genomes/all/GCF/038/396/455/GCF_038396455.1_ASM3839645v1	./Development/ThreeFold/data/external/Salmonella/GCF_038396455.1_ASM3839645v1_genomic.fna.gz
GCF_038396465.1	PRJNA224116	SAMN38777022	na	na	na	na	28901	28901	Salmonella enterica	strain=48A	na	latest	Complete Genome	Major	Full	2024-04-22	ASM3839646v1		GCA_038396465.1	identical	https://ftp.ncbi.nlm.nih.gov/genomes/all/GCF/038/396/465/GCF_038396465.1_ASM3839646v1	./Development/ThreeFold/data/external/Salmonella/GCF_038396465.1_ASM3839646v1_genomic.fna.gz
GCF_040048365.1	PRJNA224116	SAMN41564104	na	na	na	na	28901	28901	Salmonella enterica	strain=IJES3-1	na	latest	Complete Genome	Major	Full	2024-06-06	ASM4004836v1		GCA_040048365.1	identical	https://ftp.ncbi.nlm.nih.gov/genomes/all/GCF/040/048/365/GCF_040048365.1_ASM4004836v1	./Development/ThreeFold/data/external/Salmonella/GCF_040048365.1_ASM4004836v1_genomic.fna.gz
GCF_041866285.1	PRJNA224116	SAMN43296734	na	na	na	na	28901	28901	Salmonella enterica	strain=SA45	na	latest	Complete Genome	Major	Full	2024-09-10	ASM4186628v1		GCA_041866285.1	identical	https://ftp.ncbi.nlm.nih.gov/genomes/all/GCF/041/866/285/GCF_041866285.1_ASM4186628v1	./Development/ThreeFold/data/external/Salmonella/GCF_041866285.1_ASM4186628v1_genomic.fna.gz
GCF_041866875.1	PRJNA224116	SAMN43296746	na	na	na	na	28901	28901	Salmonella enterica	strain=SA136	na	latest	Complete Genome	Major	Full	2024-09-10	ASM4186687v1		GCA_041866875.1	identical	https://ftp.ncbi.nlm.nih.gov/genomes/all/GCF/041/866/875/GCF_041866875.1_ASM4186687v1	./Development/ThreeFold/data/external/Salmonella/GCF_041866875.1_ASM4186687v1_genomic.fna.gz
GCF_041867465.1	PRJNA224116	SAMN43296744	na	na	na	na	28901	28901	Salmonella enterica	strain=SA114	na	latest	Complete Genome	Major	Full	2024-09-10	ASM4186746v1		GCA_041867465.1	identical	https://ftp.ncbi.nlm.nih.gov/genomes/all/GCF/041/867/465/GCF_041867465.1_ASM4186746v1	./Development/ThreeFold/data/external/Salmonella/GCF_041867465.1_ASM4186746v1_genomic.fna.gz
GCF_041868035.1	PRJNA224116	SAMN43296747	na	na	na	na	28901	28901	Salmonella enterica	strain=SA143	na	latest	Complete Genome	Major	Full	2024-09-10	ASM4186803v1		GCA_041868035.1	identical	https://ftp.ncbi.nlm.nih.gov/genomes/all/GCF/041/868/035/GCF_041868035.1_ASM4186803v1	./Development/ThreeFold/data/external/Salmonella/GCF_041868035.1_ASM4186803v1_genomic.fna.gz
GCF_041868605.1	PRJNA224116	SAMN43296741	na	na	na	na	28901	28901	Salmonella enterica	strain=SA92	na	latest	Complete Genome	Major	Full	2024-09-10	ASM4186860v1		GCA_041868605.1	identical	https://ftp.ncbi.nlm.nih.gov/genomes/all/GCF/041/868/605/GCF_041868605.1_ASM4186860v1	./Development/ThreeFold/data/external/Salmonella/GCF_041868605.1_ASM4186860v1_genomic.fna.gz
GCF_041927295.1	PRJNA224116	SAMN43296751	na	na	na	na	28901	28901	Salmonella enterica	strain=SA165	na	latest	Complete Genome	Major	Full	2024-09-17	ASM4192729v1		GCA_041927295.1	identical	https://ftp.ncbi.nlm.nih.gov/genomes/all/GCF/041/927/295/GCF_041927295.1_ASM4192729v1	./Development/ThreeFold/data/external/Salmonella/GCF_041927295.1_ASM4192729v1_genomic.fna.gz
GCF_041927305.1	PRJNA224116	SAMN43296750	na	na	na	na	28901	28901	Salmonella enterica	strain=SA158	na	latest	Complete Genome	Major	Full	2024-09-17	ASM4192730v1		GCA_041927305.1	identical	https://ftp.ncbi.nlm.nih.gov/genomes/all/GCF/041/927/305/GCF_041927305.1_ASM4192730v1	./Development/ThreeFold/data/external/Salmonella/GCF_041927305.1_ASM4192730v1_genomic.fna.gz
GCF_041927315.1	PRJNA224116	SAMN43296736	na	na	na	na	28901	28901	Salmonella enterica	strain=SA67	na	latest	Complete Genome	Major	Full	2024-09-17	ASM4192731v1		GCA_041927315.1	identical	https://ftp.ncbi.nlm.nih.gov/genomes/all/GCF/041/927/315/GCF_041927315.1_ASM4192731v1	./Development/ThreeFold/data/external/Salmonella/GCF_041927315.1_ASM4192731v1_genomic.fna.gz
GCF_041927325.1	PRJNA224116	SAMN43296735	na	na	na	na	28901	28901	Salmonella enterica	strain=SA50	na	latest	Complete Genome	Major	Full	2024-09-17	ASM4192732v1		GCA_041927325.1	identical	https://ftp.ncbi.nlm.nih.gov/genomes/all/GCF/041/927/325/GCF_041927325.1_ASM4192732v1	./Development/ThreeFold/data/external/Salmonella/GCF_041927325.1_ASM4192732v1_genomic.fna.gz
GCF_041928935.1	PRJNA224116	SAMN43296740	na	na	na	na	28901	28901	Salmonella enterica	strain=SA89	na	latest	Complete Genome	Major	Full	2024-09-17	ASM4192893v1		GCA_041928935.1	identical	https://ftp.ncbi.nlm.nih.gov/genomes/all/GCF/041/928/935/GCF_041928935.1_ASM4192893v1	./Development/ThreeFold/data/external/Salmonella/GCF_041928935.1_ASM4192893v1_genomic.fna.gz
GCF_041930285.1	PRJNA224116	SAMN43296737	na	na	na	na	28901	28901	Salmonella enterica	strain=SA74	na	latest	Complete Genome	Major	Full	2024-09-17	ASM4193028v1		GCA_041930285.1	identical	https://ftp.ncbi.nlm.nih.gov/genomes/all/GCF/041/930/285/GCF_041930285.1_ASM4193028v1	./Development/ThreeFold/data/external/Salmonella/GCF_041930285.1_ASM4193028v1_genomic.fna.gz
GCF_041930295.1	PRJNA224116	SAMN43296748	na	na	na	na	28901	28901	Salmonella enterica	strain=SA153	na	latest	Complete Genome	Major	Full	2024-09-17	ASM4193029v1		GCA_041930295.1	identical	https://ftp.ncbi.nlm.nih.gov/genomes/all/GCF/041/930/295/GCF_041930295.1_ASM4193029v1	./Development/ThreeFold/data/external/Salmonella/GCF_041930295.1_ASM4193029v1_genomic.fna.gz
GCF_041930305.1	PRJNA224116	SAMN43296742	na	na	na	na	28901	28901	Salmonella enterica	strain=SA99	na	latest	Complete Genome	Major	Full	2024-09-17	ASM4193030v1		GCA_041930305.1	identical	https://ftp.ncbi.nlm.nih.gov/genomes/all/GCF/041/930/305/GCF_041930305.1_ASM4193030v1	./Development/ThreeFold/data/external/Salmonella/GCF_041930305.1_ASM4193030v1_genomic.fna.gz
GCF_041930315.1	PRJNA224116	SAMN43296745	na	na	na	na	28901	28901	Salmonella enterica	strain=SA135	na	latest	Complete Genome	Major	Full	2024-09-17	ASM4193031v1		GCA_041930315.1	identical	https://ftp.ncbi.nlm.nih.gov/genomes/all/GCF/041/930/315/GCF_041930315.1_ASM4193031v1	./Development/ThreeFold/data/external/Salmonella/GCF_041930315.1_ASM4193031v1_genomic.fna.gz
GCF_041930325.1	PRJNA224116	SAMN43296743	na	na	na	na	28901	28901	Salmonella enterica	strain=SA110	na	latest	Complete Genome	Major	Full	2024-09-17	ASM4193032v1		GCA_041930325.1	identical	https://ftp.ncbi.nlm.nih.gov/genomes/all/GCF/041/930/325/GCF_041930325.1_ASM4193032v1	./Development/ThreeFold/data/external/Salmonella/GCF_041930325.1_ASM4193032v1_genomic.fna.gz
GCF_041930335.1	PRJNA224116	SAMN43296749	na	na	na	na	28901	28901	Salmonella enterica	strain=SA157	na	latest	Complete Genome	Major	Full	2024-09-17	ASM4193033v1		GCA_041930335.1	identical	https://ftp.ncbi.nlm.nih.gov/genomes/all/GCF/041/930/335/GCF_041930335.1_ASM4193033v1	./Development/ThreeFold/data/external/Salmonella/GCF_041930335.1_ASM4193033v1_genomic.fna.gz
GCF_041930345.1	PRJNA224116	SAMN43296733	na	na	na	na	28901	28901	Salmonella enterica	strain=SA40	na	latest	Complete Genome	Major	Full	2024-09-17	ASM4193034v1		GCA_041930345.1	identical	https://ftp.ncbi.nlm.nih.gov/genomes/all/GCF/041/930/345/GCF_041930345.1_ASM4193034v1	./Development/ThreeFold/data/external/Salmonella/GCF_041930345.1_ASM4193034v1_genomic.fna.gz
GCF_041930355.1	PRJNA224116	SAMN43296738	na	na	na	na	28901	28901	Salmonella enterica	strain=SA85	na	latest	Complete Genome	Major	Full	2024-09-17	ASM4193035v1		GCA_041930355.1	identical	https://ftp.ncbi.nlm.nih.gov/genomes/all/GCF/041/930/355/GCF_041930355.1_ASM4193035v1	./Development/ThreeFold/data/external/Salmonella/GCF_041930355.1_ASM4193035v1_genomic.fna.gz
GCF_041930365.1	PRJNA224116	SAMN43296739	na	na	na	na	28901	28901	Salmonella enterica	strain=SA88	na	latest	Complete Genome	Major	Full	2024-09-17	ASM4193036v1		GCA_041930365.1	identical	https://ftp.ncbi.nlm.nih.gov/genomes/all/GCF/041/930/365/GCF_041930365.1_ASM4193036v1	./Development/ThreeFold/data/external/Salmonella/GCF_041930365.1_ASM4193036v1_genomic.fna.gz
GCF_041935645.1	PRJNA224116	SAMN38843928	na	na	na	na	28901	28901	Salmonella enterica	strain=2107512094C	na	latest	Complete Genome	Major	Full	2024-09-17	ASM4193564v1		GCA_041935645.1	identical	https://ftp.ncbi.nlm.nih.gov/genomes/all/GCF/041/935/645/GCF_041935645.1_ASM4193564v1	./Development/ThreeFold/data/external/Salmonella/GCF_041935645.1_ASM4193564v1_genomic.fna.gz
GCF_045278205.1	PRJNA224116	SAMN35628882	na	na	na	na	28901	28901	Salmonella enterica	strain=SA746	na	latest	Complete Genome	Major	Full	2024-11-26	ASM4527820v1		GCA_045278205.1	identical	https://ftp.ncbi.nlm.nih.gov/genomes/all/GCF/045/278/205/GCF_045278205.1_ASM4527820v1	./Development/ThreeFold/data/external/Salmonella/GCF_045278205.1_ASM4527820v1_genomic.fna.gz
GCF_045287905.1	PRJNA224116	SAMN38321309	na	na	na	na	28901	28901	Salmonella enterica	strain=ETS 34	na	latest	Complete Genome	Major	Full	2024-11-26	ATCC_10708__202309		GCA_045287905.1	identical	https://ftp.ncbi.nlm.nih.gov/genomes/all/GCF/045/287/905/GCF_045287905.1_ATCC_10708_202309	./Development/ThreeFold/data/external/Salmonella/GCF_045287905.1_ATCC_10708_202309_genomic.fna.gz
GCF_045347675.1	PRJNA224116	SAMN40557195	na	na	na	na	28901	28901	Salmonella enterica	strain=2024CK-1945744	na	latest	Complete Genome	Major	Full	2024-11-27	ASM4534767v1		GCA_045347675.1	identical	https://ftp.ncbi.nlm.nih.gov/genomes/all/GCF/045/347/675/GCF_045347675.1_ASM4534767v1	./Development/ThreeFold/data/external/Salmonella/GCF_045347675.1_ASM4534767v1_genomic.fna.gz
GCF_045347765.1	PRJNA224116	SAMN40557196	na	na	na	na	28901	28901	Salmonella enterica	strain=2024CK-1945753	na	latest	Complete Genome	Major	Full	2024-11-27	ASM4534776v1		GCA_045347765.1	identical	https://ftp.ncbi.nlm.nih.gov/genomes/all/GCF/045/347/765/GCF_045347765.1_ASM4534776v1	./Development/ThreeFold/data/external/Salmonella/GCF_045347765.1_ASM4534776v1_genomic.fna.gz
GCF_030980015.1	PRJNA224116	SAMN37118176	na	na	na	na	29472	28901	Salmonella enterica subsp. enterica serovar Panama	strain=B82	na	latest	Complete Genome	Major	Full	2023-08-30	ASM3098001v1		GCA_030980015.1	identical	https://ftp.ncbi.nlm.nih.gov/genomes/all/GCF/030/980/015/GCF_030980015.1_ASM3098001v1	./Development/ThreeFold/data/external/Salmonella/GCF_030980015.1_ASM3098001v1_genomic.fna.gz
GCF_005222465.1	PRJNA224116	SAMN08903161	na	na	na	na	29474	28901	Salmonella enterica subsp. enterica serovar California	strain=CD-SL01	na	latest	Complete Genome	Major	Full	2019-05-07	ASM522246v1		GCA_005222465.1	identical	https://ftp.ncbi.nlm.nih.gov/genomes/all/GCF/005/222/465/GCF_005222465.1_ASM522246v1	./Development/ThreeFold/data/external/Salmonella/GCF_005222465.1_ASM522246v1_genomic.fna.gz
GCF_000487215.2	PRJNA224116	SAMN01813421	na	na	na	na	46626	28901	Salmonella enterica subsp. enterica serovar Give	strain=CFSAN001314	na	latest	Complete Genome	Major	Full	2024-04-06	ASM48721v2		GCA_000487215.2	identical	https://ftp.ncbi.nlm.nih.gov/genomes/all/GCF/000/487/215/GCF_000487215.2_ASM48721v2	./Development/ThreeFold/data/external/Salmonella/GCF_000487215.2_ASM48721v2_genomic.fna.gz
GCF_000732045.2	PRJNA224116	SAMN02800587	na	na	na	na	46626	28901	Salmonella enterica subsp. enterica serovar Give	strain=CFSAN012622	na	latest	Complete Genome	Major	Full	2021-05-27	ASM73204v2		GCA_000732045.2	identical	https://ftp.ncbi.nlm.nih.gov/genomes/all/GCF/000/732/045/GCF_000732045.2_ASM73204v2	./Development/ThreeFold/data/external/Salmonella/GCF_000732045.2_ASM73204v2_genomic.fna.gz
GCF_002863765.1	PRJNA224116	SAMN03069713	na	na	na	na	46626	28901	Salmonella enterica subsp. enterica serovar Give	strain=CFSAN024229	na	latest	Complete Genome	Major	Full	2018-01-05	ASM286376v1		GCA_002863765.1	identical	https://ftp.ncbi.nlm.nih.gov/genomes/all/GCF/002/863/765/GCF_002863765.1_ASM286376v1	./Development/ThreeFold/data/external/Salmonella/GCF_002863765.1_ASM286376v1_genomic.fna.gz
GCF_028892785.1	PRJNA224116	SAMN32950776	na	na	na	na	46626	28901	Salmonella enterica subsp. enterica serovar Give	strain=RM019	na	latest	Complete Genome	Major	Full	2023-03-01	ASM2889278v1		GCA_028892785.1	identical	https://ftp.ncbi.nlm.nih.gov/genomes/all/GCF/028/892/785/GCF_028892785.1_ASM2889278v1	./Development/ThreeFold/data/external/Salmonella/GCF_028892785.1_ASM2889278v1_genomic.fna.gz
GCF_028892885.1	PRJNA224116	SAMN32950771	na	na	na	na	46626	28901	Salmonella enterica subsp. enterica serovar Give	strain=RM007	na	latest	Complete Genome	Major	Full	2023-03-01	ASM2889288v1		GCA_028892885.1	identical	https://ftp.ncbi.nlm.nih.gov/genomes/all/GCF/028/892/885/GCF_028892885.1_ASM2889288v1	./Development/ThreeFold/data/external/Salmonella/GCF_028892885.1_ASM2889288v1_genomic.fna.gz
GCF_003856755.1	PRJNA224116	SAMN08098100	na	na	na	na	48409	28901	Salmonella enterica subsp. enterica serovar Virchow	strain=FORC_080	na	latest	Complete Genome	Major	Full	2018-12-03	ASM385675v1		GCA_003856755.1	identical	https://ftp.ncbi.nlm.nih.gov/genomes/all/GCF/003/856/755/GCF_003856755.1_ASM385675v1	./Development/ThreeFold/data/external/Salmonella/GCF_003856755.1_ASM385675v1_genomic.fna.gz
GCF_009664555.1	PRJNA224116	SAMN13191649	na	na	na	na	48409	28901	Salmonella enterica subsp. enterica serovar Virchow	strain=AUSMDU00010533	na	latest	Complete Genome	Major	Full	2019-11-17	ASM966455v1		GCA_009664555.1	identical	https://ftp.ncbi.nlm.nih.gov/genomes/all/GCF/009/664/555/GCF_009664555.1_ASM966455v1	./Development/ThreeFold/data/external/Salmonella/GCF_009664555.1_ASM966455v1_genomic.fna.gz
GCF_034447935.1	PRJNA224116	SAMN36398950	na	na	na	na	53961	28901	Salmonella enterica subsp. enterica serovar Abortusovis	strain=405987R1_S50	na	latest	Complete Genome	Major	Full	2023-12-18	ASM3444793v1		GCA_034447935.1	identical	https://ftp.ncbi.nlm.nih.gov/genomes/all/GCF/034/447/935/GCF_034447935.1_ASM3444793v1	./Development/ThreeFold/data/external/Salmonella/GCF_034447935.1_ASM3444793v1_genomic.fna.gz
GCF_034448035.1	PRJNA224116	SAMN36398945	na	na	na	na	53961	28901	Salmonella enterica subsp. enterica serovar Abortusovis	strain=401964R1_S49	na	latest	Complete Genome	Major	Full	2023-12-18	ASM3444803v1		GCA_034448035.1	identical	https://ftp.ncbi.nlm.nih.gov/genomes/all/GCF/034/448/035/GCF_034448035.1_ASM3444803v1	./Development/ThreeFold/data/external/Salmonella/GCF_034448035.1_ASM3444803v1_genomic.fna.gz
GCF_034448755.1	PRJNA224116	SAMN36398936	na	na	na	na	53961	28901	Salmonella enterica subsp. enterica serovar Abortusovis	strain=180121R1S_S48	na	latest	Complete Genome	Major	Full	2023-12-18	ASM3444875v1		GCA_034448755.1	identical	https://ftp.ncbi.nlm.nih.gov/genomes/all/GCF/034/448/755/GCF_034448755.1_ASM3444875v1	./Development/ThreeFold/data/external/Salmonella/GCF_034448755.1_ASM3444875v1_genomic.fna.gz
GCF_034448845.1	PRJNA224116	SAMN36398949	na	na	na	na	53961	28901	Salmonella enterica subsp. enterica serovar Abortusovis	na	405580R1_S46	latest	Complete Genome	Major	Full	2023-12-18	ASM3444884v1		GCA_034448845.1	identical	https://ftp.ncbi.nlm.nih.gov/genomes/all/GCF/034/448/845/GCF_034448845.1_ASM3444884v1	./Development/ThreeFold/data/external/Salmonella/GCF_034448845.1_ASM3444884v1_genomic.fna.gz
GCF_000818075.1	PRJNA224116	SAMN02909989	na	na	na	na	54388	28901	Salmonella enterica subsp. enterica serovar Paratyphi A	strain=50973	na	latest	Complete Genome	Major	Full	2015-01-14	ASM81807v1		GCA_000818075.1	identical	https://ftp.ncbi.nlm.nih.gov/genomes/all/GCF/000/818/075/GCF_000818075.1_ASM81807v1	./Development/ThreeFold/data/external/Salmonella/GCF_000818075.1_ASM81807v1_genomic.fna.gz
GCF_000818115.1	PRJNA224116	SAMN03076563	na	na	na	na	54388	28901	Salmonella enterica subsp. enterica serovar Paratyphi A	strain=CMCC 50503	na	latest	Complete Genome	Major	Full	2015-01-14	ASM81811v1		GCA_000818115.1	identical	https://ftp.ncbi.nlm.nih.gov/genomes/all/GCF/000/818/115/GCF_000818115.1_ASM81811v1	./Development/ThreeFold/data/external/Salmonella/GCF_000818115.1_ASM81811v1_genomic.fna.gz
GCF_002386165.1	PRJNA224116	SAMN07312412	na	na	na	na	54388	28901	Salmonella enterica subsp. enterica serovar Paratyphi A	strain=FDAARGOS_368	na	latest	Complete Genome	Major	Full	2017-09-28	ASM238616v1		GCA_002386165.1	identical	https://ftp.ncbi.nlm.nih.gov/genomes/all/GCF/002/386/165/GCF_002386165.1_ASM238616v1	./Development/ThreeFold/data/external/Salmonella/GCF_002386165.1_ASM238616v1_genomic.fna.gz
GCF_039830165.1	PRJNA224116	SAMN41159962	na	na	na	na	54388	28901	Salmonella enterica subsp. enterica serovar Paratyphi A	strain=45157	na	latest	Complete Genome	Major	Full	2024-05-26	ASM3983016v1		GCA_039830165.1	identical	https://ftp.ncbi.nlm.nih.gov/genomes/all/GCF/039/830/165/GCF_039830165.1_ASM3983016v1	./Development/ThreeFold/data/external/Salmonella/GCF_039830165.1_ASM3983016v1_genomic.fna.gz
GCF_006051015.1	PRJNA224116	SAMN07151172	na	na	na	na	54736	54736	Salmonella bongori	strain=92-0238	na	latest	Complete Genome	Major	Full	2020-05-27	ASM605101v2		GCA_006051015.2	identical	https://ftp.ncbi.nlm.nih.gov/genomes/all/GCF/006/051/015/GCF_006051015.1_ASM605101v2	./Development/ThreeFold/data/external/Salmonella/GCF_006051015.1_ASM605101v2_genomic.fna.gz
GCF_006113225.1	PRJNA224116	SAMN07152238	na	na	na	na	54736	54736	Salmonella bongori	strain=85-0051	na	latest	Complete Genome	Major	Full	2020-05-27	ASM611322v2		GCA_006113225.2	identical	https://ftp.ncbi.nlm.nih.gov/genomes/all/GCF/006/113/225/GCF_006113225.1_ASM611322v2	./Development/ThreeFold/data/external/Salmonella/GCF_006113225.1_ASM611322v2_genomic.fna.gz
GCF_016653555.1	PRJNA224116	SAMN17169784	na	na	na	na	54736	54736	Salmonella bongori	strain=Se40	na	latest	Complete Genome	Major	Full	2021-01-17	ASM1665355v1		GCA_016653555.1	identical	https://ftp.ncbi.nlm.nih.gov/genomes/all/GCF/016/653/555/GCF_016653555.1_ASM1665355v1	./Development/ThreeFold/data/external/Salmonella/GCF_016653555.1_ASM1665355v1_genomic.fna.gz
GCF_019356415.1	PRJNA224116	SAMN10870446	na	na	na	na	54736	54736	Salmonella bongori	strain=04-0440	na	latest	Complete Genome	Major	Full	2021-07-27	ASM1935641v1		GCA_019356415.1	identical	https://ftp.ncbi.nlm.nih.gov/genomes/all/GCF/019/356/415/GCF_019356415.1_ASM1935641v1	./Development/ThreeFold/data/external/Salmonella/GCF_019356415.1_ASM1935641v1_genomic.fna.gz
GCF_025725745.1	PRJNA224116	SAMN31136160	na	na	na	na	57045	28901	Salmonella enterica subsp. enterica serovar Paratyphi B	strain=SZ21B23	na	latest	Complete Genome	Major	Full	2022-10-17	ASM2572574v1		GCA_025725745.1	identical	https://ftp.ncbi.nlm.nih.gov/genomes/all/GCF/025/725/745/GCF_025725745.1_ASM2572574v1	./Development/ThreeFold/data/external/Salmonella/GCF_025725745.1_ASM2572574v1_genomic.fna.gz
GCF_030122315.1	PRJNA224116	SAMN33677885	na	na	na	na	57045	28901	Salmonella enterica subsp. enterica serovar Paratyphi B	strain=PS_PB_1_2021	na	latest	Complete Genome	Major	Full	2023-05-26	ASM3012231v1		GCA_030122315.1	identical	https://ftp.ncbi.nlm.nih.gov/genomes/all/GCF/030/122/315/GCF_030122315.1_ASM3012231v1	./Development/ThreeFold/data/external/Salmonella/GCF_030122315.1_ASM3012231v1_genomic.fna.gz
GCF_030122435.1	PRJNA224116	SAMN33677881	na	na	na	na	57045	28901	Salmonella enterica subsp. enterica serovar Paratyphi B	strain=PS_PB_1_2021	na	latest	Complete Genome	Major	Full	2023-05-26	ASM3012243v1		GCA_030122435.1	identical	https://ftp.ncbi.nlm.nih.gov/genomes/all/GCF/030/122/435/GCF_030122435.1_ASM3012243v1	./Development/ThreeFold/data/external/Salmonella/GCF_030122435.1_ASM3012243v1_genomic.fna.gz
GCF_030534275.1	PRJNA224116	SAMN36414958	na	na	na	na	57045	28901	Salmonella enterica subsp. enterica serovar Paratyphi B	strain=22-SA01722-0	na	latest	Complete Genome	Major	Full	2023-07-25	ASM3053427v1		GCA_030534275.1	identical	https://ftp.ncbi.nlm.nih.gov/genomes/all/GCF/030/534/275/GCF_030534275.1_ASM3053427v1	./Development/ThreeFold/data/external/Salmonella/GCF_030534275.1_ASM3053427v1_genomic.fna.gz
GCF_039774785.1	PRJNA224116	SAMN39984969	na	na	na	na	57045	28901	Salmonella enterica subsp. enterica serovar Paratyphi B	strain=B1655	na	latest	Complete Genome	Major	Full	2024-05-24	ASM3977478v1		GCA_039774785.1	identical	https://ftp.ncbi.nlm.nih.gov/genomes/all/GCF/039/774/785/GCF_039774785.1_ASM3977478v1	./Development/ThreeFold/data/external/Salmonella/GCF_039774785.1_ASM3977478v1_genomic.fna.gz
GCF_039775395.1	PRJNA224116	SAMN39984968	na	na	na	na	57045	28901	Salmonella enterica subsp. enterica serovar Paratyphi B	strain=B2590	na	latest	Complete Genome	Major	Full	2024-05-24	ASM3977539v1		GCA_039775395.1	identical	https://ftp.ncbi.nlm.nih.gov/genomes/all/GCF/039/775/395/GCF_039775395.1_ASM3977539v1	./Development/ThreeFold/data/external/Salmonella/GCF_039775395.1_ASM3977539v1_genomic.fna.gz
GCF_039776065.1	PRJNA224116	SAMN39984967	na	na	na	na	57045	28901	Salmonella enterica subsp. enterica serovar Paratyphi B	strain=B2227	na	latest	Complete Genome	Major	Full	2024-05-24	ASM3977606v1		GCA_039776065.1	identical	https://ftp.ncbi.nlm.nih.gov/genomes/all/GCF/039/776/065/GCF_039776065.1_ASM3977606v1	./Development/ThreeFold/data/external/Salmonella/GCF_039776065.1_ASM3977606v1_genomic.fna.gz
GCF_039777535.1	PRJNA224116	SAMN39984966	na	na	na	na	57045	28901	Salmonella enterica subsp. enterica serovar Paratyphi B	strain=CIP54.115	na	latest	Complete Genome	Major	Full	2024-05-24	ASM3977753v1		GCA_039777535.1	identical	https://ftp.ncbi.nlm.nih.gov/genomes/all/GCF/039/777/535/GCF_039777535.1_ASM3977753v1	./Development/ThreeFold/data/external/Salmonella/GCF_039777535.1_ASM3977753v1_genomic.fna.gz
GCF_039777965.1	PRJNA224116	SAMN39984965	na	na	na	na	57045	28901	Salmonella enterica subsp. enterica serovar Paratyphi B	strain=B1727	na	latest	Complete Genome	Major	Full	2024-05-24	ASM3977796v1		GCA_039777965.1	identical	https://ftp.ncbi.nlm.nih.gov/genomes/all/GCF/039/777/965/GCF_039777965.1_ASM3977796v1	./Development/ThreeFold/data/external/Salmonella/GCF_039777965.1_ASM3977796v1_genomic.fna.gz
GCF_039778155.1	PRJNA224116	SAMN39984964	na	na	na	na	57045	28901	Salmonella enterica subsp. enterica serovar Paratyphi B	strain=B97	na	latest	Complete Genome	Major	Full	2024-05-24	ASM3977815v1		GCA_039778155.1	identical	https://ftp.ncbi.nlm.nih.gov/genomes/all/GCF/039/778/155/GCF_039778155.1_ASM3977815v1	./Development/ThreeFold/data/external/Salmonella/GCF_039778155.1_ASM3977815v1_genomic.fna.gz
GCF_039778185.1	PRJNA224116	SAMN39984963	na	na	na	na	57045	28901	Salmonella enterica subsp. enterica serovar Paratyphi B	strain=B62	na	latest	Complete Genome	Major	Full	2024-05-24	ASM3977818v1		GCA_039778185.1	identical	https://ftp.ncbi.nlm.nih.gov/genomes/all/GCF/039/778/185/GCF_039778185.1_ASM3977818v1	./Development/ThreeFold/data/external/Salmonella/GCF_039778185.1_ASM3977818v1_genomic.fna.gz
GCF_039778195.1	PRJNA224116	SAMN39984962	na	na	na	na	57045	28901	Salmonella enterica subsp. enterica serovar Paratyphi B	strain=B624	na	latest	Complete Genome	Major	Full	2024-05-24	ASM3977819v1		GCA_039778195.1	identical	https://ftp.ncbi.nlm.nih.gov/genomes/all/GCF/039/778/195/GCF_039778195.1_ASM3977819v1	./Development/ThreeFold/data/external/Salmonella/GCF_039778195.1_ASM3977819v1_genomic.fna.gz
GCF_039778205.1	PRJNA224116	SAMN39984961	na	na	na	na	57045	28901	Salmonella enterica subsp. enterica serovar Paratyphi B	strain=CIPA214	na	latest	Complete Genome	Major	Full	2024-05-24	ASM3977820v1		GCA_039778205.1	identical	https://ftp.ncbi.nlm.nih.gov/genomes/all/GCF/039/778/205/GCF_039778205.1_ASM3977820v1	./Development/ThreeFold/data/external/Salmonella/GCF_039778205.1_ASM3977820v1_genomic.fna.gz
GCF_039778235.1	PRJNA224116	SAMN39984960	na	na	na	na	57045	28901	Salmonella enterica subsp. enterica serovar Paratyphi B	strain=B76	na	latest	Complete Genome	Major	Full	2024-05-24	ASM3977823v1		GCA_039778235.1	identical	https://ftp.ncbi.nlm.nih.gov/genomes/all/GCF/039/778/235/GCF_039778235.1_ASM3977823v1	./Development/ThreeFold/data/external/Salmonella/GCF_039778235.1_ASM3977823v1_genomic.fna.gz
GCF_039778245.1	PRJNA224116	SAMN39984959	na	na	na	na	57045	28901	Salmonella enterica subsp. enterica serovar Paratyphi B	strain=CIP54.100	na	latest	Complete Genome	Major	Full	2024-05-24	ASM3977824v1		GCA_039778245.1	identical	https://ftp.ncbi.nlm.nih.gov/genomes/all/GCF/039/778/245/GCF_039778245.1_ASM3977824v1	./Development/ThreeFold/data/external/Salmonella/GCF_039778245.1_ASM3977824v1_genomic.fna.gz
GCF_039778255.1	PRJNA224116	SAMN39984958	na	na	na	na	57045	28901	Salmonella enterica subsp. enterica serovar Paratyphi B	strain=63-90	na	latest	Complete Genome	Major	Full	2024-05-24	ASM3977825v1		GCA_039778255.1	identical	https://ftp.ncbi.nlm.nih.gov/genomes/all/GCF/039/778/255/GCF_039778255.1_ASM3977825v1	./Development/ThreeFold/data/external/Salmonella/GCF_039778255.1_ASM3977825v1_genomic.fna.gz
GCF_009667745.1	PRJNA224116	SAMN12688790	na	na	na	na	57741	28901	Salmonella enterica subsp. enterica serovar Blockley	strain=159838	na	latest	Complete Genome	Major	Full	2019-11-18	ASM966774v1		GCA_009667745.1	identical	https://ftp.ncbi.nlm.nih.gov/genomes/all/GCF/009/667/745/GCF_009667745.1_ASM966774v1	./Development/ThreeFold/data/external/Salmonella/GCF_009667745.1_ASM966774v1_genomic.fna.gz
GCF_024266465.1	PRJNA224116	SAMN29431224	na	na	na	na	57741	28901	Salmonella enterica subsp. enterica serovar Blockley	strain=R18.0186	na	latest	Complete Genome	Major	Full	2022-07-14	ASM2426646v1		GCA_024266465.1	identical	https://ftp.ncbi.nlm.nih.gov/genomes/all/GCF/024/266/465/GCF_024266465.1_ASM2426646v1	./Development/ThreeFold/data/external/Salmonella/GCF_024266465.1_ASM2426646v1_genomic.fna.gz
GCF_024266545.1	PRJNA224116	SAMN29431217	na	na	na	na	57741	28901	Salmonella enterica subsp. enterica serovar Blockley	strain=R17.0776	na	latest	Complete Genome	Major	Full	2022-07-14	ASM2426654v1		GCA_024266545.1	identical	https://ftp.ncbi.nlm.nih.gov/genomes/all/GCF/024/266/545/GCF_024266545.1_ASM2426654v1	./Development/ThreeFold/data/external/Salmonella/GCF_024266545.1_ASM2426654v1_genomic.fna.gz
GCF_001409135.1	PRJNA224116	SAMEA1904377	na	na	na	na	57743	28901	Salmonella enterica subsp. enterica serovar Weltevreden	strain=2511STDY5462388	na	latest	Complete Genome	Major	Full	2015-10-20	10259		GCA_001409135.1	identical	https://ftp.ncbi.nlm.nih.gov/genomes/all/GCF/001/409/135/GCF_001409135.1_10259	./Development/ThreeFold/data/external/Salmonella/GCF_001409135.1_10259_genomic.fna.gz
GCF_001409155.1	PRJNA224116	SAMEA2336231	na	na	na	na	57743	28901	Salmonella enterica subsp. enterica serovar Weltevreden	strain=2511STDY5712384	na	latest	Complete Genome	Major	Full	2015-10-20	98_11262		GCA_001409155.1	identical	https://ftp.ncbi.nlm.nih.gov/genomes/all/GCF/001/409/155/GCF_001409155.1_98_11262	./Development/ThreeFold/data/external/Salmonella/GCF_001409155.1_98_11262_genomic.fna.gz
GCF_001409175.1	PRJNA224116	SAMEA2336232	na	na	na	na	57743	28901	Salmonella enterica subsp. enterica serovar Weltevreden	strain=2511STDY5712385	na	latest	Complete Genome	Major	Full	2015-10-20	99_3134		GCA_001409175.1	identical	https://ftp.ncbi.nlm.nih.gov/genomes/all/GCF/001/409/175/GCF_001409175.1_99_3134	./Development/ThreeFold/data/external/Salmonella/GCF_001409175.1_99_3134_genomic.fna.gz
GCF_001409195.1	PRJNA224116	SAMEA1904401	na	na	na	na	57743	28901	Salmonella enterica subsp. enterica serovar Weltevreden	strain=2511STDY5462413	na	latest	Complete Genome	Major	Full	2015-10-20	C2346		GCA_001409195.1	identical	https://ftp.ncbi.nlm.nih.gov/genomes/all/GCF/001/409/195/GCF_001409195.1_C2346	./Development/ThreeFold/data/external/Salmonella/GCF_001409195.1_C2346_genomic.fna.gz
GCF_005457265.1	PRJNA224116	SAMN10261265	na	na	na	na	57743	28901	Salmonella enterica subsp. enterica serovar Weltevreden	strain=3	CFSAN047349	latest	Complete Genome	Major	Full	2019-06-03	ASM545726v2		GCA_005457265.2	identical	https://ftp.ncbi.nlm.nih.gov/genomes/all/GCF/005/457/265/GCF_005457265.1_ASM545726v2	./Development/ThreeFold/data/external/Salmonella/GCF_005457265.1_ASM545726v2_genomic.fna.gz
GCF_024266365.1	PRJNA224116	SAMN29431225	na	na	na	na	57743	28901	Salmonella enterica subsp. enterica serovar Weltevreden	strain=R18.0830	na	latest	Complete Genome	Major	Full	2022-07-14	ASM2426636v1		GCA_024266365.1	identical	https://ftp.ncbi.nlm.nih.gov/genomes/all/GCF/024/266/365/GCF_024266365.1_ASM2426636v1	./Development/ThreeFold/data/external/Salmonella/GCF_024266365.1_ASM2426636v1_genomic.fna.gz
GCF_024266505.1	PRJNA224116	SAMN29431223	na	na	na	na	57743	28901	Salmonella enterica subsp. enterica serovar Weltevreden	strain=R17.4942	na	latest	Complete Genome	Major	Full	2022-07-14	ASM2426650v1		GCA_024266505.1	identical	https://ftp.ncbi.nlm.nih.gov/genomes/all/GCF/024/266/505/GCF_024266505.1_ASM2426650v1	./Development/ThreeFold/data/external/Salmonella/GCF_024266505.1_ASM2426650v1_genomic.fna.gz
GCF_006165105.1	PRJNA224116	SAMN08177984	na	na	na	na	58095	28901	Salmonella enterica subsp. enterica serovar Agona	strain=USDA-ARS-USMARC-76332	na	latest	Complete Genome	Major	Full	2019-06-10	ASM616510v1		GCA_006165105.1	identical	https://ftp.ncbi.nlm.nih.gov/genomes/all/GCF/006/165/105/GCF_006165105.1_ASM616510v1	./Development/ThreeFold/data/external/Salmonella/GCF_006165105.1_ASM616510v1_genomic.fna.gz
GCF_006165125.1	PRJNA224116	SAMN08178024	na	na	na	na	58095	28901	Salmonella enterica subsp. enterica serovar Agona	strain=USDA-ARS-USMARC-76335	na	latest	Complete Genome	Major	Full	2019-06-10	ASM616512v1		GCA_006165125.1	identical	https://ftp.ncbi.nlm.nih.gov/genomes/all/GCF/006/165/125/GCF_006165125.1_ASM616512v1	./Development/ThreeFold/data/external/Salmonella/GCF_006165125.1_ASM616512v1_genomic.fna.gz
GCF_006165145.1	PRJNA224116	SAMN08178053	na	na	na	na	58095	28901	Salmonella enterica subsp. enterica serovar Agona	strain=USDA-ARS-USMARC-76338	na	latest	Complete Genome	Major	Full	2019-06-10	ASM616514v1		GCA_006165145.1	identical	https://ftp.ncbi.nlm.nih.gov/genomes/all/GCF/006/165/145/GCF_006165145.1_ASM616514v1	./Development/ThreeFold/data/external/Salmonella/GCF_006165145.1_ASM616514v1_genomic.fna.gz
GCF_006165165.1	PRJNA224116	SAMN08178172	na	na	na	na	58095	28901	Salmonella enterica subsp. enterica serovar Agona	strain=USDA-ARS-USMARC-76340	na	latest	Complete Genome	Major	Full	2019-06-10	ASM616516v1		GCA_006165165.1	identical	https://ftp.ncbi.nlm.nih.gov/genomes/all/GCF/006/165/165/GCF_006165165.1_ASM616516v1	./Development/ThreeFold/data/external/Salmonella/GCF_006165165.1_ASM616516v1_genomic.fna.gz
GCF_006165185.1	PRJNA224116	SAMN08177985	na	na	na	na	58095	28901	Salmonella enterica subsp. enterica serovar Agona	strain=USDA-ARS-USMARC-76333	na	latest	Complete Genome	Major	Full	2019-06-10	ASM616518v1		GCA_006165185.1	identical	https://ftp.ncbi.nlm.nih.gov/genomes/all/GCF/006/165/185/GCF_006165185.1_ASM616518v1	./Development/ThreeFold/data/external/Salmonella/GCF_006165185.1_ASM616518v1_genomic.fna.gz
GCF_006165205.1	PRJNA224116	SAMN08178026	na	na	na	na	58095	28901	Salmonella enterica subsp. enterica serovar Agona	strain=USDA-ARS-USMARC-76336	na	latest	Complete Genome	Major	Full	2019-06-10	ASM616520v1		GCA_006165205.1	identical	https://ftp.ncbi.nlm.nih.gov/genomes/all/GCF/006/165/205/GCF_006165205.1_ASM616520v1	./Development/ThreeFold/data/external/Salmonella/GCF_006165205.1_ASM616520v1_genomic.fna.gz
GCF_006165225.1	PRJNA224116	SAMN08178051	na	na	na	na	58095	28901	Salmonella enterica subsp. enterica serovar Agona	strain=USDA-ARS-USMARC-76337	na	latest	Complete Genome	Major	Full	2019-06-10	ASM616522v1		GCA_006165225.1	identical	https://ftp.ncbi.nlm.nih.gov/genomes/all/GCF/006/165/225/GCF_006165225.1_ASM616522v1	./Development/ThreeFold/data/external/Salmonella/GCF_006165225.1_ASM616522v1_genomic.fna.gz
GCF_006165245.1	PRJNA224116	SAMN08178170	na	na	na	na	58095	28901	Salmonella enterica subsp. enterica serovar Agona	strain=USDA-ARS-USMARC-76339	na	latest	Complete Genome	Major	Full	2019-06-10	ASM616524v1		GCA_006165245.1	identical	https://ftp.ncbi.nlm.nih.gov/genomes/all/GCF/006/165/245/GCF_006165245.1_ASM616524v1	./Development/ThreeFold/data/external/Salmonella/GCF_006165245.1_ASM616524v1_genomic.fna.gz
GCF_006165265.1	PRJNA224116	SAMN08178174	na	na	na	na	58095	28901	Salmonella enterica subsp. enterica serovar Agona	strain=USDA-ARS-USMARC-76341	na	latest	Complete Genome	Major	Full	2019-06-10	ASM616526v1		GCA_006165265.1	identical	https://ftp.ncbi.nlm.nih.gov/genomes/all/GCF/006/165/265/GCF_006165265.1_ASM616526v1	./Development/ThreeFold/data/external/Salmonella/GCF_006165265.1_ASM616526v1_genomic.fna.gz
GCF_006165285.1	PRJNA224116	SAMN08178012	na	na	na	na	58095	28901	Salmonella enterica subsp. enterica serovar Agona	strain=USDA-ARS-USMARC-76334	na	latest	Complete Genome	Major	Full	2019-06-10	ASM616528v1		GCA_006165285.1	identical	https://ftp.ncbi.nlm.nih.gov/genomes/all/GCF/006/165/285/GCF_006165285.1_ASM616528v1	./Development/ThreeFold/data/external/Salmonella/GCF_006165285.1_ASM616528v1_genomic.fna.gz
GCF_012169275.1	PRJNA224116	SAMN14085623	na	na	na	na	58095	28901	Salmonella enterica subsp. enterica serovar Agona	strain=SG17-135	na	latest	Complete Genome	Major	Full	2020-04-08	ASM1216927v1		GCA_012169275.1	identical	https://ftp.ncbi.nlm.nih.gov/genomes/all/GCF/012/169/275/GCF_012169275.1_ASM1216927v1	./Development/ThreeFold/data/external/Salmonella/GCF_012169275.1_ASM1216927v1_genomic.fna.gz
GCF_016454245.1	PRJNA224116	SAMN14504782	na	na	na	na	58095	28901	Salmonella enterica subsp. enterica serovar Agona	strain=CVM 28336	na	latest	Complete Genome	Major	Full	2020-12-31	ASM1645424v1		GCA_016454245.1	identical	https://ftp.ncbi.nlm.nih.gov/genomes/all/GCF/016/454/245/GCF_016454245.1_ASM1645424v1	./Development/ThreeFold/data/external/Salmonella/GCF_016454245.1_ASM1645424v1_genomic.fna.gz
GCF_016454585.1	PRJNA224116	SAMN14504574	na	na	na	na	58095	28901	Salmonella enterica subsp. enterica serovar Agona	strain=CVM 21974	na	latest	Complete Genome	Major	Full	2020-12-31	ASM1645458v1		GCA_016454585.1	identical	https://ftp.ncbi.nlm.nih.gov/genomes/all/GCF/016/454/585/GCF_016454585.1_ASM1645458v1	./Development/ThreeFold/data/external/Salmonella/GCF_016454585.1_ASM1645458v1_genomic.fna.gz
GCF_021496255.1	PRJNA224116	SAMN24782759	na	na	na	na	58095	28901	Salmonella enterica subsp. enterica serovar Agona	strain=R21.2429	na	latest	Complete Genome	Major	Full	2022-01-18	ASM2149625v1		GCA_021496255.1	identical	https://ftp.ncbi.nlm.nih.gov/genomes/all/GCF/021/496/255/GCF_021496255.1_ASM2149625v1	./Development/ThreeFold/data/external/Salmonella/GCF_021496255.1_ASM2149625v1_genomic.fna.gz
GCF_021496275.1	PRJNA224116	SAMN24782770	na	na	na	na	58095	28901	Salmonella enterica subsp. enterica serovar Agona	strain=R21.2430	na	latest	Complete Genome	Major	Full	2022-01-18	ASM2149627v1		GCA_021496275.1	identical	https://ftp.ncbi.nlm.nih.gov/genomes/all/GCF/021/496/275/GCF_021496275.1_ASM2149627v1	./Development/ThreeFold/data/external/Salmonella/GCF_021496275.1_ASM2149627v1_genomic.fna.gz
GCF_021497565.1	PRJNA224116	SAMN18138611	na	na	na	na	58095	28901	Salmonella enterica subsp. enterica serovar Agona	strain=18-SA00377-0	na	latest	Complete Genome	Major	Full	2022-01-18	ASM2149756v1		GCA_021497565.1	identical	https://ftp.ncbi.nlm.nih.gov/genomes/all/GCF/021/497/565/GCF_021497565.1_ASM2149756v1	./Development/ThreeFold/data/external/Salmonella/GCF_021497565.1_ASM2149756v1_genomic.fna.gz
GCF_022670695.1	PRJNA224116	SAMN26567209	na	na	na	na	58095	28901	Salmonella enterica subsp. enterica serovar Agona	strain=R21.0464	na	latest	Complete Genome	Major	Full	2022-03-22	ASM2267069v1		GCA_022670695.1	identical	https://ftp.ncbi.nlm.nih.gov/genomes/all/GCF/022/670/695/GCF_022670695.1_ASM2267069v1	./Development/ThreeFold/data/external/Salmonella/GCF_022670695.1_ASM2267069v1_genomic.fna.gz
GCF_022670715.1	PRJNA224116	SAMN26567208	na	na	na	na	58095	28901	Salmonella enterica subsp. enterica serovar Agona	strain=R21.1436	na	latest	Complete Genome	Major	Full	2022-03-22	ASM2267071v1		GCA_022670715.1	identical	https://ftp.ncbi.nlm.nih.gov/genomes/all/GCF/022/670/715/GCF_022670715.1_ASM2267071v1	./Development/ThreeFold/data/external/Salmonella/GCF_022670715.1_ASM2267071v1_genomic.fna.gz
GCF_022670735.1	PRJNA224116	SAMN26567207	na	na	na	na	58095	28901	Salmonella enterica subsp. enterica serovar Agona	strain=R21.1368	na	latest	Complete Genome	Major	Full	2022-03-22	ASM2267073v1		GCA_022670735.1	identical	https://ftp.ncbi.nlm.nih.gov/genomes/all/GCF/022/670/735/GCF_022670735.1_ASM2267073v1	./Development/ThreeFold/data/external/Salmonella/GCF_022670735.1_ASM2267073v1_genomic.fna.gz
GCF_022670755.1	PRJNA224116	SAMN26567206	na	na	na	na	58095	28901	Salmonella enterica subsp. enterica serovar Agona	strain=R19.0144	na	latest	Complete Genome	Major	Full	2022-03-22	ASM2267075v1		GCA_022670755.1	identical	https://ftp.ncbi.nlm.nih.gov/genomes/all/GCF/022/670/755/GCF_022670755.1_ASM2267075v1	./Development/ThreeFold/data/external/Salmonella/GCF_022670755.1_ASM2267075v1_genomic.fna.gz
GCF_022670775.1	PRJNA224116	SAMN26567205	na	na	na	na	58095	28901	Salmonella enterica subsp. enterica serovar Agona	strain=R18.0246	na	latest	Complete Genome	Major	Full	2022-03-22	ASM2267077v1		GCA_022670775.1	identical	https://ftp.ncbi.nlm.nih.gov/genomes/all/GCF/022/670/775/GCF_022670775.1_ASM2267077v1	./Development/ThreeFold/data/external/Salmonella/GCF_022670775.1_ASM2267077v1_genomic.fna.gz
GCF_024266385.1	PRJNA224116	SAMN29431230	na	na	na	na	58095	28901	Salmonella enterica subsp. enterica serovar Agona	strain=R18.2256	na	latest	Complete Genome	Major	Full	2022-07-14	ASM2426638v1		GCA_024266385.1	identical	https://ftp.ncbi.nlm.nih.gov/genomes/all/GCF/024/266/385/GCF_024266385.1_ASM2426638v1	./Development/ThreeFold/data/external/Salmonella/GCF_024266385.1_ASM2426638v1_genomic.fna.gz
GCF_024266785.1	PRJNA224116	SAMN29431227	na	na	na	na	58095	28901	Salmonella enterica subsp. enterica serovar Agona	strain=R18.1477	na	latest	Complete Genome	Major	Full	2022-07-14	ASM2426678v1		GCA_024266785.1	identical	https://ftp.ncbi.nlm.nih.gov/genomes/all/GCF/024/266/785/GCF_024266785.1_ASM2426678v1	./Development/ThreeFold/data/external/Salmonella/GCF_024266785.1_ASM2426678v1_genomic.fna.gz
GCF_949361515.1	PRJNA224116	SAMEA112702325	na	na	na	na	58095	28901	Salmonella enterica subsp. enterica serovar Agona	na	pure strain	latest	Complete Genome	Major	Full	2023-03-16	GENOMIC20-001		GCA_949361515.1	identical	https://ftp.ncbi.nlm.nih.gov/genomes/all/GCF/949/361/515/GCF_949361515.1_GENOMIC20-001	./Development/ThreeFold/data/external/Salmonella/GCF_949361515.1_GENOMIC20-001_genomic.fna.gz
GCF_043496835.1	PRJNA224116	SAMN44082896	na	na	na	na	58096	28901	Salmonella enterica subsp. enterica serovar Bareilly	strain=UTK W1-0003	na	latest	Complete Genome	Major	Full	2024-10-21	ASM4349683v1		GCA_043496835.1	identical	https://ftp.ncbi.nlm.nih.gov/genomes/all/GCF/043/496/835/GCF_043496835.1_ASM4349683v1	./Development/ThreeFold/data/external/Salmonella/GCF_043496835.1_ASM4349683v1_genomic.fna.gz
GCF_016454185.1	PRJNA224116	SAMN14504823	na	na	na	na	58097	28901	Salmonella enterica subsp. enterica serovar Bovismorbificans	strain=CVM 30176	na	latest	Complete Genome	Major	Full	2020-12-31	ASM1645418v1		GCA_016454185.1	identical	https://ftp.ncbi.nlm.nih.gov/genomes/all/GCF/016/454/185/GCF_016454185.1_ASM1645418v1	./Development/ThreeFold/data/external/Salmonella/GCF_016454185.1_ASM1645418v1_genomic.fna.gz
GCF_016839205.1	PRJNA224116	SAMN14309717	na	na	na	na	58097	28901	Salmonella enterica subsp. enterica serovar Bovismorbificans	strain=GSJ/2016-Sal-017	na	latest	Complete Genome	Major	Full	2021-02-09	ASM1683920v1		GCA_016839205.1	identical	https://ftp.ncbi.nlm.nih.gov/genomes/all/GCF/016/839/205/GCF_016839205.1_ASM1683920v1	./Development/ThreeFold/data/external/Salmonella/GCF_016839205.1_ASM1683920v1_genomic.fna.gz
GCF_018340585.1	PRJNA224116	SAMN18747132	na	na	na	na	58097	28901	Salmonella enterica subsp. enterica serovar Bovismorbificans	strain=2020LSAL11867	na	latest	Complete Genome	Major	Full	2021-05-11	ASM1834058v1		GCA_018340585.1	identical	https://ftp.ncbi.nlm.nih.gov/genomes/all/GCF/018/340/585/GCF_018340585.1_ASM1834058v1	./Development/ThreeFold/data/external/Salmonella/GCF_018340585.1_ASM1834058v1_genomic.fna.gz
GCF_021713115.1	PRJNA224116	SAMN25044003	na	na	na	na	58097	28901	Salmonella enterica subsp. enterica serovar Bovismorbificans	strain=SB699	na	latest	Complete Genome	Major	Full	2022-01-29	ASM2171311v1		GCA_021713115.1	identical	https://ftp.ncbi.nlm.nih.gov/genomes/all/GCF/021/713/115/GCF_021713115.1_ASM2171311v1	./Development/ThreeFold/data/external/Salmonella/GCF_021713115.1_ASM2171311v1_genomic.fna.gz
GCF_002211845.1	PRJNA224116	SAMN04160804	na	na	na	na	58101	28901	Salmonella enterica subsp. enterica serovar Waycross	strain=SA20041608	na	latest	Complete Genome	Major	Full	2017-06-30	ASM221184v1		GCA_002211845.1	identical	https://ftp.ncbi.nlm.nih.gov/genomes/all/GCF/002/211/845/GCF_002211845.1_ASM221184v1	./Development/ThreeFold/data/external/Salmonella/GCF_002211845.1_ASM221184v1_genomic.fna.gz
GCF_000806925.2	PRJNA224116	SAMN03079708	na	na	na	na	58712	28901	Salmonella enterica subsp. enterica serovar Anatum	strain=CFSAN024763	na	latest	Complete Genome	Major	Full	2021-05-11	ASM80692v2		GCA_000806925.2	identical	https://ftp.ncbi.nlm.nih.gov/genomes/all/GCF/000/806/925/GCF_000806925.2_ASM80692v2	./Development/ThreeFold/data/external/Salmonella/GCF_000806925.2_ASM80692v2_genomic.fna.gz
GCF_001447095.1	PRJNA224116	SAMN04274532	na	na	na	na	58712	28901	Salmonella enterica subsp. enterica serovar Anatum	strain=GT-38	na	latest	Complete Genome	Major	Full	2015-11-20	ASM144709v1		GCA_001447095.1	identical	https://ftp.ncbi.nlm.nih.gov/genomes/all/GCF/001/447/095/GCF_001447095.1_ASM144709v1	./Development/ThreeFold/data/external/Salmonella/GCF_001447095.1_ASM144709v1_genomic.fna.gz
GCF_001447115.1	PRJNA224116	SAMN04274533	na	na	na	na	58712	28901	Salmonella enterica subsp. enterica serovar Anatum	strain=GT-01	na	latest	Complete Genome	Major	Full	2015-11-20	ASM144711v1		GCA_001447115.1	identical	https://ftp.ncbi.nlm.nih.gov/genomes/all/GCF/001/447/115/GCF_001447115.1_ASM144711v1	./Development/ThreeFold/data/external/Salmonella/GCF_001447115.1_ASM144711v1_genomic.fna.gz
GCF_003231095.1	PRJNA224116	SAMN09373897	na	na	na	na	58712	28901	Salmonella enterica subsp. enterica serovar Anatum	strain=R16.0676	na	latest	Complete Genome	Major	Full	2018-06-15	ASM323109v1		GCA_003231095.1	identical	https://ftp.ncbi.nlm.nih.gov/genomes/all/GCF/003/231/095/GCF_003231095.1_ASM323109v1	./Development/ThreeFold/data/external/Salmonella/GCF_003231095.1_ASM323109v1_genomic.fna.gz
GCF_003710125.1	PRJNA224116	SAMN10243029	na	na	na	na	58712	28901	Salmonella enterica subsp. enterica serovar Anatum	strain=CFSAN076215	na	latest	Complete Genome	Major	Full	2018-11-03	ASM371012v1		GCA_003710125.1	identical	https://ftp.ncbi.nlm.nih.gov/genomes/all/GCF/003/710/125/GCF_003710125.1_ASM371012v1	./Development/ThreeFold/data/external/Salmonella/GCF_003710125.1_ASM371012v1_genomic.fna.gz
GCF_006517135.1	PRJNA224116	SAMN02709277	na	na	na	na	58712	28901	Salmonella enterica subsp. enterica serovar Anatum	strain=CFSAN003959	na	latest	Complete Genome	Major	Full	2019-06-30	ASM651713v1		GCA_006517135.1	identical	https://ftp.ncbi.nlm.nih.gov/genomes/all/GCF/006/517/135/GCF_006517135.1_ASM651713v1	./Development/ThreeFold/data/external/Salmonella/GCF_006517135.1_ASM651713v1_genomic.fna.gz
GCF_011465535.1	PRJNA224116	SAMN13074755	na	na	na	na	58712	28901	Salmonella enterica subsp. enterica serovar Anatum	strain=M-3471	na	latest	Complete Genome	Major	Full	2020-03-19	ASM1146553v1		GCA_011465535.1	identical	https://ftp.ncbi.nlm.nih.gov/genomes/all/GCF/011/465/535/GCF_011465535.1_ASM1146553v1	./Development/ThreeFold/data/external/Salmonella/GCF_011465535.1_ASM1146553v1_genomic.fna.gz
GCF_011465695.1	PRJNA224116	SAMN13074770	na	na	na	na	58712	28901	Salmonella enterica subsp. enterica serovar Anatum	strain=Sal-1135	na	latest	Complete Genome	Major	Full	2020-03-19	ASM1146569v1		GCA_011465695.1	identical	https://ftp.ncbi.nlm.nih.gov/genomes/all/GCF/011/465/695/GCF_011465695.1_ASM1146569v1	./Development/ThreeFold/data/external/Salmonella/GCF_011465695.1_ASM1146569v1_genomic.fna.gz
GCF_011465815.1	PRJNA224116	SAMN13074771	na	na	na	na	58712	28901	Salmonella enterica subsp. enterica serovar Anatum	strain=Sal-2097	na	latest	Complete Genome	Major	Full	2020-03-19	ASM1146581v1		GCA_011465815.1	identical	https://ftp.ncbi.nlm.nih.gov/genomes/all/GCF/011/465/815/GCF_011465815.1_ASM1146581v1	./Development/ThreeFold/data/external/Salmonella/GCF_011465815.1_ASM1146581v1_genomic.fna.gz
GCF_011465945.1	PRJNA224116	SAMN13074786	na	na	na	na	58712	28901	Salmonella enterica subsp. enterica serovar Anatum	strain=Sal-3973	na	latest	Complete Genome	Major	Full	2020-03-19	ASM1146594v1		GCA_011465945.1	identical	https://ftp.ncbi.nlm.nih.gov/genomes/all/GCF/011/465/945/GCF_011465945.1_ASM1146594v1	./Development/ThreeFold/data/external/Salmonella/GCF_011465945.1_ASM1146594v1_genomic.fna.gz
GCF_011466075.1	PRJNA224116	SAMN13074756	na	na	na	na	58712	28901	Salmonella enterica subsp. enterica serovar Anatum	strain=M-3851	na	latest	Complete Genome	Major	Full	2020-03-19	ASM1146607v1		GCA_011466075.1	identical	https://ftp.ncbi.nlm.nih.gov/genomes/all/GCF/011/466/075/GCF_011466075.1_ASM1146607v1	./Development/ThreeFold/data/external/Salmonella/GCF_011466075.1_ASM1146607v1_genomic.fna.gz
GCF_011466275.1	PRJNA224116	SAMN13074762	na	na	na	na	58712	28901	Salmonella enterica subsp. enterica serovar Anatum	strain=M-5360	na	latest	Complete Genome	Major	Full	2020-03-19	ASM1146627v1		GCA_011466275.1	identical	https://ftp.ncbi.nlm.nih.gov/genomes/all/GCF/011/466/275/GCF_011466275.1_ASM1146627v1	./Development/ThreeFold/data/external/Salmonella/GCF_011466275.1_ASM1146627v1_genomic.fna.gz
GCF_011466455.1	PRJNA224116	SAMN13074785	na	na	na	na	58712	28901	Salmonella enterica subsp. enterica serovar Anatum	strain=Sal-3948	na	latest	Complete Genome	Major	Full	2020-03-19	ASM1146645v1		GCA_011466455.1	identical	https://ftp.ncbi.nlm.nih.gov/genomes/all/GCF/011/466/455/GCF_011466455.1_ASM1146645v1	./Development/ThreeFold/data/external/Salmonella/GCF_011466455.1_ASM1146645v1_genomic.fna.gz
GCF_011466595.1	PRJNA224116	SAMN13074794	na	na	na	na	58712	28901	Salmonella enterica subsp. enterica serovar Anatum	strain=Sal-4295	na	latest	Complete Genome	Major	Full	2020-03-19	ASM1146659v1		GCA_011466595.1	identical	https://ftp.ncbi.nlm.nih.gov/genomes/all/GCF/011/466/595/GCF_011466595.1_ASM1146659v1	./Development/ThreeFold/data/external/Salmonella/GCF_011466595.1_ASM1146659v1_genomic.fna.gz
GCF_011466775.1	PRJNA224116	SAMN13074806	na	na	na	na	58712	28901	Salmonella enterica subsp. enterica serovar Anatum	strain=Sal-4737	na	latest	Complete Genome	Major	Full	2020-03-19	ASM1146677v1		GCA_011466775.1	identical	https://ftp.ncbi.nlm.nih.gov/genomes/all/GCF/011/466/775/GCF_011466775.1_ASM1146677v1	./Development/ThreeFold/data/external/Salmonella/GCF_011466775.1_ASM1146677v1_genomic.fna.gz
GCF_011466815.1	PRJNA224116	SAMN13074811	na	na	na	na	58712	28901	Salmonella enterica subsp. enterica serovar Anatum	strain=Sal-5091	na	latest	Complete Genome	Major	Full	2020-03-19	ASM1146681v1		GCA_011466815.1	identical	https://ftp.ncbi.nlm.nih.gov/genomes/all/GCF/011/466/815/GCF_011466815.1_ASM1146681v1	./Development/ThreeFold/data/external/Salmonella/GCF_011466815.1_ASM1146681v1_genomic.fna.gz
GCF_016452145.1	PRJNA224116	SAMN14504852	na	na	na	na	58712	28901	Salmonella enterica subsp. enterica serovar Anatum	strain=CVM 33822	na	latest	Complete Genome	Major	Full	2020-12-31	ASM1645214v1		GCA_016452145.1	identical	https://ftp.ncbi.nlm.nih.gov/genomes/all/GCF/016/452/145/GCF_016452145.1_ASM1645214v1	./Development/ThreeFold/data/external/Salmonella/GCF_016452145.1_ASM1645214v1_genomic.fna.gz
GCF_016454505.1	PRJNA224116	SAMN14504600	na	na	na	na	58712	28901	Salmonella enterica subsp. enterica serovar Anatum	strain=CVM 22448	na	latest	Complete Genome	Major	Full	2020-12-31	ASM1645450v1		GCA_016454505.1	identical	https://ftp.ncbi.nlm.nih.gov/genomes/all/GCF/016/454/505/GCF_016454505.1_ASM1645450v1	./Development/ThreeFold/data/external/Salmonella/GCF_016454505.1_ASM1645450v1_genomic.fna.gz
GCF_024266145.1	PRJNA224116	SAMN29431218	na	na	na	na	58712	28901	Salmonella enterica subsp. enterica serovar Anatum	strain=R17.0809	na	latest	Complete Genome	Major	Full	2022-07-14	ASM2426614v1		GCA_024266145.1	identical	https://ftp.ncbi.nlm.nih.gov/genomes/all/GCF/024/266/145/GCF_024266145.1_ASM2426614v1	./Development/ThreeFold/data/external/Salmonella/GCF_024266145.1_ASM2426614v1_genomic.fna.gz
GCF_028993675.1	PRJNA224116	SAMN33409181	na	na	na	na	58712	28901	Salmonella enterica subsp. enterica serovar Anatum	strain=2089b	na	latest	Complete Genome	Major	Full	2023-03-04	ASM2899367v1		GCA_028993675.1	identical	https://ftp.ncbi.nlm.nih.gov/genomes/all/GCF/028/993/675/GCF_028993675.1_ASM2899367v1	./Development/ThreeFold/data/external/Salmonella/GCF_028993675.1_ASM2899367v1_genomic.fna.gz
GCF_002163995.1	PRJNA224116	SAMN06646159	na	na	na	na	59201	28901	Salmonella enterica subsp. enterica	strain=16A242	na	latest	Complete Genome	Major	Full	2017-06-02	ASM216399v1		GCA_002163995.1	identical	https://ftp.ncbi.nlm.nih.gov/genomes/all/GCF/002/163/995/GCF_002163995.1_ASM216399v1	./Development/ThreeFold/data/external/Salmonella/GCF_002163995.1_ASM216399v1_genomic.fna.gz
GCF_002201855.1	PRJNA224116	SAMN06622672	na	na	na	na	59201	28901	Salmonella enterica subsp. enterica	strain=ST1120	na	latest	Complete Genome	Major	Full	2017-06-20	ASM220185v1		GCA_002201855.1	identical	https://ftp.ncbi.nlm.nih.gov/genomes/all/GCF/002/201/855/GCF_002201855.1_ASM220185v1	./Development/ThreeFold/data/external/Salmonella/GCF_002201855.1_ASM220185v1_genomic.fna.gz
GCF_002238275.1	PRJNA224116	SAMN06645218	na	na	na	na	59201	28901	Salmonella enterica subsp. enterica	strain=08-00436	na	latest	Complete Genome	Major	Full	2017-08-01	ASM223827v1		GCA_002238275.1	identical	https://ftp.ncbi.nlm.nih.gov/genomes/all/GCF/002/238/275/GCF_002238275.1_ASM223827v1	./Development/ThreeFold/data/external/Salmonella/GCF_002238275.1_ASM223827v1_genomic.fna.gz
GCF_002504105.1	PRJNA224116	SAMN07334225	na	na	na	na	59201	28901	Salmonella enterica subsp. enterica	strain=RM11065	na	latest	Complete Genome	Major	Full	2017-10-10	ASM250410v1		GCA_002504105.1	identical	https://ftp.ncbi.nlm.nih.gov/genomes/all/GCF/002/504/105/GCF_002504105.1_ASM250410v1	./Development/ThreeFold/data/external/Salmonella/GCF_002504105.1_ASM250410v1_genomic.fna.gz
GCF_002999175.1	PRJNA224116	SAMN08475067	na	na	na	na	59201	28901	Salmonella enterica subsp. enterica	strain=15-SA01028	na	latest	Complete Genome	Major	Full	2018-03-14	ASM299917v1		GCA_002999175.1	identical	https://ftp.ncbi.nlm.nih.gov/genomes/all/GCF/002/999/175/GCF_002999175.1_ASM299917v1	./Development/ThreeFold/data/external/Salmonella/GCF_002999175.1_ASM299917v1_genomic.fna.gz
GCF_003064165.2	PRJNA224116	SAMN08823084	na	na	na	na	59201	28901	Salmonella enterica subsp. enterica	strain=CFSAN058620	na	latest	Complete Genome	Major	Full	2021-07-20	ASM306416v2		GCA_003064165.2	identical	https://ftp.ncbi.nlm.nih.gov/genomes/all/GCF/003/064/165/GCF_003064165.2_ASM306416v2	./Development/ThreeFold/data/external/Salmonella/GCF_003064165.2_ASM306416v2_genomic.fna.gz
GCF_003064365.2	PRJNA224116	SAMN08822910	na	na	na	na	59201	28901	Salmonella enterica subsp. enterica	strain=CFSAN058606	na	latest	Complete Genome	Major	Full	2021-07-20	ASM306436v2		GCA_003064365.2	identical	https://ftp.ncbi.nlm.nih.gov/genomes/all/GCF/003/064/365/GCF_003064365.2_ASM306436v2	./Development/ThreeFold/data/external/Salmonella/GCF_003064365.2_ASM306436v2_genomic.fna.gz
GCF_003064405.2	PRJNA224116	SAMN08824419	na	na	na	na	59201	28901	Salmonella enterica subsp. enterica	strain=CFSAN058605	na	latest	Complete Genome	Major	Full	2021-07-20	ASM306440v2		GCA_003064405.2	identical	https://ftp.ncbi.nlm.nih.gov/genomes/all/GCF/003/064/405/GCF_003064405.2_ASM306440v2	./Development/ThreeFold/data/external/Salmonella/GCF_003064405.2_ASM306440v2_genomic.fna.gz
GCF_003067445.2	PRJNA224116	SAMN08886740	na	na	na	na	59201	28901	Salmonella enterica subsp. enterica	strain=CFSAN058565	na	latest	Complete Genome	Major	Full	2021-07-20	ASM306744v2		GCA_003067445.2	identical	https://ftp.ncbi.nlm.nih.gov/genomes/all/GCF/003/067/445/GCF_003067445.2_ASM306744v2	./Development/ThreeFold/data/external/Salmonella/GCF_003067445.2_ASM306744v2_genomic.fna.gz
GCF_003067765.2	PRJNA224116	SAMN08823296	na	na	na	na	59201	28901	Salmonella enterica subsp. enterica	strain=CFSAN058598	na	latest	Complete Genome	Major	Full	2021-07-20	ASM306776v2		GCA_003067765.2	identical	https://ftp.ncbi.nlm.nih.gov/genomes/all/GCF/003/067/765/GCF_003067765.2_ASM306776v2	./Development/ThreeFold/data/external/Salmonella/GCF_003067765.2_ASM306776v2_genomic.fna.gz
GCF_003067925.2	PRJNA224116	SAMN08824062	na	na	na	na	59201	28901	Salmonella enterica subsp. enterica	strain=CFSAN058591	na	latest	Complete Genome	Major	Full	2021-07-20	ASM306792v2		GCA_003067925.2	identical	https://ftp.ncbi.nlm.nih.gov/genomes/all/GCF/003/067/925/GCF_003067925.2_ASM306792v2	./Development/ThreeFold/data/external/Salmonella/GCF_003067925.2_ASM306792v2_genomic.fna.gz
GCF_003067985.2	PRJNA224116	SAMN08823090	na	na	na	na	59201	28901	Salmonella enterica subsp. enterica	strain=CFSAN058588	na	latest	Complete Genome	Major	Full	2021-07-20	ASM306798v2		GCA_003067985.2	identical	https://ftp.ncbi.nlm.nih.gov/genomes/all/GCF/003/067/985/GCF_003067985.2_ASM306798v2	./Development/ThreeFold/data/external/Salmonella/GCF_003067985.2_ASM306798v2_genomic.fna.gz
GCF_003068025.2	PRJNA224116	SAMN08822719	na	na	na	na	59201	28901	Salmonella enterica subsp. enterica	strain=CFSAN058545	na	latest	Complete Genome	Major	Full	2021-07-20	ASM306802v2		GCA_003068025.2	identical	https://ftp.ncbi.nlm.nih.gov/genomes/all/GCF/003/068/025/GCF_003068025.2_ASM306802v2	./Development/ThreeFold/data/external/Salmonella/GCF_003068025.2_ASM306802v2_genomic.fna.gz
GCF_003068145.2	PRJNA224116	SAMN08822980	na	na	na	na	59201	28901	Salmonella enterica subsp. enterica	strain=CFSAN058540	na	latest	Complete Genome	Major	Full	2021-07-20	ASM306814v2		GCA_003068145.2	identical	https://ftp.ncbi.nlm.nih.gov/genomes/all/GCF/003/068/145/GCF_003068145.2_ASM306814v2	./Development/ThreeFold/data/external/Salmonella/GCF_003068145.2_ASM306814v2_genomic.fna.gz
GCF_003347075.1	PRJNA224116	SAMN04849646	na	na	na	na	59201	28901	Salmonella enterica subsp. enterica	strain=LSP 389/97	na	latest	Complete Genome	Major	Full	2018-07-31	ASM334707v1		GCA_003347075.1	identical	https://ftp.ncbi.nlm.nih.gov/genomes/all/GCF/003/347/075/GCF_003347075.1_ASM334707v1	./Development/ThreeFold/data/external/Salmonella/GCF_003347075.1_ASM334707v1_genomic.fna.gz
GCF_003429425.1	PRJNA224116	SAMN07663062	na	na	na	na	59201	28901	Salmonella enterica subsp. enterica	strain=BAA-1586	na	latest	Complete Genome	Major	Full	2018-08-28	ASM342942v1		GCA_003429425.1	identical	https://ftp.ncbi.nlm.nih.gov/genomes/all/GCF/003/429/425/GCF_003429425.1_ASM342942v1	./Development/ThreeFold/data/external/Salmonella/GCF_003429425.1_ASM342942v1_genomic.fna.gz
GCF_004124035.2	PRJNA224116	SAMN10279393	na	na	na	na	59201	28901	Salmonella enterica subsp. enterica	strain=CFSA122	na	latest	Complete Genome	Major	Full	2019-05-08	ASM412403v2		GCA_004124035.2	identical	https://ftp.ncbi.nlm.nih.gov/genomes/all/GCF/004/124/035/GCF_004124035.2_ASM412403v2	./Development/ThreeFold/data/external/Salmonella/GCF_004124035.2_ASM412403v2_genomic.fna.gz
GCF_004124055.2	PRJNA224116	SAMN10290244	na	na	na	na	59201	28901	Salmonella enterica subsp. enterica	strain=CFSA12	na	latest	Complete Genome	Major	Full	2019-05-08	ASM412405v2		GCA_004124055.2	identical	https://ftp.ncbi.nlm.nih.gov/genomes/all/GCF/004/124/055/GCF_004124055.2_ASM412405v2	./Development/ThreeFold/data/external/Salmonella/GCF_004124055.2_ASM412405v2_genomic.fna.gz
GCF_004124095.2	PRJNA224116	SAMN10290237	na	na	na	na	59201	28901	Salmonella enterica subsp. enterica	strain=CFSA244	na	latest	Complete Genome	Major	Full	2019-05-08	ASM412409v2		GCA_004124095.2	identical	https://ftp.ncbi.nlm.nih.gov/genomes/all/GCF/004/124/095/GCF_004124095.2_ASM412409v2	./Development/ThreeFold/data/external/Salmonella/GCF_004124095.2_ASM412409v2_genomic.fna.gz
GCF_004124155.2	PRJNA224116	SAMN10291458	na	na	na	na	59201	28901	Salmonella enterica subsp. enterica	strain=CFSA1096	na	latest	Complete Genome	Major	Full	2019-05-08	ASM412415v2		GCA_004124155.2	identical	https://ftp.ncbi.nlm.nih.gov/genomes/all/GCF/004/124/155/GCF_004124155.2_ASM412415v2	./Development/ThreeFold/data/external/Salmonella/GCF_004124155.2_ASM412415v2_genomic.fna.gz
GCF_004124175.2	PRJNA224116	SAMN10291586	na	na	na	na	59201	28901	Salmonella enterica subsp. enterica	strain=CFSA629	na	latest	Complete Genome	Major	Full	2019-05-08	ASM412417v2		GCA_004124175.2	identical	https://ftp.ncbi.nlm.nih.gov/genomes/all/GCF/004/124/175/GCF_004124175.2_ASM412417v2	./Development/ThreeFold/data/external/Salmonella/GCF_004124175.2_ASM412417v2_genomic.fna.gz
GCF_004124195.2	PRJNA224116	SAMN10291561	na	na	na	na	59201	28901	Salmonella enterica subsp. enterica	strain=CFSA231	na	latest	Complete Genome	Major	Full	2019-05-08	ASM412419v2		GCA_004124195.2	identical	https://ftp.ncbi.nlm.nih.gov/genomes/all/GCF/004/124/195/GCF_004124195.2_ASM412419v2	./Development/ThreeFold/data/external/Salmonella/GCF_004124195.2_ASM412419v2_genomic.fna.gz
GCF_004124215.2	PRJNA224116	SAMN10292850	na	na	na	na	59201	28901	Salmonella enterica subsp. enterica	strain=CFSA664	na	latest	Complete Genome	Major	Full	2019-05-08	ASM412421v2		GCA_004124215.2	identical	https://ftp.ncbi.nlm.nih.gov/genomes/all/GCF/004/124/215/GCF_004124215.2_ASM412421v2	./Development/ThreeFold/data/external/Salmonella/GCF_004124215.2_ASM412421v2_genomic.fna.gz
GCF_004354245.1	PRJNA224116	SAMN10498876	na	na	na	na	59201	28901	Salmonella enterica subsp. enterica	strain=CFSAN087304	na	latest	Complete Genome	Major	Full	2019-03-18	ASM435424v1		GCA_004354245.1	identical	https://ftp.ncbi.nlm.nih.gov/genomes/all/GCF/004/354/245/GCF_004354245.1_ASM435424v1	./Development/ThreeFold/data/external/Salmonella/GCF_004354245.1_ASM435424v1_genomic.fna.gz
GCF_007923125.1	PRJNA224116	SAMN10352160	na	na	na	na	59201	28901	Salmonella enterica subsp. enterica	strain=ST1539	na	latest	Complete Genome	Major	Full	2019-08-09	ASM792312v1		GCA_007923125.1	identical	https://ftp.ncbi.nlm.nih.gov/genomes/all/GCF/007/923/125/GCF_007923125.1_ASM792312v1	./Development/ThreeFold/data/external/Salmonella/GCF_007923125.1_ASM792312v1_genomic.fna.gz
GCF_008807355.1	PRJNA224116	SAMN12608379	na	na	na	na	59201	28901	Salmonella enterica subsp. enterica	strain=AD19	na	latest	Complete Genome	Major	Full	2019-10-03	ASM880735v1		GCA_008807355.1	identical	https://ftp.ncbi.nlm.nih.gov/genomes/all/GCF/008/807/355/GCF_008807355.1_ASM880735v1	./Development/ThreeFold/data/external/Salmonella/GCF_008807355.1_ASM880735v1_genomic.fna.gz
GCF_009728795.1	PRJNA224116	SAMN10316363	na	na	na	na	59201	28901	Salmonella enterica subsp. enterica	strain=EQAS2016S1	na	latest	Complete Genome	Major	Full	2019-12-04	ASM972879v1		GCA_009728795.1	identical	https://ftp.ncbi.nlm.nih.gov/genomes/all/GCF/009/728/795/GCF_009728795.1_ASM972879v1	./Development/ThreeFold/data/external/Salmonella/GCF_009728795.1_ASM972879v1_genomic.fna.gz
GCF_009728875.2	PRJNA224116	SAMN10319560	na	na	na	na	59201	28901	Salmonella enterica subsp. enterica	strain=CFSA300	na	latest	Complete Genome	Major	Full	2020-08-12	ASM972887v2		GCA_009728875.2	identical	https://ftp.ncbi.nlm.nih.gov/genomes/all/GCF/009/728/875/GCF_009728875.2_ASM972887v2	./Development/ThreeFold/data/external/Salmonella/GCF_009728875.2_ASM972887v2_genomic.fna.gz
GCF_009728895.2	PRJNA224116	SAMN10319563	na	na	na	na	59201	28901	Salmonella enterica subsp. enterica	strain=CFSA1007	na	latest	Complete Genome	Major	Full	2020-08-12	ASM972889v2		GCA_009728895.2	identical	https://ftp.ncbi.nlm.nih.gov/genomes/all/GCF/009/728/895/GCF_009728895.2_ASM972889v2	./Development/ThreeFold/data/external/Salmonella/GCF_009728895.2_ASM972889v2_genomic.fna.gz
GCF_009806735.1	PRJNA224116	SAMN13509270	na	na	na	na	59201	28901	Salmonella enterica subsp. enterica	strain=SCSM4.1	na	latest	Complete Genome	Major	Full	2019-12-28	ASM980673v1		GCA_009806735.1	identical	https://ftp.ncbi.nlm.nih.gov/genomes/all/GCF/009/806/735/GCF_009806735.1_ASM980673v1	./Development/ThreeFold/data/external/Salmonella/GCF_009806735.1_ASM980673v1_genomic.fna.gz
GCF_016638525.1	PRJNA224116	SAMN17169750	na	na	na	na	59201	28901	Salmonella enterica subsp. enterica	strain=Se32	na	latest	Complete Genome	Major	Full	2021-01-14	ASM1663852v1		GCA_016638525.1	identical	https://ftp.ncbi.nlm.nih.gov/genomes/all/GCF/016/638/525/GCF_016638525.1_ASM1663852v1	./Development/ThreeFold/data/external/Salmonella/GCF_016638525.1_ASM1663852v1_genomic.fna.gz
GCF_016903075.1	PRJNA224116	SAMN17734270	na	na	na	na	59201	28901	Salmonella enterica subsp. enterica	strain=Se29	na	latest	Complete Genome	Major	Full	2021-02-17	ASM1690307v1		GCA_016903075.1	identical	https://ftp.ncbi.nlm.nih.gov/genomes/all/GCF/016/903/075/GCF_016903075.1_ASM1690307v1	./Development/ThreeFold/data/external/Salmonella/GCF_016903075.1_ASM1690307v1_genomic.fna.gz
GCF_019890995.1	PRJNA224116	SAMN21035574	na	na	na	na	59201	28901	Salmonella enterica subsp. enterica	strain=IBG7b4	na	latest	Complete Genome	Major	Full	2021-09-07	ASM1989099v1		GCA_019890995.1	identical	https://ftp.ncbi.nlm.nih.gov/genomes/all/GCF/019/890/995/GCF_019890995.1_ASM1989099v1	./Development/ThreeFold/data/external/Salmonella/GCF_019890995.1_ASM1989099v1_genomic.fna.gz
GCF_021545725.1	PRJNA224116	SAMN17107823	na	na	na	na	59201	28901	Salmonella enterica subsp. enterica	strain=679	na	latest	Complete Genome	Major	Full	2022-01-21	ASM2154572v1		GCA_021545725.1	identical	https://ftp.ncbi.nlm.nih.gov/genomes/all/GCF/021/545/725/GCF_021545725.1_ASM2154572v1	./Development/ThreeFold/data/external/Salmonella/GCF_021545725.1_ASM2154572v1_genomic.fna.gz
GCF_021545805.1	PRJNA224116	SAMN17107805	na	na	na	na	59201	28901	Salmonella enterica subsp. enterica	strain=661	na	latest	Complete Genome	Major	Full	2022-01-21	ASM2154580v1		GCA_021545805.1	identical	https://ftp.ncbi.nlm.nih.gov/genomes/all/GCF/021/545/805/GCF_021545805.1_ASM2154580v1	./Development/ThreeFold/data/external/Salmonella/GCF_021545805.1_ASM2154580v1_genomic.fna.gz
GCF_022557215.1	PRJNA224116	SAMN26319900	na	na	na	na	59201	28901	Salmonella enterica subsp. enterica	strain=SR33	na	latest	Complete Genome	Major	Full	2022-03-13	ASM2255721v1		GCA_022557215.1	identical	https://ftp.ncbi.nlm.nih.gov/genomes/all/GCF/022/557/215/GCF_022557215.1_ASM2255721v1	./Development/ThreeFold/data/external/Salmonella/GCF_022557215.1_ASM2255721v1_genomic.fna.gz
GCF_022760155.1	PRJNA224116	SAMN26818630	na	na	na	na	59201	28901	Salmonella enterica subsp. enterica	strain=3018683606	na	latest	Complete Genome	Major	Full	2022-03-31	ASM2276015v1		GCA_022760155.1	identical	https://ftp.ncbi.nlm.nih.gov/genomes/all/GCF/022/760/155/GCF_022760155.1_ASM2276015v1	./Development/ThreeFold/data/external/Salmonella/GCF_022760155.1_ASM2276015v1_genomic.fna.gz
GCF_022869965.1	PRJNA224116	SAMN14078794	na	na	na	assembly from type material	59201	28901	Salmonella enterica subsp. enterica	strain=PartC-Senterica-RM8376	na	latest	Complete Genome	Major	Full	2022-04-11	ASM2286996v1		GCA_022869965.1	identical	https://ftp.ncbi.nlm.nih.gov/genomes/all/GCF/022/869/965/GCF_022869965.1_ASM2286996v1	./Development/ThreeFold/data/external/Salmonella/GCF_022869965.1_ASM2286996v1_genomic.fna.gz
GCF_023379985.1	PRJNA224116	SAMN28104871	na	na	na	na	59201	28901	Salmonella enterica subsp. enterica	strain=B3-6	na	latest	Complete Genome	Major	Full	2022-05-17	ASM2337998v1		GCA_023379985.1	identical	https://ftp.ncbi.nlm.nih.gov/genomes/all/GCF/023/379/985/GCF_023379985.1_ASM2337998v1	./Development/ThreeFold/data/external/Salmonella/GCF_023379985.1_ASM2337998v1_genomic.fna.gz
GCF_024507995.1	PRJNA224116	SAMN29939568	na	na	na	na	59201	28901	Salmonella enterica subsp. enterica	strain=QA-1986 974	na	latest	Complete Genome	Major	Full	2022-08-03	ASM2450799v1		GCA_024507995.1	identical	https://ftp.ncbi.nlm.nih.gov/genomes/all/GCF/024/507/995/GCF_024507995.1_ASM2450799v1	./Development/ThreeFold/data/external/Salmonella/GCF_024507995.1_ASM2450799v1_genomic.fna.gz
GCF_024508075.1	PRJNA224116	SAMN29939561	na	na	na	na	59201	28901	Salmonella enterica subsp. enterica	strain=QA-1986 973	na	latest	Complete Genome	Major	Full	2022-08-03	ASM2450807v1		GCA_024508075.1	identical	https://ftp.ncbi.nlm.nih.gov/genomes/all/GCF/024/508/075/GCF_024508075.1_ASM2450807v1	./Development/ThreeFold/data/external/Salmonella/GCF_024508075.1_ASM2450807v1_genomic.fna.gz
GCF_026153595.1	PRJNA224116	SAMN31601029	na	na	na	na	59201	28901	Salmonella enterica subsp. enterica	strain=S2122	na	latest	Complete Genome	Major	Full	2022-11-13	ASM2615359v1		GCA_026153595.1	identical	https://ftp.ncbi.nlm.nih.gov/genomes/all/GCF/026/153/595/GCF_026153595.1_ASM2615359v1	./Development/ThreeFold/data/external/Salmonella/GCF_026153595.1_ASM2615359v1_genomic.fna.gz
GCF_026684115.1	PRJNA224116	SAMN31880433	na	na	na	na	59201	28901	Salmonella enterica subsp. enterica	strain=KNP01	na	latest	Complete Genome	Major	Full	2022-12-06	ASM2668411v1		GCA_026684115.1	identical	https://ftp.ncbi.nlm.nih.gov/genomes/all/GCF/026/684/115/GCF_026684115.1_ASM2668411v1	./Development/ThreeFold/data/external/Salmonella/GCF_026684115.1_ASM2668411v1_genomic.fna.gz
GCF_028596085.1	PRJNA224116	SAMN33038040	na	na	na	na	59201	28901	Salmonella enterica subsp. enterica	strain=123	na	latest	Complete Genome	Major	Full	2023-02-12	ASM2859608v1		GCA_028596085.1	identical	https://ftp.ncbi.nlm.nih.gov/genomes/all/GCF/028/596/085/GCF_028596085.1_ASM2859608v1	./Development/ThreeFold/data/external/Salmonella/GCF_028596085.1_ASM2859608v1_genomic.fna.gz
GCF_029580835.1	PRJNA224116	SAMN33819937	na	na	na	na	59201	28901	Salmonella enterica subsp. enterica	strain=21A	na	latest	Complete Genome	Major	Full	2023-04-04	ASM2958083v1		GCA_029580835.1	identical	https://ftp.ncbi.nlm.nih.gov/genomes/all/GCF/029/580/835/GCF_029580835.1_ASM2958083v1	./Development/ThreeFold/data/external/Salmonella/GCF_029580835.1_ASM2958083v1_genomic.fna.gz
GCF_029674725.1	PRJNA224116	SAMN33695196	na	na	na	na	59201	28901	Salmonella enterica subsp. enterica	strain=KKP 1213	na	latest	Complete Genome	Major	Full	2023-04-11	ASM2967472v1		GCA_029674725.1	identical	https://ftp.ncbi.nlm.nih.gov/genomes/all/GCF/029/674/725/GCF_029674725.1_ASM2967472v1	./Development/ThreeFold/data/external/Salmonella/GCF_029674725.1_ASM2967472v1_genomic.fna.gz
GCF_029674745.1	PRJNA224116	SAMN33695195	na	na	na	na	59201	28901	Salmonella enterica subsp. enterica	strain=KKP 998	na	latest	Complete Genome	Major	Full	2023-04-11	ASM2967474v1		GCA_029674745.1	identical	https://ftp.ncbi.nlm.nih.gov/genomes/all/GCF/029/674/745/GCF_029674745.1_ASM2967474v1	./Development/ThreeFold/data/external/Salmonella/GCF_029674745.1_ASM2967474v1_genomic.fna.gz
GCF_029674765.1	PRJNA224116	SAMN33695197	na	na	na	na	59201	28901	Salmonella enterica subsp. enterica	strain=KKP 1762	na	latest	Complete Genome	Major	Full	2023-04-11	ASM2967476v1		GCA_029674765.1	identical	https://ftp.ncbi.nlm.nih.gov/genomes/all/GCF/029/674/765/GCF_029674765.1_ASM2967476v1	./Development/ThreeFold/data/external/Salmonella/GCF_029674765.1_ASM2967476v1_genomic.fna.gz
GCF_029674785.1	PRJNA224116	SAMN33695198	na	na	na	na	59201	28901	Salmonella enterica subsp. enterica	strain=KKP 3080	na	latest	Complete Genome	Major	Full	2023-04-11	ASM2967478v1		GCA_029674785.1	identical	https://ftp.ncbi.nlm.nih.gov/genomes/all/GCF/029/674/785/GCF_029674785.1_ASM2967478v1	./Development/ThreeFold/data/external/Salmonella/GCF_029674785.1_ASM2967478v1_genomic.fna.gz
GCF_030122615.1	PRJNA224116	SAMN34157280	na	na	na	na	59201	28901	Salmonella enterica subsp. enterica	strain=TZ282	na	latest	Complete Genome	Major	Full	2023-05-26	ASM3012261v1		GCA_030122615.1	identical	https://ftp.ncbi.nlm.nih.gov/genomes/all/GCF/030/122/615/GCF_030122615.1_ASM3012261v1	./Development/ThreeFold/data/external/Salmonella/GCF_030122615.1_ASM3012261v1_genomic.fna.gz
GCF_030166335.1	PRJNA224116	SAMN35301900	na	na	na	na	59201	28901	Salmonella enterica subsp. enterica	strain=HL21	na	latest	Complete Genome	Major	Full	2023-06-05	ASM3016633v1		GCA_030166335.1	identical	https://ftp.ncbi.nlm.nih.gov/genomes/all/GCF/030/166/335/GCF_030166335.1_ASM3016633v1	./Development/ThreeFold/data/external/Salmonella/GCF_030166335.1_ASM3016633v1_genomic.fna.gz
GCF_030166355.1	PRJNA224116	SAMN35301888	na	na	na	na	59201	28901	Salmonella enterica subsp. enterica	strain=CY16	na	latest	Complete Genome	Major	Full	2023-06-05	ASM3016635v1		GCA_030166355.1	identical	https://ftp.ncbi.nlm.nih.gov/genomes/all/GCF/030/166/355/GCF_030166355.1_ASM3016635v1	./Development/ThreeFold/data/external/Salmonella/GCF_030166355.1_ASM3016635v1_genomic.fna.gz
GCF_030168445.1	PRJNA224116	SAMN28928351	na	na	na	na	59201	28901	Salmonella enterica subsp. enterica	strain=CRSE-01	na	latest	Complete Genome	Major	Full	2023-06-05	ASM3016844v1		GCA_030168445.1	identical	https://ftp.ncbi.nlm.nih.gov/genomes/all/GCF/030/168/445/GCF_030168445.1_ASM3016844v1	./Development/ThreeFold/data/external/Salmonella/GCF_030168445.1_ASM3016844v1_genomic.fna.gz
GCF_030436425.1	PRJNA224116	SAMN35714917	na	na	na	na	59201	28901	Salmonella enterica subsp. enterica	strain=BC06	na	latest	Complete Genome	Major	Full	2023-07-11	ASM3043642v1		GCA_030436425.1	identical	https://ftp.ncbi.nlm.nih.gov/genomes/all/GCF/030/436/425/GCF_030436425.1_ASM3043642v1	./Development/ThreeFold/data/external/Salmonella/GCF_030436425.1_ASM3043642v1_genomic.fna.gz
GCF_030439685.1	PRJNA224116	SAMN35714885	na	na	na	na	59201	28901	Salmonella enterica subsp. enterica	strain=BC04	na	latest	Complete Genome	Major	Full	2023-07-11	ASM3043968v1		GCA_030439685.1	identical	https://ftp.ncbi.nlm.nih.gov/genomes/all/GCF/030/439/685/GCF_030439685.1_ASM3043968v1	./Development/ThreeFold/data/external/Salmonella/GCF_030439685.1_ASM3043968v1_genomic.fna.gz
GCF_030517175.1	PRJNA224116	SAMN34994532	na	na	na	na	59201	28901	Salmonella enterica subsp. enterica	strain=4_29_19	na	latest	Complete Genome	Major	Full	2023-07-21	ASM3051717v1		GCA_030517175.1	identical	https://ftp.ncbi.nlm.nih.gov/genomes/all/GCF/030/517/175/GCF_030517175.1_ASM3051717v1	./Development/ThreeFold/data/external/Salmonella/GCF_030517175.1_ASM3051717v1_genomic.fna.gz
GCF_030913595.1	PRJNA224116	SAMN37070677	na	na	na	na	59201	28901	Salmonella enterica subsp. enterica	strain=Z1323CSL0015	na	latest	Complete Genome	Major	Full	2023-08-28	ASM3091359v1		GCA_030913595.1	identical	https://ftp.ncbi.nlm.nih.gov/genomes/all/GCF/030/913/595/GCF_030913595.1_ASM3091359v1	./Development/ThreeFold/data/external/Salmonella/GCF_030913595.1_ASM3091359v1_genomic.fna.gz
GCF_030913615.1	PRJNA224116	SAMN37071417	na	na	na	na	59201	28901	Salmonella enterica subsp. enterica	strain=Z1323SSL0063	na	latest	Complete Genome	Major	Full	2023-08-28	ASM3091361v1		GCA_030913615.1	identical	https://ftp.ncbi.nlm.nih.gov/genomes/all/GCF/030/913/615/GCF_030913615.1_ASM3091361v1	./Development/ThreeFold/data/external/Salmonella/GCF_030913615.1_ASM3091361v1_genomic.fna.gz
GCF_031035935.1	PRJNA224116	SAMN16789119	na	na	na	na	59201	28901	Salmonella enterica subsp. enterica	strain=C18	na	latest	Complete Genome	Major	Full	2023-08-31	ASM3103593v1		GCA_031035935.1	identical	https://ftp.ncbi.nlm.nih.gov/genomes/all/GCF/031/035/935/GCF_031035935.1_ASM3103593v1	./Development/ThreeFold/data/external/Salmonella/GCF_031035935.1_ASM3103593v1_genomic.fna.gz
GCF_031036275.1	PRJNA224116	SAMN16807074	na	na	na	na	59201	28901	Salmonella enterica subsp. enterica	strain=175 ARN	na	latest	Complete Genome	Major	Full	2023-08-31	ASM3103627v1		GCA_031036275.1	identical	https://ftp.ncbi.nlm.nih.gov/genomes/all/GCF/031/036/275/GCF_031036275.1_ASM3103627v1	./Development/ThreeFold/data/external/Salmonella/GCF_031036275.1_ASM3103627v1_genomic.fna.gz
GCF_031036295.1	PRJNA224116	SAMN16807073	na	na	na	na	59201	28901	Salmonella enterica subsp. enterica	strain=172	na	latest	Complete Genome	Major	Full	2023-08-31	ASM3103629v1		GCA_031036295.1	identical	https://ftp.ncbi.nlm.nih.gov/genomes/all/GCF/031/036/295/GCF_031036295.1_ASM3103629v1	./Development/ThreeFold/data/external/Salmonella/GCF_031036295.1_ASM3103629v1_genomic.fna.gz
GCF_031036315.1	PRJNA224116	SAMN16807072	na	na	na	na	59201	28901	Salmonella enterica subsp. enterica	strain=171	na	latest	Complete Genome	Major	Full	2023-08-31	ASM3103631v1		GCA_031036315.1	identical	https://ftp.ncbi.nlm.nih.gov/genomes/all/GCF/031/036/315/GCF_031036315.1_ASM3103631v1	./Development/ThreeFold/data/external/Salmonella/GCF_031036315.1_ASM3103631v1_genomic.fna.gz
GCF_031036335.1	PRJNA224116	SAMN16807071	na	na	na	na	59201	28901	Salmonella enterica subsp. enterica	strain=151-ARN	na	latest	Complete Genome	Major	Full	2023-08-31	ASM3103633v1		GCA_031036335.1	identical	https://ftp.ncbi.nlm.nih.gov/genomes/all/GCF/031/036/335/GCF_031036335.1_ASM3103633v1	./Development/ThreeFold/data/external/Salmonella/GCF_031036335.1_ASM3103633v1_genomic.fna.gz
GCF_031036455.1	PRJNA224116	SAMN16807070	na	na	na	na	59201	28901	Salmonella enterica subsp. enterica	strain=C7	na	latest	Complete Genome	Major	Full	2023-08-31	ASM3103645v1		GCA_031036455.1	identical	https://ftp.ncbi.nlm.nih.gov/genomes/all/GCF/031/036/455/GCF_031036455.1_ASM3103645v1	./Development/ThreeFold/data/external/Salmonella/GCF_031036455.1_ASM3103645v1_genomic.fna.gz
GCF_031036675.1	PRJNA224116	SAMN16807069	na	na	na	na	59201	28901	Salmonella enterica subsp. enterica	strain=RG21060838	na	latest	Complete Genome	Major	Full	2023-08-31	ASM3103667v1		GCA_031036675.1	identical	https://ftp.ncbi.nlm.nih.gov/genomes/all/GCF/031/036/675/GCF_031036675.1_ASM3103667v1	./Development/ThreeFold/data/external/Salmonella/GCF_031036675.1_ASM3103667v1_genomic.fna.gz
GCF_031036835.1	PRJNA224116	SAMN16807067	na	na	na	na	59201	28901	Salmonella enterica subsp. enterica	strain=1-E6	na	latest	Complete Genome	Major	Full	2023-08-31	ASM3103683v1		GCA_031036835.1	identical	https://ftp.ncbi.nlm.nih.gov/genomes/all/GCF/031/036/835/GCF_031036835.1_ASM3103683v1	./Development/ThreeFold/data/external/Salmonella/GCF_031036835.1_ASM3103683v1_genomic.fna.gz
GCF_031037015.1	PRJNA224116	SAMN16807091	na	na	na	na	59201	28901	Salmonella enterica subsp. enterica	strain=SENT0189	na	latest	Complete Genome	Major	Full	2023-08-31	ASM3103701v1		GCA_031037015.1	identical	https://ftp.ncbi.nlm.nih.gov/genomes/all/GCF/031/037/015/GCF_031037015.1_ASM3103701v1	./Development/ThreeFold/data/external/Salmonella/GCF_031037015.1_ASM3103701v1_genomic.fna.gz
GCF_031038275.1	PRJNA224116	SAMN16807075	na	na	na	na	59201	28901	Salmonella enterica subsp. enterica	strain=178	na	latest	Complete Genome	Major	Full	2023-08-31	ASM3103827v1		GCA_031038275.1	identical	https://ftp.ncbi.nlm.nih.gov/genomes/all/GCF/031/038/275/GCF_031038275.1_ASM3103827v1	./Development/ThreeFold/data/external/Salmonella/GCF_031038275.1_ASM3103827v1_genomic.fna.gz
GCF_031038815.1	PRJNA224116	SAMN16807090	na	na	na	na	59201	28901	Salmonella enterica subsp. enterica	strain=SENT0182	na	latest	Complete Genome	Major	Full	2023-08-31	ASM3103881v1		GCA_031038815.1	identical	https://ftp.ncbi.nlm.nih.gov/genomes/all/GCF/031/038/815/GCF_031038815.1_ASM3103881v1	./Development/ThreeFold/data/external/Salmonella/GCF_031038815.1_ASM3103881v1_genomic.fna.gz
GCF_031038915.1	PRJNA224116	SAMN16807089	na	na	na	na	59201	28901	Salmonella enterica subsp. enterica	strain=SENT0180	na	latest	Complete Genome	Major	Full	2023-08-31	ASM3103891v1		GCA_031038915.1	identical	https://ftp.ncbi.nlm.nih.gov/genomes/all/GCF/031/038/915/GCF_031038915.1_ASM3103891v1	./Development/ThreeFold/data/external/Salmonella/GCF_031038915.1_ASM3103891v1_genomic.fna.gz
GCF_031038935.1	PRJNA224116	SAMN16807088	na	na	na	na	59201	28901	Salmonella enterica subsp. enterica	strain=SENT0164	na	latest	Complete Genome	Major	Full	2023-08-31	ASM3103893v1		GCA_031038935.1	identical	https://ftp.ncbi.nlm.nih.gov/genomes/all/GCF/031/038/935/GCF_031038935.1_ASM3103893v1	./Development/ThreeFold/data/external/Salmonella/GCF_031038935.1_ASM3103893v1_genomic.fna.gz
GCF_031038955.1	PRJNA224116	SAMN16807087	na	na	na	na	59201	28901	Salmonella enterica subsp. enterica	strain=SENT0163	na	latest	Complete Genome	Major	Full	2023-08-31	ASM3103895v1		GCA_031038955.1	identical	https://ftp.ncbi.nlm.nih.gov/genomes/all/GCF/031/038/955/GCF_031038955.1_ASM3103895v1	./Development/ThreeFold/data/external/Salmonella/GCF_031038955.1_ASM3103895v1_genomic.fna.gz
GCF_031038975.1	PRJNA224116	SAMN16807086	na	na	na	na	59201	28901	Salmonella enterica subsp. enterica	strain=SENT0159	na	latest	Complete Genome	Major	Full	2023-08-31	ASM3103897v1		GCA_031038975.1	identical	https://ftp.ncbi.nlm.nih.gov/genomes/all/GCF/031/038/975/GCF_031038975.1_ASM3103897v1	./Development/ThreeFold/data/external/Salmonella/GCF_031038975.1_ASM3103897v1_genomic.fna.gz
GCF_031038995.1	PRJNA224116	SAMN16807085	na	na	na	na	59201	28901	Salmonella enterica subsp. enterica	strain=SENT0153	na	latest	Complete Genome	Major	Full	2023-08-31	ASM3103899v1		GCA_031038995.1	identical	https://ftp.ncbi.nlm.nih.gov/genomes/all/GCF/031/038/995/GCF_031038995.1_ASM3103899v1	./Development/ThreeFold/data/external/Salmonella/GCF_031038995.1_ASM3103899v1_genomic.fna.gz
GCF_031039015.1	PRJNA224116	SAMN16807083	na	na	na	na	59201	28901	Salmonella enterica subsp. enterica	strain=SENT0144	na	latest	Complete Genome	Major	Full	2023-08-31	ASM3103901v1		GCA_031039015.1	identical	https://ftp.ncbi.nlm.nih.gov/genomes/all/GCF/031/039/015/GCF_031039015.1_ASM3103901v1	./Development/ThreeFold/data/external/Salmonella/GCF_031039015.1_ASM3103901v1_genomic.fna.gz
GCF_031039035.1	PRJNA224116	SAMN16807082	na	na	na	na	59201	28901	Salmonella enterica subsp. enterica	strain=SENT0143	na	latest	Complete Genome	Major	Full	2023-08-31	ASM3103903v1		GCA_031039035.1	identical	https://ftp.ncbi.nlm.nih.gov/genomes/all/GCF/031/039/035/GCF_031039035.1_ASM3103903v1	./Development/ThreeFold/data/external/Salmonella/GCF_031039035.1_ASM3103903v1_genomic.fna.gz
GCF_031039175.1	PRJNA224116	SAMN16807080	na	na	na	na	59201	28901	Salmonella enterica subsp. enterica	strain=SENT0080	na	latest	Complete Genome	Major	Full	2023-08-31	ASM3103917v1		GCA_031039175.1	identical	https://ftp.ncbi.nlm.nih.gov/genomes/all/GCF/031/039/175/GCF_031039175.1_ASM3103917v1	./Development/ThreeFold/data/external/Salmonella/GCF_031039175.1_ASM3103917v1_genomic.fna.gz
GCF_031039375.1	PRJNA224116	SAMN16807079	na	na	na	na	59201	28901	Salmonella enterica subsp. enterica	strain=SENT0077	na	latest	Complete Genome	Major	Full	2023-08-31	ASM3103937v1		GCA_031039375.1	identical	https://ftp.ncbi.nlm.nih.gov/genomes/all/GCF/031/039/375/GCF_031039375.1_ASM3103937v1	./Development/ThreeFold/data/external/Salmonella/GCF_031039375.1_ASM3103937v1_genomic.fna.gz
GCF_031039535.1	PRJNA224116	SAMN16807078	na	na	na	na	59201	28901	Salmonella enterica subsp. enterica	strain=SENT0075	na	latest	Complete Genome	Major	Full	2023-08-31	ASM3103953v1		GCA_031039535.1	identical	https://ftp.ncbi.nlm.nih.gov/genomes/all/GCF/031/039/535/GCF_031039535.1_ASM3103953v1	./Development/ThreeFold/data/external/Salmonella/GCF_031039535.1_ASM3103953v1_genomic.fna.gz
GCF_031039735.1	PRJNA224116	SAMN16807077	na	na	na	na	59201	28901	Salmonella enterica subsp. enterica	strain=SENT0058	na	latest	Complete Genome	Major	Full	2023-08-31	ASM3103973v1		GCA_031039735.1	identical	https://ftp.ncbi.nlm.nih.gov/genomes/all/GCF/031/039/735/GCF_031039735.1_ASM3103973v1	./Development/ThreeFold/data/external/Salmonella/GCF_031039735.1_ASM3103973v1_genomic.fna.gz
GCF_031039875.1	PRJNA224116	SAMN16807076	na	na	na	na	59201	28901	Salmonella enterica subsp. enterica	strain=SENT0044	na	latest	Complete Genome	Major	Full	2023-08-31	ASM3103987v1		GCA_031039875.1	identical	https://ftp.ncbi.nlm.nih.gov/genomes/all/GCF/031/039/875/GCF_031039875.1_ASM3103987v1	./Development/ThreeFold/data/external/Salmonella/GCF_031039875.1_ASM3103987v1_genomic.fna.gz
GCF_032938035.1	PRJNA224116	SAMN37640154	na	na	na	na	59201	28901	Salmonella enterica subsp. enterica	strain=LA5	775	latest	Complete Genome	Major	Full	2023-10-23	ASM3293803v1		GCA_032938035.1	identical	https://ftp.ncbi.nlm.nih.gov/genomes/all/GCF/032/938/035/GCF_032938035.1_ASM3293803v1	./Development/ThreeFold/data/external/Salmonella/GCF_032938035.1_ASM3293803v1_genomic.fna.gz
GCF_038380085.1	PRJNA224116	SAMN29867062	na	na	na	na	59201	28901	Salmonella enterica subsp. enterica	strain=IdAB102	na	latest	Complete Genome	Major	Full	2024-04-20	ASM3838008v1		GCA_038380085.1	identical	https://ftp.ncbi.nlm.nih.gov/genomes/all/GCF/038/380/085/GCF_038380085.1_ASM3838008v1	./Development/ThreeFold/data/external/Salmonella/GCF_038380085.1_ASM3838008v1_genomic.fna.gz
GCF_038380095.1	PRJNA224116	SAMN29867063	na	na	na	na	59201	28901	Salmonella enterica subsp. enterica	strain=IdAB109	na	latest	Complete Genome	Major	Full	2024-04-20	ASM3838009v1		GCA_038380095.1	identical	https://ftp.ncbi.nlm.nih.gov/genomes/all/GCF/038/380/095/GCF_038380095.1_ASM3838009v1	./Development/ThreeFold/data/external/Salmonella/GCF_038380095.1_ASM3838009v1_genomic.fna.gz
GCF_038380105.1	PRJNA224116	SAMN29826157	na	na	na	na	59201	28901	Salmonella enterica subsp. enterica	strain=IdAB45	na	latest	Complete Genome	Major	Full	2024-04-20	ASM3838010v1		GCA_038380105.1	identical	https://ftp.ncbi.nlm.nih.gov/genomes/all/GCF/038/380/105/GCF_038380105.1_ASM3838010v1	./Development/ThreeFold/data/external/Salmonella/GCF_038380105.1_ASM3838010v1_genomic.fna.gz
GCF_040822475.1	PRJNA224116	SAMN42350235	na	na	na	na	59201	28901	Salmonella enterica subsp. enterica	strain=N22-2793	na	latest	Complete Genome	Major	Full	2024-07-24	ASM4082247v1		GCA_040822475.1	identical	https://ftp.ncbi.nlm.nih.gov/genomes/all/GCF/040/822/475/GCF_040822475.1_ASM4082247v1	./Development/ThreeFold/data/external/Salmonella/GCF_040822475.1_ASM4082247v1_genomic.fna.gz
GCF_040822485.1	PRJNA224116	SAMN42350244	na	na	na	na	59201	28901	Salmonella enterica subsp. enterica	strain=N23-2536	na	latest	Complete Genome	Major	Full	2024-07-24	ASM4082248v1		GCA_040822485.1	identical	https://ftp.ncbi.nlm.nih.gov/genomes/all/GCF/040/822/485/GCF_040822485.1_ASM4082248v1	./Development/ThreeFold/data/external/Salmonella/GCF_040822485.1_ASM4082248v1_genomic.fna.gz
GCF_040822495.1	PRJNA224116	SAMN42350250	na	na	na	na	59201	28901	Salmonella enterica subsp. enterica	strain=N23-2949	na	latest	Complete Genome	Major	Full	2024-07-24	ASM4082249v1		GCA_040822495.1	identical	https://ftp.ncbi.nlm.nih.gov/genomes/all/GCF/040/822/495/GCF_040822495.1_ASM4082249v1	./Development/ThreeFold/data/external/Salmonella/GCF_040822495.1_ASM4082249v1_genomic.fna.gz
GCF_040822505.1	PRJNA224116	SAMN42350252	na	na	na	na	59201	28901	Salmonella enterica subsp. enterica	strain=N23-3106	na	latest	Complete Genome	Major	Full	2024-07-24	ASM4082250v1		GCA_040822505.1	identical	https://ftp.ncbi.nlm.nih.gov/genomes/all/GCF/040/822/505/GCF_040822505.1_ASM4082250v1	./Development/ThreeFold/data/external/Salmonella/GCF_040822505.1_ASM4082250v1_genomic.fna.gz
GCF_040822515.1	PRJNA224116	SAMN42350230	na	na	na	na	59201	28901	Salmonella enterica subsp. enterica	strain=N22-2407	na	latest	Complete Genome	Major	Full	2024-07-24	ASM4082251v1		GCA_040822515.1	identical	https://ftp.ncbi.nlm.nih.gov/genomes/all/GCF/040/822/515/GCF_040822515.1_ASM4082251v1	./Development/ThreeFold/data/external/Salmonella/GCF_040822515.1_ASM4082251v1_genomic.fna.gz
GCF_040822525.1	PRJNA224116	SAMN42350237	na	na	na	na	59201	28901	Salmonella enterica subsp. enterica	strain=N22-3027	na	latest	Complete Genome	Major	Full	2024-07-24	ASM4082252v1		GCA_040822525.1	identical	https://ftp.ncbi.nlm.nih.gov/genomes/all/GCF/040/822/525/GCF_040822525.1_ASM4082252v1	./Development/ThreeFold/data/external/Salmonella/GCF_040822525.1_ASM4082252v1_genomic.fna.gz
GCF_040822535.1	PRJNA224116	SAMN42350239	na	na	na	na	59201	28901	Salmonella enterica subsp. enterica	strain=N22-3274	na	latest	Complete Genome	Major	Full	2024-07-24	ASM4082253v1		GCA_040822535.1	identical	https://ftp.ncbi.nlm.nih.gov/genomes/all/GCF/040/822/535/GCF_040822535.1_ASM4082253v1	./Development/ThreeFold/data/external/Salmonella/GCF_040822535.1_ASM4082253v1_genomic.fna.gz
GCF_040895365.1	PRJNA224116	SAMN42350241	na	na	na	na	59201	28901	Salmonella enterica subsp. enterica	strain=N23-0176	na	latest	Complete Genome	Major	Full	2024-07-29	ASM4089536v1		GCA_040895365.1	identical	https://ftp.ncbi.nlm.nih.gov/genomes/all/GCF/040/895/365/GCF_040895365.1_ASM4089536v1	./Development/ThreeFold/data/external/Salmonella/GCF_040895365.1_ASM4089536v1_genomic.fna.gz
GCF_040895435.1	PRJNA224116	SAMN42350243	na	na	na	na	59201	28901	Salmonella enterica subsp. enterica	strain=N23-2346	na	latest	Complete Genome	Major	Full	2024-07-29	ASM4089543v1		GCA_040895435.1	identical	https://ftp.ncbi.nlm.nih.gov/genomes/all/GCF/040/895/435/GCF_040895435.1_ASM4089543v1	./Development/ThreeFold/data/external/Salmonella/GCF_040895435.1_ASM4089543v1_genomic.fna.gz
GCF_040895765.1	PRJNA224116	SAMN42350247	na	na	na	na	59201	28901	Salmonella enterica subsp. enterica	strain=N23-2656	na	latest	Complete Genome	Major	Full	2024-07-29	ASM4089576v1		GCA_040895765.1	identical	https://ftp.ncbi.nlm.nih.gov/genomes/all/GCF/040/895/765/GCF_040895765.1_ASM4089576v1	./Development/ThreeFold/data/external/Salmonella/GCF_040895765.1_ASM4089576v1_genomic.fna.gz
GCF_040895795.1	PRJNA224116	SAMN42350251	na	na	na	na	59201	28901	Salmonella enterica subsp. enterica	strain=N23-3017	na	latest	Complete Genome	Major	Full	2024-07-29	ASM4089579v1		GCA_040895795.1	identical	https://ftp.ncbi.nlm.nih.gov/genomes/all/GCF/040/895/795/GCF_040895795.1_ASM4089579v1	./Development/ThreeFold/data/external/Salmonella/GCF_040895795.1_ASM4089579v1_genomic.fna.gz
GCF_040895825.1	PRJNA224116	SAMN42350253	na	na	na	na	59201	28901	Salmonella enterica subsp. enterica	strain=N23-3186	na	latest	Complete Genome	Major	Full	2024-07-29	ASM4089582v1		GCA_040895825.1	identical	https://ftp.ncbi.nlm.nih.gov/genomes/all/GCF/040/895/825/GCF_040895825.1_ASM4089582v1	./Development/ThreeFold/data/external/Salmonella/GCF_040895825.1_ASM4089582v1_genomic.fna.gz
GCF_040896175.1	PRJNA224116	SAMN42350254	na	na	na	na	59201	28901	Salmonella enterica subsp. enterica	strain=N23-3271	na	latest	Complete Genome	Major	Full	2024-07-29	ASM4089617v1		GCA_040896175.1	identical	https://ftp.ncbi.nlm.nih.gov/genomes/all/GCF/040/896/175/GCF_040896175.1_ASM4089617v1	./Development/ThreeFold/data/external/Salmonella/GCF_040896175.1_ASM4089617v1_genomic.fna.gz
GCF_040956495.1	PRJNA224116	SAMN42350232	na	na	na	na	59201	28901	Salmonella enterica subsp. enterica	strain=N22-2585	na	latest	Complete Genome	Major	Full	2024-07-31	ASM4095649v1		GCA_040956495.1	identical	https://ftp.ncbi.nlm.nih.gov/genomes/all/GCF/040/956/495/GCF_040956495.1_ASM4095649v1	./Development/ThreeFold/data/external/Salmonella/GCF_040956495.1_ASM4095649v1_genomic.fna.gz
GCF_040956515.1	PRJNA224116	SAMN42350233	na	na	na	na	59201	28901	Salmonella enterica subsp. enterica	strain=N22-2601	na	latest	Complete Genome	Major	Full	2024-07-31	ASM4095651v1		GCA_040956515.1	identical	https://ftp.ncbi.nlm.nih.gov/genomes/all/GCF/040/956/515/GCF_040956515.1_ASM4095651v1	./Development/ThreeFold/data/external/Salmonella/GCF_040956515.1_ASM4095651v1_genomic.fna.gz
GCF_040956555.1	PRJNA224116	SAMN42350236	na	na	na	na	59201	28901	Salmonella enterica subsp. enterica	strain=N22-2929	na	latest	Complete Genome	Major	Full	2024-07-31	ASM4095655v1		GCA_040956555.1	identical	https://ftp.ncbi.nlm.nih.gov/genomes/all/GCF/040/956/555/GCF_040956555.1_ASM4095655v1	./Development/ThreeFold/data/external/Salmonella/GCF_040956555.1_ASM4095655v1_genomic.fna.gz
GCF_040956595.1	PRJNA224116	SAMN42350238	na	na	na	na	59201	28901	Salmonella enterica subsp. enterica	strain=N22-3044	na	latest	Complete Genome	Major	Full	2024-07-31	ASM4095659v1		GCA_040956595.1	identical	https://ftp.ncbi.nlm.nih.gov/genomes/all/GCF/040/956/595/GCF_040956595.1_ASM4095659v1	./Development/ThreeFold/data/external/Salmonella/GCF_040956595.1_ASM4095659v1_genomic.fna.gz
GCF_040956715.1	PRJNA224116	SAMN42350240	na	na	na	na	59201	28901	Salmonella enterica subsp. enterica	strain=N22-3340	na	latest	Complete Genome	Major	Full	2024-07-31	ASM4095671v1		GCA_040956715.1	identical	https://ftp.ncbi.nlm.nih.gov/genomes/all/GCF/040/956/715/GCF_040956715.1_ASM4095671v1	./Development/ThreeFold/data/external/Salmonella/GCF_040956715.1_ASM4095671v1_genomic.fna.gz
GCF_040956775.1	PRJNA224116	SAMN42350242	na	na	na	na	59201	28901	Salmonella enterica subsp. enterica	strain=N23-0392	na	latest	Complete Genome	Major	Full	2024-07-31	ASM4095677v1		GCA_040956775.1	identical	https://ftp.ncbi.nlm.nih.gov/genomes/all/GCF/040/956/775/GCF_040956775.1_ASM4095677v1	./Development/ThreeFold/data/external/Salmonella/GCF_040956775.1_ASM4095677v1_genomic.fna.gz
GCF_040956895.1	PRJNA224116	SAMN42350245	na	na	na	na	59201	28901	Salmonella enterica subsp. enterica	strain=N23-2537	na	latest	Complete Genome	Major	Full	2024-07-31	ASM4095689v1		GCA_040956895.1	identical	https://ftp.ncbi.nlm.nih.gov/genomes/all/GCF/040/956/895/GCF_040956895.1_ASM4095689v1	./Development/ThreeFold/data/external/Salmonella/GCF_040956895.1_ASM4095689v1_genomic.fna.gz
GCF_040956915.1	PRJNA224116	SAMN42350246	na	na	na	na	59201	28901	Salmonella enterica subsp. enterica	strain=N23-2621	na	latest	Complete Genome	Major	Full	2024-07-31	ASM4095691v1		GCA_040956915.1	identical	https://ftp.ncbi.nlm.nih.gov/genomes/all/GCF/040/956/915/GCF_040956915.1_ASM4095691v1	./Development/ThreeFold/data/external/Salmonella/GCF_040956915.1_ASM4095691v1_genomic.fna.gz
GCF_040969815.1	PRJNA224116	SAMN42720447	na	na	na	na	59201	28901	Salmonella enterica subsp. enterica	strain=2742	na	latest	Complete Genome	Major	Full	2024-08-02	ASM4096981v1		GCA_040969815.1	identical	https://ftp.ncbi.nlm.nih.gov/genomes/all/GCF/040/969/815/GCF_040969815.1_ASM4096981v1	./Development/ThreeFold/data/external/Salmonella/GCF_040969815.1_ASM4096981v1_genomic.fna.gz
GCF_041411015.1	PRJNA224116	SAMN23139133	na	na	na	na	59201	28901	Salmonella enterica subsp. enterica	strain=Z01320SL0045	na	latest	Complete Genome	Major	Full	2024-08-25	ASM4141101v1		GCA_041411015.1	identical	https://ftp.ncbi.nlm.nih.gov/genomes/all/GCF/041/411/015/GCF_041411015.1_ASM4141101v1	./Development/ThreeFold/data/external/Salmonella/GCF_041411015.1_ASM4141101v1_genomic.fna.gz
GCF_041411055.1	PRJNA224116	SAMN23139132	na	na	na	na	59201	28901	Salmonella enterica subsp. enterica	strain=Z01320SL0044	na	latest	Complete Genome	Major	Full	2024-08-25	ASM4141105v1		GCA_041411055.1	identical	https://ftp.ncbi.nlm.nih.gov/genomes/all/GCF/041/411/055/GCF_041411055.1_ASM4141105v1	./Development/ThreeFold/data/external/Salmonella/GCF_041411055.1_ASM4141105v1_genomic.fna.gz
GCF_041411125.1	PRJNA224116	SAMN23139131	na	na	na	na	59201	28901	Salmonella enterica subsp. enterica	strain=Z01320SL0043	na	latest	Complete Genome	Major	Full	2024-08-25	ASM4141112v1		GCA_041411125.1	identical	https://ftp.ncbi.nlm.nih.gov/genomes/all/GCF/041/411/125/GCF_041411125.1_ASM4141112v1	./Development/ThreeFold/data/external/Salmonella/GCF_041411125.1_ASM4141112v1_genomic.fna.gz
GCF_041411135.1	PRJNA224116	SAMN23139130	na	na	na	na	59201	28901	Salmonella enterica subsp. enterica	strain=Z01320SL0042	na	latest	Complete Genome	Major	Full	2024-08-25	ASM4141113v1		GCA_041411135.1	identical	https://ftp.ncbi.nlm.nih.gov/genomes/all/GCF/041/411/135/GCF_041411135.1_ASM4141113v1	./Development/ThreeFold/data/external/Salmonella/GCF_041411135.1_ASM4141113v1_genomic.fna.gz
GCF_041411165.1	PRJNA224116	SAMN23139129	na	na	na	na	59201	28901	Salmonella enterica subsp. enterica	strain=Z01320SL0041	na	latest	Complete Genome	Major	Full	2024-08-25	ASM4141116v1		GCA_041411165.1	identical	https://ftp.ncbi.nlm.nih.gov/genomes/all/GCF/041/411/165/GCF_041411165.1_ASM4141116v1	./Development/ThreeFold/data/external/Salmonella/GCF_041411165.1_ASM4141116v1_genomic.fna.gz
GCF_041411195.1	PRJNA224116	SAMN23139128	na	na	na	na	59201	28901	Salmonella enterica subsp. enterica	strain=Z01320SL0040	na	latest	Complete Genome	Major	Full	2024-08-25	ASM4141119v1		GCA_041411195.1	identical	https://ftp.ncbi.nlm.nih.gov/genomes/all/GCF/041/411/195/GCF_041411195.1_ASM4141119v1	./Development/ThreeFold/data/external/Salmonella/GCF_041411195.1_ASM4141119v1_genomic.fna.gz
GCF_041411215.1	PRJNA224116	SAMN23139126	na	na	na	na	59201	28901	Salmonella enterica subsp. enterica	strain=Z01320SL0038	na	latest	Complete Genome	Major	Full	2024-08-25	ASM4141121v1		GCA_041411215.1	identical	https://ftp.ncbi.nlm.nih.gov/genomes/all/GCF/041/411/215/GCF_041411215.1_ASM4141121v1	./Development/ThreeFold/data/external/Salmonella/GCF_041411215.1_ASM4141121v1_genomic.fna.gz
GCF_041411245.1	PRJNA224116	SAMN23139125	na	na	na	na	59201	28901	Salmonella enterica subsp. enterica	strain=Z01320SL0037	na	latest	Complete Genome	Major	Full	2024-08-23	ASM4141124v1		GCA_041411245.1	identical	https://ftp.ncbi.nlm.nih.gov/genomes/all/GCF/041/411/245/GCF_041411245.1_ASM4141124v1	./Development/ThreeFold/data/external/Salmonella/GCF_041411245.1_ASM4141124v1_genomic.fna.gz
GCF_041411255.1	PRJNA224116	SAMN23139124	na	na	na	na	59201	28901	Salmonella enterica subsp. enterica	strain=Z01320SL0036	na	latest	Complete Genome	Major	Full	2024-08-23	ASM4141125v1		GCA_041411255.1	identical	https://ftp.ncbi.nlm.nih.gov/genomes/all/GCF/041/411/255/GCF_041411255.1_ASM4141125v1	./Development/ThreeFold/data/external/Salmonella/GCF_041411255.1_ASM4141125v1_genomic.fna.gz
GCF_041411265.1	PRJNA224116	SAMN23139123	na	na	na	na	59201	28901	Salmonella enterica subsp. enterica	strain=Z01320SL0035	na	latest	Complete Genome	Major	Full	2024-08-23	ASM4141126v1		GCA_041411265.1	identical	https://ftp.ncbi.nlm.nih.gov/genomes/all/GCF/041/411/265/GCF_041411265.1_ASM4141126v1	./Development/ThreeFold/data/external/Salmonella/GCF_041411265.1_ASM4141126v1_genomic.fna.gz
GCF_041411275.1	PRJNA224116	SAMN23139122	na	na	na	na	59201	28901	Salmonella enterica subsp. enterica	strain=Z01320SL0034	na	latest	Complete Genome	Major	Full	2024-08-23	ASM4141127v1		GCA_041411275.1	identical	https://ftp.ncbi.nlm.nih.gov/genomes/all/GCF/041/411/275/GCF_041411275.1_ASM4141127v1	./Development/ThreeFold/data/external/Salmonella/GCF_041411275.1_ASM4141127v1_genomic.fna.gz
GCF_041411285.1	PRJNA224116	SAMN23139121	na	na	na	na	59201	28901	Salmonella enterica subsp. enterica	strain=Z01320SL0033	na	latest	Complete Genome	Major	Full	2024-08-23	ASM4141128v1		GCA_041411285.1	identical	https://ftp.ncbi.nlm.nih.gov/genomes/all/GCF/041/411/285/GCF_041411285.1_ASM4141128v1	./Development/ThreeFold/data/external/Salmonella/GCF_041411285.1_ASM4141128v1_genomic.fna.gz
GCF_041411315.1	PRJNA224116	SAMN23139120	na	na	na	na	59201	28901	Salmonella enterica subsp. enterica	strain=Z01320SL0032	na	latest	Complete Genome	Major	Full	2024-08-23	ASM4141131v1		GCA_041411315.1	identical	https://ftp.ncbi.nlm.nih.gov/genomes/all/GCF/041/411/315/GCF_041411315.1_ASM4141131v1	./Development/ThreeFold/data/external/Salmonella/GCF_041411315.1_ASM4141131v1_genomic.fna.gz
GCF_041411325.1	PRJNA224116	SAMN23139119	na	na	na	na	59201	28901	Salmonella enterica subsp. enterica	strain=Z01320SL0031	na	latest	Complete Genome	Major	Full	2024-08-23	ASM4141132v1		GCA_041411325.1	identical	https://ftp.ncbi.nlm.nih.gov/genomes/all/GCF/041/411/325/GCF_041411325.1_ASM4141132v1	./Development/ThreeFold/data/external/Salmonella/GCF_041411325.1_ASM4141132v1_genomic.fna.gz
GCF_041411335.1	PRJNA224116	SAMN23139118	na	na	na	na	59201	28901	Salmonella enterica subsp. enterica	strain=Z01320SL0030	na	latest	Complete Genome	Major	Full	2024-08-23	ASM4141133v1		GCA_041411335.1	identical	https://ftp.ncbi.nlm.nih.gov/genomes/all/GCF/041/411/335/GCF_041411335.1_ASM4141133v1	./Development/ThreeFold/data/external/Salmonella/GCF_041411335.1_ASM4141133v1_genomic.fna.gz
GCF_041411885.1	PRJNA224116	SAMN23139117	na	na	na	na	59201	28901	Salmonella enterica subsp. enterica	strain=Z01320SL0029	na	latest	Complete Genome	Major	Full	2024-08-23	ASM4141188v1		GCA_041411885.1	identical	https://ftp.ncbi.nlm.nih.gov/genomes/all/GCF/041/411/885/GCF_041411885.1_ASM4141188v1	./Development/ThreeFold/data/external/Salmonella/GCF_041411885.1_ASM4141188v1_genomic.fna.gz
GCF_041411935.1	PRJNA224116	SAMN23139116	na	na	na	na	59201	28901	Salmonella enterica subsp. enterica	strain=Z01319SL0020	na	latest	Complete Genome	Major	Full	2024-08-23	ASM4141193v1		GCA_041411935.1	identical	https://ftp.ncbi.nlm.nih.gov/genomes/all/GCF/041/411/935/GCF_041411935.1_ASM4141193v1	./Development/ThreeFold/data/external/Salmonella/GCF_041411935.1_ASM4141193v1_genomic.fna.gz
GCF_041411985.1	PRJNA224116	SAMN23139115	na	na	na	na	59201	28901	Salmonella enterica subsp. enterica	strain=Z01319SL0022	na	latest	Complete Genome	Major	Full	2024-08-23	ASM4141198v1		GCA_041411985.1	identical	https://ftp.ncbi.nlm.nih.gov/genomes/all/GCF/041/411/985/GCF_041411985.1_ASM4141198v1	./Development/ThreeFold/data/external/Salmonella/GCF_041411985.1_ASM4141198v1_genomic.fna.gz
GCF_041412005.1	PRJNA224116	SAMN23139114	na	na	na	na	59201	28901	Salmonella enterica subsp. enterica	strain=Z01319SL0017	na	latest	Complete Genome	Major	Full	2024-08-23	ASM4141200v1		GCA_041412005.1	identical	https://ftp.ncbi.nlm.nih.gov/genomes/all/GCF/041/412/005/GCF_041412005.1_ASM4141200v1	./Development/ThreeFold/data/external/Salmonella/GCF_041412005.1_ASM4141200v1_genomic.fna.gz
GCF_041412055.1	PRJNA224116	SAMN23139113	na	na	na	na	59201	28901	Salmonella enterica subsp. enterica	strain=Z01319SL0016	na	latest	Complete Genome	Major	Full	2024-08-23	ASM4141205v1		GCA_041412055.1	identical	https://ftp.ncbi.nlm.nih.gov/genomes/all/GCF/041/412/055/GCF_041412055.1_ASM4141205v1	./Development/ThreeFold/data/external/Salmonella/GCF_041412055.1_ASM4141205v1_genomic.fna.gz
GCF_041412075.1	PRJNA224116	SAMN23139112	na	na	na	na	59201	28901	Salmonella enterica subsp. enterica	strain=Z01319SL0015	na	latest	Complete Genome	Major	Full	2024-08-23	ASM4141207v1		GCA_041412075.1	identical	https://ftp.ncbi.nlm.nih.gov/genomes/all/GCF/041/412/075/GCF_041412075.1_ASM4141207v1	./Development/ThreeFold/data/external/Salmonella/GCF_041412075.1_ASM4141207v1_genomic.fna.gz
GCF_041412085.1	PRJNA224116	SAMN23139111	na	na	na	na	59201	28901	Salmonella enterica subsp. enterica	strain=Z01319SL0021	na	latest	Complete Genome	Major	Full	2024-08-23	ASM4141208v1		GCA_041412085.1	identical	https://ftp.ncbi.nlm.nih.gov/genomes/all/GCF/041/412/085/GCF_041412085.1_ASM4141208v1	./Development/ThreeFold/data/external/Salmonella/GCF_041412085.1_ASM4141208v1_genomic.fna.gz
GCF_041412105.1	PRJNA224116	SAMN23139109	na	na	na	na	59201	28901	Salmonella enterica subsp. enterica	strain=Z01320SL0027	na	latest	Complete Genome	Major	Full	2024-08-23	ASM4141210v1		GCA_041412105.1	identical	https://ftp.ncbi.nlm.nih.gov/genomes/all/GCF/041/412/105/GCF_041412105.1_ASM4141210v1	./Development/ThreeFold/data/external/Salmonella/GCF_041412105.1_ASM4141210v1_genomic.fna.gz
GCF_041412115.1	PRJNA224116	SAMN23139108	na	na	na	na	59201	28901	Salmonella enterica subsp. enterica	strain=Z01320SL0026	na	latest	Complete Genome	Major	Full	2024-08-23	ASM4141211v1		GCA_041412115.1	identical	https://ftp.ncbi.nlm.nih.gov/genomes/all/GCF/041/412/115/GCF_041412115.1_ASM4141211v1	./Development/ThreeFold/data/external/Salmonella/GCF_041412115.1_ASM4141211v1_genomic.fna.gz
GCF_041412145.1	PRJNA224116	SAMN23139107	na	na	na	na	59201	28901	Salmonella enterica subsp. enterica	strain=Z01320SL0025	na	latest	Complete Genome	Major	Full	2024-08-23	ASM4141214v1		GCA_041412145.1	identical	https://ftp.ncbi.nlm.nih.gov/genomes/all/GCF/041/412/145/GCF_041412145.1_ASM4141214v1	./Development/ThreeFold/data/external/Salmonella/GCF_041412145.1_ASM4141214v1_genomic.fna.gz
GCF_041412165.1	PRJNA224116	SAMN23139106	na	na	na	na	59201	28901	Salmonella enterica subsp. enterica	strain=Z01319SL0019	na	latest	Complete Genome	Major	Full	2024-08-23	ASM4141216v1		GCA_041412165.1	identical	https://ftp.ncbi.nlm.nih.gov/genomes/all/GCF/041/412/165/GCF_041412165.1_ASM4141216v1	./Development/ThreeFold/data/external/Salmonella/GCF_041412165.1_ASM4141216v1_genomic.fna.gz
GCF_041412195.1	PRJNA224116	SAMN23139105	na	na	na	na	59201	28901	Salmonella enterica subsp. enterica	strain=Z01319SL0010	na	latest	Complete Genome	Major	Full	2024-08-23	ASM4141219v1		GCA_041412195.1	identical	https://ftp.ncbi.nlm.nih.gov/genomes/all/GCF/041/412/195/GCF_041412195.1_ASM4141219v1	./Development/ThreeFold/data/external/Salmonella/GCF_041412195.1_ASM4141219v1_genomic.fna.gz
GCF_041412265.1	PRJNA224116	SAMN23139104	na	na	na	na	59201	28901	Salmonella enterica subsp. enterica	strain=Z01319SL0009	na	latest	Complete Genome	Major	Full	2024-08-23	ASM4141226v1		GCA_041412265.1	identical	https://ftp.ncbi.nlm.nih.gov/genomes/all/GCF/041/412/265/GCF_041412265.1_ASM4141226v1	./Development/ThreeFold/data/external/Salmonella/GCF_041412265.1_ASM4141226v1_genomic.fna.gz
GCF_041412455.1	PRJNA224116	SAMN23139103	na	na	na	na	59201	28901	Salmonella enterica subsp. enterica	strain=Z01320SL0024	na	latest	Complete Genome	Major	Full	2024-08-23	ASM4141245v1		GCA_041412455.1	identical	https://ftp.ncbi.nlm.nih.gov/genomes/all/GCF/041/412/455/GCF_041412455.1_ASM4141245v1	./Development/ThreeFold/data/external/Salmonella/GCF_041412455.1_ASM4141245v1_genomic.fna.gz
GCF_041412465.1	PRJNA224116	SAMN23139102	na	na	na	na	59201	28901	Salmonella enterica subsp. enterica	strain=Z01319SL0008	na	latest	Complete Genome	Major	Full	2024-08-23	ASM4141246v1		GCA_041412465.1	identical	https://ftp.ncbi.nlm.nih.gov/genomes/all/GCF/041/412/465/GCF_041412465.1_ASM4141246v1	./Development/ThreeFold/data/external/Salmonella/GCF_041412465.1_ASM4141246v1_genomic.fna.gz
GCF_041412535.1	PRJNA224116	SAMN23139101	na	na	na	na	59201	28901	Salmonella enterica subsp. enterica	strain=Z01319SL0006	na	latest	Complete Genome	Major	Full	2024-08-23	ASM4141253v1		GCA_041412535.1	identical	https://ftp.ncbi.nlm.nih.gov/genomes/all/GCF/041/412/535/GCF_041412535.1_ASM4141253v1	./Development/ThreeFold/data/external/Salmonella/GCF_041412535.1_ASM4141253v1_genomic.fna.gz
GCF_041412565.1	PRJNA224116	SAMN23139100	na	na	na	na	59201	28901	Salmonella enterica subsp. enterica	strain=Z01319SL0005	na	latest	Complete Genome	Major	Full	2024-08-23	ASM4141256v1		GCA_041412565.1	identical	https://ftp.ncbi.nlm.nih.gov/genomes/all/GCF/041/412/565/GCF_041412565.1_ASM4141256v1	./Development/ThreeFold/data/external/Salmonella/GCF_041412565.1_ASM4141256v1_genomic.fna.gz
GCF_041412575.1	PRJNA224116	SAMN23139099	na	na	na	na	59201	28901	Salmonella enterica subsp. enterica	strain=Z01319SL0003	na	latest	Complete Genome	Major	Full	2024-08-23	ASM4141257v1		GCA_041412575.1	identical	https://ftp.ncbi.nlm.nih.gov/genomes/all/GCF/041/412/575/GCF_041412575.1_ASM4141257v1	./Development/ThreeFold/data/external/Salmonella/GCF_041412575.1_ASM4141257v1_genomic.fna.gz
GCF_041412585.1	PRJNA224116	SAMN23139098	na	na	na	na	59201	28901	Salmonella enterica subsp. enterica	strain=Z01319SL0004	na	latest	Complete Genome	Major	Full	2024-08-23	ASM4141258v1		GCA_041412585.1	identical	https://ftp.ncbi.nlm.nih.gov/genomes/all/GCF/041/412/585/GCF_041412585.1_ASM4141258v1	./Development/ThreeFold/data/external/Salmonella/GCF_041412585.1_ASM4141258v1_genomic.fna.gz
GCF_041412595.1	PRJNA224116	SAMN23139097	na	na	na	na	59201	28901	Salmonella enterica subsp. enterica	strain=Z01319SL0001	na	latest	Complete Genome	Major	Full	2024-08-23	ASM4141259v1		GCA_041412595.1	identical	https://ftp.ncbi.nlm.nih.gov/genomes/all/GCF/041/412/595/GCF_041412595.1_ASM4141259v1	./Development/ThreeFold/data/external/Salmonella/GCF_041412595.1_ASM4141259v1_genomic.fna.gz
GCF_041412605.1	PRJNA224116	SAMN23139096	na	na	na	na	59201	28901	Salmonella enterica subsp. enterica	strain=Z01320SL0023	na	latest	Complete Genome	Major	Full	2024-08-23	ASM4141260v1		GCA_041412605.1	identical	https://ftp.ncbi.nlm.nih.gov/genomes/all/GCF/041/412/605/GCF_041412605.1_ASM4141260v1	./Development/ThreeFold/data/external/Salmonella/GCF_041412605.1_ASM4141260v1_genomic.fna.gz
GCF_041447655.1	PRJNA224116	SAMN43196466	na	na	na	na	59201	28901	Salmonella enterica subsp. enterica	strain=SK-1	na	latest	Complete Genome	Major	Full	2024-08-27	SK-1		GCA_041447655.1	identical	https://ftp.ncbi.nlm.nih.gov/genomes/all/GCF/041/447/655/GCF_041447655.1_SK-1	./Development/ThreeFold/data/external/Salmonella/GCF_041447655.1_SK-1_genomic.fna.gz
GCF_041447675.1	PRJNA224116	SAMN43228148	na	na	na	na	59201	28901	Salmonella enterica subsp. enterica	strain=PA-19/26029 NCP	na	latest	Complete Genome	Major	Full	2024-08-27	ASM4144767v1		GCA_041447675.1	identical	https://ftp.ncbi.nlm.nih.gov/genomes/all/GCF/041/447/675/GCF_041447675.1_ASM4144767v1	./Development/ThreeFold/data/external/Salmonella/GCF_041447675.1_ASM4144767v1_genomic.fna.gz
GCF_041447685.1	PRJNA224116	SAMN43228204	na	na	na	na	59201	28901	Salmonella enterica subsp. enterica	strain=PA-19/26029 ACV	na	latest	Complete Genome	Major	Full	2024-08-27	ASM4144768v1		GCA_041447685.1	identical	https://ftp.ncbi.nlm.nih.gov/genomes/all/GCF/041/447/685/GCF_041447685.1_ASM4144768v1	./Development/ThreeFold/data/external/Salmonella/GCF_041447685.1_ASM4144768v1_genomic.fna.gz
GCF_044880545.1	PRJNA224116	SAMN44603713	na	na	na	na	59201	28901	Salmonella enterica subsp. enterica	strain=CDC K-1891	na	latest	Complete Genome	Major	Full	2024-11-20	ASM4488054v1		GCA_044880545.1	identical	https://ftp.ncbi.nlm.nih.gov/genomes/all/GCF/044/880/545/GCF_044880545.1_ASM4488054v1	./Development/ThreeFold/data/external/Salmonella/GCF_044880545.1_ASM4488054v1_genomic.fna.gz
GCF_046271905.1	PRJNA224116	SAMN41071120	na	na	na	na	59201	28901	Salmonella enterica subsp. enterica	strain=GTVSS-030	na	latest	Complete Genome	Major	Full	2024-12-26	ASM4627190v1		GCA_046271905.1	identical	https://ftp.ncbi.nlm.nih.gov/genomes/all/GCF/046/271/905/GCF_046271905.1_ASM4627190v1	./Development/ThreeFold/data/external/Salmonella/GCF_046271905.1_ASM4627190v1_genomic.fna.gz
GCF_046599165.1	PRJNA224116	SAMN40613398	na	na	na	na	59201	28901	Salmonella enterica subsp. enterica	strain=SG_001/Ck/PK/UDL_UVAS/24	na	latest	Complete Genome	Major	Full	2025-01-12	ASM4659916v1		GCA_046599165.1	identical	https://ftp.ncbi.nlm.nih.gov/genomes/all/GCF/046/599/165/GCF_046599165.1_ASM4659916v1	./Development/ThreeFold/data/external/Salmonella/GCF_046599165.1_ASM4659916v1_genomic.fna.gz
GCF_019339465.1	PRJNA224116	SAMN17316108	na	na	na	na	59202	28901	Salmonella enterica subsp. salamae	strain=LHICA_SA3	na	latest	Complete Genome	Major	Full	2021-07-26	ASM1933946v1		GCA_019339465.1	identical	https://ftp.ncbi.nlm.nih.gov/genomes/all/GCF/019/339/465/GCF_019339465.1_ASM1933946v1	./Development/ThreeFold/data/external/Salmonella/GCF_019339465.1_ASM1933946v1_genomic.fna.gz
GCF_019967915.1	PRJNA224116	SAMN21210682	na	na	na	na	59203	28901	Salmonella enterica subsp. arizonae	strain=S499	na	latest	Complete Genome	Major	Full	2021-09-14	ASM1996791v1		GCA_019967915.1	identical	https://ftp.ncbi.nlm.nih.gov/genomes/all/GCF/019/967/915/GCF_019967915.1_ASM1996791v1	./Development/ThreeFold/data/external/Salmonella/GCF_019967915.1_ASM1996791v1_genomic.fna.gz
GCF_001628755.1	PRJNA224116	SAMN03371466	na	na	na	na	59204	28901	Salmonella enterica subsp. diarizonae	strain=11-01855	na	latest	Complete Genome	Major	Full	2016-04-22	ASM162875v1		GCA_001628755.1	identical	https://ftp.ncbi.nlm.nih.gov/genomes/all/GCF/001/628/755/GCF_001628755.1_ASM162875v1	./Development/ThreeFold/data/external/Salmonella/GCF_001628755.1_ASM162875v1_genomic.fna.gz
GCF_001629755.1	PRJNA224116	SAMN03371464	na	na	na	na	59204	28901	Salmonella enterica subsp. diarizonae	strain=11-01853	na	latest	Complete Genome	Major	Full	2016-04-22	ASM162975v1		GCA_001629755.1	identical	https://ftp.ncbi.nlm.nih.gov/genomes/all/GCF/001/629/755/GCF_001629755.1_ASM162975v1	./Development/ThreeFold/data/external/Salmonella/GCF_001629755.1_ASM162975v1_genomic.fna.gz
GCF_001629775.1	PRJNA224116	SAMN03371465	na	na	na	na	59204	28901	Salmonella enterica subsp. diarizonae	strain=11-01854	na	latest	Complete Genome	Major	Full	2016-04-22	ASM162977v1		GCA_001629775.1	identical	https://ftp.ncbi.nlm.nih.gov/genomes/all/GCF/001/629/775/GCF_001629775.1_ASM162977v1	./Development/ThreeFold/data/external/Salmonella/GCF_001629775.1_ASM162977v1_genomic.fna.gz
GCF_002794415.1	PRJNA224116	SAMN07633032	na	na	na	na	59204	28901	Salmonella enterica subsp. diarizonae	strain=HZS154	na	latest	Complete Genome	Major	Full	2017-11-21	ASM279441v1		GCA_002794415.1	identical	https://ftp.ncbi.nlm.nih.gov/genomes/all/GCF/002/794/415/GCF_002794415.1_ASM279441v1	./Development/ThreeFold/data/external/Salmonella/GCF_002794415.1_ASM279441v1_genomic.fna.gz
GCF_030506565.1	PRJNA224116	SAMN32983188	na	na	na	na	59204	28901	Salmonella enterica subsp. diarizonae	strain=S499V	na	latest	Complete Genome	Major	Full	2023-07-19	ASM3050656v1		GCA_030506565.1	identical	https://ftp.ncbi.nlm.nih.gov/genomes/all/GCF/030/506/565/GCF_030506565.1_ASM3050656v1	./Development/ThreeFold/data/external/Salmonella/GCF_030506565.1_ASM3050656v1_genomic.fna.gz
GCF_002196535.1	PRJNA224116	SAMN02800603	na	na	na	na	70803	28901	Salmonella enterica subsp. enterica serovar Minnesota	strain=CFSAN017963	na	latest	Complete Genome	Major	Full	2017-06-15	ASM219653v1		GCA_002196535.1	identical	https://ftp.ncbi.nlm.nih.gov/genomes/all/GCF/002/196/535/GCF_002196535.1_ASM219653v1	./Development/ThreeFold/data/external/Salmonella/GCF_002196535.1_ASM219653v1_genomic.fna.gz
GCF_019468645.1	PRJNA224116	SAMN20518183	na	na	na	na	70803	28901	Salmonella enterica subsp. enterica serovar Minnesota	strain=SA18578	na	latest	Complete Genome	Major	Full	2021-08-09	ASM1946864v1		GCA_019468645.1	identical	https://ftp.ncbi.nlm.nih.gov/genomes/all/GCF/019/468/645/GCF_019468645.1_ASM1946864v1	./Development/ThreeFold/data/external/Salmonella/GCF_019468645.1_ASM1946864v1_genomic.fna.gz
GCF_016452085.1	PRJNA224116	SAMN14504890	na	na	na	na	82689	28901	Salmonella enterica subsp. enterica serovar Muenster	strain=CVM 34526	na	latest	Complete Genome	Major	Full	2020-12-31	ASM1645208v1		GCA_016452085.1	identical	https://ftp.ncbi.nlm.nih.gov/genomes/all/GCF/016/452/085/GCF_016452085.1_ASM1645208v1	./Development/ThreeFold/data/external/Salmonella/GCF_016452085.1_ASM1645208v1_genomic.fna.gz
GCF_016454485.1	PRJNA224116	SAMN14504624	na	na	na	na	82689	28901	Salmonella enterica subsp. enterica serovar Muenster	strain=CVM 22504	na	latest	Complete Genome	Major	Full	2020-12-31	ASM1645448v1		GCA_016454485.1	identical	https://ftp.ncbi.nlm.nih.gov/genomes/all/GCF/016/454/485/GCF_016454485.1_ASM1645448v1	./Development/ThreeFold/data/external/Salmonella/GCF_016454485.1_ASM1645448v1_genomic.fna.gz
GCF_028893095.1	PRJNA224116	SAMN32950803	na	na	na	na	82689	28901	Salmonella enterica subsp. enterica serovar Muenster	strain=RM074	na	latest	Complete Genome	Major	Full	2023-03-01	ASM2889309v1		GCA_028893095.1	identical	https://ftp.ncbi.nlm.nih.gov/genomes/all/GCF/028/893/095/GCF_028893095.1_ASM2889309v1	./Development/ThreeFold/data/external/Salmonella/GCF_028893095.1_ASM2889309v1_genomic.fna.gz
GCF_028893115.1	PRJNA224116	SAMN32950802	na	na	na	na	82689	28901	Salmonella enterica subsp. enterica serovar Muenster	strain=RM055	na	latest	Complete Genome	Major	Full	2023-03-01	ASM2889311v1		GCA_028893115.1	identical	https://ftp.ncbi.nlm.nih.gov/genomes/all/GCF/028/893/115/GCF_028893115.1_ASM2889311v1	./Development/ThreeFold/data/external/Salmonella/GCF_028893115.1_ASM2889311v1_genomic.fna.gz
GCF_001833225.2	PRJNA224116	SAMN04961976	na	na	na	na	90105	28901	Salmonella enterica subsp. enterica serovar Saintpaul	strain=CFSAN044909	na	latest	Complete Genome	Major	Full	2021-06-07	ASM183322v2		GCA_001833225.2	identical	https://ftp.ncbi.nlm.nih.gov/genomes/all/GCF/001/833/225/GCF_001833225.2_ASM183322v2	./Development/ThreeFold/data/external/Salmonella/GCF_001833225.2_ASM183322v2_genomic.fna.gz
GCF_001952995.1	PRJNA224116	SAMN05915911	na	na	na	na	90105	28901	Salmonella enterica subsp. enterica serovar Saintpaul	strain=CFSAN004175	na	latest	Complete Genome	Major	Full	2017-01-17	ASM195299v1		GCA_001952995.1	identical	https://ftp.ncbi.nlm.nih.gov/genomes/all/GCF/001/952/995/GCF_001952995.1_ASM195299v1	./Development/ThreeFold/data/external/Salmonella/GCF_001952995.1_ASM195299v1_genomic.fna.gz
GCF_001953675.1	PRJNA224116	SAMN05915913	na	na	na	na	90105	28901	Salmonella enterica subsp. enterica serovar Saintpaul	strain=CFSAN004173	na	latest	Complete Genome	Major	Full	2017-01-18	ASM195367v1		GCA_001953675.1	identical	https://ftp.ncbi.nlm.nih.gov/genomes/all/GCF/001/953/675/GCF_001953675.1_ASM195367v1	./Development/ThreeFold/data/external/Salmonella/GCF_001953675.1_ASM195367v1_genomic.fna.gz
GCF_001953695.1	PRJNA224116	SAMN05915912	na	na	na	na	90105	28901	Salmonella enterica subsp. enterica serovar Saintpaul	strain=CFSAN004174	na	latest	Complete Genome	Major	Full	2017-01-18	ASM195369v1		GCA_001953695.1	identical	https://ftp.ncbi.nlm.nih.gov/genomes/all/GCF/001/953/695/GCF_001953695.1_ASM195369v1	./Development/ThreeFold/data/external/Salmonella/GCF_001953695.1_ASM195369v1_genomic.fna.gz
GCF_002234735.2	PRJNA224116	SAMN06045033	na	na	na	na	90105	28901	Salmonella enterica subsp. enterica serovar Saintpaul	strain=SA20031783	na	latest	Complete Genome	Minor	Full	2017-07-27	ASM223473v2		GCA_002234735.2	identical	https://ftp.ncbi.nlm.nih.gov/genomes/all/GCF/002/234/735/GCF_002234735.2_ASM223473v2	./Development/ThreeFold/data/external/Salmonella/GCF_002234735.2_ASM223473v2_genomic.fna.gz
GCF_002290205.1	PRJNA224116	SAMN07594151	na	na	na	na	90105	28901	Salmonella enterica subsp. enterica serovar Saintpaul	strain=SGB23	na	latest	Complete Genome	Major	Full	2017-09-12	ASM229020v1		GCA_002290205.1	identical	https://ftp.ncbi.nlm.nih.gov/genomes/all/GCF/002/290/205/GCF_002290205.1_ASM229020v1	./Development/ThreeFold/data/external/Salmonella/GCF_002290205.1_ASM229020v1_genomic.fna.gz
GCF_002386325.1	PRJNA224116	SAMN07312417	na	na	na	na	90105	28901	Salmonella enterica subsp. enterica serovar Saintpaul	strain=FDAARGOS_373	na	latest	Complete Genome	Major	Full	2017-09-28	ASM238632v1		GCA_002386325.1	identical	https://ftp.ncbi.nlm.nih.gov/genomes/all/GCF/002/386/325/GCF_002386325.1_ASM238632v1	./Development/ThreeFold/data/external/Salmonella/GCF_002386325.1_ASM238632v1_genomic.fna.gz
GCF_005930995.1	PRJNA224116	SAMN10261267	na	na	na	na	90105	28901	Salmonella enterica subsp. enterica serovar Saintpaul	strain=5	CFSAN047351	latest	Complete Genome	Major	Full	2019-06-03	ASM593099v1		GCA_005930995.1	identical	https://ftp.ncbi.nlm.nih.gov/genomes/all/GCF/005/930/995/GCF_005930995.1_ASM593099v1	./Development/ThreeFold/data/external/Salmonella/GCF_005930995.1_ASM593099v1_genomic.fna.gz
GCF_009664655.1	PRJNA224116	SAMN13191645	na	na	na	na	90105	28901	Salmonella enterica subsp. enterica serovar Saintpaul	strain=AUSMDU00010531	na	latest	Complete Genome	Major	Full	2019-11-17	ASM966465v1		GCA_009664655.1	identical	https://ftp.ncbi.nlm.nih.gov/genomes/all/GCF/009/664/655/GCF_009664655.1_ASM966465v1	./Development/ThreeFold/data/external/Salmonella/GCF_009664655.1_ASM966465v1_genomic.fna.gz
GCF_016454785.1	PRJNA224116	SAMN14504662	na	na	na	na	90105	28901	Salmonella enterica subsp. enterica serovar Saintpaul	strain=CVM 22543	na	latest	Complete Genome	Major	Full	2020-12-31	ASM1645478v1		GCA_016454785.1	identical	https://ftp.ncbi.nlm.nih.gov/genomes/all/GCF/016/454/785/GCF_016454785.1_ASM1645478v1	./Development/ThreeFold/data/external/Salmonella/GCF_016454785.1_ASM1645478v1_genomic.fna.gz
GCF_020691705.1	PRJNA224116	SAMN22488162	na	na	na	na	90105	28901	Salmonella enterica subsp. enterica serovar Saintpaul	strain=S25	na	latest	Complete Genome	Major	Full	2021-11-01	ASM2069170v1		GCA_020691705.1	identical	https://ftp.ncbi.nlm.nih.gov/genomes/all/GCF/020/691/705/GCF_020691705.1_ASM2069170v1	./Development/ThreeFold/data/external/Salmonella/GCF_020691705.1_ASM2069170v1_genomic.fna.gz
GCF_028893075.1	PRJNA224116	SAMN32950804	na	na	na	na	90105	28901	Salmonella enterica subsp. enterica serovar Saintpaul	strain=RM106	na	latest	Complete Genome	Major	Full	2023-03-01	ASM2889307v1		GCA_028893075.1	identical	https://ftp.ncbi.nlm.nih.gov/genomes/all/GCF/028/893/075/GCF_028893075.1_ASM2889307v1	./Development/ThreeFold/data/external/Salmonella/GCF_028893075.1_ASM2889307v1_genomic.fna.gz
GCF_001122625.2	PRJNA224116	SAMEA2145578	na	na	na	na	90370	28901	Salmonella enterica subsp. enterica serovar Typhi	strain=MDUST255	na	latest	Complete Genome	Major	Full	2021-11-01	10492_1#47		GCA_001122625.2	identical	https://ftp.ncbi.nlm.nih.gov/genomes/all/GCF/001/122/625/GCF_001122625.2_10492_1_47	./Development/ThreeFold/data/external/Salmonella/GCF_001122625.2_10492_1_47_genomic.fna.gz
GCF_001134605.2	PRJNA224116	SAMEA1964467	na	na	na	na	90370	28901	Salmonella enterica subsp. enterica serovar Typhi	strain=MDUST305	na	latest	Complete Genome	Major	Full	2021-11-01	10541_2#31		GCA_001134605.2	identical	https://ftp.ncbi.nlm.nih.gov/genomes/all/GCF/001/134/605/GCF_001134605.2_10541_2_31	./Development/ThreeFold/data/external/Salmonella/GCF_001134605.2_10541_2_31_genomic.fna.gz
GCF_001148305.2	PRJNA224116	SAMEA2072647	na	na	na	na	90370	28901	Salmonella enterica subsp. enterica serovar Typhi	strain=ERL082356	na	latest	Complete Genome	Major	Full	2017-08-04	ERL082356		GCA_001148305.2	identical	https://ftp.ncbi.nlm.nih.gov/genomes/all/GCF/001/148/305/GCF_001148305.2_ERL082356	./Development/ThreeFold/data/external/Salmonella/GCF_001148305.2_ERL082356_genomic.fna.gz
GCF_001173525.2	PRJNA224116	SAMEA2158835	na	na	na	na	90370	28901	Salmonella enterica subsp. enterica serovar Typhi	strain=MDUST348	na	latest	Complete Genome	Major	Full	2021-11-01	10493_1#75		GCA_001173525.2	identical	https://ftp.ncbi.nlm.nih.gov/genomes/all/GCF/001/173/525/GCF_001173525.2_10493_1_75	./Development/ThreeFold/data/external/Salmonella/GCF_001173525.2_10493_1_75_genomic.fna.gz
GCF_001302605.1	PRJNA224116	SAMN03765654	na	na	na	na	90370	28901	Salmonella enterica subsp. enterica serovar Typhi	strain=PM016/13	na	latest	Complete Genome	Major	Full	2015-09-29	ASM130260v1		GCA_001302605.1	identical	https://ftp.ncbi.nlm.nih.gov/genomes/all/GCF/001/302/605/GCF_001302605.1_ASM130260v1	./Development/ThreeFold/data/external/Salmonella/GCF_001302605.1_ASM130260v1_genomic.fna.gz
GCF_001360555.2	PRJNA224116	SAMEA2058419	na	na	na	na	90370	28901	Salmonella enterica subsp. enterica serovar Typhi	strain=2010-007898	na	latest	Complete Genome	Major	Full	2017-08-04	2010_7898		GCA_001360555.2	identical	https://ftp.ncbi.nlm.nih.gov/genomes/all/GCF/001/360/555/GCF_001360555.2_2010_7898	./Development/ThreeFold/data/external/Salmonella/GCF_001360555.2_2010_7898_genomic.fna.gz
GCF_003429465.1	PRJNA224116	SAMN07507058	na	na	na	na	90370	28901	Salmonella enterica subsp. enterica serovar Typhi	strain=Ty21a	na	latest	Complete Genome	Major	Full	2018-08-28	ASM342946v1		GCA_003429465.1	identical	https://ftp.ncbi.nlm.nih.gov/genomes/all/GCF/003/429/465/GCF_003429465.1_ASM342946v1	./Development/ThreeFold/data/external/Salmonella/GCF_003429465.1_ASM342946v1_genomic.fna.gz
GCF_003716995.1	PRJNA224116	SAMN09320528	na	na	na	na	90370	28901	Salmonella enterica subsp. enterica serovar Typhi	strain=311189_221186	na	latest	Complete Genome	Major	Full	2018-11-07	ASM371699v1		GCA_003716995.1	identical	https://ftp.ncbi.nlm.nih.gov/genomes/all/GCF/003/716/995/GCF_003716995.1_ASM371699v1	./Development/ThreeFold/data/external/Salmonella/GCF_003716995.1_ASM371699v1_genomic.fna.gz
GCF_003717015.1	PRJNA224116	SAMN09320527	na	na	na	na	90370	28901	Salmonella enterica subsp. enterica serovar Typhi	strain=311189_220186	na	latest	Complete Genome	Major	Full	2018-11-07	ASM371701v1		GCA_003717015.1	identical	https://ftp.ncbi.nlm.nih.gov/genomes/all/GCF/003/717/015/GCF_003717015.1_ASM371701v1	./Development/ThreeFold/data/external/Salmonella/GCF_003717015.1_ASM371701v1_genomic.fna.gz
GCF_003717035.1	PRJNA224116	SAMN09320526	na	na	na	na	90370	28901	Salmonella enterica subsp. enterica serovar Typhi	strain=311189_219186	na	latest	Complete Genome	Major	Full	2018-11-07	ASM371703v1		GCA_003717035.1	identical	https://ftp.ncbi.nlm.nih.gov/genomes/all/GCF/003/717/035/GCF_003717035.1_ASM371703v1	./Development/ThreeFold/data/external/Salmonella/GCF_003717035.1_ASM371703v1_genomic.fna.gz
GCF_003717055.1	PRJNA224116	SAMN09320523	na	na	na	na	90370	28901	Salmonella enterica subsp. enterica serovar Typhi	strain=311189_217103	na	latest	Complete Genome	Major	Full	2018-11-07	ASM371705v1		GCA_003717055.1	identical	https://ftp.ncbi.nlm.nih.gov/genomes/all/GCF/003/717/055/GCF_003717055.1_ASM371705v1	./Development/ThreeFold/data/external/Salmonella/GCF_003717055.1_ASM371705v1_genomic.fna.gz
GCF_003717075.1	PRJNA224116	SAMN09320522	na	na	na	na	90370	28901	Salmonella enterica subsp. enterica serovar Typhi	strain=311189_216103	na	latest	Complete Genome	Major	Full	2018-11-07	ASM371707v1		GCA_003717075.1	identical	https://ftp.ncbi.nlm.nih.gov/genomes/all/GCF/003/717/075/GCF_003717075.1_ASM371707v1	./Development/ThreeFold/data/external/Salmonella/GCF_003717075.1_ASM371707v1_genomic.fna.gz
GCF_003717095.1	PRJNA224116	SAMN09320521	na	na	na	na	90370	28901	Salmonella enterica subsp. enterica serovar Typhi	strain=311189_215186	na	latest	Complete Genome	Major	Full	2018-11-07	ASM371709v1		GCA_003717095.1	identical	https://ftp.ncbi.nlm.nih.gov/genomes/all/GCF/003/717/095/GCF_003717095.1_ASM371709v1	./Development/ThreeFold/data/external/Salmonella/GCF_003717095.1_ASM371709v1_genomic.fna.gz
GCF_003717115.1	PRJNA224116	SAMN09320520	na	na	na	na	90370	28901	Salmonella enterica subsp. enterica serovar Typhi	strain=311189_214186	na	latest	Complete Genome	Major	Full	2018-11-07	ASM371711v1		GCA_003717115.1	identical	https://ftp.ncbi.nlm.nih.gov/genomes/all/GCF/003/717/115/GCF_003717115.1_ASM371711v1	./Development/ThreeFold/data/external/Salmonella/GCF_003717115.1_ASM371711v1_genomic.fna.gz
GCF_003717135.1	PRJNA224116	SAMN09320519	na	na	na	na	90370	28901	Salmonella enterica subsp. enterica serovar Typhi	strain=311189_213186	na	latest	Complete Genome	Major	Full	2018-11-07	ASM371713v1		GCA_003717135.1	identical	https://ftp.ncbi.nlm.nih.gov/genomes/all/GCF/003/717/135/GCF_003717135.1_ASM371713v1	./Development/ThreeFold/data/external/Salmonella/GCF_003717135.1_ASM371713v1_genomic.fna.gz
GCF_003717215.1	PRJNA224116	SAMN09320518	na	na	na	na	90370	28901	Salmonella enterica subsp. enterica serovar Typhi	strain=311189_212186	na	latest	Complete Genome	Major	Full	2018-11-07	ASM371721v1		GCA_003717215.1	identical	https://ftp.ncbi.nlm.nih.gov/genomes/all/GCF/003/717/215/GCF_003717215.1_ASM371721v1	./Development/ThreeFold/data/external/Salmonella/GCF_003717215.1_ASM371721v1_genomic.fna.gz
GCF_003717285.1	PRJNA224116	SAMN09320517	na	na	na	na	90370	28901	Salmonella enterica subsp. enterica serovar Typhi	strain=311189_211186	na	latest	Complete Genome	Major	Full	2018-11-07	ASM371728v1		GCA_003717285.1	identical	https://ftp.ncbi.nlm.nih.gov/genomes/all/GCF/003/717/285/GCF_003717285.1_ASM371728v1	./Development/ThreeFold/data/external/Salmonella/GCF_003717285.1_ASM371728v1_genomic.fna.gz
GCF_003717355.1	PRJNA224116	SAMN09320516	na	na	na	na	90370	28901	Salmonella enterica subsp. enterica serovar Typhi	strain=311189_210186	na	latest	Complete Genome	Major	Full	2018-11-07	ASM371735v1		GCA_003717355.1	identical	https://ftp.ncbi.nlm.nih.gov/genomes/all/GCF/003/717/355/GCF_003717355.1_ASM371735v1	./Development/ThreeFold/data/external/Salmonella/GCF_003717355.1_ASM371735v1_genomic.fna.gz
GCF_003717395.1	PRJNA224116	SAMN09320514	na	na	na	na	90370	28901	Salmonella enterica subsp. enterica serovar Typhi	strain=311189_208186	na	latest	Complete Genome	Major	Full	2018-11-07	ASM371739v1		GCA_003717395.1	identical	https://ftp.ncbi.nlm.nih.gov/genomes/all/GCF/003/717/395/GCF_003717395.1_ASM371739v1	./Development/ThreeFold/data/external/Salmonella/GCF_003717395.1_ASM371739v1_genomic.fna.gz
GCF_003717435.1	PRJNA224116	SAMN09320513	na	na	na	na	90370	28901	Salmonella enterica subsp. enterica serovar Typhi	strain=311189_208103	na	latest	Complete Genome	Major	Full	2018-11-07	ASM371743v1		GCA_003717435.1	identical	https://ftp.ncbi.nlm.nih.gov/genomes/all/GCF/003/717/435/GCF_003717435.1_ASM371743v1	./Development/ThreeFold/data/external/Salmonella/GCF_003717435.1_ASM371743v1_genomic.fna.gz
GCF_003717455.1	PRJNA224116	SAMN09320512	na	na	na	na	90370	28901	Salmonella enterica subsp. enterica serovar Typhi	strain=311189_207186	na	latest	Complete Genome	Major	Full	2018-11-07	ASM371745v1		GCA_003717455.1	identical	https://ftp.ncbi.nlm.nih.gov/genomes/all/GCF/003/717/455/GCF_003717455.1_ASM371745v1	./Development/ThreeFold/data/external/Salmonella/GCF_003717455.1_ASM371745v1_genomic.fna.gz
GCF_003717475.1	PRJNA224116	SAMN09320511	na	na	na	na	90370	28901	Salmonella enterica subsp. enterica serovar Typhi	strain=311189_206186	na	latest	Complete Genome	Major	Full	2018-11-07	ASM371747v1		GCA_003717475.1	identical	https://ftp.ncbi.nlm.nih.gov/genomes/all/GCF/003/717/475/GCF_003717475.1_ASM371747v1	./Development/ThreeFold/data/external/Salmonella/GCF_003717475.1_ASM371747v1_genomic.fna.gz
GCF_003717515.1	PRJNA224116	SAMN09320510	na	na	na	na	90370	28901	Salmonella enterica subsp. enterica serovar Typhi	strain=311189_205186	na	latest	Complete Genome	Major	Full	2018-11-07	ASM371751v1		GCA_003717515.1	identical	https://ftp.ncbi.nlm.nih.gov/genomes/all/GCF/003/717/515/GCF_003717515.1_ASM371751v1	./Development/ThreeFold/data/external/Salmonella/GCF_003717515.1_ASM371751v1_genomic.fna.gz
GCF_003717535.1	PRJNA224116	SAMN09320509	na	na	na	na	90370	28901	Salmonella enterica subsp. enterica serovar Typhi	strain=311189_204186	na	latest	Complete Genome	Major	Full	2018-11-07	ASM371753v1		GCA_003717535.1	identical	https://ftp.ncbi.nlm.nih.gov/genomes/all/GCF/003/717/535/GCF_003717535.1_ASM371753v1	./Development/ThreeFold/data/external/Salmonella/GCF_003717535.1_ASM371753v1_genomic.fna.gz
GCF_003717575.1	PRJNA224116	SAMN09320507	na	na	na	na	90370	28901	Salmonella enterica subsp. enterica serovar Typhi	strain=311189_202186	na	latest	Complete Genome	Major	Full	2018-11-07	ASM371757v1		GCA_003717575.1	identical	https://ftp.ncbi.nlm.nih.gov/genomes/all/GCF/003/717/575/GCF_003717575.1_ASM371757v1	./Development/ThreeFold/data/external/Salmonella/GCF_003717575.1_ASM371757v1_genomic.fna.gz
GCF_003717615.1	PRJNA224116	SAMN09320564	na	na	na	na	90370	28901	Salmonella enterica subsp. enterica serovar Typhi	strain=343077_260153	na	latest	Complete Genome	Major	Full	2018-11-07	ASM371761v1		GCA_003717615.1	identical	https://ftp.ncbi.nlm.nih.gov/genomes/all/GCF/003/717/615/GCF_003717615.1_ASM371761v1	./Development/ThreeFold/data/external/Salmonella/GCF_003717615.1_ASM371761v1_genomic.fna.gz
GCF_003717635.1	PRJNA224116	SAMN09320563	na	na	na	na	90370	28901	Salmonella enterica subsp. enterica serovar Typhi	strain=343077_255118	na	latest	Complete Genome	Major	Full	2018-11-07	ASM371763v1		GCA_003717635.1	identical	https://ftp.ncbi.nlm.nih.gov/genomes/all/GCF/003/717/635/GCF_003717635.1_ASM371763v1	./Development/ThreeFold/data/external/Salmonella/GCF_003717635.1_ASM371763v1_genomic.fna.gz
GCF_003717655.1	PRJNA224116	SAMN09320562	na	na	na	na	90370	28901	Salmonella enterica subsp. enterica serovar Typhi	strain=343077_228157	na	latest	Complete Genome	Major	Full	2018-11-07	ASM371765v1		GCA_003717655.1	identical	https://ftp.ncbi.nlm.nih.gov/genomes/all/GCF/003/717/655/GCF_003717655.1_ASM371765v1	./Development/ThreeFold/data/external/Salmonella/GCF_003717655.1_ASM371765v1_genomic.fna.gz
GCF_003717675.1	PRJNA224116	SAMN09320561	na	na	na	na	90370	28901	Salmonella enterica subsp. enterica serovar Typhi	strain=343077_228140	na	latest	Complete Genome	Major	Full	2018-11-07	ASM371767v1		GCA_003717675.1	identical	https://ftp.ncbi.nlm.nih.gov/genomes/all/GCF/003/717/675/GCF_003717675.1_ASM371767v1	./Development/ThreeFold/data/external/Salmonella/GCF_003717675.1_ASM371767v1_genomic.fna.gz
GCF_003717695.1	PRJNA224116	SAMN09320560	na	na	na	na	90370	28901	Salmonella enterica subsp. enterica serovar Typhi	strain=343077_215174	na	latest	Complete Genome	Major	Full	2018-11-07	ASM371769v1		GCA_003717695.1	identical	https://ftp.ncbi.nlm.nih.gov/genomes/all/GCF/003/717/695/GCF_003717695.1_ASM371769v1	./Development/ThreeFold/data/external/Salmonella/GCF_003717695.1_ASM371769v1_genomic.fna.gz
GCF_003717715.1	PRJNA224116	SAMN09320559	na	na	na	na	90370	28901	Salmonella enterica subsp. enterica serovar Typhi	strain=343077_214162	na	latest	Complete Genome	Major	Full	2018-11-07	ASM371771v1		GCA_003717715.1	identical	https://ftp.ncbi.nlm.nih.gov/genomes/all/GCF/003/717/715/GCF_003717715.1_ASM371771v1	./Development/ThreeFold/data/external/Salmonella/GCF_003717715.1_ASM371771v1_genomic.fna.gz
GCF_003717735.1	PRJNA224116	SAMN09320558	na	na	na	na	90370	28901	Salmonella enterica subsp. enterica serovar Typhi	strain=343077_214135	na	latest	Complete Genome	Major	Full	2018-11-07	ASM371773v1		GCA_003717735.1	identical	https://ftp.ncbi.nlm.nih.gov/genomes/all/GCF/003/717/735/GCF_003717735.1_ASM371773v1	./Development/ThreeFold/data/external/Salmonella/GCF_003717735.1_ASM371773v1_genomic.fna.gz
GCF_003717755.1	PRJNA224116	SAMN09320557	na	na	na	na	90370	28901	Salmonella enterica subsp. enterica serovar Typhi	strain=343077_213147	na	latest	Complete Genome	Major	Full	2018-11-07	ASM371775v1		GCA_003717755.1	identical	https://ftp.ncbi.nlm.nih.gov/genomes/all/GCF/003/717/755/GCF_003717755.1_ASM371775v1	./Development/ThreeFold/data/external/Salmonella/GCF_003717755.1_ASM371775v1_genomic.fna.gz
GCF_003717775.1	PRJNA224116	SAMN09320556	na	na	na	na	90370	28901	Salmonella enterica subsp. enterica serovar Typhi	strain=343077_212159	na	latest	Complete Genome	Major	Full	2018-11-07	ASM371777v1		GCA_003717775.1	identical	https://ftp.ncbi.nlm.nih.gov/genomes/all/GCF/003/717/775/GCF_003717775.1_ASM371777v1	./Development/ThreeFold/data/external/Salmonella/GCF_003717775.1_ASM371777v1_genomic.fna.gz
GCF_003717795.1	PRJNA224116	SAMN09320555	na	na	na	na	90370	28901	Salmonella enterica subsp. enterica serovar Typhi	strain=343077_212138	na	latest	Complete Genome	Major	Full	2018-11-07	ASM371779v1		GCA_003717795.1	identical	https://ftp.ncbi.nlm.nih.gov/genomes/all/GCF/003/717/795/GCF_003717795.1_ASM371779v1	./Development/ThreeFold/data/external/Salmonella/GCF_003717795.1_ASM371779v1_genomic.fna.gz
GCF_003717815.1	PRJNA224116	SAMN09320554	na	na	na	na	90370	28901	Salmonella enterica subsp. enterica serovar Typhi	strain=343077_211171	na	latest	Complete Genome	Major	Full	2018-11-07	ASM371781v1		GCA_003717815.1	identical	https://ftp.ncbi.nlm.nih.gov/genomes/all/GCF/003/717/815/GCF_003717815.1_ASM371781v1	./Development/ThreeFold/data/external/Salmonella/GCF_003717815.1_ASM371781v1_genomic.fna.gz
GCF_003717835.1	PRJNA224116	SAMN09320553	na	na	na	na	90370	28901	Salmonella enterica subsp. enterica serovar Typhi	strain=343076_294172	na	latest	Complete Genome	Major	Full	2018-11-07	ASM371783v1		GCA_003717835.1	identical	https://ftp.ncbi.nlm.nih.gov/genomes/all/GCF/003/717/835/GCF_003717835.1_ASM371783v1	./Development/ThreeFold/data/external/Salmonella/GCF_003717835.1_ASM371783v1_genomic.fna.gz
GCF_003717855.1	PRJNA224116	SAMN09320552	na	na	na	na	90370	28901	Salmonella enterica subsp. enterica serovar Typhi	strain=343076_269157	na	latest	Complete Genome	Major	Full	2018-11-07	ASM371785v1		GCA_003717855.1	identical	https://ftp.ncbi.nlm.nih.gov/genomes/all/GCF/003/717/855/GCF_003717855.1_ASM371785v1	./Development/ThreeFold/data/external/Salmonella/GCF_003717855.1_ASM371785v1_genomic.fna.gz
GCF_003717875.1	PRJNA224116	SAMN09320551	na	na	na	na	90370	28901	Salmonella enterica subsp. enterica serovar Typhi	strain=343076_253155	na	latest	Complete Genome	Major	Full	2018-11-07	ASM371787v1		GCA_003717875.1	identical	https://ftp.ncbi.nlm.nih.gov/genomes/all/GCF/003/717/875/GCF_003717875.1_ASM371787v1	./Development/ThreeFold/data/external/Salmonella/GCF_003717875.1_ASM371787v1_genomic.fna.gz
GCF_003717895.1	PRJNA224116	SAMN09320550	na	na	na	na	90370	28901	Salmonella enterica subsp. enterica serovar Typhi	strain=343076_252143	na	latest	Complete Genome	Major	Full	2018-11-07	ASM371789v1		GCA_003717895.1	identical	https://ftp.ncbi.nlm.nih.gov/genomes/all/GCF/003/717/895/GCF_003717895.1_ASM371789v1	./Development/ThreeFold/data/external/Salmonella/GCF_003717895.1_ASM371789v1_genomic.fna.gz
GCF_003717915.1	PRJNA224116	SAMN09320549	na	na	na	na	90370	28901	Salmonella enterica subsp. enterica serovar Typhi	strain=343076_249107	na	latest	Complete Genome	Major	Full	2018-11-07	ASM371791v1		GCA_003717915.1	identical	https://ftp.ncbi.nlm.nih.gov/genomes/all/GCF/003/717/915/GCF_003717915.1_ASM371791v1	./Development/ThreeFold/data/external/Salmonella/GCF_003717915.1_ASM371791v1_genomic.fna.gz
GCF_003717935.1	PRJNA224116	SAMN09320548	na	na	na	na	90370	28901	Salmonella enterica subsp. enterica serovar Typhi	strain=343076_248190	na	latest	Complete Genome	Major	Full	2018-11-07	ASM371793v1		GCA_003717935.1	identical	https://ftp.ncbi.nlm.nih.gov/genomes/all/GCF/003/717/935/GCF_003717935.1_ASM371793v1	./Development/ThreeFold/data/external/Salmonella/GCF_003717935.1_ASM371793v1_genomic.fna.gz
GCF_003717955.1	PRJNA224116	SAMN09320547	na	na	na	na	90370	28901	Salmonella enterica subsp. enterica serovar Typhi	strain=343076_241106	na	latest	Complete Genome	Major	Full	2018-11-07	ASM371795v1		GCA_003717955.1	identical	https://ftp.ncbi.nlm.nih.gov/genomes/all/GCF/003/717/955/GCF_003717955.1_ASM371795v1	./Development/ThreeFold/data/external/Salmonella/GCF_003717955.1_ASM371795v1_genomic.fna.gz
GCF_003717975.1	PRJNA224116	SAMN09320546	na	na	na	na	90370	28901	Salmonella enterica subsp. enterica serovar Typhi	strain=343076_232188	na	latest	Complete Genome	Major	Full	2018-11-07	ASM371797v1		GCA_003717975.1	identical	https://ftp.ncbi.nlm.nih.gov/genomes/all/GCF/003/717/975/GCF_003717975.1_ASM371797v1	./Development/ThreeFold/data/external/Salmonella/GCF_003717975.1_ASM371797v1_genomic.fna.gz
GCF_003717995.1	PRJNA224116	SAMN09320545	na	na	na	na	90370	28901	Salmonella enterica subsp. enterica serovar Typhi	strain=343076_227128	na	latest	Complete Genome	Major	Full	2018-11-07	ASM371799v1		GCA_003717995.1	identical	https://ftp.ncbi.nlm.nih.gov/genomes/all/GCF/003/717/995/GCF_003717995.1_ASM371799v1	./Development/ThreeFold/data/external/Salmonella/GCF_003717995.1_ASM371799v1_genomic.fna.gz
GCF_003718015.1	PRJNA224116	SAMN09320544	na	na	na	na	90370	28901	Salmonella enterica subsp. enterica serovar Typhi	strain=343076_217103	na	latest	Complete Genome	Major	Full	2018-11-07	ASM371801v1		GCA_003718015.1	identical	https://ftp.ncbi.nlm.nih.gov/genomes/all/GCF/003/718/015/GCF_003718015.1_ASM371801v1	./Development/ThreeFold/data/external/Salmonella/GCF_003718015.1_ASM371801v1_genomic.fna.gz
GCF_003718035.1	PRJNA224116	SAMN09320543	na	na	na	na	90370	28901	Salmonella enterica subsp. enterica serovar Typhi	strain=343076_202113	na	latest	Complete Genome	Major	Full	2018-11-07	ASM371803v1		GCA_003718035.1	identical	https://ftp.ncbi.nlm.nih.gov/genomes/all/GCF/003/718/035/GCF_003718035.1_ASM371803v1	./Development/ThreeFold/data/external/Salmonella/GCF_003718035.1_ASM371803v1_genomic.fna.gz
GCF_003718055.1	PRJNA224116	SAMN09320542	na	na	na	na	90370	28901	Salmonella enterica subsp. enterica serovar Typhi	strain=311189_291186	na	latest	Complete Genome	Major	Full	2018-11-07	ASM371805v1		GCA_003718055.1	identical	https://ftp.ncbi.nlm.nih.gov/genomes/all/GCF/003/718/055/GCF_003718055.1_ASM371805v1	./Development/ThreeFold/data/external/Salmonella/GCF_003718055.1_ASM371805v1_genomic.fna.gz
GCF_003718075.1	PRJNA224116	SAMN09320541	na	na	na	na	90370	28901	Salmonella enterica subsp. enterica serovar Typhi	strain=311189_282186	na	latest	Complete Genome	Major	Full	2018-11-07	ASM371807v1		GCA_003718075.1	identical	https://ftp.ncbi.nlm.nih.gov/genomes/all/GCF/003/718/075/GCF_003718075.1_ASM371807v1	./Development/ThreeFold/data/external/Salmonella/GCF_003718075.1_ASM371807v1_genomic.fna.gz
GCF_003718095.1	PRJNA224116	SAMN09320540	na	na	na	na	90370	28901	Salmonella enterica subsp. enterica serovar Typhi	strain=311189_269186	na	latest	Complete Genome	Major	Full	2018-11-07	ASM371809v1		GCA_003718095.1	identical	https://ftp.ncbi.nlm.nih.gov/genomes/all/GCF/003/718/095/GCF_003718095.1_ASM371809v1	./Development/ThreeFold/data/external/Salmonella/GCF_003718095.1_ASM371809v1_genomic.fna.gz
GCF_003718115.1	PRJNA224116	SAMN09320539	na	na	na	na	90370	28901	Salmonella enterica subsp. enterica serovar Typhi	strain=311189_268186	na	latest	Complete Genome	Major	Full	2018-11-07	ASM371811v1		GCA_003718115.1	identical	https://ftp.ncbi.nlm.nih.gov/genomes/all/GCF/003/718/115/GCF_003718115.1_ASM371811v1	./Development/ThreeFold/data/external/Salmonella/GCF_003718115.1_ASM371811v1_genomic.fna.gz
GCF_003718135.1	PRJNA224116	SAMN09320538	na	na	na	na	90370	28901	Salmonella enterica subsp. enterica serovar Typhi	strain=311189_268103	na	latest	Complete Genome	Major	Full	2018-11-07	ASM371813v1		GCA_003718135.1	identical	https://ftp.ncbi.nlm.nih.gov/genomes/all/GCF/003/718/135/GCF_003718135.1_ASM371813v1	./Development/ThreeFold/data/external/Salmonella/GCF_003718135.1_ASM371813v1_genomic.fna.gz
GCF_003718155.1	PRJNA224116	SAMN09320537	na	na	na	na	90370	28901	Salmonella enterica subsp. enterica serovar Typhi	strain=311189_256186	na	latest	Complete Genome	Major	Full	2018-11-07	ASM371815v1		GCA_003718155.1	identical	https://ftp.ncbi.nlm.nih.gov/genomes/all/GCF/003/718/155/GCF_003718155.1_ASM371815v1	./Development/ThreeFold/data/external/Salmonella/GCF_003718155.1_ASM371815v1_genomic.fna.gz
GCF_003718175.1	PRJNA224116	SAMN09320536	na	na	na	na	90370	28901	Salmonella enterica subsp. enterica serovar Typhi	strain=311189_255186	na	latest	Complete Genome	Major	Full	2018-11-07	ASM371817v1		GCA_003718175.1	identical	https://ftp.ncbi.nlm.nih.gov/genomes/all/GCF/003/718/175/GCF_003718175.1_ASM371817v1	./Development/ThreeFold/data/external/Salmonella/GCF_003718175.1_ASM371817v1_genomic.fna.gz
GCF_003718195.1	PRJNA224116	SAMN09320535	na	na	na	na	90370	28901	Salmonella enterica subsp. enterica serovar Typhi	strain=311189_252186	na	latest	Complete Genome	Major	Full	2018-11-07	ASM371819v1		GCA_003718195.1	identical	https://ftp.ncbi.nlm.nih.gov/genomes/all/GCF/003/718/195/GCF_003718195.1_ASM371819v1	./Development/ThreeFold/data/external/Salmonella/GCF_003718195.1_ASM371819v1_genomic.fna.gz
GCF_003718235.1	PRJNA224116	SAMN09320533	na	na	na	na	90370	28901	Salmonella enterica subsp. enterica serovar Typhi	strain=311189_232103	na	latest	Complete Genome	Major	Full	2018-11-07	ASM371823v1		GCA_003718235.1	identical	https://ftp.ncbi.nlm.nih.gov/genomes/all/GCF/003/718/235/GCF_003718235.1_ASM371823v1	./Development/ThreeFold/data/external/Salmonella/GCF_003718235.1_ASM371823v1_genomic.fna.gz
GCF_003718255.1	PRJNA224116	SAMN09320532	na	na	na	na	90370	28901	Salmonella enterica subsp. enterica serovar Typhi	strain=311189_231186	na	latest	Complete Genome	Major	Full	2018-11-07	ASM371825v1		GCA_003718255.1	identical	https://ftp.ncbi.nlm.nih.gov/genomes/all/GCF/003/718/255/GCF_003718255.1_ASM371825v1	./Development/ThreeFold/data/external/Salmonella/GCF_003718255.1_ASM371825v1_genomic.fna.gz
GCF_003718275.1	PRJNA224116	SAMN09320531	na	na	na	na	90370	28901	Salmonella enterica subsp. enterica serovar Typhi	strain=311189_224186	na	latest	Complete Genome	Major	Full	2018-11-07	ASM371827v1		GCA_003718275.1	identical	https://ftp.ncbi.nlm.nih.gov/genomes/all/GCF/003/718/275/GCF_003718275.1_ASM371827v1	./Development/ThreeFold/data/external/Salmonella/GCF_003718275.1_ASM371827v1_genomic.fna.gz
GCF_003718295.1	PRJNA224116	SAMN09320530	na	na	na	na	90370	28901	Salmonella enterica subsp. enterica serovar Typhi	strain=311189_223186	na	latest	Complete Genome	Major	Full	2018-11-07	ASM371829v1		GCA_003718295.1	identical	https://ftp.ncbi.nlm.nih.gov/genomes/all/GCF/003/718/295/GCF_003718295.1_ASM371829v1	./Development/ThreeFold/data/external/Salmonella/GCF_003718295.1_ASM371829v1_genomic.fna.gz
GCF_003718315.1	PRJNA224116	SAMN09320529	na	na	na	na	90370	28901	Salmonella enterica subsp. enterica serovar Typhi	strain=311189_222186	na	latest	Complete Genome	Major	Full	2018-11-07	ASM371831v1		GCA_003718315.1	identical	https://ftp.ncbi.nlm.nih.gov/genomes/all/GCF/003/718/315/GCF_003718315.1_ASM371831v1	./Development/ThreeFold/data/external/Salmonella/GCF_003718315.1_ASM371831v1_genomic.fna.gz
GCF_003718355.1	PRJNA224116	SAMN09320578	na	na	na	na	90370	28901	Salmonella enterica subsp. enterica serovar Typhi	strain=343078_273110	na	latest	Complete Genome	Major	Full	2018-11-07	ASM371835v1		GCA_003718355.1	identical	https://ftp.ncbi.nlm.nih.gov/genomes/all/GCF/003/718/355/GCF_003718355.1_ASM371835v1	./Development/ThreeFold/data/external/Salmonella/GCF_003718355.1_ASM371835v1_genomic.fna.gz
GCF_003718375.1	PRJNA224116	SAMN09320577	na	na	na	na	90370	28901	Salmonella enterica subsp. enterica serovar Typhi	strain=343078_256191	na	latest	Complete Genome	Major	Full	2018-11-07	ASM371837v1		GCA_003718375.1	identical	https://ftp.ncbi.nlm.nih.gov/genomes/all/GCF/003/718/375/GCF_003718375.1_ASM371837v1	./Development/ThreeFold/data/external/Salmonella/GCF_003718375.1_ASM371837v1_genomic.fna.gz
GCF_003718395.1	PRJNA224116	SAMN09320576	na	na	na	na	90370	28901	Salmonella enterica subsp. enterica serovar Typhi	strain=343078_251131	na	latest	Complete Genome	Major	Full	2018-11-07	ASM371839v1		GCA_003718395.1	identical	https://ftp.ncbi.nlm.nih.gov/genomes/all/GCF/003/718/395/GCF_003718395.1_ASM371839v1	./Development/ThreeFold/data/external/Salmonella/GCF_003718395.1_ASM371839v1_genomic.fna.gz
GCF_003718415.1	PRJNA224116	SAMN09320575	na	na	na	na	90370	28901	Salmonella enterica subsp. enterica serovar Typhi	strain=343078_228140	na	latest	Complete Genome	Major	Full	2018-11-07	ASM371841v1		GCA_003718415.1	identical	https://ftp.ncbi.nlm.nih.gov/genomes/all/GCF/003/718/415/GCF_003718415.1_ASM371841v1	./Development/ThreeFold/data/external/Salmonella/GCF_003718415.1_ASM371841v1_genomic.fna.gz
GCF_003718435.1	PRJNA224116	SAMN09320574	na	na	na	na	90370	28901	Salmonella enterica subsp. enterica serovar Typhi	strain=343078_223175	na	latest	Complete Genome	Major	Full	2018-11-07	ASM371843v1		GCA_003718435.1	identical	https://ftp.ncbi.nlm.nih.gov/genomes/all/GCF/003/718/435/GCF_003718435.1_ASM371843v1	./Development/ThreeFold/data/external/Salmonella/GCF_003718435.1_ASM371843v1_genomic.fna.gz
GCF_003718455.1	PRJNA224116	SAMN09320573	na	na	na	na	90370	28901	Salmonella enterica subsp. enterica serovar Typhi	strain=343078_211126	na	latest	Complete Genome	Major	Full	2018-11-07	ASM371845v1		GCA_003718455.1	identical	https://ftp.ncbi.nlm.nih.gov/genomes/all/GCF/003/718/455/GCF_003718455.1_ASM371845v1	./Development/ThreeFold/data/external/Salmonella/GCF_003718455.1_ASM371845v1_genomic.fna.gz
GCF_003718475.1	PRJNA224116	SAMN09320572	na	na	na	na	90370	28901	Salmonella enterica subsp. enterica serovar Typhi	strain=343078_203125	na	latest	Complete Genome	Major	Full	2018-11-07	ASM371847v1		GCA_003718475.1	identical	https://ftp.ncbi.nlm.nih.gov/genomes/all/GCF/003/718/475/GCF_003718475.1_ASM371847v1	./Development/ThreeFold/data/external/Salmonella/GCF_003718475.1_ASM371847v1_genomic.fna.gz
GCF_003718495.1	PRJNA224116	SAMN09320571	na	na	na	na	90370	28901	Salmonella enterica subsp. enterica serovar Typhi	strain=343078_201101	na	latest	Complete Genome	Major	Full	2018-11-07	ASM371849v1		GCA_003718495.1	identical	https://ftp.ncbi.nlm.nih.gov/genomes/all/GCF/003/718/495/GCF_003718495.1_ASM371849v1	./Development/ThreeFold/data/external/Salmonella/GCF_003718495.1_ASM371849v1_genomic.fna.gz
GCF_003718515.1	PRJNA224116	SAMN09320570	na	na	na	na	90370	28901	Salmonella enterica subsp. enterica serovar Typhi	strain=343077_292148	na	latest	Complete Genome	Major	Full	2018-11-07	ASM371851v1		GCA_003718515.1	identical	https://ftp.ncbi.nlm.nih.gov/genomes/all/GCF/003/718/515/GCF_003718515.1_ASM371851v1	./Development/ThreeFold/data/external/Salmonella/GCF_003718515.1_ASM371851v1_genomic.fna.gz
GCF_003718535.1	PRJNA224116	SAMN09320569	na	na	na	na	90370	28901	Salmonella enterica subsp. enterica serovar Typhi	strain=343077_286126	na	latest	Complete Genome	Major	Full	2018-11-07	ASM371853v1		GCA_003718535.1	identical	https://ftp.ncbi.nlm.nih.gov/genomes/all/GCF/003/718/535/GCF_003718535.1_ASM371853v1	./Development/ThreeFold/data/external/Salmonella/GCF_003718535.1_ASM371853v1_genomic.fna.gz
GCF_003718555.1	PRJNA224116	SAMN09320568	na	na	na	na	90370	28901	Salmonella enterica subsp. enterica serovar Typhi	strain=343077_285138	na	latest	Complete Genome	Major	Full	2018-11-07	ASM371855v1		GCA_003718555.1	identical	https://ftp.ncbi.nlm.nih.gov/genomes/all/GCF/003/718/555/GCF_003718555.1_ASM371855v1	./Development/ThreeFold/data/external/Salmonella/GCF_003718555.1_ASM371855v1_genomic.fna.gz
GCF_003718575.1	PRJNA224116	SAMN09320567	na	na	na	na	90370	28901	Salmonella enterica subsp. enterica serovar Typhi	strain=343077_281186	na	latest	Complete Genome	Major	Full	2018-11-07	ASM371857v1		GCA_003718575.1	identical	https://ftp.ncbi.nlm.nih.gov/genomes/all/GCF/003/718/575/GCF_003718575.1_ASM371857v1	./Development/ThreeFold/data/external/Salmonella/GCF_003718575.1_ASM371857v1_genomic.fna.gz
GCF_003718595.1	PRJNA224116	SAMN09320566	na	na	na	na	90370	28901	Salmonella enterica subsp. enterica serovar Typhi	strain=343077_278127	na	latest	Complete Genome	Major	Full	2018-11-07	ASM371859v1		GCA_003718595.1	identical	https://ftp.ncbi.nlm.nih.gov/genomes/all/GCF/003/718/595/GCF_003718595.1_ASM371859v1	./Development/ThreeFold/data/external/Salmonella/GCF_003718595.1_ASM371859v1_genomic.fna.gz
GCF_003718615.1	PRJNA224116	SAMN09320565	na	na	na	na	90370	28901	Salmonella enterica subsp. enterica serovar Typhi	strain=343077_267164	na	latest	Complete Genome	Major	Full	2018-11-07	ASM371861v1		GCA_003718615.1	identical	https://ftp.ncbi.nlm.nih.gov/genomes/all/GCF/003/718/615/GCF_003718615.1_ASM371861v1	./Development/ThreeFold/data/external/Salmonella/GCF_003718615.1_ASM371861v1_genomic.fna.gz
GCF_003718635.1	PRJNA224116	SAMN09320525	na	na	na	na	90370	28901	Salmonella enterica subsp. enterica serovar Typhi	strain=311189_218186	na	latest	Complete Genome	Major	Full	2018-11-07	ASM371863v1		GCA_003718635.1	identical	https://ftp.ncbi.nlm.nih.gov/genomes/all/GCF/003/718/635/GCF_003718635.1_ASM371863v1	./Development/ThreeFold/data/external/Salmonella/GCF_003718635.1_ASM371863v1_genomic.fna.gz
GCF_003718655.1	PRJNA224116	SAMN09320506	na	na	na	na	90370	28901	Salmonella enterica subsp. enterica serovar Typhi	strain=311189_201186	na	latest	Complete Genome	Major	Full	2018-11-07	ASM371865v1		GCA_003718655.1	identical	https://ftp.ncbi.nlm.nih.gov/genomes/all/GCF/003/718/655/GCF_003718655.1_ASM371865v1	./Development/ThreeFold/data/external/Salmonella/GCF_003718655.1_ASM371865v1_genomic.fna.gz
GCF_003719215.1	PRJNA224116	SAMN09320534	na	na	na	na	90370	28901	Salmonella enterica subsp. enterica serovar Typhi	strain=311189_239103	na	latest	Complete Genome	Major	Full	2018-11-07	ASM371921v1		GCA_003719215.1	identical	https://ftp.ncbi.nlm.nih.gov/genomes/all/GCF/003/719/215/GCF_003719215.1_ASM371921v1	./Development/ThreeFold/data/external/Salmonella/GCF_003719215.1_ASM371921v1_genomic.fna.gz
GCF_003719235.1	PRJNA224116	SAMN09320508	na	na	na	na	90370	28901	Salmonella enterica subsp. enterica serovar Typhi	strain=311189_203186	na	latest	Complete Genome	Major	Full	2018-11-07	ASM371923v1		GCA_003719235.1	identical	https://ftp.ncbi.nlm.nih.gov/genomes/all/GCF/003/719/235/GCF_003719235.1_ASM371923v1	./Development/ThreeFold/data/external/Salmonella/GCF_003719235.1_ASM371923v1_genomic.fna.gz
GCF_003719255.1	PRJNA224116	SAMN09320515	na	na	na	na	90370	28901	Salmonella enterica subsp. enterica serovar Typhi	strain=311189_209186	na	latest	Complete Genome	Major	Full	2018-11-07	ASM371925v1		GCA_003719255.1	identical	https://ftp.ncbi.nlm.nih.gov/genomes/all/GCF/003/719/255/GCF_003719255.1_ASM371925v1	./Development/ThreeFold/data/external/Salmonella/GCF_003719255.1_ASM371925v1_genomic.fna.gz
GCF_003719555.1	PRJNA224116	SAMN09208111	na	na	na	na	90370	28901	Salmonella enterica subsp. enterica serovar Typhi	strain=311189_217186	na	latest	Complete Genome	Major	Full	2018-11-09	ASM371955v1		GCA_003719555.1	identical	https://ftp.ncbi.nlm.nih.gov/genomes/all/GCF/003/719/555/GCF_003719555.1_ASM371955v1	./Development/ThreeFold/data/external/Salmonella/GCF_003719555.1_ASM371955v1_genomic.fna.gz
GCF_004136335.1	PRJNA224116	SAMN09630442	na	na	na	na	90370	28901	Salmonella enterica subsp. enterica serovar Typhi	strain=LXYSH	na	latest	Complete Genome	Major	Full	2019-02-04	ASM413633v1		GCA_004136335.1	identical	https://ftp.ncbi.nlm.nih.gov/genomes/all/GCF/004/136/335/GCF_004136335.1_ASM413633v1	./Development/ThreeFold/data/external/Salmonella/GCF_004136335.1_ASM413633v1_genomic.fna.gz
GCF_005885835.1	PRJNA224116	SAMN11792777	na	na	na	na	90370	28901	Salmonella enterica subsp. enterica serovar Typhi	strain=WGS1146	na	latest	Complete Genome	Major	Full	2019-05-29	ASM588583v1		GCA_005885835.1	identical	https://ftp.ncbi.nlm.nih.gov/genomes/all/GCF/005/885/835/GCF_005885835.1_ASM588583v1	./Development/ThreeFold/data/external/Salmonella/GCF_005885835.1_ASM588583v1_genomic.fna.gz
GCF_009734305.1	PRJNA224116	SAMN13219579	na	na	na	na	90370	28901	Salmonella enterica subsp. enterica serovar Typhi	strain=R19.2839	na	latest	Complete Genome	Major	Full	2019-12-09	ASM973430v1		GCA_009734305.1	identical	https://ftp.ncbi.nlm.nih.gov/genomes/all/GCF/009/734/305/GCF_009734305.1_ASM973430v1	./Development/ThreeFold/data/external/Salmonella/GCF_009734305.1_ASM973430v1_genomic.fna.gz
GCF_019645915.1	PRJNA224116	SAMN20695325	na	na	na	na	90370	28901	Salmonella enterica subsp. enterica serovar Typhi	strain=ISP2825	na	latest	Complete Genome	Major	Full	2021-08-17	ASM1964591v1		GCA_019645915.1	identical	https://ftp.ncbi.nlm.nih.gov/genomes/all/GCF/019/645/915/GCF_019645915.1_ASM1964591v1	./Development/ThreeFold/data/external/Salmonella/GCF_019645915.1_ASM1964591v1_genomic.fna.gz
GCF_020715345.1	PRJNA224116	SAMN22446304	na	na	na	na	90370	28901	Salmonella enterica subsp. enterica serovar Typhi	strain=Suicune	na	latest	Complete Genome	Major	Full	2021-11-02	ASM2071534v1		GCA_020715345.1	identical	https://ftp.ncbi.nlm.nih.gov/genomes/all/GCF/020/715/345/GCF_020715345.1_ASM2071534v1	./Development/ThreeFold/data/external/Salmonella/GCF_020715345.1_ASM2071534v1_genomic.fna.gz
GCF_020715365.1	PRJNA224116	SAMN22446303	na	na	na	na	90370	28901	Salmonella enterica subsp. enterica serovar Typhi	strain=Entei	na	latest	Complete Genome	Major	Full	2021-11-02	ASM2071536v1		GCA_020715365.1	identical	https://ftp.ncbi.nlm.nih.gov/genomes/all/GCF/020/715/365/GCF_020715365.1_ASM2071536v1	./Development/ThreeFold/data/external/Salmonella/GCF_020715365.1_ASM2071536v1_genomic.fna.gz
GCF_028747825.1	PRJNA224116	SAMN32935257	na	na	na	na	90370	28901	Salmonella enterica subsp. enterica serovar Typhi	strain=S6	na	latest	Complete Genome	Major	Full	2023-02-21	ASM2874782v1		GCA_028747825.1	identical	https://ftp.ncbi.nlm.nih.gov/genomes/all/GCF/028/747/825/GCF_028747825.1_ASM2874782v1	./Development/ThreeFold/data/external/Salmonella/GCF_028747825.1_ASM2874782v1_genomic.fna.gz
GCF_028747845.1	PRJNA224116	SAMN32935256	na	na	na	na	90370	28901	Salmonella enterica subsp. enterica serovar Typhi	strain=S5	na	latest	Complete Genome	Major	Full	2023-02-21	ASM2874784v1		GCA_028747845.1	identical	https://ftp.ncbi.nlm.nih.gov/genomes/all/GCF/028/747/845/GCF_028747845.1_ASM2874784v1	./Development/ThreeFold/data/external/Salmonella/GCF_028747845.1_ASM2874784v1_genomic.fna.gz
GCF_028747865.1	PRJNA224116	SAMN32935255	na	na	na	na	90370	28901	Salmonella enterica subsp. enterica serovar Typhi	strain=S4	na	latest	Complete Genome	Major	Full	2023-02-21	ASM2874786v1		GCA_028747865.1	identical	https://ftp.ncbi.nlm.nih.gov/genomes/all/GCF/028/747/865/GCF_028747865.1_ASM2874786v1	./Development/ThreeFold/data/external/Salmonella/GCF_028747865.1_ASM2874786v1_genomic.fna.gz
GCF_028747885.1	PRJNA224116	SAMN32935254	na	na	na	na	90370	28901	Salmonella enterica subsp. enterica serovar Typhi	strain=S2	na	latest	Complete Genome	Major	Full	2023-02-21	ASM2874788v1		GCA_028747885.1	identical	https://ftp.ncbi.nlm.nih.gov/genomes/all/GCF/028/747/885/GCF_028747885.1_ASM2874788v1	./Development/ThreeFold/data/external/Salmonella/GCF_028747885.1_ASM2874788v1_genomic.fna.gz
GCF_028747905.1	PRJNA224116	SAMN32935253	na	na	na	na	90370	28901	Salmonella enterica subsp. enterica serovar Typhi	strain=S1	na	latest	Complete Genome	Major	Full	2023-02-21	ASM2874790v1		GCA_028747905.1	identical	https://ftp.ncbi.nlm.nih.gov/genomes/all/GCF/028/747/905/GCF_028747905.1_ASM2874790v1	./Development/ThreeFold/data/external/Salmonella/GCF_028747905.1_ASM2874790v1_genomic.fna.gz
GCF_028891365.1	PRJNA224116	SAMN33346708	na	na	na	na	90370	28901	Salmonella enterica subsp. enterica serovar Typhi	strain=S7	na	latest	Complete Genome	Major	Full	2023-03-01	ASM2889136v1		GCA_028891365.1	identical	https://ftp.ncbi.nlm.nih.gov/genomes/all/GCF/028/891/365/GCF_028891365.1_ASM2889136v1	./Development/ThreeFold/data/external/Salmonella/GCF_028891365.1_ASM2889136v1_genomic.fna.gz
GCF_028891385.1	PRJNA224116	SAMN33346707	na	na	na	na	90370	28901	Salmonella enterica subsp. enterica serovar Typhi	strain=S3	na	latest	Complete Genome	Major	Full	2023-03-01	ASM2889138v1		GCA_028891385.1	identical	https://ftp.ncbi.nlm.nih.gov/genomes/all/GCF/028/891/385/GCF_028891385.1_ASM2889138v1	./Development/ThreeFold/data/external/Salmonella/GCF_028891385.1_ASM2889138v1_genomic.fna.gz
GCF_030254665.1	PRJNA224116	SAMN33313071	na	na	na	na	90370	28901	Salmonella enterica subsp. enterica serovar Typhi	strain=2027-2019_CO_04_Copr1	na	latest	Complete Genome	Major	Full	2023-06-12	ASM3025466v1		GCA_030254665.1	identical	https://ftp.ncbi.nlm.nih.gov/genomes/all/GCF/030/254/665/GCF_030254665.1_ASM3025466v1	./Development/ThreeFold/data/external/Salmonella/GCF_030254665.1_ASM3025466v1_genomic.fna.gz
GCF_030254685.1	PRJNA224116	SAMN33313061	na	na	na	na	90370	28901	Salmonella enterica subsp. enterica serovar Typhi	strain=2027-2019_CI	na	latest	Complete Genome	Major	Full	2023-06-12	ASM3025468v1		GCA_030254685.1	identical	https://ftp.ncbi.nlm.nih.gov/genomes/all/GCF/030/254/685/GCF_030254685.1_ASM3025468v1	./Development/ThreeFold/data/external/Salmonella/GCF_030254685.1_ASM3025468v1_genomic.fna.gz
GCF_030254705.1	PRJNA224116	SAMN33313070	na	na	na	na	90370	28901	Salmonella enterica subsp. enterica serovar Typhi	strain=1698-2017_CO_06	na	latest	Complete Genome	Major	Full	2023-06-12	ASM3025470v1		GCA_030254705.1	identical	https://ftp.ncbi.nlm.nih.gov/genomes/all/GCF/030/254/705/GCF_030254705.1_ASM3025470v1	./Development/ThreeFold/data/external/Salmonella/GCF_030254705.1_ASM3025470v1_genomic.fna.gz
GCF_030254725.1	PRJNA224116	SAMN33313050	na	na	na	na	90370	28901	Salmonella enterica subsp. enterica serovar Typhi	strain=1698-2017_CI	na	latest	Complete Genome	Major	Full	2023-06-12	ASM3025472v1		GCA_030254725.1	identical	https://ftp.ncbi.nlm.nih.gov/genomes/all/GCF/030/254/725/GCF_030254725.1_ASM3025472v1	./Development/ThreeFold/data/external/Salmonella/GCF_030254725.1_ASM3025472v1_genomic.fna.gz
GCF_030254745.1	PRJNA224116	SAMN33313068	na	na	na	na	90370	28901	Salmonella enterica subsp. enterica serovar Typhi	strain=1521-2017_CO_04	na	latest	Complete Genome	Major	Full	2023-06-12	ASM3025474v1		GCA_030254745.1	identical	https://ftp.ncbi.nlm.nih.gov/genomes/all/GCF/030/254/745/GCF_030254745.1_ASM3025474v1	./Development/ThreeFold/data/external/Salmonella/GCF_030254745.1_ASM3025474v1_genomic.fna.gz
GCF_030254765.1	PRJNA224116	SAMN33313064	na	na	na	na	90370	28901	Salmonella enterica subsp. enterica serovar Typhi	strain=1521-2017_CI	na	latest	Complete Genome	Major	Full	2023-06-12	ASM3025476v1		GCA_030254765.1	identical	https://ftp.ncbi.nlm.nih.gov/genomes/all/GCF/030/254/765/GCF_030254765.1_ASM3025476v1	./Development/ThreeFold/data/external/Salmonella/GCF_030254765.1_ASM3025476v1_genomic.fna.gz
GCF_030254785.1	PRJNA224116	SAMN33313052	na	na	na	na	90370	28901	Salmonella enterica subsp. enterica serovar Typhi	strain=424-2019_CI	na	latest	Complete Genome	Major	Full	2023-06-12	ASM3025478v1		GCA_030254785.1	identical	https://ftp.ncbi.nlm.nih.gov/genomes/all/GCF/030/254/785/GCF_030254785.1_ASM3025478v1	./Development/ThreeFold/data/external/Salmonella/GCF_030254785.1_ASM3025478v1_genomic.fna.gz
GCF_030254805.1	PRJNA224116	SAMN33313067	na	na	na	na	90370	28901	Salmonella enterica subsp. enterica serovar Typhi	strain=314-2017_CO_03	na	latest	Complete Genome	Major	Full	2023-06-12	ASM3025480v1		GCA_030254805.1	identical	https://ftp.ncbi.nlm.nih.gov/genomes/all/GCF/030/254/805/GCF_030254805.1_ASM3025480v1	./Development/ThreeFold/data/external/Salmonella/GCF_030254805.1_ASM3025480v1_genomic.fna.gz
GCF_039830155.1	PRJNA224116	SAMN41159978	na	na	na	na	90370	28901	Salmonella enterica subsp. enterica serovar Typhi	strain=12013191	na	latest	Complete Genome	Major	Full	2024-05-26	STY 12013191		GCA_039830155.1	identical	https://ftp.ncbi.nlm.nih.gov/genomes/all/GCF/039/830/155/GCF_039830155.1_STY_12013191	./Development/ThreeFold/data/external/Salmonella/GCF_039830155.1_STY_12013191_genomic.fna.gz
GCF_041682025.1	PRJNA224116	SAMN42021409	na	na	na	na	90370	28901	Salmonella enterica subsp. enterica serovar Typhi	strain=1017142	na	latest	Complete Genome	Major	Full	2024-08-31	ASM4168202v1		GCA_041682025.1	identical	https://ftp.ncbi.nlm.nih.gov/genomes/all/GCF/041/682/025/GCF_041682025.1_ASM4168202v1	./Development/ThreeFold/data/external/Salmonella/GCF_041682025.1_ASM4168202v1_genomic.fna.gz
GCF_041682055.1	PRJNA224116	SAMN42021410	na	na	na	na	90370	28901	Salmonella enterica subsp. enterica serovar Typhi	strain=A58390	na	latest	Complete Genome	Major	Full	2024-08-31	ASM4168205v1		GCA_041682055.1	identical	https://ftp.ncbi.nlm.nih.gov/genomes/all/GCF/041/682/055/GCF_041682055.1_ASM4168205v1	./Development/ThreeFold/data/external/Salmonella/GCF_041682055.1_ASM4168205v1_genomic.fna.gz
GCF_041682085.1	PRJNA224116	SAMN42021411	na	na	na	na	90370	28901	Salmonella enterica subsp. enterica serovar Typhi	strain=BKQT8S	na	latest	Complete Genome	Major	Full	2024-08-31	ASM4168208v1		GCA_041682085.1	identical	https://ftp.ncbi.nlm.nih.gov/genomes/all/GCF/041/682/085/GCF_041682085.1_ASM4168208v1	./Development/ThreeFold/data/external/Salmonella/GCF_041682085.1_ASM4168208v1_genomic.fna.gz
GCF_041682155.1	PRJNA224116	SAMN42021412	na	na	na	na	90370	28901	Salmonella enterica subsp. enterica serovar Typhi	strain=BKQU3X	na	latest	Complete Genome	Major	Full	2024-08-31	ASM4168215v1		GCA_041682155.1	identical	https://ftp.ncbi.nlm.nih.gov/genomes/all/GCF/041/682/155/GCF_041682155.1_ASM4168215v1	./Development/ThreeFold/data/external/Salmonella/GCF_041682155.1_ASM4168215v1_genomic.fna.gz
GCF_041871515.1	PRJNA224116	SAMN43446435	na	na	na	na	90370	28901	Salmonella enterica subsp. enterica serovar Typhi	strain=100302	na	latest	Complete Genome	Major	Full	2024-09-10	ASM4187151v1		GCA_041871515.1	identical	https://ftp.ncbi.nlm.nih.gov/genomes/all/GCF/041/871/515/GCF_041871515.1_ASM4187151v1	./Development/ThreeFold/data/external/Salmonella/GCF_041871515.1_ASM4187151v1_genomic.fna.gz
GCF_041892465.1	PRJNA224116	SAMN43446436	na	na	na	na	90370	28901	Salmonella enterica subsp. enterica serovar Typhi	strain=154_NSRL	na	latest	Complete Genome	Major	Full	2024-09-11	154_NSRL		GCA_041892465.1	identical	https://ftp.ncbi.nlm.nih.gov/genomes/all/GCF/041/892/465/GCF_041892465.1_154_NSRL	./Development/ThreeFold/data/external/Salmonella/GCF_041892465.1_154_NSRL_genomic.fna.gz
GCF_042191485.1	PRJNA224116	SAMN17100628	na	na	na	na	90370	28901	Salmonella enterica subsp. enterica serovar Typhi	strain=B666	na	latest	Complete Genome	Major	Full	2024-09-25	FIJI_B666		GCA_042191485.1	identical	https://ftp.ncbi.nlm.nih.gov/genomes/all/GCF/042/191/485/GCF_042191485.1_FIJI_B666	./Development/ThreeFold/data/external/Salmonella/GCF_042191485.1_FIJI_B666_genomic.fna.gz
GCF_044999545.1	PRJNA224116	SAMN44486294	na	na	na	na	90370	28901	Salmonella enterica subsp. enterica serovar Typhi	strain=2CTRGujarat	na	latest	Complete Genome	Major	Full	2024-11-22	ASM4499954v1		GCA_044999545.1	identical	https://ftp.ncbi.nlm.nih.gov/genomes/all/GCF/044/999/545/GCF_044999545.1_ASM4499954v1	./Development/ThreeFold/data/external/Salmonella/GCF_044999545.1_ASM4499954v1_genomic.fna.gz
GCF_044999555.1	PRJNA224116	SAMN44486296	na	na	na	na	90370	28901	Salmonella enterica subsp. enterica serovar Typhi	strain=Toprani	na	latest	Complete Genome	Major	Full	2024-11-22	ASM4499955v1		GCA_044999555.1	identical	https://ftp.ncbi.nlm.nih.gov/genomes/all/GCF/044/999/555/GCF_044999555.1_ASM4499955v1	./Development/ThreeFold/data/external/Salmonella/GCF_044999555.1_ASM4499955v1_genomic.fna.gz
GCF_044999565.1	PRJNA224116	SAMN44486295	na	na	na	na	90370	28901	Salmonella enterica subsp. enterica serovar Typhi	strain=11_1036	na	latest	Complete Genome	Major	Full	2024-11-22	ASM4499956v1		GCA_044999565.1	identical	https://ftp.ncbi.nlm.nih.gov/genomes/all/GCF/044/999/565/GCF_044999565.1_ASM4499956v1	./Development/ThreeFold/data/external/Salmonella/GCF_044999565.1_ASM4499956v1_genomic.fna.gz
GCF_045000095.1	PRJNA224116	SAMN44486293	na	na	na	na	90370	28901	Salmonella enterica subsp. enterica serovar Typhi	strain=1CTRMumbai	na	latest	Complete Genome	Major	Full	2024-11-22	ASM4500009v1		GCA_045000095.1	identical	https://ftp.ncbi.nlm.nih.gov/genomes/all/GCF/045/000/095/GCF_045000095.1_ASM4500009v1	./Development/ThreeFold/data/external/Salmonella/GCF_045000095.1_ASM4500009v1_genomic.fna.gz
GCF_047777935.1	PRJNA224116	SAMN46684701	na	na	na	na	90370	28901	Salmonella enterica subsp. enterica serovar Typhi	na	GIMC1999:Salty24446_1972	latest	Complete Genome	Major	Full	2025-02-16	ASM4777793v1		GCA_047777935.1	identical	https://ftp.ncbi.nlm.nih.gov/genomes/all/GCF/047/777/935/GCF_047777935.1_ASM4777793v1	./Development/ThreeFold/data/external/Salmonella/GCF_047777935.1_ASM4777793v1_genomic.fna.gz
GCF_047777945.1	PRJNA224116	SAMN46684702	na	na	na	na	90370	28901	Salmonella enterica subsp. enterica serovar Typhi	na	GIMC1200:Salty24446_2017	latest	Complete Genome	Major	Full	2025-02-16	ASM4777794v1		GCA_047777945.1	identical	https://ftp.ncbi.nlm.nih.gov/genomes/all/GCF/047/777/945/GCF_047777945.1_ASM4777794v1	./Development/ThreeFold/data/external/Salmonella/GCF_047777945.1_ASM4777794v1_genomic.fna.gz
GCF_900185485.1	PRJNA224116	SAMEA104109193	na	na	na	na	90370	28901	Salmonella enterica subsp. enterica serovar Typhi	na	4714STDY6831631	latest	Complete Genome	Major	Full	2017-06-06	BL60006		GCA_900185485.1	identical	https://ftp.ncbi.nlm.nih.gov/genomes/all/GCF/900/185/485/GCF_900185485.1_BL60006	./Development/ThreeFold/data/external/Salmonella/GCF_900185485.1_BL60006_genomic.fna.gz
GCF_900205245.1	PRJNA224116	SAMEA2564026	na	na	na	na	90370	28901	Salmonella enterica subsp. enterica serovar Typhi	na	ISP_03_07467_SGB110-sc-1979083	latest	Complete Genome	Major	Full	2017-08-15	28930_B01_2		GCA_900205245.2	identical	https://ftp.ncbi.nlm.nih.gov/genomes/all/GCF/900/205/245/GCF_900205245.1_28930_B01_2	./Development/ThreeFold/data/external/Salmonella/GCF_900205245.1_28930_B01_2_genomic.fna.gz
GCF_900205255.1	PRJNA224116	SAMEA3109638	na	na	na	na	90370	28901	Salmonella enterica subsp. enterica serovar Typhi	na	1554-sc-2165329	latest	Complete Genome	Major	Full	2017-08-04	1554		GCA_900205255.1	identical	https://ftp.ncbi.nlm.nih.gov/genomes/all/GCF/900/205/255/GCF_900205255.1_1554	./Development/ThreeFold/data/external/Salmonella/GCF_900205255.1_1554_genomic.fna.gz
GCF_900205265.1	PRJNA224116	SAMEA2564024	na	na	na	na	90370	28901	Salmonella enterica subsp. enterica serovar Typhi	na	lupe_GEN0059-sc-1979081	latest	Complete Genome	Major	Full	2017-08-04	lupe_GEN0059_5		GCA_900205265.1	identical	https://ftp.ncbi.nlm.nih.gov/genomes/all/GCF/900/205/265/GCF_900205265.1_lupe_GEN0059_5	./Development/ThreeFold/data/external/Salmonella/GCF_900205265.1_lupe_GEN0059_5_genomic.fna.gz
GCF_900205275.1	PRJNA224116	SAMEA2564027	na	na	na	na	90370	28901	Salmonella enterica subsp. enterica serovar Typhi	na	403Ty-sc-1979084	latest	Complete Genome	Major	Full	2017-08-04	403Ty		GCA_900205275.1	identical	https://ftp.ncbi.nlm.nih.gov/genomes/all/GCF/900/205/275/GCF_900205275.1_403Ty	./Development/ThreeFold/data/external/Salmonella/GCF_900205275.1_403Ty_genomic.fna.gz
GCF_900205295.1	PRJNA224116	SAMEA2467787	na	na	na	na	90370	28901	Salmonella enterica subsp. enterica serovar Typhi	na	E98_3139-sc-1927833	latest	Complete Genome	Major	Full	2017-08-04	E98-3139		GCA_900205295.1	identical	https://ftp.ncbi.nlm.nih.gov/genomes/all/GCF/900/205/295/GCF_900205295.1_E98-3139	./Development/ThreeFold/data/external/Salmonella/GCF_900205295.1_E98-3139_genomic.fna.gz
GCF_940596495.1	PRJNA224116	SAMEA14291307	na	na	na	na	90370	28901	Salmonella enterica subsp. enterica serovar Typhi	strain=BRD948	na	latest	Complete Genome	Major	Full	2022-05-11	BRD948_LAT2		GCA_940596495.1	identical	https://ftp.ncbi.nlm.nih.gov/genomes/all/GCF/940/596/495/GCF_940596495.1_BRD948_LAT2	./Development/ThreeFold/data/external/Salmonella/GCF_940596495.1_BRD948_LAT2_genomic.fna.gz
GCF_940599845.1	PRJNA224116	SAMEA14291302	na	na	na	na	90370	28901	Salmonella enterica subsp. enterica serovar Typhi	strain=BRD948	na	latest	Complete Genome	Major	Full	2022-05-11	BRD948_8		GCA_940599845.1	identical	https://ftp.ncbi.nlm.nih.gov/genomes/all/GCF/940/599/845/GCF_940599845.1_BRD948_8	./Development/ThreeFold/data/external/Salmonella/GCF_940599845.1_BRD948_8_genomic.fna.gz
GCF_940618755.1	PRJNA224116	SAMEA14291300	na	na	na	na	90370	28901	Salmonella enterica subsp. enterica serovar Typhi	strain=BRD948	na	latest	Complete Genome	Major	Full	2022-05-11	BRD948_WT		GCA_940618755.1	identical	https://ftp.ncbi.nlm.nih.gov/genomes/all/GCF/940/618/755/GCF_940618755.1_BRD948_WT	./Development/ThreeFold/data/external/Salmonella/GCF_940618755.1_BRD948_WT_genomic.fna.gz
GCF_940620125.1	PRJNA224116	SAMEA14291303	na	na	na	na	90370	28901	Salmonella enterica subsp. enterica serovar Typhi	strain=BRD948	na	latest	Complete Genome	Major	Full	2022-05-11	BRD948_U		GCA_940620125.1	identical	https://ftp.ncbi.nlm.nih.gov/genomes/all/GCF/940/620/125/GCF_940620125.1_BRD948_U	./Development/ThreeFold/data/external/Salmonella/GCF_940620125.1_BRD948_U_genomic.fna.gz
GCF_940631035.1	PRJNA224116	SAMEA14291301	na	na	na	na	90370	28901	Salmonella enterica subsp. enterica serovar Typhi	strain=BRD948	na	latest	Complete Genome	Major	Full	2022-05-11	BRD948_7		GCA_940631035.1	identical	https://ftp.ncbi.nlm.nih.gov/genomes/all/GCF/940/631/035/GCF_940631035.1_BRD948_7	./Development/ThreeFold/data/external/Salmonella/GCF_940631035.1_BRD948_7_genomic.fna.gz
GCF_000636135.1	PRJNA224116	SAMN02692256	na	na	na	na	90371	28901	Salmonella enterica subsp. enterica serovar Typhimurium	strain=138736	na	latest	Complete Genome	Major	Full	2014-04-23	ASM63613v1		GCA_000636135.1	identical	https://ftp.ncbi.nlm.nih.gov/genomes/all/GCF/000/636/135/GCF_000636135.1_ASM63613v1	./Development/ThreeFold/data/external/Salmonella/GCF_000636135.1_ASM63613v1_genomic.fna.gz
GCF_000743055.1	PRJNA224116	SAMN02943517	na	na	na	assembly from synonym type material	90371	28901	Salmonella enterica subsp. enterica serovar Typhimurium	strain=ATCC 13311	na	latest	Complete Genome	Major	Full	2014-08-22	ASM74305v1		GCA_000743055.1	identical	https://ftp.ncbi.nlm.nih.gov/genomes/all/GCF/000/743/055/GCF_000743055.1_ASM74305v1	./Development/ThreeFold/data/external/Salmonella/GCF_000743055.1_ASM74305v1_genomic.fna.gz
GCF_000993725.1	PRJNA224116	SAMN03568791	na	na	na	na	90371	28901	Salmonella enterica subsp. enterica serovar Typhimurium	strain=FORC_015	na	latest	Complete Genome	Major	Full	2015-05-07	ASM99372v1		GCA_000993725.1	identical	https://ftp.ncbi.nlm.nih.gov/genomes/all/GCF/000/993/725/GCF_000993725.1_ASM99372v1	./Development/ThreeFold/data/external/Salmonella/GCF_000993725.1_ASM99372v1_genomic.fna.gz
GCF_001006525.1	PRJNA224116	SAMN03653812	na	na	na	na	90371	28901	Salmonella enterica subsp. enterica serovar Typhimurium	strain=YU39	YUHS 05-78	latest	Complete Genome	Major	Full	2015-05-14	ASM100652v1		GCA_001006525.1	identical	https://ftp.ncbi.nlm.nih.gov/genomes/all/GCF/001/006/525/GCF_001006525.1_ASM100652v1	./Development/ThreeFold/data/external/Salmonella/GCF_001006525.1_ASM100652v1_genomic.fna.gz
GCF_001293505.1	PRJNA224116	SAMN03795193	na	na	na	na	90371	28901	Salmonella enterica subsp. enterica serovar Typhimurium	strain=33676	na	latest	Complete Genome	Major	Full	2015-09-17	ASM129350v1		GCA_001293505.1	identical	https://ftp.ncbi.nlm.nih.gov/genomes/all/GCF/001/293/505/GCF_001293505.1_ASM129350v1	./Development/ThreeFold/data/external/Salmonella/GCF_001293505.1_ASM129350v1_genomic.fna.gz
GCF_001454965.1	PRJNA224116	SAMN03839051	na	na	na	na	90371	28901	Salmonella enterica subsp. enterica serovar Typhimurium	strain=FORC_020	na	latest	Complete Genome	Major	Full	2015-11-30	ASM145496v1		GCA_001454965.1	identical	https://ftp.ncbi.nlm.nih.gov/genomes/all/GCF/001/454/965/GCF_001454965.1_ASM145496v1	./Development/ThreeFold/data/external/Salmonella/GCF_001454965.1_ASM145496v1_genomic.fna.gz
GCF_001540845.1	PRJNA224116	SAMEA3506109	na	na	na	na	90371	28901	Salmonella enterica subsp. enterica serovar Typhimurium	na	SO4698-09	latest	Complete Genome	Major	Full	2016-01-22	SO4698_09		GCA_001540845.1	identical	https://ftp.ncbi.nlm.nih.gov/genomes/all/GCF/001/540/845/GCF_001540845.1_SO4698_09	./Development/ThreeFold/data/external/Salmonella/GCF_001540845.1_SO4698_09_genomic.fna.gz
GCF_001576255.1	PRJNA224116	SAMN03795199	na	na	na	na	90371	28901	Salmonella enterica subsp. enterica serovar Typhimurium	strain=YU15	na	latest	Complete Genome	Major	Full	2016-02-26	ASM157625v1		GCA_001576255.1	identical	https://ftp.ncbi.nlm.nih.gov/genomes/all/GCF/001/576/255/GCF_001576255.1_ASM157625v1	./Development/ThreeFold/data/external/Salmonella/GCF_001576255.1_ASM157625v1_genomic.fna.gz
GCF_001576275.1	PRJNA224116	SAMN03798428	na	na	na	na	90371	28901	Salmonella enterica subsp. enterica serovar Typhimurium	strain=SO2	SOHS 02-20	latest	Complete Genome	Major	Full	2016-02-26	ASM157627v1		GCA_001576275.1	identical	https://ftp.ncbi.nlm.nih.gov/genomes/all/GCF/001/576/275/GCF_001576275.1_ASM157627v1	./Development/ThreeFold/data/external/Salmonella/GCF_001576275.1_ASM157627v1_genomic.fna.gz
GCF_001577505.1	PRJNA224116	SAMN04296382	na	na	na	na	90371	28901	Salmonella enterica subsp. enterica serovar Typhimurium	strain=SO3	SOHS 02-68	latest	Complete Genome	Major	Full	2016-02-26	ASM157750v1		GCA_001577505.1	identical	https://ftp.ncbi.nlm.nih.gov/genomes/all/GCF/001/577/505/GCF_001577505.1_ASM157750v1	./Development/ThreeFold/data/external/Salmonella/GCF_001577505.1_ASM157750v1_genomic.fna.gz
GCF_001617585.1	PRJNA224116	SAMN04038553	na	na	na	na	90371	28901	Salmonella enterica subsp. enterica serovar Typhimurium	strain=RM9437	na	latest	Complete Genome	Major	Full	2016-04-08	ASM161758v1		GCA_001617585.1	identical	https://ftp.ncbi.nlm.nih.gov/genomes/all/GCF/001/617/585/GCF_001617585.1_ASM161758v1	./Development/ThreeFold/data/external/Salmonella/GCF_001617585.1_ASM161758v1_genomic.fna.gz
GCF_001705365.1	PRJNA224116	SAMN04600271	na	na	na	na	90371	28901	Salmonella enterica subsp. enterica serovar Typhimurium	strain=NC983	na	latest	Complete Genome	Major	Full	2016-08-16	ASM170536v1		GCA_001705365.1	identical	https://ftp.ncbi.nlm.nih.gov/genomes/all/GCF/001/705/365/GCF_001705365.1_ASM170536v1	./Development/ThreeFold/data/external/Salmonella/GCF_001705365.1_ASM170536v1_genomic.fna.gz
GCF_001729225.1	PRJNA224116	SAMN05356919	na	na	na	na	90371	28901	Salmonella enterica subsp. enterica serovar Typhimurium	strain=ST931R	na	latest	Complete Genome	Major	Full	2016-09-16	ASM172922v1		GCA_001729225.1	identical	https://ftp.ncbi.nlm.nih.gov/genomes/all/GCF/001/729/225/GCF_001729225.1_ASM172922v1	./Development/ThreeFold/data/external/Salmonella/GCF_001729225.1_ASM172922v1_genomic.fna.gz
GCF_001756025.2	PRJNA224116	SAMN05717005	na	na	na	na	90371	28901	Salmonella enterica subsp. enterica serovar Typhimurium	strain=CFSAN008081	na	latest	Complete Genome	Major	Full	2021-06-07	ASM175602v2		GCA_001756025.2	identical	https://ftp.ncbi.nlm.nih.gov/genomes/all/GCF/001/756/025/GCF_001756025.2_ASM175602v2	./Development/ThreeFold/data/external/Salmonella/GCF_001756025.2_ASM175602v2_genomic.fna.gz
GCF_001887015.1	PRJNA224116	SAMN05832872	na	na	na	na	90371	28901	Salmonella enterica subsp. enterica serovar Typhimurium	strain=22792	na	latest	Complete Genome	Major	Full	2016-11-28	ASM188701v1		GCA_001887015.1	identical	https://ftp.ncbi.nlm.nih.gov/genomes/all/GCF/001/887/015/GCF_001887015.1_ASM188701v1	./Development/ThreeFold/data/external/Salmonella/GCF_001887015.1_ASM188701v1_genomic.fna.gz
GCF_001922185.1	PRJNA224116	SAMN04125698	na	na	na	na	90371	28901	Salmonella enterica subsp. enterica serovar Typhimurium	strain=RM10961	na	latest	Complete Genome	Major	Full	2016-12-27	ASM192218v1		GCA_001922185.1	identical	https://ftp.ncbi.nlm.nih.gov/genomes/all/GCF/001/922/185/GCF_001922185.1_ASM192218v1	./Development/ThreeFold/data/external/Salmonella/GCF_001922185.1_ASM192218v1_genomic.fna.gz
GCF_001989635.1	PRJNA224116	SAMN06185755	na	na	na	na	90371	28901	Salmonella enterica subsp. enterica serovar Typhimurium	strain=81741	na	latest	Complete Genome	Major	Full	2017-02-07	ASM198963v1		GCA_001989635.1	identical	https://ftp.ncbi.nlm.nih.gov/genomes/all/GCF/001/989/635/GCF_001989635.1_ASM198963v1	./Development/ThreeFold/data/external/Salmonella/GCF_001989635.1_ASM198963v1_genomic.fna.gz
GCF_002209225.1	PRJNA224116	SAMN06173334	na	na	na	na	90371	28901	Salmonella enterica subsp. enterica serovar Typhimurium	strain=FDAARGOS_321	na	latest	Complete Genome	Major	Full	2018-04-03	ASM220922v2		GCA_002209225.2	identical	https://ftp.ncbi.nlm.nih.gov/genomes/all/GCF/002/209/225/GCF_002209225.1_ASM220922v2	./Development/ThreeFold/data/external/Salmonella/GCF_002209225.1_ASM220922v2_genomic.fna.gz
GCF_002313125.1	PRJNA224116	SAMN07267217	na	na	na	na	90371	28901	Salmonella enterica subsp. enterica serovar Typhimurium	strain=WW012	na	latest	Complete Genome	Major	Full	2017-09-19	ASM231312v1		GCA_002313125.1	identical	https://ftp.ncbi.nlm.nih.gov/genomes/all/GCF/002/313/125/GCF_002313125.1_ASM231312v1	./Development/ThreeFold/data/external/Salmonella/GCF_002313125.1_ASM231312v1_genomic.fna.gz
GCF_002762135.3	PRJNA224116	SAMN07945789	na	na	na	na	90371	28901	Salmonella enterica subsp. enterica serovar Typhimurium	strain=BL10	na	latest	Complete Genome	Minor	Full	2018-07-09	ASM276213v3		GCA_002762135.3	identical	https://ftp.ncbi.nlm.nih.gov/genomes/all/GCF/002/762/135/GCF_002762135.3_ASM276213v3	./Development/ThreeFold/data/external/Salmonella/GCF_002762135.3_ASM276213v3_genomic.fna.gz
GCF_002813935.1	PRJNA224116	SAMN06161238	na	na	na	na	90371	28901	Salmonella enterica subsp. enterica serovar Typhimurium	strain=FORC50	na	latest	Complete Genome	Major	Full	2017-12-07	ASM281393v1		GCA_002813935.1	identical	https://ftp.ncbi.nlm.nih.gov/genomes/all/GCF/002/813/935/GCF_002813935.1_ASM281393v1	./Development/ThreeFold/data/external/Salmonella/GCF_002813935.1_ASM281393v1_genomic.fna.gz
GCF_002947135.1	PRJNA224116	SAMN04014872	na	na	na	na	90371	28901	Salmonella enterica subsp. enterica serovar Typhimurium	strain=AR_0031	na	latest	Complete Genome	Major	Full	2018-02-18	ASM294713v1		GCA_002947135.1	identical	https://ftp.ncbi.nlm.nih.gov/genomes/all/GCF/002/947/135/GCF_002947135.1_ASM294713v1	./Development/ThreeFold/data/external/Salmonella/GCF_002947135.1_ASM294713v1_genomic.fna.gz
GCF_002983965.1	PRJNA224116	SAMN06173333	na	na	na	na	90371	28901	Salmonella enterica subsp. enterica serovar Typhimurium	strain=FDAARGOS_320	na	latest	Complete Genome	Major	Full	2018-03-09	ASM298396v1		GCA_002983965.1	identical	https://ftp.ncbi.nlm.nih.gov/genomes/all/GCF/002/983/965/GCF_002983965.1_ASM298396v1	./Development/ThreeFold/data/external/Salmonella/GCF_002983965.1_ASM298396v1_genomic.fna.gz
GCF_002984285.1	PRJNA224116	SAMN06173330	na	na	na	na	90371	28901	Salmonella enterica subsp. enterica serovar Typhimurium	strain=FDAARGOS_317	na	latest	Complete Genome	Major	Full	2018-03-09	ASM298428v1		GCA_002984285.1	identical	https://ftp.ncbi.nlm.nih.gov/genomes/all/GCF/002/984/285/GCF_002984285.1_ASM298428v1	./Development/ThreeFold/data/external/Salmonella/GCF_002984285.1_ASM298428v1_genomic.fna.gz
GCF_003030285.2	PRJNA224116	SAMN08663444	na	na	na	na	90371	28901	Salmonella enterica subsp. enterica serovar Typhimurium	strain=CFSAN018746	na	latest	Complete Genome	Major	Full	2021-06-03	ASM303028v2		GCA_003030285.2	identical	https://ftp.ncbi.nlm.nih.gov/genomes/all/GCF/003/030/285/GCF_003030285.2_ASM303028v2	./Development/ThreeFold/data/external/Salmonella/GCF_003030285.2_ASM303028v2_genomic.fna.gz
GCF_003031835.1	PRJNA224116	SAMN06660623	na	na	na	na	90371	28901	Salmonella enterica subsp. enterica serovar Typhimurium	strain=FORC58	na	latest	Complete Genome	Major	Full	2018-04-03	ASM303183v1		GCA_003031835.1	identical	https://ftp.ncbi.nlm.nih.gov/genomes/all/GCF/003/031/835/GCF_003031835.1_ASM303183v1	./Development/ThreeFold/data/external/Salmonella/GCF_003031835.1_ASM303183v1_genomic.fna.gz
GCF_003032015.1	PRJNA224116	SAMN08125531	na	na	na	na	90371	28901	Salmonella enterica subsp. enterica serovar Typhimurium	strain=PIR00538	na	latest	Complete Genome	Major	Full	2018-04-03	ASM303201v1		GCA_003032015.1	identical	https://ftp.ncbi.nlm.nih.gov/genomes/all/GCF/003/032/015/GCF_003032015.1_ASM303201v1	./Development/ThreeFold/data/external/Salmonella/GCF_003032015.1_ASM303201v1_genomic.fna.gz
GCF_003177235.1	PRJNA224116	SAMN09245755	na	na	na	na	90371	28901	Salmonella enterica subsp. enterica serovar Typhimurium	strain=DA34821	na	latest	Complete Genome	Major	Full	2018-05-31	ASM317723v1		GCA_003177235.1	identical	https://ftp.ncbi.nlm.nih.gov/genomes/all/GCF/003/177/235/GCF_003177235.1_ASM317723v1	./Development/ThreeFold/data/external/Salmonella/GCF_003177235.1_ASM317723v1_genomic.fna.gz
GCF_003177255.1	PRJNA224116	SAMN09245760	na	na	na	na	90371	28901	Salmonella enterica subsp. enterica serovar Typhimurium	strain=DA34837	na	latest	Complete Genome	Major	Full	2018-05-31	ASM317725v1		GCA_003177255.1	identical	https://ftp.ncbi.nlm.nih.gov/genomes/all/GCF/003/177/255/GCF_003177255.1_ASM317725v1	./Development/ThreeFold/data/external/Salmonella/GCF_003177255.1_ASM317725v1_genomic.fna.gz
GCF_003181075.1	PRJNA224116	SAMN09245756	na	na	na	na	90371	28901	Salmonella enterica subsp. enterica serovar Typhimurium	strain=DA34827	na	latest	Complete Genome	Major	Full	2018-05-31	ASM318107v1		GCA_003181075.1	identical	https://ftp.ncbi.nlm.nih.gov/genomes/all/GCF/003/181/075/GCF_003181075.1_ASM318107v1	./Development/ThreeFold/data/external/Salmonella/GCF_003181075.1_ASM318107v1_genomic.fna.gz
GCF_003181155.1	PRJNA224116	SAMN09245758	na	na	na	na	90371	28901	Salmonella enterica subsp. enterica serovar Typhimurium	strain=DA34833	na	latest	Complete Genome	Major	Full	2018-05-31	ASM318115v1		GCA_003181155.1	identical	https://ftp.ncbi.nlm.nih.gov/genomes/all/GCF/003/181/155/GCF_003181155.1_ASM318115v1	./Development/ThreeFold/data/external/Salmonella/GCF_003181155.1_ASM318115v1_genomic.fna.gz
GCF_003864015.1	PRJNA224116	SAMN10485463	na	na	na	na	90371	28901	Salmonella enterica subsp. enterica serovar Typhimurium	strain=ATCC 14028	na	latest	Complete Genome	Major	Full	2018-12-05	ASM386401v1		GCA_003864015.1	identical	https://ftp.ncbi.nlm.nih.gov/genomes/all/GCF/003/864/015/GCF_003864015.1_ASM386401v1	./Development/ThreeFold/data/external/Salmonella/GCF_003864015.1_ASM386401v1_genomic.fna.gz
GCF_003994655.1	PRJNA224116	SAMN10638888	na	na	na	na	90371	28901	Salmonella enterica subsp. enterica serovar Typhimurium	strain=RSE04	na	latest	Complete Genome	Major	Full	2019-01-06	ASM399465v1		GCA_003994655.1	identical	https://ftp.ncbi.nlm.nih.gov/genomes/all/GCF/003/994/655/GCF_003994655.1_ASM399465v1	./Development/ThreeFold/data/external/Salmonella/GCF_003994655.1_ASM399465v1_genomic.fna.gz
GCF_003999215.1	PRJNA224116	SAMN08277293	na	na	na	na	90371	28901	Salmonella enterica subsp. enterica serovar Typhimurium	strain=FORC_079	na	latest	Complete Genome	Major	Full	2019-01-08	ASM399921v1		GCA_003999215.1	identical	https://ftp.ncbi.nlm.nih.gov/genomes/all/GCF/003/999/215/GCF_003999215.1_ASM399921v1	./Development/ThreeFold/data/external/Salmonella/GCF_003999215.1_ASM399921v1_genomic.fna.gz
GCF_004022525.1	PRJNA224116	SAMN10716141	na	na	na	na	90371	28901	Salmonella enterica subsp. enterica serovar Typhimurium	strain=B3589	na	latest	Complete Genome	Major	Full	2019-01-15	ASM402252v1		GCA_004022525.1	identical	https://ftp.ncbi.nlm.nih.gov/genomes/all/GCF/004/022/525/GCF_004022525.1_ASM402252v1	./Development/ThreeFold/data/external/Salmonella/GCF_004022525.1_ASM402252v1_genomic.fna.gz
GCF_004194625.2	PRJNA224116	SAMN08848603	na	na	na	na	90371	28901	Salmonella enterica subsp. enterica serovar Typhimurium	strain=sg_wt7	na	latest	Complete Genome	Major	Full	2019-02-25	ASM419462v2		GCA_004194625.2	identical	https://ftp.ncbi.nlm.nih.gov/genomes/all/GCF/004/194/625/GCF_004194625.2_ASM419462v2	./Development/ThreeFold/data/external/Salmonella/GCF_004194625.2_ASM419462v2_genomic.fna.gz
GCF_004323995.2	PRJNA224116	SAMN09759467	na	na	na	na	90371	28901	Salmonella enterica subsp. enterica serovar Typhimurium	strain=SJTUF11077	na	latest	Complete Genome	Major	Full	2022-01-07	ASM432399v2		GCA_004323995.2	identical	https://ftp.ncbi.nlm.nih.gov/genomes/all/GCF/004/323/995/GCF_004323995.2_ASM432399v2	./Development/ThreeFold/data/external/Salmonella/GCF_004323995.2_ASM432399v2_genomic.fna.gz
GCF_004324015.2	PRJNA224116	SAMN09759463	na	na	na	na	90371	28901	Salmonella enterica subsp. enterica serovar Typhimurium	strain=SJTUF10640	na	latest	Complete Genome	Major	Full	2022-01-07	ASM432401v2		GCA_004324015.2	identical	https://ftp.ncbi.nlm.nih.gov/genomes/all/GCF/004/324/015/GCF_004324015.2_ASM432401v2	./Development/ThreeFold/data/external/Salmonella/GCF_004324015.2_ASM432401v2_genomic.fna.gz
GCF_004324025.2	PRJNA224116	SAMN09759462	na	na	na	na	90371	28901	Salmonella enterica subsp. enterica serovar Typhimurium	strain=SJTUF10484	na	latest	Complete Genome	Major	Full	2022-01-07	ASM432402v2		GCA_004324025.2	identical	https://ftp.ncbi.nlm.nih.gov/genomes/all/GCF/004/324/025/GCF_004324025.2_ASM432402v2	./Development/ThreeFold/data/external/Salmonella/GCF_004324025.2_ASM432402v2_genomic.fna.gz
GCF_004324045.2	PRJNA224116	SAMN09759459	na	na	na	na	90371	28901	Salmonella enterica subsp. enterica serovar Typhimurium	strain=SJTUF10359	na	latest	Complete Genome	Major	Full	2022-01-07	ASM432404v2		GCA_004324045.2	identical	https://ftp.ncbi.nlm.nih.gov/genomes/all/GCF/004/324/045/GCF_004324045.2_ASM432404v2	./Development/ThreeFold/data/external/Salmonella/GCF_004324045.2_ASM432404v2_genomic.fna.gz
GCF_004324095.2	PRJNA224116	SAMN09759458	na	na	na	na	90371	28901	Salmonella enterica subsp. enterica serovar Typhimurium	strain=SJTUF10330	na	latest	Complete Genome	Major	Full	2022-01-07	ASM432409v2		GCA_004324095.2	identical	https://ftp.ncbi.nlm.nih.gov/genomes/all/GCF/004/324/095/GCF_004324095.2_ASM432409v2	./Development/ThreeFold/data/external/Salmonella/GCF_004324095.2_ASM432409v2_genomic.fna.gz
GCF_004324115.2	PRJNA224116	SAMN09759457	na	na	na	na	90371	28901	Salmonella enterica subsp. enterica serovar Typhimurium	strain=SJTUF10250	na	latest	Complete Genome	Major	Full	2022-01-07	ASM432411v2		GCA_004324115.2	identical	https://ftp.ncbi.nlm.nih.gov/genomes/all/GCF/004/324/115/GCF_004324115.2_ASM432411v2	./Development/ThreeFold/data/external/Salmonella/GCF_004324115.2_ASM432411v2_genomic.fna.gz
GCF_004324125.2	PRJNA224116	SAMN09759456	na	na	na	na	90371	28901	Salmonella enterica subsp. enterica serovar Typhimurium	strain=SJTUF10236	na	latest	Complete Genome	Major	Full	2022-01-07	ASM432412v2		GCA_004324125.2	identical	https://ftp.ncbi.nlm.nih.gov/genomes/all/GCF/004/324/125/GCF_004324125.2_ASM432412v2	./Development/ThreeFold/data/external/Salmonella/GCF_004324125.2_ASM432412v2_genomic.fna.gz
GCF_004324135.2	PRJNA224116	SAMN09759455	na	na	na	na	90371	28901	Salmonella enterica subsp. enterica serovar Typhimurium	strain=SJTUF10231	na	latest	Complete Genome	Major	Full	2022-01-07	ASM432413v2		GCA_004324135.2	identical	https://ftp.ncbi.nlm.nih.gov/genomes/all/GCF/004/324/135/GCF_004324135.2_ASM432413v2	./Development/ThreeFold/data/external/Salmonella/GCF_004324135.2_ASM432413v2_genomic.fna.gz
GCF_004324145.2	PRJNA224116	SAMN09759452	na	na	na	na	90371	28901	Salmonella enterica subsp. enterica serovar Typhimurium	strain=SJTUF10057	na	latest	Complete Genome	Major	Full	2022-01-07	ASM432414v2		GCA_004324145.2	identical	https://ftp.ncbi.nlm.nih.gov/genomes/all/GCF/004/324/145/GCF_004324145.2_ASM432414v2	./Development/ThreeFold/data/external/Salmonella/GCF_004324145.2_ASM432414v2_genomic.fna.gz
GCF_004324245.2	PRJNA224116	SAMN09759464	na	na	na	na	90371	28901	Salmonella enterica subsp. enterica serovar Typhimurium	strain=SJTUF10648	na	latest	Complete Genome	Major	Full	2022-01-07	ASM432424v2		GCA_004324245.2	identical	https://ftp.ncbi.nlm.nih.gov/genomes/all/GCF/004/324/245/GCF_004324245.2_ASM432424v2	./Development/ThreeFold/data/external/Salmonella/GCF_004324245.2_ASM432424v2_genomic.fna.gz
GCF_004324275.2	PRJNA224116	SAMN09759454	na	na	na	na	90371	28901	Salmonella enterica subsp. enterica serovar Typhimurium	strain=SJTUF10169	na	latest	Complete Genome	Major	Full	2022-01-07	ASM432427v2		GCA_004324275.2	identical	https://ftp.ncbi.nlm.nih.gov/genomes/all/GCF/004/324/275/GCF_004324275.2_ASM432427v2	./Development/ThreeFold/data/external/Salmonella/GCF_004324275.2_ASM432427v2_genomic.fna.gz
GCF_004324315.2	PRJNA224116	SAMN09759453	na	na	na	na	90371	28901	Salmonella enterica subsp. enterica serovar Typhimurium	strain=SJTUF10112	na	latest	Complete Genome	Major	Full	2022-01-07	ASM432431v2		GCA_004324315.2	identical	https://ftp.ncbi.nlm.nih.gov/genomes/all/GCF/004/324/315/GCF_004324315.2_ASM432431v2	./Development/ThreeFold/data/external/Salmonella/GCF_004324315.2_ASM432431v2_genomic.fna.gz
GCF_004337735.2	PRJNA224116	SAMN09759468	na	na	na	na	90371	28901	Salmonella enterica subsp. enterica serovar Typhimurium	strain=SJTUF11216	na	latest	Complete Genome	Major	Full	2022-01-07	ASM433773v2		GCA_004337735.2	identical	https://ftp.ncbi.nlm.nih.gov/genomes/all/GCF/004/337/735/GCF_004337735.2_ASM433773v2	./Development/ThreeFold/data/external/Salmonella/GCF_004337735.2_ASM433773v2_genomic.fna.gz
GCF_004337745.2	PRJNA224116	SAMN09759460	na	na	na	na	90371	28901	Salmonella enterica subsp. enterica serovar Typhimurium	strain=SJTUF10405	na	latest	Complete Genome	Major	Full	2022-01-07	ASM433774v2		GCA_004337745.2	identical	https://ftp.ncbi.nlm.nih.gov/genomes/all/GCF/004/337/745/GCF_004337745.2_ASM433774v2	./Development/ThreeFold/data/external/Salmonella/GCF_004337745.2_ASM433774v2_genomic.fna.gz
GCF_004792435.1	PRJNA224116	SAMN11333145	na	na	na	na	90371	28901	Salmonella enterica subsp. enterica serovar Typhimurium	strain=PNCS014851	na	latest	Complete Genome	Major	Full	2019-04-14	ASM479243v1		GCA_004792435.1	identical	https://ftp.ncbi.nlm.nih.gov/genomes/all/GCF/004/792/435/GCF_004792435.1_ASM479243v1	./Development/ThreeFold/data/external/Salmonella/GCF_004792435.1_ASM479243v1_genomic.fna.gz
GCF_004919365.1	PRJNA224116	SAMN11333158	na	na	na	na	90371	28901	Salmonella enterica subsp. enterica serovar Typhimurium	strain=PNCS014862	na	latest	Complete Genome	Major	Full	2019-04-28	ASM491936v1		GCA_004919365.1	identical	https://ftp.ncbi.nlm.nih.gov/genomes/all/GCF/004/919/365/GCF_004919365.1_ASM491936v1	./Development/ThreeFold/data/external/Salmonella/GCF_004919365.1_ASM491936v1_genomic.fna.gz
GCF_005166225.1	PRJNA224116	SAMN08944422	na	na	na	na	90371	28901	Salmonella enterica subsp. enterica serovar Typhimurium	strain=FORC88	na	latest	Complete Genome	Major	Full	2019-05-06	ASM516622v1		GCA_005166225.1	identical	https://ftp.ncbi.nlm.nih.gov/genomes/all/GCF/005/166/225/GCF_005166225.1_ASM516622v1	./Development/ThreeFold/data/external/Salmonella/GCF_005166225.1_ASM516622v1_genomic.fna.gz
GCF_005537375.1	PRJNA224116	SAMN11333169	na	na	na	na	90371	28901	Salmonella enterica subsp. enterica serovar Typhimurium	strain=PNCS014879	na	latest	Complete Genome	Major	Full	2019-05-21	ASM553737v1		GCA_005537375.1	identical	https://ftp.ncbi.nlm.nih.gov/genomes/all/GCF/005/537/375/GCF_005537375.1_ASM553737v1	./Development/ThreeFold/data/external/Salmonella/GCF_005537375.1_ASM553737v1_genomic.fna.gz
GCF_005844025.1	PRJNA224116	SAMN11665396	na	na	na	na	90371	28901	Salmonella enterica subsp. enterica serovar Typhimurium	strain=TJWQ005	na	latest	Complete Genome	Major	Full	2019-05-26	ASM584402v1		GCA_005844025.1	identical	https://ftp.ncbi.nlm.nih.gov/genomes/all/GCF/005/844/025/GCF_005844025.1_ASM584402v1	./Development/ThreeFold/data/external/Salmonella/GCF_005844025.1_ASM584402v1_genomic.fna.gz
GCF_005885855.1	PRJNA224116	SAMN11787767	na	na	na	na	90371	28901	Salmonella enterica subsp. enterica serovar Typhimurium	strain=SAP17-7399	na	latest	Complete Genome	Major	Full	2019-05-29	ASM588585v1		GCA_005885855.1	identical	https://ftp.ncbi.nlm.nih.gov/genomes/all/GCF/005/885/855/GCF_005885855.1_ASM588585v1	./Development/ThreeFold/data/external/Salmonella/GCF_005885855.1_ASM588585v1_genomic.fna.gz
GCF_005885875.1	PRJNA224116	SAMN11787765	na	na	na	na	90371	28901	Salmonella enterica subsp. enterica serovar Typhimurium	strain=SAP17-7699	na	latest	Complete Genome	Major	Full	2019-05-29	ASM588587v1		GCA_005885875.1	identical	https://ftp.ncbi.nlm.nih.gov/genomes/all/GCF/005/885/875/GCF_005885875.1_ASM588587v1	./Development/ThreeFold/data/external/Salmonella/GCF_005885875.1_ASM588587v1_genomic.fna.gz
GCF_005885895.1	PRJNA224116	SAMN11787766	na	na	na	na	90371	28901	Salmonella enterica subsp. enterica serovar Typhimurium	strain=SAP17-7299	na	latest	Complete Genome	Major	Full	2019-05-29	ASM588589v1		GCA_005885895.1	identical	https://ftp.ncbi.nlm.nih.gov/genomes/all/GCF/005/885/895/GCF_005885895.1_ASM588589v1	./Development/ThreeFold/data/external/Salmonella/GCF_005885895.1_ASM588589v1_genomic.fna.gz
GCF_005885935.1	PRJNA224116	SAMN11786967	na	na	na	na	90371	28901	Salmonella enterica subsp. enterica serovar Typhimurium	strain=SAP17-8290	na	latest	Complete Genome	Major	Full	2019-05-29	ASM588593v1		GCA_005885935.1	identical	https://ftp.ncbi.nlm.nih.gov/genomes/all/GCF/005/885/935/GCF_005885935.1_ASM588593v1	./Development/ThreeFold/data/external/Salmonella/GCF_005885935.1_ASM588593v1_genomic.fna.gz
GCF_006088735.1	PRJNA224116	SAMN10537407	na	na	na	na	90371	28901	Salmonella enterica subsp. enterica serovar Typhimurium	strain=14028	na	latest	Complete Genome	Major	Full	2019-06-06	ASM608873v1		GCA_006088735.1	identical	https://ftp.ncbi.nlm.nih.gov/genomes/all/GCF/006/088/735/GCF_006088735.1_ASM608873v1	./Development/ThreeFold/data/external/Salmonella/GCF_006088735.1_ASM608873v1_genomic.fna.gz
GCF_006351805.1	PRJNA224116	SAMN09943633	na	na	na	na	90371	28901	Salmonella enterica subsp. enterica serovar Typhimurium	strain=SAP18-6199	na	latest	Complete Genome	Major	Full	2019-06-16	ASM635180v1		GCA_006351805.1	identical	https://ftp.ncbi.nlm.nih.gov/genomes/all/GCF/006/351/805/GCF_006351805.1_ASM635180v1	./Development/ThreeFold/data/external/Salmonella/GCF_006351805.1_ASM635180v1_genomic.fna.gz
GCF_006384195.1	PRJNA224116	SAMN09302771	na	na	na	na	90371	28901	Salmonella enterica subsp. enterica serovar Typhimurium	strain=10ST07093	na	latest	Complete Genome	Major	Full	2019-06-20	ASM638419v1		GCA_006384195.1	identical	https://ftp.ncbi.nlm.nih.gov/genomes/all/GCF/006/384/195/GCF_006384195.1_ASM638419v1	./Development/ThreeFold/data/external/Salmonella/GCF_006384195.1_ASM638419v1_genomic.fna.gz
GCF_007431545.1	PRJNA224116	SAMN09378347	na	na	na	na	90371	28901	Salmonella enterica subsp. enterica serovar Typhimurium	strain=FORC098	na	latest	Complete Genome	Major	Full	2019-07-25	ASM743154v1		GCA_007431545.1	identical	https://ftp.ncbi.nlm.nih.gov/genomes/all/GCF/007/431/545/GCF_007431545.1_ASM743154v1	./Development/ThreeFold/data/external/Salmonella/GCF_007431545.1_ASM743154v1_genomic.fna.gz
GCF_009497835.1	PRJNA224116	SAMN10076456	na	na	na	na	90371	28901	Salmonella enterica subsp. enterica serovar Typhimurium	strain=SL26	na	latest	Complete Genome	Major	Full	2019-11-04	ASM949783v1		GCA_009497835.1	identical	https://ftp.ncbi.nlm.nih.gov/genomes/all/GCF/009/497/835/GCF_009497835.1_ASM949783v1	./Development/ThreeFold/data/external/Salmonella/GCF_009497835.1_ASM949783v1_genomic.fna.gz
GCF_009497855.1	PRJNA224116	SAMN10076455	na	na	na	na	90371	28901	Salmonella enterica subsp. enterica serovar Typhimurium	strain=SO21	na	latest	Complete Genome	Major	Full	2019-11-04	ASM949785v1		GCA_009497855.1	identical	https://ftp.ncbi.nlm.nih.gov/genomes/all/GCF/009/497/855/GCF_009497855.1_ASM949785v1	./Development/ThreeFold/data/external/Salmonella/GCF_009497855.1_ASM949785v1_genomic.fna.gz
GCF_009664575.1	PRJNA224116	SAMN13191648	na	na	na	na	90371	28901	Salmonella enterica subsp. enterica serovar Typhimurium	strain=AUSMDU00010530	na	latest	Complete Genome	Major	Full	2019-11-17	ASM966457v1		GCA_009664575.1	identical	https://ftp.ncbi.nlm.nih.gov/genomes/all/GCF/009/664/575/GCF_009664575.1_ASM966457v1	./Development/ThreeFold/data/external/Salmonella/GCF_009664575.1_ASM966457v1_genomic.fna.gz
GCF_009664595.1	PRJNA224116	SAMN13191647	na	na	na	na	90371	28901	Salmonella enterica subsp. enterica serovar Typhimurium	strain=AUSMDU00010529	na	latest	Complete Genome	Major	Full	2019-11-17	ASM966459v1		GCA_009664595.1	identical	https://ftp.ncbi.nlm.nih.gov/genomes/all/GCF/009/664/595/GCF_009664595.1_ASM966459v1	./Development/ThreeFold/data/external/Salmonella/GCF_009664595.1_ASM966459v1_genomic.fna.gz
GCF_009664635.1	PRJNA224116	SAMN13191646	na	na	na	na	90371	28901	Salmonella enterica subsp. enterica serovar Typhimurium	strain=AUSMDU00008979	na	latest	Complete Genome	Major	Full	2019-11-17	ASM966463v1		GCA_009664635.1	identical	https://ftp.ncbi.nlm.nih.gov/genomes/all/GCF/009/664/635/GCF_009664635.1_ASM966463v1	./Development/ThreeFold/data/external/Salmonella/GCF_009664635.1_ASM966463v1_genomic.fna.gz
GCF_009857075.1	PRJNA224116	SAMN08775946	na	na	na	na	90371	28901	Salmonella enterica subsp. enterica serovar Typhimurium	strain=RM13672	na	latest	Complete Genome	Major	Full	2020-01-12	ASM985707v1		GCA_009857075.1	identical	https://ftp.ncbi.nlm.nih.gov/genomes/all/GCF/009/857/075/GCF_009857075.1_ASM985707v1	./Development/ThreeFold/data/external/Salmonella/GCF_009857075.1_ASM985707v1_genomic.fna.gz
GCF_009884375.1	PRJNA224116	SAMN12340931	na	na	na	na	90371	28901	Salmonella enterica subsp. enterica serovar Typhimurium	strain=NCCP 16207	na	latest	Complete Genome	Major	Full	2020-01-15	ASM988437v1		GCA_009884375.1	identical	https://ftp.ncbi.nlm.nih.gov/genomes/all/GCF/009/884/375/GCF_009884375.1_ASM988437v1	./Development/ThreeFold/data/external/Salmonella/GCF_009884375.1_ASM988437v1_genomic.fna.gz
GCF_011304815.1	PRJNA224116	SAMN10076457	na	na	na	na	90371	28901	Salmonella enterica subsp. enterica serovar Typhimurium	strain=YU07-18	na	latest	Complete Genome	Major	Full	2020-03-16	ASM1130481v1		GCA_011304815.1	identical	https://ftp.ncbi.nlm.nih.gov/genomes/all/GCF/011/304/815/GCF_011304815.1_ASM1130481v1	./Development/ThreeFold/data/external/Salmonella/GCF_011304815.1_ASM1130481v1_genomic.fna.gz
GCF_012050025.1	PRJNA224116	SAMN14450162	na	na	na	na	90371	28901	Salmonella enterica subsp. enterica serovar Typhimurium	strain=ST46	na	latest	Complete Genome	Major	Full	2020-04-06	ASM1205002v1		GCA_012050025.1	identical	https://ftp.ncbi.nlm.nih.gov/genomes/all/GCF/012/050/025/GCF_012050025.1_ASM1205002v1	./Development/ThreeFold/data/external/Salmonella/GCF_012050025.1_ASM1205002v1_genomic.fna.gz
GCF_012051085.1	PRJNA224116	SAMN14450168	na	na	na	na	90371	28901	Salmonella enterica subsp. enterica serovar Typhimurium	strain=ST113	na	latest	Complete Genome	Major	Full	2020-04-06	ASM1205108v1		GCA_012051085.1	identical	https://ftp.ncbi.nlm.nih.gov/genomes/all/GCF/012/051/085/GCF_012051085.1_ASM1205108v1	./Development/ThreeFold/data/external/Salmonella/GCF_012051085.1_ASM1205108v1_genomic.fna.gz
GCF_012051245.1	PRJNA224116	SAMN14450167	na	na	na	na	90371	28901	Salmonella enterica subsp. enterica serovar Typhimurium	strain=ST106	na	latest	Complete Genome	Major	Full	2020-04-06	ASM1205124v1		GCA_012051245.1	identical	https://ftp.ncbi.nlm.nih.gov/genomes/all/GCF/012/051/245/GCF_012051245.1_ASM1205124v1	./Development/ThreeFold/data/external/Salmonella/GCF_012051245.1_ASM1205124v1_genomic.fna.gz
GCF_012051385.1	PRJNA224116	SAMN14450166	na	na	na	na	90371	28901	Salmonella enterica subsp. enterica serovar Typhimurium	strain=ST101	na	latest	Complete Genome	Major	Full	2020-04-06	ASM1205138v1		GCA_012051385.1	identical	https://ftp.ncbi.nlm.nih.gov/genomes/all/GCF/012/051/385/GCF_012051385.1_ASM1205138v1	./Development/ThreeFold/data/external/Salmonella/GCF_012051385.1_ASM1205138v1_genomic.fna.gz
GCF_012051625.1	PRJNA224116	SAMN14450165	na	na	na	na	90371	28901	Salmonella enterica subsp. enterica serovar Typhimurium	strain=ST90	na	latest	Complete Genome	Major	Full	2020-04-06	ASM1205162v1		GCA_012051625.1	identical	https://ftp.ncbi.nlm.nih.gov/genomes/all/GCF/012/051/625/GCF_012051625.1_ASM1205162v1	./Development/ThreeFold/data/external/Salmonella/GCF_012051625.1_ASM1205162v1_genomic.fna.gz
GCF_012052225.1	PRJNA224116	SAMN14450161	na	na	na	na	90371	28901	Salmonella enterica subsp. enterica serovar Typhimurium	strain=ST45	na	latest	Complete Genome	Major	Full	2020-04-06	ASM1205222v1		GCA_012052225.1	identical	https://ftp.ncbi.nlm.nih.gov/genomes/all/GCF/012/052/225/GCF_012052225.1_ASM1205222v1	./Development/ThreeFold/data/external/Salmonella/GCF_012052225.1_ASM1205222v1_genomic.fna.gz
GCF_012530215.1	PRJNA224116	SAMN14088120	na	na	na	na	90371	28901	Salmonella enterica subsp. enterica serovar Typhimurium	strain=OLF-FSR1_WB_Hawk_ST-33	na	latest	Complete Genome	Major	Full	2020-04-20	ASM1253021v1		GCA_012530215.1	identical	https://ftp.ncbi.nlm.nih.gov/genomes/all/GCF/012/530/215/GCF_012530215.1_ASM1253021v1	./Development/ThreeFold/data/external/Salmonella/GCF_012530215.1_ASM1253021v1_genomic.fna.gz
GCF_012530335.1	PRJNA224116	SAMN14088117	na	na	na	na	90371	28901	Salmonella enterica subsp. enterica serovar Typhimurium	strain=OLF_FSR1_WB_Finch_ST-13	na	latest	Complete Genome	Major	Full	2020-04-20	ASM1253033v1		GCA_012530335.1	identical	https://ftp.ncbi.nlm.nih.gov/genomes/all/GCF/012/530/335/GCF_012530335.1_ASM1253033v1	./Development/ThreeFold/data/external/Salmonella/GCF_012530335.1_ASM1253033v1_genomic.fna.gz
GCF_013206965.1	PRJNA224116	SAMN14987684	na	na	na	na	90371	28901	Salmonella enterica subsp. enterica serovar Typhimurium	strain=SS2017	na	latest	Complete Genome	Major	Full	2020-06-02	ASM1320696v1		GCA_013206965.1	identical	https://ftp.ncbi.nlm.nih.gov/genomes/all/GCF/013/206/965/GCF_013206965.1_ASM1320696v1	./Development/ThreeFold/data/external/Salmonella/GCF_013206965.1_ASM1320696v1_genomic.fna.gz
GCF_013207105.1	PRJNA224116	SAMN05949357	na	na	na	na	90371	28901	Salmonella enterica subsp. enterica serovar Typhimurium	strain=SL7207	na	latest	Complete Genome	Major	Full	2020-06-02	ASM1320710v1		GCA_013207105.1	identical	https://ftp.ncbi.nlm.nih.gov/genomes/all/GCF/013/207/105/GCF_013207105.1_ASM1320710v1	./Development/ThreeFold/data/external/Salmonella/GCF_013207105.1_ASM1320710v1_genomic.fna.gz
GCF_013416235.1	PRJNA224116	SAMN14309715	na	na	na	na	90371	28901	Salmonella enterica subsp. enterica serovar Typhimurium	strain=GSJ/2017-Sal-008	na	latest	Complete Genome	Major	Full	2020-07-15	ASM1341623v1		GCA_013416235.1	identical	https://ftp.ncbi.nlm.nih.gov/genomes/all/GCF/013/416/235/GCF_013416235.1_ASM1341623v1	./Development/ThreeFold/data/external/Salmonella/GCF_013416235.1_ASM1341623v1_genomic.fna.gz
GCF_014250355.1	PRJNA224116	SAMN15796617	na	na	na	na	90371	28901	Salmonella enterica subsp. enterica serovar Typhimurium	strain=BKQZM9	na	latest	Complete Genome	Major	Full	2020-08-19	ASM1425035v1		GCA_014250355.1	identical	https://ftp.ncbi.nlm.nih.gov/genomes/all/GCF/014/250/355/GCF_014250355.1_ASM1425035v1	./Development/ThreeFold/data/external/Salmonella/GCF_014250355.1_ASM1425035v1_genomic.fna.gz
GCF_014334155.1	PRJNA224116	SAMN15862390	na	na	na	assembly from type material	90371	28901	Salmonella enterica subsp. enterica serovar Typhimurium	strain=LT2	na	latest	Complete Genome	Major	Full	2020-08-30	ASM1433415v1		GCA_014334155.1	identical	https://ftp.ncbi.nlm.nih.gov/genomes/all/GCF/014/334/155/GCF_014334155.1_ASM1433415v1	./Development/ThreeFold/data/external/Salmonella/GCF_014334155.1_ASM1433415v1_genomic.fna.gz
GCF_015052745.1	PRJNA224116	SAMN15950489	na	na	na	na	90371	28901	Salmonella enterica subsp. enterica serovar Typhimurium	strain=BBS1407	na	latest	Complete Genome	Major	Full	2020-10-28	ASM1505274v1		GCA_015052745.1	identical	https://ftp.ncbi.nlm.nih.gov/genomes/all/GCF/015/052/745/GCF_015052745.1_ASM1505274v1	./Development/ThreeFold/data/external/Salmonella/GCF_015052745.1_ASM1505274v1_genomic.fna.gz
GCF_015052765.1	PRJNA224116	SAMN15950488	na	na	na	na	90371	28901	Salmonella enterica subsp. enterica serovar Typhimurium	strain=BBS1406	na	latest	Complete Genome	Major	Full	2020-10-28	ASM1505276v1		GCA_015052765.1	identical	https://ftp.ncbi.nlm.nih.gov/genomes/all/GCF/015/052/765/GCF_015052765.1_ASM1505276v1	./Development/ThreeFold/data/external/Salmonella/GCF_015052765.1_ASM1505276v1_genomic.fna.gz
GCF_015052785.1	PRJNA224116	SAMN15950487	na	na	na	na	90371	28901	Salmonella enterica subsp. enterica serovar Typhimurium	strain=BBS1359	na	latest	Complete Genome	Major	Full	2020-10-28	ASM1505278v1		GCA_015052785.1	identical	https://ftp.ncbi.nlm.nih.gov/genomes/all/GCF/015/052/785/GCF_015052785.1_ASM1505278v1	./Development/ThreeFold/data/external/Salmonella/GCF_015052785.1_ASM1505278v1_genomic.fna.gz
GCF_015052805.1	PRJNA224116	SAMN15950486	na	na	na	na	90371	28901	Salmonella enterica subsp. enterica serovar Typhimurium	strain=BBS1358lrg	na	latest	Complete Genome	Major	Full	2020-10-28	ASM1505280v1		GCA_015052805.1	identical	https://ftp.ncbi.nlm.nih.gov/genomes/all/GCF/015/052/805/GCF_015052805.1_ASM1505280v1	./Development/ThreeFold/data/external/Salmonella/GCF_015052805.1_ASM1505280v1_genomic.fna.gz
GCF_015052825.1	PRJNA224116	SAMN15950485	na	na	na	na	90371	28901	Salmonella enterica subsp. enterica serovar Typhimurium	strain=BBS1358sml	na	latest	Complete Genome	Major	Full	2020-10-28	ASM1505282v1		GCA_015052825.1	identical	https://ftp.ncbi.nlm.nih.gov/genomes/all/GCF/015/052/825/GCF_015052825.1_ASM1505282v1	./Development/ThreeFold/data/external/Salmonella/GCF_015052825.1_ASM1505282v1_genomic.fna.gz
GCF_015074905.1	PRJNA224116	SAMN16450741	na	na	na	na	90371	28901	Salmonella enterica subsp. enterica serovar Typhimurium	strain=R17.1451	na	latest	Complete Genome	Major	Full	2020-10-29	ASM1507490v1		GCA_015074905.1	identical	https://ftp.ncbi.nlm.nih.gov/genomes/all/GCF/015/074/905/GCF_015074905.1_ASM1507490v1	./Development/ThreeFold/data/external/Salmonella/GCF_015074905.1_ASM1507490v1_genomic.fna.gz
GCF_015475615.1	PRJNA224116	SAMN14111682	na	na	na	na	90371	28901	Salmonella enterica subsp. enterica serovar Typhimurium	strain=LT7	na	latest	Complete Genome	Major	Full	2020-11-13	ASM1547561v1		GCA_015475615.1	identical	https://ftp.ncbi.nlm.nih.gov/genomes/all/GCF/015/475/615/GCF_015475615.1_ASM1547561v1	./Development/ThreeFold/data/external/Salmonella/GCF_015475615.1_ASM1547561v1_genomic.fna.gz
GCF_015565735.1	PRJNA224116	SAMN16707726	na	na	na	assembly from synonym type material	90371	28901	Salmonella enterica subsp. enterica serovar Typhimurium	strain=NCTC 74	na	latest	Complete Genome	Major	Full	2020-11-18	ASM1556573v1		GCA_015565735.1	identical	https://ftp.ncbi.nlm.nih.gov/genomes/all/GCF/015/565/735/GCF_015565735.1_ASM1556573v1	./Development/ThreeFold/data/external/Salmonella/GCF_015565735.1_ASM1556573v1_genomic.fna.gz
GCF_015697745.1	PRJNA224116	SAMN15962528	na	na	na	na	90371	28901	Salmonella enterica subsp. enterica serovar Typhimurium	strain=S585	na	latest	Complete Genome	Major	Full	2020-11-30	ASM1569774v1		GCA_015697745.1	identical	https://ftp.ncbi.nlm.nih.gov/genomes/all/GCF/015/697/745/GCF_015697745.1_ASM1569774v1	./Development/ThreeFold/data/external/Salmonella/GCF_015697745.1_ASM1569774v1_genomic.fna.gz
GCF_015697785.1	PRJNA224116	SAMN15962525	na	na	na	na	90371	28901	Salmonella enterica subsp. enterica serovar Typhimurium	strain=S441	na	latest	Complete Genome	Major	Full	2020-11-30	ASM1569778v1		GCA_015697785.1	identical	https://ftp.ncbi.nlm.nih.gov/genomes/all/GCF/015/697/785/GCF_015697785.1_ASM1569778v1	./Development/ThreeFold/data/external/Salmonella/GCF_015697785.1_ASM1569778v1_genomic.fna.gz
GCF_015697805.1	PRJNA224116	SAMN15962524	na	na	na	na	90371	28901	Salmonella enterica subsp. enterica serovar Typhimurium	strain=S438	na	latest	Complete Genome	Major	Full	2020-11-30	ASM1569780v1		GCA_015697805.1	identical	https://ftp.ncbi.nlm.nih.gov/genomes/all/GCF/015/697/805/GCF_015697805.1_ASM1569780v1	./Development/ThreeFold/data/external/Salmonella/GCF_015697805.1_ASM1569780v1_genomic.fna.gz
GCF_015697825.1	PRJNA224116	SAMN15962523	na	na	na	na	90371	28901	Salmonella enterica subsp. enterica serovar Typhimurium	strain=S304	na	latest	Complete Genome	Major	Full	2020-11-30	ASM1569782v1		GCA_015697825.1	identical	https://ftp.ncbi.nlm.nih.gov/genomes/all/GCF/015/697/825/GCF_015697825.1_ASM1569782v1	./Development/ThreeFold/data/external/Salmonella/GCF_015697825.1_ASM1569782v1_genomic.fna.gz
GCF_015732575.1	PRJNA224116	SAMN15962526	na	na	na	na	90371	28901	Salmonella enterica subsp. enterica serovar Typhimurium	strain=S520	na	latest	Complete Genome	Major	Full	2020-11-30	S520		GCA_015732575.1	identical	https://ftp.ncbi.nlm.nih.gov/genomes/all/GCF/015/732/575/GCF_015732575.1_S520	./Development/ThreeFold/data/external/Salmonella/GCF_015732575.1_S520_genomic.fna.gz
GCF_016025415.2	PRJNA224116	SAMN16987173	na	na	na	na	90371	28901	Salmonella enterica subsp. enterica serovar Typhimurium	strain=R18.1078	na	latest	Complete Genome	Major	Full	2022-04-08	ASM1602541v2		GCA_016025415.2	identical	https://ftp.ncbi.nlm.nih.gov/genomes/all/GCF/016/025/415/GCF_016025415.2_ASM1602541v2	./Development/ThreeFold/data/external/Salmonella/GCF_016025415.2_ASM1602541v2_genomic.fna.gz
GCF_016452165.1	PRJNA224116	SAMN14504767	na	na	na	na	90371	28901	Salmonella enterica subsp. enterica serovar Typhimurium	strain=CVM 28321-a	na	latest	Complete Genome	Major	Full	2020-12-31	ASM1645216v1		GCA_016452165.1	identical	https://ftp.ncbi.nlm.nih.gov/genomes/all/GCF/016/452/165/GCF_016452165.1_ASM1645216v1	./Development/ThreeFold/data/external/Salmonella/GCF_016452165.1_ASM1645216v1_genomic.fna.gz
GCF_016454365.1	PRJNA224116	SAMN14504713	na	na	na	na	90371	28901	Salmonella enterica subsp. enterica serovar Typhimurium	strain=CVM 24362	na	latest	Complete Genome	Major	Full	2020-12-31	ASM1645436v1		GCA_016454365.1	identical	https://ftp.ncbi.nlm.nih.gov/genomes/all/GCF/016/454/365/GCF_016454365.1_ASM1645436v1	./Development/ThreeFold/data/external/Salmonella/GCF_016454365.1_ASM1645436v1_genomic.fna.gz
GCF_016454445.1	PRJNA224116	SAMN14504703	na	na	na	na	90371	28901	Salmonella enterica subsp. enterica serovar Typhimurium	strain=CVM 24350	na	latest	Complete Genome	Major	Full	2020-12-31	ASM1645444v1		GCA_016454445.1	identical	https://ftp.ncbi.nlm.nih.gov/genomes/all/GCF/016/454/445/GCF_016454445.1_ASM1645444v1	./Development/ThreeFold/data/external/Salmonella/GCF_016454445.1_ASM1645444v1_genomic.fna.gz
GCF_016454605.1	PRJNA224116	SAMN14504562	na	na	na	na	90371	28901	Salmonella enterica subsp. enterica serovar Typhimurium	strain=CVM 20762	na	latest	Complete Genome	Major	Full	2020-12-31	ASM1645460v1		GCA_016454605.1	identical	https://ftp.ncbi.nlm.nih.gov/genomes/all/GCF/016/454/605/GCF_016454605.1_ASM1645460v1	./Development/ThreeFold/data/external/Salmonella/GCF_016454605.1_ASM1645460v1_genomic.fna.gz
GCF_016864495.1	PRJNA224116	SAMN12726102	na	na	na	na	90371	28901	Salmonella enterica subsp. enterica serovar Typhimurium	strain=ATCC 14028	na	latest	Complete Genome	Major	Full	2021-02-11	ASM1686449v1		GCA_016864495.1	identical	https://ftp.ncbi.nlm.nih.gov/genomes/all/GCF/016/864/495/GCF_016864495.1_ASM1686449v1	./Development/ThreeFold/data/external/Salmonella/GCF_016864495.1_ASM1686449v1_genomic.fna.gz
GCF_016952595.1	PRJNA224116	SAMN14504768	na	na	na	na	90371	28901	Salmonella enterica subsp. enterica serovar Typhimurium	strain=CVM 28321-b	na	latest	Complete Genome	Major	Full	2021-02-25	ASM1695259v1		GCA_016952595.1	identical	https://ftp.ncbi.nlm.nih.gov/genomes/all/GCF/016/952/595/GCF_016952595.1_ASM1695259v1	./Development/ThreeFold/data/external/Salmonella/GCF_016952595.1_ASM1695259v1_genomic.fna.gz
GCF_017094605.1	PRJNA224116	SAMN16551963	na	na	na	na	90371	28901	Salmonella enterica subsp. enterica serovar Typhimurium	strain=AB42049	na	latest	Complete Genome	Major	Full	2021-03-01	ASM1709460v1		GCA_017094605.1	identical	https://ftp.ncbi.nlm.nih.gov/genomes/all/GCF/017/094/605/GCF_017094605.1_ASM1709460v1	./Development/ThreeFold/data/external/Salmonella/GCF_017094605.1_ASM1709460v1_genomic.fna.gz
GCF_017893505.1	PRJNA224116	SAMN14111684	na	na	na	na	90371	28901	Salmonella enterica subsp. enterica serovar Typhimurium	strain=ER3625	na	latest	Complete Genome	Major	Full	2021-04-09	ASM1789350v1		GCA_017893505.1	identical	https://ftp.ncbi.nlm.nih.gov/genomes/all/GCF/017/893/505/GCF_017893505.1_ASM1789350v1	./Development/ThreeFold/data/external/Salmonella/GCF_017893505.1_ASM1789350v1_genomic.fna.gz
GCF_017893625.1	PRJNA224116	SAMN14111683	na	na	na	na	90371	28901	Salmonella enterica subsp. enterica serovar Typhimurium	strain=LB5000	na	latest	Complete Genome	Major	Full	2021-04-09	ASM1789362v1		GCA_017893625.1	identical	https://ftp.ncbi.nlm.nih.gov/genomes/all/GCF/017/893/625/GCF_017893625.1_ASM1789362v1	./Development/ThreeFold/data/external/Salmonella/GCF_017893625.1_ASM1789362v1_genomic.fna.gz
GCF_018310415.1	PRJNA224116	SAMN18898463	na	na	na	na	90371	28901	Salmonella enterica subsp. enterica serovar Typhimurium	strain=A_cip	na	latest	Complete Genome	Major	Full	2021-05-09	ASM1831041v1		GCA_018310415.1	identical	https://ftp.ncbi.nlm.nih.gov/genomes/all/GCF/018/310/415/GCF_018310415.1_ASM1831041v1	./Development/ThreeFold/data/external/Salmonella/GCF_018310415.1_ASM1831041v1_genomic.fna.gz
GCF_018310435.1	PRJNA224116	SAMN18899574	na	na	na	na	90371	28901	Salmonella enterica subsp. enterica serovar Typhimurium	strain=C_cip	na	latest	Complete Genome	Major	Full	2021-05-09	ASM1831043v1		GCA_018310435.1	identical	https://ftp.ncbi.nlm.nih.gov/genomes/all/GCF/018/310/435/GCF_018310435.1_ASM1831043v1	./Development/ThreeFold/data/external/Salmonella/GCF_018310435.1_ASM1831043v1_genomic.fna.gz
GCF_018310455.1	PRJNA224116	SAMN18899572	na	na	na	na	90371	28901	Salmonella enterica subsp. enterica serovar Typhimurium	strain=2B_cip	na	latest	Complete Genome	Major	Full	2021-05-09	ASM1831045v1		GCA_018310455.1	identical	https://ftp.ncbi.nlm.nih.gov/genomes/all/GCF/018/310/455/GCF_018310455.1_ASM1831045v1	./Development/ThreeFold/data/external/Salmonella/GCF_018310455.1_ASM1831045v1_genomic.fna.gz
GCF_018326605.1	PRJNA224116	SAMN18898401	na	na	na	na	90371	28901	Salmonella enterica subsp. enterica serovar Typhimurium	strain=SO_8752_Stm	na	latest	Complete Genome	Major	Full	2021-05-09	ASM1832660v1		GCA_018326605.1	identical	https://ftp.ncbi.nlm.nih.gov/genomes/all/GCF/018/326/605/GCF_018326605.1_ASM1832660v1	./Development/ThreeFold/data/external/Salmonella/GCF_018326605.1_ASM1832660v1_genomic.fna.gz
GCF_019670205.1	PRJNA224116	SAMD00097514	na	na	na	na	90371	28901	Salmonella enterica subsp. enterica serovar Typhimurium	strain=L-4126	na	latest	Complete Genome	Major	Full	2021-05-26	ASM1967020v1		GCA_019670205.1	identical	https://ftp.ncbi.nlm.nih.gov/genomes/all/GCF/019/670/205/GCF_019670205.1_ASM1967020v1	./Development/ThreeFold/data/external/Salmonella/GCF_019670205.1_ASM1967020v1_genomic.fna.gz
GCF_020691725.1	PRJNA224116	SAMN22488165	na	na	na	na	90371	28901	Salmonella enterica subsp. enterica serovar Typhimurium	strain=S29	na	latest	Complete Genome	Major	Full	2021-11-01	ASM2069172v1		GCA_020691725.1	identical	https://ftp.ncbi.nlm.nih.gov/genomes/all/GCF/020/691/725/GCF_020691725.1_ASM2069172v1	./Development/ThreeFold/data/external/Salmonella/GCF_020691725.1_ASM2069172v1_genomic.fna.gz
GCF_020714685.1	PRJNA224116	SAMN22446302	na	na	na	na	90371	28901	Salmonella enterica subsp. enterica serovar Typhimurium	strain=Raikou	na	latest	Complete Genome	Major	Full	2021-11-02	ASM2071468v1		GCA_020714685.1	identical	https://ftp.ncbi.nlm.nih.gov/genomes/all/GCF/020/714/685/GCF_020714685.1_ASM2071468v1	./Development/ThreeFold/data/external/Salmonella/GCF_020714685.1_ASM2071468v1_genomic.fna.gz
GCF_020715445.1	PRJNA224116	SAMN22446292	na	na	na	na	90371	28901	Salmonella enterica subsp. enterica serovar Typhimurium	strain=Blastoise	na	latest	Complete Genome	Major	Full	2021-11-02	ASM2071544v1		GCA_020715445.1	identical	https://ftp.ncbi.nlm.nih.gov/genomes/all/GCF/020/715/445/GCF_020715445.1_ASM2071544v1	./Development/ThreeFold/data/external/Salmonella/GCF_020715445.1_ASM2071544v1_genomic.fna.gz
GCF_020715485.1	PRJNA224116	SAMN22446291	na	na	na	na	90371	28901	Salmonella enterica subsp. enterica serovar Typhimurium	strain=Wartortle	na	latest	Complete Genome	Major	Full	2021-11-02	ASM2071548v1		GCA_020715485.1	identical	https://ftp.ncbi.nlm.nih.gov/genomes/all/GCF/020/715/485/GCF_020715485.1_ASM2071548v1	./Development/ThreeFold/data/external/Salmonella/GCF_020715485.1_ASM2071548v1_genomic.fna.gz
GCF_020783475.1	PRJNA224116	SAMN22814778	na	na	na	na	90371	28901	Salmonella enterica subsp. enterica serovar Typhimurium	strain=S34	na	latest	Complete Genome	Major	Full	2021-11-07	ASM2078347v1		GCA_020783475.1	identical	https://ftp.ncbi.nlm.nih.gov/genomes/all/GCF/020/783/475/GCF_020783475.1_ASM2078347v1	./Development/ThreeFold/data/external/Salmonella/GCF_020783475.1_ASM2078347v1_genomic.fna.gz
GCF_021399255.1	PRJNA224116	SAMN23296620	na	na	na	na	90371	28901	Salmonella enterica subsp. enterica serovar Typhimurium	strain=ZJUJY	na	latest	Complete Genome	Major	Full	2022-01-10	ASM2139925v1		GCA_021399255.1	identical	https://ftp.ncbi.nlm.nih.gov/genomes/all/GCF/021/399/255/GCF_021399255.1_ASM2139925v1	./Development/ThreeFold/data/external/Salmonella/GCF_021399255.1_ASM2139925v1_genomic.fna.gz
GCF_021513315.1	PRJNA224116	SAMN17319566	na	na	na	na	90371	28901	Salmonella enterica subsp. enterica serovar Typhimurium	strain=NCCP16345	na	latest	Complete Genome	Major	Full	2022-01-19	ASM2151331v1		GCA_021513315.1	identical	https://ftp.ncbi.nlm.nih.gov/genomes/all/GCF/021/513/315/GCF_021513315.1_ASM2151331v1	./Development/ThreeFold/data/external/Salmonella/GCF_021513315.1_ASM2151331v1_genomic.fna.gz
GCF_023518155.1	PRJNA224116	SAMN23378275	na	na	na	na	90371	28901	Salmonella enterica subsp. enterica serovar Typhimurium	strain=SCPM-O-B-4515	na	latest	Complete Genome	Major	Full	2022-05-23	ASM2351815v1		GCA_023518155.1	identical	https://ftp.ncbi.nlm.nih.gov/genomes/all/GCF/023/518/155/GCF_023518155.1_ASM2351815v1	./Development/ThreeFold/data/external/Salmonella/GCF_023518155.1_ASM2351815v1_genomic.fna.gz
GCF_023702165.1	PRJNA224116	SAMN28614156	na	na	na	na	90371	28901	Salmonella enterica subsp. enterica serovar Typhimurium	strain=ATOMSal-L6	na	latest	Complete Genome	Major	Full	2022-06-11	ASM2370216v1		GCA_023702165.1	identical	https://ftp.ncbi.nlm.nih.gov/genomes/all/GCF/023/702/165/GCF_023702165.1_ASM2370216v1	./Development/ThreeFold/data/external/Salmonella/GCF_023702165.1_ASM2370216v1_genomic.fna.gz
GCF_023746725.1	PRJNA224116	SAMN28818465	na	na	na	na	90371	28901	Salmonella enterica subsp. enterica serovar Typhimurium	strain=HJL222	na	latest	Complete Genome	Major	Full	2022-06-15	ASM2374672v1		GCA_023746725.1	identical	https://ftp.ncbi.nlm.nih.gov/genomes/all/GCF/023/746/725/GCF_023746725.1_ASM2374672v1	./Development/ThreeFold/data/external/Salmonella/GCF_023746725.1_ASM2374672v1_genomic.fna.gz
GCF_023848645.1	PRJNA224116	SAMN28951059	na	na	na	na	90371	28901	Salmonella enterica subsp. enterica serovar Typhimurium	strain=GD19PS1	na	latest	Complete Genome	Major	Full	2022-06-22	ASM2384864v1		GCA_023848645.1	identical	https://ftp.ncbi.nlm.nih.gov/genomes/all/GCF/023/848/645/GCF_023848645.1_ASM2384864v1	./Development/ThreeFold/data/external/Salmonella/GCF_023848645.1_ASM2384864v1_genomic.fna.gz
GCF_024266225.1	PRJNA224116	SAMN21365150	na	na	na	na	90371	28901	Salmonella enterica subsp. enterica serovar Typhimurium	strain=R18.0292	na	latest	Complete Genome	Major	Full	2022-07-14	ASM2426622v1		GCA_024266225.1	identical	https://ftp.ncbi.nlm.nih.gov/genomes/all/GCF/024/266/225/GCF_024266225.1_ASM2426622v1	./Development/ThreeFold/data/external/Salmonella/GCF_024266225.1_ASM2426622v1_genomic.fna.gz
GCF_024266305.1	PRJNA224116	SAMN27531299	na	na	na	na	90371	28901	Salmonella enterica subsp. enterica serovar Typhimurium	strain=R17.3867	na	latest	Complete Genome	Major	Full	2022-07-14	ASM2426630v1		GCA_024266305.1	identical	https://ftp.ncbi.nlm.nih.gov/genomes/all/GCF/024/266/305/GCF_024266305.1_ASM2426630v1	./Development/ThreeFold/data/external/Salmonella/GCF_024266305.1_ASM2426630v1_genomic.fna.gz
GCF_024266425.1	PRJNA224116	SAMN21365152	na	na	na	na	90371	28901	Salmonella enterica subsp. enterica serovar Typhimurium	strain=R18.0409	na	latest	Complete Genome	Major	Full	2022-07-14	ASM2426642v1		GCA_024266425.1	identical	https://ftp.ncbi.nlm.nih.gov/genomes/all/GCF/024/266/425/GCF_024266425.1_ASM2426642v1	./Development/ThreeFold/data/external/Salmonella/GCF_024266425.1_ASM2426642v1_genomic.fna.gz
GCF_024266445.1	PRJNA224116	SAMN21365146	na	na	na	na	90371	28901	Salmonella enterica subsp. enterica serovar Typhimurium	strain=R17.5474	na	latest	Complete Genome	Major	Full	2022-07-14	ASM2426644v1		GCA_024266445.1	identical	https://ftp.ncbi.nlm.nih.gov/genomes/all/GCF/024/266/445/GCF_024266445.1_ASM2426644v1	./Development/ThreeFold/data/external/Salmonella/GCF_024266445.1_ASM2426644v1_genomic.fna.gz
GCF_024266565.1	PRJNA224116	SAMN21365156	na	na	na	na	90371	28901	Salmonella enterica subsp. enterica serovar Typhimurium	strain=R18.1932	na	latest	Complete Genome	Major	Full	2022-07-14	ASM2426656v1		GCA_024266565.1	identical	https://ftp.ncbi.nlm.nih.gov/genomes/all/GCF/024/266/565/GCF_024266565.1_ASM2426656v1	./Development/ThreeFold/data/external/Salmonella/GCF_024266565.1_ASM2426656v1_genomic.fna.gz
GCF_024266875.1	PRJNA224116	SAMN29247809	na	na	na	na	90371	28901	Salmonella enterica subsp. enterica serovar Typhimurium	strain=013+	na	latest	Complete Genome	Major	Full	2022-07-14	ASM2426687v1		GCA_024266875.1	identical	https://ftp.ncbi.nlm.nih.gov/genomes/all/GCF/024/266/875/GCF_024266875.1_ASM2426687v1	./Development/ThreeFold/data/external/Salmonella/GCF_024266875.1_ASM2426687v1_genomic.fna.gz
GCF_024722435.1	PRJNA224116	SAMN30225128	na	na	na	na	90371	28901	Salmonella enterica subsp. enterica serovar Typhimurium	strain=ATCC 14028	na	latest	Complete Genome	Major	Full	2022-08-21	ASM2472243v1		GCA_024722435.1	identical	https://ftp.ncbi.nlm.nih.gov/genomes/all/GCF/024/722/435/GCF_024722435.1_ASM2472243v1	./Development/ThreeFold/data/external/Salmonella/GCF_024722435.1_ASM2472243v1_genomic.fna.gz
GCF_025259345.1	PRJNA224116	SAMN08135025	na	na	na	na	90371	28901	Salmonella enterica subsp. enterica serovar Typhimurium	strain=PNUSAS028809	na	latest	Complete Genome	Major	Full	2022-09-19	ASM2525934v1		GCA_025259345.1	identical	https://ftp.ncbi.nlm.nih.gov/genomes/all/GCF/025/259/345/GCF_025259345.1_ASM2525934v1	./Development/ThreeFold/data/external/Salmonella/GCF_025259345.1_ASM2525934v1_genomic.fna.gz
GCF_026013295.1	PRJNA224116	SAMN31055796	na	na	na	na	90371	28901	Salmonella enterica subsp. enterica serovar Typhimurium	strain=1104-75	na	latest	Complete Genome	Major	Full	2022-11-05	ASM2601329v1		GCA_026013295.1	identical	https://ftp.ncbi.nlm.nih.gov/genomes/all/GCF/026/013/295/GCF_026013295.1_ASM2601329v1	./Development/ThreeFold/data/external/Salmonella/GCF_026013295.1_ASM2601329v1_genomic.fna.gz
GCF_026013315.1	PRJNA224116	SAMN31056807	na	na	na	na	90371	28901	Salmonella enterica subsp. enterica serovar Typhimurium	strain=1104-65	na	latest	Complete Genome	Major	Full	2022-11-05	ASM2601331v1		GCA_026013315.1	identical	https://ftp.ncbi.nlm.nih.gov/genomes/all/GCF/026/013/315/GCF_026013315.1_ASM2601331v1	./Development/ThreeFold/data/external/Salmonella/GCF_026013315.1_ASM2601331v1_genomic.fna.gz
GCF_027920345.1	PRJNA224116	SAMN10425227	na	na	na	na	90371	28901	Salmonella enterica subsp. enterica serovar Typhimurium	strain=R15.0430	na	latest	Complete Genome	Major	Full	2023-01-19	ASM2792034v1		GCA_027920345.1	identical	https://ftp.ncbi.nlm.nih.gov/genomes/all/GCF/027/920/345/GCF_027920345.1_ASM2792034v1	./Development/ThreeFold/data/external/Salmonella/GCF_027920345.1_ASM2792034v1_genomic.fna.gz
GCF_027942075.1	PRJNA224116	SAMN25290048	na	na	na	na	90371	28901	Salmonella enterica subsp. enterica serovar Typhimurium	strain=S46L1	na	latest	Complete Genome	Major	Full	2023-01-23	ASM2794207v1		GCA_027942075.1	identical	https://ftp.ncbi.nlm.nih.gov/genomes/all/GCF/027/942/075/GCF_027942075.1_ASM2794207v1	./Development/ThreeFold/data/external/Salmonella/GCF_027942075.1_ASM2794207v1_genomic.fna.gz
GCF_027942095.1	PRJNA224116	SAMN25290051	na	na	na	na	90371	28901	Salmonella enterica subsp. enterica serovar Typhimurium	strain=S58L2	na	latest	Complete Genome	Major	Full	2023-01-23	ASM2794209v1		GCA_027942095.1	identical	https://ftp.ncbi.nlm.nih.gov/genomes/all/GCF/027/942/095/GCF_027942095.1_ASM2794209v1	./Development/ThreeFold/data/external/Salmonella/GCF_027942095.1_ASM2794209v1_genomic.fna.gz
GCF_028596185.1	PRJNA224116	SAMN32977646	na	na	na	na	90371	28901	Salmonella enterica subsp. enterica serovar Typhimurium	strain=ATCC 14028	na	latest	Complete Genome	Major	Full	2023-02-12	ASM2859618v1		GCA_028596185.1	identical	https://ftp.ncbi.nlm.nih.gov/genomes/all/GCF/028/596/185/GCF_028596185.1_ASM2859618v1	./Development/ThreeFold/data/external/Salmonella/GCF_028596185.1_ASM2859618v1_genomic.fna.gz
GCF_028892845.1	PRJNA224116	SAMN32950773	na	na	na	na	90371	28901	Salmonella enterica subsp. enterica serovar Typhimurium	strain=RM015	na	latest	Complete Genome	Major	Full	2023-03-01	ASM2889284v1		GCA_028892845.1	identical	https://ftp.ncbi.nlm.nih.gov/genomes/all/GCF/028/892/845/GCF_028892845.1_ASM2889284v1	./Development/ThreeFold/data/external/Salmonella/GCF_028892845.1_ASM2889284v1_genomic.fna.gz
GCF_028892865.1	PRJNA224116	SAMN32950772	na	na	na	na	90371	28901	Salmonella enterica subsp. enterica serovar Typhimurium	strain=RM014	na	latest	Complete Genome	Major	Full	2023-03-01	ASM2889286v1		GCA_028892865.1	identical	https://ftp.ncbi.nlm.nih.gov/genomes/all/GCF/028/892/865/GCF_028892865.1_ASM2889286v1	./Development/ThreeFold/data/external/Salmonella/GCF_028892865.1_ASM2889286v1_genomic.fna.gz
GCF_028893155.1	PRJNA224116	SAMN32950800	na	na	na	na	90371	28901	Salmonella enterica subsp. enterica serovar Typhimurium	strain=RM095	na	latest	Complete Genome	Major	Full	2023-03-01	ASM2889315v1		GCA_028893155.1	identical	https://ftp.ncbi.nlm.nih.gov/genomes/all/GCF/028/893/155/GCF_028893155.1_ASM2889315v1	./Development/ThreeFold/data/external/Salmonella/GCF_028893155.1_ASM2889315v1_genomic.fna.gz
GCF_028893295.1	PRJNA224116	SAMN32950793	na	na	na	na	90371	28901	Salmonella enterica subsp. enterica serovar Typhimurium	strain=RM096	na	latest	Complete Genome	Major	Full	2023-03-01	ASM2889329v1		GCA_028893295.1	identical	https://ftp.ncbi.nlm.nih.gov/genomes/all/GCF/028/893/295/GCF_028893295.1_ASM2889329v1	./Development/ThreeFold/data/external/Salmonella/GCF_028893295.1_ASM2889329v1_genomic.fna.gz
GCF_028893355.1	PRJNA224116	SAMN32950790	na	na	na	na	90371	28901	Salmonella enterica subsp. enterica serovar Typhimurium	strain=RM085	na	latest	Complete Genome	Major	Full	2023-03-01	ASM2889335v1		GCA_028893355.1	identical	https://ftp.ncbi.nlm.nih.gov/genomes/all/GCF/028/893/355/GCF_028893355.1_ASM2889335v1	./Development/ThreeFold/data/external/Salmonella/GCF_028893355.1_ASM2889335v1_genomic.fna.gz
GCF_029594695.1	PRJNA224116	SAMN34043128	na	na	na	na	90371	28901	Salmonella enterica subsp. enterica serovar Typhimurium	strain=013	na	latest	Complete Genome	Major	Full	2023-04-05	ASM2959469v1		GCA_029594695.1	identical	https://ftp.ncbi.nlm.nih.gov/genomes/all/GCF/029/594/695/GCF_029594695.1_ASM2959469v1	./Development/ThreeFold/data/external/Salmonella/GCF_029594695.1_ASM2959469v1_genomic.fna.gz
GCF_030486485.1	PRJNA224116	SAMN36317783	na	na	na	na	90371	28901	Salmonella enterica subsp. enterica serovar Typhimurium	strain=ST_F0903R	na	latest	Complete Genome	Major	Full	2023-11-03	ASM3048648v2		GCA_030486485.2	identical	https://ftp.ncbi.nlm.nih.gov/genomes/all/GCF/030/486/485/GCF_030486485.1_ASM3048648v2	./Development/ThreeFold/data/external/Salmonella/GCF_030486485.1_ASM3048648v2_genomic.fna.gz
GCF_030644285.1	PRJNA224116	SAMN30847004	na	na	na	na	90371	28901	Salmonella enterica subsp. enterica serovar Typhimurium	strain=HS_187Salm	na	latest	Complete Genome	Major	Full	2023-08-04	ASM3064428v1		GCA_030644285.1	identical	https://ftp.ncbi.nlm.nih.gov/genomes/all/GCF/030/644/285/GCF_030644285.1_ASM3064428v1	./Development/ThreeFold/data/external/Salmonella/GCF_030644285.1_ASM3064428v1_genomic.fna.gz
GCF_030644305.1	PRJNA224116	SAMN30847003	na	na	na	na	90371	28901	Salmonella enterica subsp. enterica serovar Typhimurium	strain=HS_180Salm	na	latest	Complete Genome	Major	Full	2023-08-04	ASM3064430v1		GCA_030644305.1	identical	https://ftp.ncbi.nlm.nih.gov/genomes/all/GCF/030/644/305/GCF_030644305.1_ASM3064430v1	./Development/ThreeFold/data/external/Salmonella/GCF_030644305.1_ASM3064430v1_genomic.fna.gz
GCF_037854785.1	PRJNA224116	SAMN40439974	na	na	na	na	90371	28901	Salmonella enterica subsp. enterica serovar Typhimurium	strain=Z1323SSL0058	na	latest	Complete Genome	Major	Full	2024-04-05	ASM3785478v1		GCA_037854785.1	identical	https://ftp.ncbi.nlm.nih.gov/genomes/all/GCF/037/854/785/GCF_037854785.1_ASM3785478v1	./Development/ThreeFold/data/external/Salmonella/GCF_037854785.1_ASM3785478v1_genomic.fna.gz
GCF_037855395.1	PRJNA224116	SAMN40439971	na	na	na	na	90371	28901	Salmonella enterica subsp. enterica serovar Typhimurium	strain=Z1323SSL0045	na	latest	Complete Genome	Major	Full	2024-04-05	ASM3785539v1		GCA_037855395.1	identical	https://ftp.ncbi.nlm.nih.gov/genomes/all/GCF/037/855/395/GCF_037855395.1_ASM3785539v1	./Development/ThreeFold/data/external/Salmonella/GCF_037855395.1_ASM3785539v1_genomic.fna.gz
GCF_037856515.1	PRJNA224116	SAMN40439970	na	na	na	na	90371	28901	Salmonella enterica subsp. enterica serovar Typhimurium	strain=Z1323SSL0041	na	latest	Complete Genome	Major	Full	2024-04-05	ASM3785651v1		GCA_037856515.1	identical	https://ftp.ncbi.nlm.nih.gov/genomes/all/GCF/037/856/515/GCF_037856515.1_ASM3785651v1	./Development/ThreeFold/data/external/Salmonella/GCF_037856515.1_ASM3785651v1_genomic.fna.gz
GCF_037857465.1	PRJNA224116	SAMN40439969	na	na	na	na	90371	28901	Salmonella enterica subsp. enterica serovar Typhimurium	strain=Z1323SSL0040	na	latest	Complete Genome	Major	Full	2024-04-05	ASM3785746v1		GCA_037857465.1	identical	https://ftp.ncbi.nlm.nih.gov/genomes/all/GCF/037/857/465/GCF_037857465.1_ASM3785746v1	./Development/ThreeFold/data/external/Salmonella/GCF_037857465.1_ASM3785746v1_genomic.fna.gz
GCF_037858515.1	PRJNA224116	SAMN40439968	na	na	na	na	90371	28901	Salmonella enterica subsp. enterica serovar Typhimurium	strain=Z1323SSL0039	na	latest	Complete Genome	Major	Full	2024-04-05	ASM3785851v1		GCA_037858515.1	identical	https://ftp.ncbi.nlm.nih.gov/genomes/all/GCF/037/858/515/GCF_037858515.1_ASM3785851v1	./Development/ThreeFold/data/external/Salmonella/GCF_037858515.1_ASM3785851v1_genomic.fna.gz
GCF_037859475.1	PRJNA224116	SAMN40439967	na	na	na	na	90371	28901	Salmonella enterica subsp. enterica serovar Typhimurium	strain=Z1323SSL0037	na	latest	Complete Genome	Major	Full	2024-04-05	ASM3785947v1		GCA_037859475.1	identical	https://ftp.ncbi.nlm.nih.gov/genomes/all/GCF/037/859/475/GCF_037859475.1_ASM3785947v1	./Development/ThreeFold/data/external/Salmonella/GCF_037859475.1_ASM3785947v1_genomic.fna.gz
GCF_037860935.1	PRJNA224116	SAMN40439963	na	na	na	na	90371	28901	Salmonella enterica subsp. enterica serovar Typhimurium	strain=Z1323SSL0011	na	latest	Complete Genome	Major	Full	2024-04-05	ASM3786093v1		GCA_037860935.1	identical	https://ftp.ncbi.nlm.nih.gov/genomes/all/GCF/037/860/935/GCF_037860935.1_ASM3786093v1	./Development/ThreeFold/data/external/Salmonella/GCF_037860935.1_ASM3786093v1_genomic.fna.gz
GCF_037861145.1	PRJNA224116	SAMN40439961	na	na	na	na	90371	28901	Salmonella enterica subsp. enterica serovar Typhimurium	strain=Z1323SSL0009	na	latest	Complete Genome	Major	Full	2024-04-05	ASM3786114v1		GCA_037861145.1	identical	https://ftp.ncbi.nlm.nih.gov/genomes/all/GCF/037/861/145/GCF_037861145.1_ASM3786114v1	./Development/ThreeFold/data/external/Salmonella/GCF_037861145.1_ASM3786114v1_genomic.fna.gz
GCF_037862975.1	PRJNA224116	SAMN40439960	na	na	na	na	90371	28901	Salmonella enterica subsp. enterica serovar Typhimurium	strain=Z1323SSL0003	na	latest	Complete Genome	Major	Full	2024-04-05	ASM3786297v1		GCA_037862975.1	identical	https://ftp.ncbi.nlm.nih.gov/genomes/all/GCF/037/862/975/GCF_037862975.1_ASM3786297v1	./Development/ThreeFold/data/external/Salmonella/GCF_037862975.1_ASM3786297v1_genomic.fna.gz
GCF_037864505.1	PRJNA224116	SAMN40439959	na	na	na	na	90371	28901	Salmonella enterica subsp. enterica serovar Typhimurium	strain=Z1323SSL0002	na	latest	Complete Genome	Major	Full	2024-04-05	ASM3786450v1		GCA_037864505.1	identical	https://ftp.ncbi.nlm.nih.gov/genomes/all/GCF/037/864/505/GCF_037864505.1_ASM3786450v1	./Development/ThreeFold/data/external/Salmonella/GCF_037864505.1_ASM3786450v1_genomic.fna.gz
GCF_037866235.1	PRJNA224116	SAMN40439958	na	na	na	na	90371	28901	Salmonella enterica subsp. enterica serovar Typhimurium	strain=Z1323SSL0001	na	latest	Complete Genome	Major	Full	2024-04-05	ASM3786623v1		GCA_037866235.1	identical	https://ftp.ncbi.nlm.nih.gov/genomes/all/GCF/037/866/235/GCF_037866235.1_ASM3786623v1	./Development/ThreeFold/data/external/Salmonella/GCF_037866235.1_ASM3786623v1_genomic.fna.gz
GCF_037867775.1	PRJNA224116	SAMN40439957	na	na	na	na	90371	28901	Salmonella enterica subsp. enterica serovar Typhimurium	strain=Z1323HSL0086	na	latest	Complete Genome	Major	Full	2024-04-05	ASM3786777v1		GCA_037867775.1	identical	https://ftp.ncbi.nlm.nih.gov/genomes/all/GCF/037/867/775/GCF_037867775.1_ASM3786777v1	./Development/ThreeFold/data/external/Salmonella/GCF_037867775.1_ASM3786777v1_genomic.fna.gz
GCF_037868635.1	PRJNA224116	SAMN40439956	na	na	na	na	90371	28901	Salmonella enterica subsp. enterica serovar Typhimurium	strain=Z1323HSL0082	na	latest	Complete Genome	Major	Full	2024-04-05	ASM3786863v1		GCA_037868635.1	identical	https://ftp.ncbi.nlm.nih.gov/genomes/all/GCF/037/868/635/GCF_037868635.1_ASM3786863v1	./Development/ThreeFold/data/external/Salmonella/GCF_037868635.1_ASM3786863v1_genomic.fna.gz
GCF_037870175.1	PRJNA224116	SAMN40439955	na	na	na	na	90371	28901	Salmonella enterica subsp. enterica serovar Typhimurium	strain=Z1323HSL0078	na	latest	Complete Genome	Major	Full	2024-04-05	ASM3787017v1		GCA_037870175.1	identical	https://ftp.ncbi.nlm.nih.gov/genomes/all/GCF/037/870/175/GCF_037870175.1_ASM3787017v1	./Development/ThreeFold/data/external/Salmonella/GCF_037870175.1_ASM3787017v1_genomic.fna.gz
GCF_037871955.1	PRJNA224116	SAMN40439954	na	na	na	na	90371	28901	Salmonella enterica subsp. enterica serovar Typhimurium	strain=Z1323HSL0075	na	latest	Complete Genome	Major	Full	2024-04-05	ASM3787195v1		GCA_037871955.1	identical	https://ftp.ncbi.nlm.nih.gov/genomes/all/GCF/037/871/955/GCF_037871955.1_ASM3787195v1	./Development/ThreeFold/data/external/Salmonella/GCF_037871955.1_ASM3787195v1_genomic.fna.gz
GCF_037873485.1	PRJNA224116	SAMN40439953	na	na	na	na	90371	28901	Salmonella enterica subsp. enterica serovar Typhimurium	strain=Z1323HSL0063	na	latest	Complete Genome	Major	Full	2024-04-05	ASM3787348v1		GCA_037873485.1	identical	https://ftp.ncbi.nlm.nih.gov/genomes/all/GCF/037/873/485/GCF_037873485.1_ASM3787348v1	./Development/ThreeFold/data/external/Salmonella/GCF_037873485.1_ASM3787348v1_genomic.fna.gz
GCF_037875175.1	PRJNA224116	SAMN40439952	na	na	na	na	90371	28901	Salmonella enterica subsp. enterica serovar Typhimurium	strain=Z1323HSL0061	na	latest	Complete Genome	Major	Full	2024-04-05	ASM3787517v1		GCA_037875175.1	identical	https://ftp.ncbi.nlm.nih.gov/genomes/all/GCF/037/875/175/GCF_037875175.1_ASM3787517v1	./Development/ThreeFold/data/external/Salmonella/GCF_037875175.1_ASM3787517v1_genomic.fna.gz
GCF_037876785.1	PRJNA224116	SAMN40439951	na	na	na	na	90371	28901	Salmonella enterica subsp. enterica serovar Typhimurium	strain=Z1323HSL0048	na	latest	Complete Genome	Major	Full	2024-04-05	ASM3787678v1		GCA_037876785.1	identical	https://ftp.ncbi.nlm.nih.gov/genomes/all/GCF/037/876/785/GCF_037876785.1_ASM3787678v1	./Development/ThreeFold/data/external/Salmonella/GCF_037876785.1_ASM3787678v1_genomic.fna.gz
GCF_037878215.1	PRJNA224116	SAMN40439950	na	na	na	na	90371	28901	Salmonella enterica subsp. enterica serovar Typhimurium	strain=Z1323HSL0042	na	latest	Complete Genome	Major	Full	2024-04-05	ASM3787821v1		GCA_037878215.1	identical	https://ftp.ncbi.nlm.nih.gov/genomes/all/GCF/037/878/215/GCF_037878215.1_ASM3787821v1	./Development/ThreeFold/data/external/Salmonella/GCF_037878215.1_ASM3787821v1_genomic.fna.gz
GCF_037879565.1	PRJNA224116	SAMN40439947	na	na	na	na	90371	28901	Salmonella enterica subsp. enterica serovar Typhimurium	strain=Z1323HSL0029	na	latest	Complete Genome	Major	Full	2024-04-05	ASM3787956v1		GCA_037879565.1	identical	https://ftp.ncbi.nlm.nih.gov/genomes/all/GCF/037/879/565/GCF_037879565.1_ASM3787956v1	./Development/ThreeFold/data/external/Salmonella/GCF_037879565.1_ASM3787956v1_genomic.fna.gz
GCF_037882525.1	PRJNA224116	SAMN40439949	na	na	na	na	90371	28901	Salmonella enterica subsp. enterica serovar Typhimurium	strain=Z1323HSL0038	na	latest	Complete Genome	Major	Full	2024-04-05	ASM3788252v1		GCA_037882525.1	identical	https://ftp.ncbi.nlm.nih.gov/genomes/all/GCF/037/882/525/GCF_037882525.1_ASM3788252v1	./Development/ThreeFold/data/external/Salmonella/GCF_037882525.1_ASM3788252v1_genomic.fna.gz
GCF_037883995.1	PRJNA224116	SAMN40439948	na	na	na	na	90371	28901	Salmonella enterica subsp. enterica serovar Typhimurium	strain=Z1323HSL0032	na	latest	Complete Genome	Major	Full	2024-04-05	ASM3788399v1		GCA_037883995.1	identical	https://ftp.ncbi.nlm.nih.gov/genomes/all/GCF/037/883/995/GCF_037883995.1_ASM3788399v1	./Development/ThreeFold/data/external/Salmonella/GCF_037883995.1_ASM3788399v1_genomic.fna.gz
GCF_037885305.1	PRJNA224116	SAMN40439945	na	na	na	na	90371	28901	Salmonella enterica subsp. enterica serovar Typhimurium	strain=Z1323HSL0012	na	latest	Complete Genome	Major	Full	2024-04-05	ASM3788530v1		GCA_037885305.1	identical	https://ftp.ncbi.nlm.nih.gov/genomes/all/GCF/037/885/305/GCF_037885305.1_ASM3788530v1	./Development/ThreeFold/data/external/Salmonella/GCF_037885305.1_ASM3788530v1_genomic.fna.gz
GCF_037887095.1	PRJNA224116	SAMN40439944	na	na	na	na	90371	28901	Salmonella enterica subsp. enterica serovar Typhimurium	strain=Z1323CSL0062	na	latest	Complete Genome	Major	Full	2024-04-05	ASM3788709v1		GCA_037887095.1	identical	https://ftp.ncbi.nlm.nih.gov/genomes/all/GCF/037/887/095/GCF_037887095.1_ASM3788709v1	./Development/ThreeFold/data/external/Salmonella/GCF_037887095.1_ASM3788709v1_genomic.fna.gz
GCF_037888705.1	PRJNA224116	SAMN40439943	na	na	na	na	90371	28901	Salmonella enterica subsp. enterica serovar Typhimurium	strain=Z1323CSL0057	na	latest	Complete Genome	Major	Full	2024-04-05	ASM3788870v1		GCA_037888705.1	identical	https://ftp.ncbi.nlm.nih.gov/genomes/all/GCF/037/888/705/GCF_037888705.1_ASM3788870v1	./Development/ThreeFold/data/external/Salmonella/GCF_037888705.1_ASM3788870v1_genomic.fna.gz
GCF_037888835.1	PRJNA224116	SAMN40439942	na	na	na	na	90371	28901	Salmonella enterica subsp. enterica serovar Typhimurium	strain=Z1323CSL0053	na	latest	Complete Genome	Major	Full	2024-04-05	ASM3788883v1		GCA_037888835.1	identical	https://ftp.ncbi.nlm.nih.gov/genomes/all/GCF/037/888/835/GCF_037888835.1_ASM3788883v1	./Development/ThreeFold/data/external/Salmonella/GCF_037888835.1_ASM3788883v1_genomic.fna.gz
GCF_037888845.1	PRJNA224116	SAMN40439941	na	na	na	na	90371	28901	Salmonella enterica subsp. enterica serovar Typhimurium	strain=Z1323CSL0052	na	latest	Complete Genome	Major	Full	2024-04-05	ASM3788884v1		GCA_037888845.1	identical	https://ftp.ncbi.nlm.nih.gov/genomes/all/GCF/037/888/845/GCF_037888845.1_ASM3788884v1	./Development/ThreeFold/data/external/Salmonella/GCF_037888845.1_ASM3788884v1_genomic.fna.gz
GCF_037888855.1	PRJNA224116	SAMN40439940	na	na	na	na	90371	28901	Salmonella enterica subsp. enterica serovar Typhimurium	strain=Z1323CSL0051	na	latest	Complete Genome	Major	Full	2024-04-05	ASM3788885v1		GCA_037888855.1	identical	https://ftp.ncbi.nlm.nih.gov/genomes/all/GCF/037/888/855/GCF_037888855.1_ASM3788885v1	./Development/ThreeFold/data/external/Salmonella/GCF_037888855.1_ASM3788885v1_genomic.fna.gz
GCF_037888865.1	PRJNA224116	SAMN40439939	na	na	na	na	90371	28901	Salmonella enterica subsp. enterica serovar Typhimurium	strain=Z1323CSL0047	na	latest	Complete Genome	Major	Full	2024-04-05	ASM3788886v1		GCA_037888865.1	identical	https://ftp.ncbi.nlm.nih.gov/genomes/all/GCF/037/888/865/GCF_037888865.1_ASM3788886v1	./Development/ThreeFold/data/external/Salmonella/GCF_037888865.1_ASM3788886v1_genomic.fna.gz
GCF_037888875.1	PRJNA224116	SAMN40439938	na	na	na	na	90371	28901	Salmonella enterica subsp. enterica serovar Typhimurium	strain=Z1323CSL0045	na	latest	Complete Genome	Major	Full	2024-04-05	ASM3788887v1		GCA_037888875.1	identical	https://ftp.ncbi.nlm.nih.gov/genomes/all/GCF/037/888/875/GCF_037888875.1_ASM3788887v1	./Development/ThreeFold/data/external/Salmonella/GCF_037888875.1_ASM3788887v1_genomic.fna.gz
GCF_037888885.1	PRJNA224116	SAMN40439937	na	na	na	na	90371	28901	Salmonella enterica subsp. enterica serovar Typhimurium	strain=Z1322HSL0036	na	latest	Complete Genome	Major	Full	2024-04-05	ASM3788888v1		GCA_037888885.1	identical	https://ftp.ncbi.nlm.nih.gov/genomes/all/GCF/037/888/885/GCF_037888885.1_ASM3788888v1	./Development/ThreeFold/data/external/Salmonella/GCF_037888885.1_ASM3788888v1_genomic.fna.gz
GCF_037888895.1	PRJNA224116	SAMN40439936	na	na	na	na	90371	28901	Salmonella enterica subsp. enterica serovar Typhimurium	strain=Z1322HSL0030	na	latest	Complete Genome	Major	Full	2024-04-05	ASM3788889v1		GCA_037888895.1	identical	https://ftp.ncbi.nlm.nih.gov/genomes/all/GCF/037/888/895/GCF_037888895.1_ASM3788889v1	./Development/ThreeFold/data/external/Salmonella/GCF_037888895.1_ASM3788889v1_genomic.fna.gz
GCF_037888905.1	PRJNA224116	SAMN40439935	na	na	na	na	90371	28901	Salmonella enterica subsp. enterica serovar Typhimurium	strain=Z1322HSL0025	na	latest	Complete Genome	Major	Full	2024-04-05	ASM3788890v1		GCA_037888905.1	identical	https://ftp.ncbi.nlm.nih.gov/genomes/all/GCF/037/888/905/GCF_037888905.1_ASM3788890v1	./Development/ThreeFold/data/external/Salmonella/GCF_037888905.1_ASM3788890v1_genomic.fna.gz
GCF_037888915.1	PRJNA224116	SAMN40439934	na	na	na	na	90371	28901	Salmonella enterica subsp. enterica serovar Typhimurium	strain=Z1322HSL0019	na	latest	Complete Genome	Major	Full	2024-04-05	ASM3788891v1		GCA_037888915.1	identical	https://ftp.ncbi.nlm.nih.gov/genomes/all/GCF/037/888/915/GCF_037888915.1_ASM3788891v1	./Development/ThreeFold/data/external/Salmonella/GCF_037888915.1_ASM3788891v1_genomic.fna.gz
GCF_037888925.1	PRJNA224116	SAMN40439933	na	na	na	na	90371	28901	Salmonella enterica subsp. enterica serovar Typhimurium	strain=Z1322HSL0016	na	latest	Complete Genome	Major	Full	2024-04-05	ASM3788892v1		GCA_037888925.1	identical	https://ftp.ncbi.nlm.nih.gov/genomes/all/GCF/037/888/925/GCF_037888925.1_ASM3788892v1	./Development/ThreeFold/data/external/Salmonella/GCF_037888925.1_ASM3788892v1_genomic.fna.gz
GCF_041080895.1	PRJNA224116	SAMN41934466	na	na	na	assembly from type material	90371	28901	Salmonella enterica subsp. enterica serovar Typhimurium	strain=LT2	na	latest	Complete Genome	Major	Full	2024-08-08	ASM4108089v1		GCA_041080895.1	identical	https://ftp.ncbi.nlm.nih.gov/genomes/all/GCF/041/080/895/GCF_041080895.1_ASM4108089v1	./Development/ThreeFold/data/external/Salmonella/GCF_041080895.1_ASM4108089v1_genomic.fna.gz
GCF_042183685.1	PRJNA224116	SAMN30881471	na	na	na	na	90371	28901	Salmonella enterica subsp. enterica serovar Typhimurium	strain=STMC246	na	latest	Complete Genome	Major	Full	2024-09-25	Hybrid246		GCA_042183685.1	identical	https://ftp.ncbi.nlm.nih.gov/genomes/all/GCF/042/183/685/GCF_042183685.1_Hybrid246	./Development/ThreeFold/data/external/Salmonella/GCF_042183685.1_Hybrid246_genomic.fna.gz
GCF_042184335.1	PRJNA224116	SAMN30881470	na	na	na	na	90371	28901	Salmonella enterica subsp. enterica serovar Typhimurium	strain=STMC172	na	latest	Complete Genome	Major	Full	2024-09-25	Hybrid172		GCA_042184335.1	identical	https://ftp.ncbi.nlm.nih.gov/genomes/all/GCF/042/184/335/GCF_042184335.1_Hybrid172	./Development/ThreeFold/data/external/Salmonella/GCF_042184335.1_Hybrid172_genomic.fna.gz
GCF_042184765.1	PRJNA224116	SAMN30881469	na	na	na	na	90371	28901	Salmonella enterica subsp. enterica serovar Typhimurium	strain=STMC125	na	latest	Complete Genome	Major	Full	2024-09-25	Hybrid125		GCA_042184765.1	identical	https://ftp.ncbi.nlm.nih.gov/genomes/all/GCF/042/184/765/GCF_042184765.1_Hybrid125	./Development/ThreeFold/data/external/Salmonella/GCF_042184765.1_Hybrid125_genomic.fna.gz
GCF_042185415.1	PRJNA224116	SAMN30881468	na	na	na	na	90371	28901	Salmonella enterica subsp. enterica serovar Typhimurium	strain=STMC081	na	latest	Complete Genome	Major	Full	2024-09-25	Hybrid081		GCA_042185415.1	identical	https://ftp.ncbi.nlm.nih.gov/genomes/all/GCF/042/185/415/GCF_042185415.1_Hybrid081	./Development/ThreeFold/data/external/Salmonella/GCF_042185415.1_Hybrid081_genomic.fna.gz
GCF_042186005.1	PRJNA224116	SAMN30881467	na	na	na	na	90371	28901	Salmonella enterica subsp. enterica serovar Typhimurium	strain=STMC058	na	latest	Complete Genome	Major	Full	2024-09-25	Hybrid058		GCA_042186005.1	identical	https://ftp.ncbi.nlm.nih.gov/genomes/all/GCF/042/186/005/GCF_042186005.1_Hybrid058	./Development/ThreeFold/data/external/Salmonella/GCF_042186005.1_Hybrid058_genomic.fna.gz
GCF_042997225.1	PRJNA224116	SAMN41934463	na	na	na	na	90371	28901	Salmonella enterica subsp. enterica serovar Typhimurium	na	FELIX_MS479	latest	Complete Genome	Major	Full	2024-10-15	ASM4299722v1		GCA_042997225.1	identical	https://ftp.ncbi.nlm.nih.gov/genomes/all/GCF/042/997/225/GCF_042997225.1_ASM4299722v1	./Development/ThreeFold/data/external/Salmonella/GCF_042997225.1_ASM4299722v1_genomic.fna.gz
GCF_043496845.1	PRJNA224116	SAMN44082895	na	na	na	na	90371	28901	Salmonella enterica subsp. enterica serovar Typhimurium	strain=UTK W1-0001	na	latest	Complete Genome	Major	Full	2024-10-21	ASM4349684v1		GCA_043496845.1	identical	https://ftp.ncbi.nlm.nih.gov/genomes/all/GCF/043/496/845/GCF_043496845.1_ASM4349684v1	./Development/ThreeFold/data/external/Salmonella/GCF_043496845.1_ASM4349684v1_genomic.fna.gz
GCF_045291625.1	PRJNA224116	SAMN40439946	na	na	na	na	90371	28901	Salmonella enterica subsp. enterica serovar Typhimurium	strain=Z1323HSL0027	na	latest	Complete Genome	Major	Full	2024-11-26	ASM4529162v1		GCA_045291625.1	identical	https://ftp.ncbi.nlm.nih.gov/genomes/all/GCF/045/291/625/GCF_045291625.1_ASM4529162v1	./Development/ThreeFold/data/external/Salmonella/GCF_045291625.1_ASM4529162v1_genomic.fna.gz
GCF_045343925.1	PRJNA224116	SAMN40439962	na	na	na	na	90371	28901	Salmonella enterica subsp. enterica serovar Typhimurium	strain=Z1323SSL0010	na	latest	Complete Genome	Major	Full	2024-11-27	ASM4534392v1		GCA_045343925.1	identical	https://ftp.ncbi.nlm.nih.gov/genomes/all/GCF/045/343/925/GCF_045343925.1_ASM4534392v1	./Development/ThreeFold/data/external/Salmonella/GCF_045343925.1_ASM4534392v1_genomic.fna.gz
GCF_045343935.1	PRJNA224116	SAMN40439964	na	na	na	na	90371	28901	Salmonella enterica subsp. enterica serovar Typhimurium	strain=Z1323SSL0026	na	latest	Complete Genome	Major	Full	2024-11-27	ASM4534393v1		GCA_045343935.1	identical	https://ftp.ncbi.nlm.nih.gov/genomes/all/GCF/045/343/935/GCF_045343935.1_ASM4534393v1	./Development/ThreeFold/data/external/Salmonella/GCF_045343935.1_ASM4534393v1_genomic.fna.gz
GCF_045343945.1	PRJNA224116	SAMN40439965	na	na	na	na	90371	28901	Salmonella enterica subsp. enterica serovar Typhimurium	strain=Z1323SSL0033	na	latest	Complete Genome	Major	Full	2024-11-27	ASM4534394v1		GCA_045343945.1	identical	https://ftp.ncbi.nlm.nih.gov/genomes/all/GCF/045/343/945/GCF_045343945.1_ASM4534394v1	./Development/ThreeFold/data/external/Salmonella/GCF_045343945.1_ASM4534394v1_genomic.fna.gz
GCF_045343955.1	PRJNA224116	SAMN40439966	na	na	na	na	90371	28901	Salmonella enterica subsp. enterica serovar Typhimurium	strain=Z1323SSL0036	na	latest	Complete Genome	Major	Full	2024-11-27	ASM4534395v1		GCA_045343955.1	identical	https://ftp.ncbi.nlm.nih.gov/genomes/all/GCF/045/343/955/GCF_045343955.1_ASM4534395v1	./Development/ThreeFold/data/external/Salmonella/GCF_045343955.1_ASM4534395v1_genomic.fna.gz
GCF_045343965.1	PRJNA224116	SAMN40439972	na	na	na	na	90371	28901	Salmonella enterica subsp. enterica serovar Typhimurium	strain=Z1323SSL0046	na	latest	Complete Genome	Major	Full	2024-11-27	ASM4534396v1		GCA_045343965.1	identical	https://ftp.ncbi.nlm.nih.gov/genomes/all/GCF/045/343/965/GCF_045343965.1_ASM4534396v1	./Development/ThreeFold/data/external/Salmonella/GCF_045343965.1_ASM4534396v1_genomic.fna.gz
GCF_045343975.1	PRJNA224116	SAMN40439973	na	na	na	na	90371	28901	Salmonella enterica subsp. enterica serovar Typhimurium	strain=Z1323SSL0057	na	latest	Complete Genome	Major	Full	2024-11-27	ASM4534397v1		GCA_045343975.1	identical	https://ftp.ncbi.nlm.nih.gov/genomes/all/GCF/045/343/975/GCF_045343975.1_ASM4534397v1	./Development/ThreeFold/data/external/Salmonella/GCF_045343975.1_ASM4534397v1_genomic.fna.gz
GCF_045348175.1	PRJNA224116	SAMN40699861	na	na	na	na	90371	28901	Salmonella enterica subsp. enterica serovar Typhimurium	strain=Z1323HSL0023	na	latest	Complete Genome	Major	Full	2024-11-27	ASM4534817v1		GCA_045348175.1	identical	https://ftp.ncbi.nlm.nih.gov/genomes/all/GCF/045/348/175/GCF_045348175.1_ASM4534817v1	./Development/ThreeFold/data/external/Salmonella/GCF_045348175.1_ASM4534817v1_genomic.fna.gz
GCF_900166885.1	PRJNA224116	SAMEA3448233	na	na	na	na	90371	28901	Salmonella enterica subsp. enterica serovar Typhimurium	na	VNB151-sc-2315230	latest	Complete Genome	Major	Full	2017-10-14	39674_D01		GCA_900166885.1	identical	https://ftp.ncbi.nlm.nih.gov/genomes/all/GCF/900/166/885/GCF_900166885.1_39674_D01	./Development/ThreeFold/data/external/Salmonella/GCF_900166885.1_39674_D01_genomic.fna.gz
GCF_900184385.1	PRJNA224116	SAMEA104087369	na	na	na	na	90371	28901	Salmonella enterica subsp. enterica serovar Typhimurium	na	STMU2UK	latest	Complete Genome	Major	Full	2017-05-25	STMU2UK		GCA_900184385.1	identical	https://ftp.ncbi.nlm.nih.gov/genomes/all/GCF/900/184/385/GCF_900184385.1_STMU2UK	./Development/ThreeFold/data/external/Salmonella/GCF_900184385.1_STMU2UK_genomic.fna.gz
GCF_903989485.1	PRJNA224116	SAMEA5976334	na	na	na	na	90371	28901	Salmonella enterica subsp. enterica serovar Typhimurium	na	5d8c9f00c6184d00f9da85a6:sample:O1960-05	latest	Complete Genome	Major	Full	2020-10-10	5eeca14952c4e123c759a485		GCA_903989485.1	identical	https://ftp.ncbi.nlm.nih.gov/genomes/all/GCF/903/989/485/GCF_903989485.1_5eeca14952c4e123c759a485	./Development/ThreeFold/data/external/Salmonella/GCF_903989485.1_5eeca14952c4e123c759a485_genomic.fna.gz
GCF_903992995.2	PRJNA224116	SAMEA5976334	na	na	na	na	90371	28901	Salmonella enterica subsp. enterica serovar Typhimurium	na	5d8c9f00c6184d00f9da85a6:sample:O1960-05	latest	Complete Genome	Major	Full	2020-08-05	5eeca14952c4e123c759a442		GCA_903992995.2	identical	https://ftp.ncbi.nlm.nih.gov/genomes/all/GCF/903/992/995/GCF_903992995.2_5eeca14952c4e123c759a442	./Development/ThreeFold/data/external/Salmonella/GCF_903992995.2_5eeca14952c4e123c759a442_genomic.fna.gz
GCF_904129595.1	PRJNA224116	SAMEA7292288	na	na	na	na	90371	28901	Salmonella enterica subsp. enterica serovar Typhimurium	na	S.Tm LT2p22_assembled	latest	Complete Genome	Major	Full	2020-09-17	S.Tm LT2p22_assembled		GCA_904129595.1	identical	https://ftp.ncbi.nlm.nih.gov/genomes/all/GCF/904/129/595/GCF_904129595.1_S.Tm_LT2p22_assembled	./Development/ThreeFold/data/external/Salmonella/GCF_904129595.1_S.Tm_LT2p22_assembled_genomic.fna.gz
GCF_907163145.1	PRJNA224116	SAMEA8520469	na	na	na	na	90371	28901	Salmonella enterica subsp. enterica serovar Typhimurium	strain=AUSMDU00027944	AUSMDU00027944	latest	Complete Genome	Major	Full	2021-05-17	AUSMDU00027944		GCA_907163145.1	identical	https://ftp.ncbi.nlm.nih.gov/genomes/all/GCF/907/163/145/GCF_907163145.1_AUSMDU00027944	./Development/ThreeFold/data/external/Salmonella/GCF_907163145.1_AUSMDU00027944_genomic.fna.gz
GCF_907163175.1	PRJNA224116	SAMEA8520468	na	na	na	na	90371	28901	Salmonella enterica subsp. enterica serovar Typhimurium	strain=AUSMDU00004549	AUSMDU00004549	latest	Complete Genome	Major	Full	2021-05-17	AUSMDU00004549		GCA_907163175.1	identical	https://ftp.ncbi.nlm.nih.gov/genomes/all/GCF/907/163/175/GCF_907163175.1_AUSMDU00004549	./Development/ThreeFold/data/external/Salmonella/GCF_907163175.1_AUSMDU00004549_genomic.fna.gz
GCF_907163195.1	PRJNA224116	SAMEA8520471	na	na	na	na	90371	28901	Salmonella enterica subsp. enterica serovar Typhimurium	strain=AUSMDU00027951	AUSMDU00027951	latest	Complete Genome	Major	Full	2021-05-17	AUSMDU00027951		GCA_907163195.1	identical	https://ftp.ncbi.nlm.nih.gov/genomes/all/GCF/907/163/195/GCF_907163195.1_AUSMDU00027951	./Development/ThreeFold/data/external/Salmonella/GCF_907163195.1_AUSMDU00027951_genomic.fna.gz
GCF_907163245.1	PRJNA224116	SAMEA8520470	na	na	na	na	90371	28901	Salmonella enterica subsp. enterica serovar Typhimurium	strain=AUSMDU00007171	AUSMDU00007171	latest	Complete Genome	Major	Full	2021-05-17	AUSMDU00007171		GCA_907163245.1	identical	https://ftp.ncbi.nlm.nih.gov/genomes/all/GCF/907/163/245/GCF_907163245.1_AUSMDU00007171	./Development/ThreeFold/data/external/Salmonella/GCF_907163245.1_AUSMDU00007171_genomic.fna.gz
GCF_963575755.1	PRJNA224116	SAMEA114565966	na	na	na	na	90371	28901	Salmonella enterica subsp. enterica serovar Typhimurium	na	Reference	latest	Complete Genome	Major	Full	2024-02-07	GENOMIC21-001		GCA_963575755.1	identical	https://ftp.ncbi.nlm.nih.gov/genomes/all/GCF/963/575/755/GCF_963575755.1_GENOMIC21-001	./Development/ThreeFold/data/external/Salmonella/GCF_963575755.1_GENOMIC21-001_genomic.fna.gz
GCF_002266085.2	PRJNA224116	SAMN07163940	na	na	na	na	98360	28901	Salmonella enterica subsp. enterica serovar Dublin	strain=CFSAN059898	na	latest	Complete Genome	Major	Full	2021-06-07	ASM226608v2		GCA_002266085.2	identical	https://ftp.ncbi.nlm.nih.gov/genomes/all/GCF/002/266/085/GCF_002266085.2_ASM226608v2	./Development/ThreeFold/data/external/Salmonella/GCF_002266085.2_ASM226608v2_genomic.fna.gz
GCF_003589785.1	PRJNA224116	SAMN03988299	na	na	na	na	98360	28901	Salmonella enterica subsp. enterica serovar Dublin	strain=CVM N53043	na	latest	Complete Genome	Major	Full	2018-09-24	ASM358978v1		GCA_003589785.1	identical	https://ftp.ncbi.nlm.nih.gov/genomes/all/GCF/003/589/785/GCF_003589785.1_ASM358978v1	./Development/ThreeFold/data/external/Salmonella/GCF_003589785.1_ASM358978v1_genomic.fna.gz
GCF_003589805.1	PRJNA224116	SAMN03894186	na	na	na	na	98360	28901	Salmonella enterica subsp. enterica serovar Dublin	strain=CVM N45955	na	latest	Complete Genome	Major	Full	2018-09-24	ASM358980v1		GCA_003589805.1	identical	https://ftp.ncbi.nlm.nih.gov/genomes/all/GCF/003/589/805/GCF_003589805.1_ASM358980v1	./Development/ThreeFold/data/external/Salmonella/GCF_003589805.1_ASM358980v1_genomic.fna.gz
GCF_003589825.1	PRJNA224116	SAMN08868707	na	na	na	na	98360	28901	Salmonella enterica subsp. enterica serovar Dublin	strain=CVM 34981	na	latest	Complete Genome	Major	Full	2018-09-24	ASM358982v1		GCA_003589825.1	identical	https://ftp.ncbi.nlm.nih.gov/genomes/all/GCF/003/589/825/GCF_003589825.1_ASM358982v1	./Development/ThreeFold/data/external/Salmonella/GCF_003589825.1_ASM358982v1_genomic.fna.gz
GCF_003589845.1	PRJNA224116	SAMN08868685	na	na	na	na	98360	28901	Salmonella enterica subsp. enterica serovar Dublin	strain=CVM 22453	na	latest	Complete Genome	Major	Full	2018-09-24	ASM358984v1		GCA_003589845.1	identical	https://ftp.ncbi.nlm.nih.gov/genomes/all/GCF/003/589/845/GCF_003589845.1_ASM358984v1	./Development/ThreeFold/data/external/Salmonella/GCF_003589845.1_ASM358984v1_genomic.fna.gz
GCF_003589865.1	PRJNA224116	SAMN08868674	na	na	na	na	98360	28901	Salmonella enterica subsp. enterica serovar Dublin	strain=CVM 22429	na	latest	Complete Genome	Major	Full	2018-09-24	ASM358986v1		GCA_003589865.1	identical	https://ftp.ncbi.nlm.nih.gov/genomes/all/GCF/003/589/865/GCF_003589865.1_ASM358986v1	./Development/ThreeFold/data/external/Salmonella/GCF_003589865.1_ASM358986v1_genomic.fna.gz
GCF_003590755.1	PRJNA224116	SAMN09791864	na	na	na	na	98360	28901	Salmonella enterica subsp. enterica serovar Dublin	strain=USMARC-69838	na	latest	Complete Genome	Major	Full	2018-09-24	ASM359075v1		GCA_003590755.1	identical	https://ftp.ncbi.nlm.nih.gov/genomes/all/GCF/003/590/755/GCF_003590755.1_ASM359075v1	./Development/ThreeFold/data/external/Salmonella/GCF_003590755.1_ASM359075v1_genomic.fna.gz
GCF_003595645.1	PRJNA224116	SAMN09791878	na	na	na	na	98360	28901	Salmonella enterica subsp. enterica serovar Dublin	strain=USMARC-69840	na	latest	Complete Genome	Major	Full	2018-09-24	ASM359564v1		GCA_003595645.1	identical	https://ftp.ncbi.nlm.nih.gov/genomes/all/GCF/003/595/645/GCF_003595645.1_ASM359564v1	./Development/ThreeFold/data/external/Salmonella/GCF_003595645.1_ASM359564v1_genomic.fna.gz
GCF_003595725.1	PRJNA224116	SAMN09791862	na	na	na	na	98360	28901	Salmonella enterica subsp. enterica serovar Dublin	strain=USMARC-69807	na	latest	Complete Genome	Major	Full	2018-09-24	ASM359572v1		GCA_003595725.1	identical	https://ftp.ncbi.nlm.nih.gov/genomes/all/GCF/003/595/725/GCF_003595725.1_ASM359572v1	./Development/ThreeFold/data/external/Salmonella/GCF_003595725.1_ASM359572v1_genomic.fna.gz
GCF_028893135.1	PRJNA224116	SAMN32950801	na	na	na	na	98360	28901	Salmonella enterica subsp. enterica serovar Dublin	strain=RM052	na	latest	Complete Genome	Major	Full	2023-03-01	ASM2889313v1		GCA_028893135.1	identical	https://ftp.ncbi.nlm.nih.gov/genomes/all/GCF/028/893/135/GCF_028893135.1_ASM2889313v1	./Development/ThreeFold/data/external/Salmonella/GCF_028893135.1_ASM2889313v1_genomic.fna.gz
GCF_028893175.1	PRJNA224116	SAMN32950799	na	na	na	na	98360	28901	Salmonella enterica subsp. enterica serovar Dublin	strain=RM111	na	latest	Complete Genome	Major	Full	2023-03-01	ASM2889317v1		GCA_028893175.1	identical	https://ftp.ncbi.nlm.nih.gov/genomes/all/GCF/028/893/175/GCF_028893175.1_ASM2889317v1	./Development/ThreeFold/data/external/Salmonella/GCF_028893175.1_ASM2889317v1_genomic.fna.gz
GCF_028893195.1	PRJNA224116	SAMN32950798	na	na	na	na	98360	28901	Salmonella enterica subsp. enterica serovar Dublin	strain=RM105	na	latest	Complete Genome	Major	Full	2023-03-01	ASM2889319v1		GCA_028893195.1	identical	https://ftp.ncbi.nlm.nih.gov/genomes/all/GCF/028/893/195/GCF_028893195.1_ASM2889319v1	./Development/ThreeFold/data/external/Salmonella/GCF_028893195.1_ASM2889319v1_genomic.fna.gz
GCF_028893215.1	PRJNA224116	SAMN32950797	na	na	na	na	98360	28901	Salmonella enterica subsp. enterica serovar Dublin	strain=RM104	na	latest	Complete Genome	Major	Full	2023-03-01	ASM2889321v1		GCA_028893215.1	identical	https://ftp.ncbi.nlm.nih.gov/genomes/all/GCF/028/893/215/GCF_028893215.1_ASM2889321v1	./Development/ThreeFold/data/external/Salmonella/GCF_028893215.1_ASM2889321v1_genomic.fna.gz
GCF_028893255.1	PRJNA224116	SAMN32950795	na	na	na	na	98360	28901	Salmonella enterica subsp. enterica serovar Dublin	strain=RM100	na	latest	Complete Genome	Major	Full	2023-03-01	ASM2889325v1		GCA_028893255.1	identical	https://ftp.ncbi.nlm.nih.gov/genomes/all/GCF/028/893/255/GCF_028893255.1_ASM2889325v1	./Development/ThreeFold/data/external/Salmonella/GCF_028893255.1_ASM2889325v1_genomic.fna.gz
GCF_028893275.1	PRJNA224116	SAMN32950794	na	na	na	na	98360	28901	Salmonella enterica subsp. enterica serovar Dublin	strain=RM099	na	latest	Complete Genome	Major	Full	2023-03-01	ASM2889327v1		GCA_028893275.1	identical	https://ftp.ncbi.nlm.nih.gov/genomes/all/GCF/028/893/275/GCF_028893275.1_ASM2889327v1	./Development/ThreeFold/data/external/Salmonella/GCF_028893275.1_ASM2889327v1_genomic.fna.gz
GCF_028893315.1	PRJNA224116	SAMN32950792	na	na	na	na	98360	28901	Salmonella enterica subsp. enterica serovar Dublin	strain=RM094	na	latest	Complete Genome	Major	Full	2023-03-01	ASM2889331v1		GCA_028893315.1	identical	https://ftp.ncbi.nlm.nih.gov/genomes/all/GCF/028/893/315/GCF_028893315.1_ASM2889331v1	./Development/ThreeFold/data/external/Salmonella/GCF_028893315.1_ASM2889331v1_genomic.fna.gz
GCF_028893335.1	PRJNA224116	SAMN32950791	na	na	na	na	98360	28901	Salmonella enterica subsp. enterica serovar Dublin	strain=RM092	na	latest	Complete Genome	Major	Full	2023-03-01	ASM2889333v1		GCA_028893335.1	identical	https://ftp.ncbi.nlm.nih.gov/genomes/all/GCF/028/893/335/GCF_028893335.1_ASM2889333v1	./Development/ThreeFold/data/external/Salmonella/GCF_028893335.1_ASM2889333v1_genomic.fna.gz
GCF_028893395.1	PRJNA224116	SAMN32950788	na	na	na	na	98360	28901	Salmonella enterica subsp. enterica serovar Dublin	strain=RM079	na	latest	Complete Genome	Major	Full	2023-03-01	ASM2889339v1		GCA_028893395.1	identical	https://ftp.ncbi.nlm.nih.gov/genomes/all/GCF/028/893/395/GCF_028893395.1_ASM2889339v1	./Development/ThreeFold/data/external/Salmonella/GCF_028893395.1_ASM2889339v1_genomic.fna.gz
GCF_028893455.1	PRJNA224116	SAMN32950785	na	na	na	na	98360	28901	Salmonella enterica subsp. enterica serovar Dublin	strain=RM043	na	latest	Complete Genome	Major	Full	2023-03-01	ASM2889345v1		GCA_028893455.1	identical	https://ftp.ncbi.nlm.nih.gov/genomes/all/GCF/028/893/455/GCF_028893455.1_ASM2889345v1	./Development/ThreeFold/data/external/Salmonella/GCF_028893455.1_ASM2889345v1_genomic.fna.gz
GCF_039851995.1	PRJNA224116	SAMN41291419	na	na	na	na	98360	28901	Salmonella enterica subsp. enterica serovar Dublin	strain=PSUSE00314	na	latest	Complete Genome	Major	Full	2024-05-28	ASM3985199v1		GCA_039851995.1	identical	https://ftp.ncbi.nlm.nih.gov/genomes/all/GCF/039/851/995/GCF_039851995.1_ASM3985199v1	./Development/ThreeFold/data/external/Salmonella/GCF_039851995.1_ASM3985199v1_genomic.fna.gz
GCF_039852005.1	PRJNA224116	SAMN41291410	na	na	na	na	98360	28901	Salmonella enterica subsp. enterica serovar Dublin	strain=PSUSE00191	na	latest	Complete Genome	Major	Full	2024-05-28	ASM3985200v1		GCA_039852005.1	identical	https://ftp.ncbi.nlm.nih.gov/genomes/all/GCF/039/852/005/GCF_039852005.1_ASM3985200v1	./Development/ThreeFold/data/external/Salmonella/GCF_039852005.1_ASM3985200v1_genomic.fna.gz
GCF_039880325.1	PRJNA224116	SAMN41291392	na	na	na	na	98360	28901	Salmonella enterica subsp. enterica serovar Dublin	strain=PSUSE00060	na	latest	Complete Genome	Major	Full	2024-05-30	ASM3988032v1		GCA_039880325.1	identical	https://ftp.ncbi.nlm.nih.gov/genomes/all/GCF/039/880/325/GCF_039880325.1_ASM3988032v1	./Development/ThreeFold/data/external/Salmonella/GCF_039880325.1_ASM3988032v1_genomic.fna.gz
GCF_047338585.1	PRJNA224116	SAMN46348292	na	na	na	na	98360	28901	Salmonella enterica subsp. enterica serovar Dublin	strain=SAL-20-0015	na	latest	Complete Genome	Major	Full	2025-02-02	SAL-20-0015		GCA_047338585.1	identical	https://ftp.ncbi.nlm.nih.gov/genomes/all/GCF/047/338/585/GCF_047338585.1_SAL-20-0015	./Development/ThreeFold/data/external/Salmonella/GCF_047338585.1_SAL-20-0015_genomic.fna.gz
GCF_047357745.1	PRJNA224116	SAMN46348179	na	na	na	na	98360	28901	Salmonella enterica subsp. enterica serovar Dublin	strain=SAL-19-0015	na	latest	Complete Genome	Major	Full	2025-02-04	SAL-19-0015		GCA_047357745.1	identical	https://ftp.ncbi.nlm.nih.gov/genomes/all/GCF/047/357/745/GCF_047357745.1_SAL-19-0015	./Development/ThreeFold/data/external/Salmonella/GCF_047357745.1_SAL-19-0015_genomic.fna.gz
GCF_000006945.2	PRJNA57799	SAMN02604315	na	na	reference genome	assembly from type material	99287	28901	Salmonella enterica subsp. enterica serovar Typhimurium str. LT2	strain=LT2	na	latest	Complete Genome	Major	Full	2016-01-13	ASM694v2		GCA_000006945.2	identical	https://ftp.ncbi.nlm.nih.gov/genomes/all/GCF/000/006/945/GCF_000006945.2_ASM694v2	./Development/ThreeFold/data/external/Salmonella/GCF_000006945.2_ASM694v2_genomic.fna.gz
GCF_001890165.1	PRJNA224116	SAMN05172400	na	na	na	na	108619	28901	Salmonella enterica subsp. enterica serovar Newport	strain=CFSAN001660	na	latest	Complete Genome	Major	Full	2016-12-07	ASM189016v1		GCA_001890165.1	identical	https://ftp.ncbi.nlm.nih.gov/genomes/all/GCF/001/890/165/GCF_001890165.1_ASM189016v1	./Development/ThreeFold/data/external/Salmonella/GCF_001890165.1_ASM189016v1_genomic.fna.gz
GCF_001890185.1	PRJNA224116	SAMN05172402	na	na	na	na	108619	28901	Salmonella enterica subsp. enterica serovar Newport	strain=CFSAN003890	na	latest	Complete Genome	Major	Full	2016-12-07	ASM189018v1		GCA_001890185.1	identical	https://ftp.ncbi.nlm.nih.gov/genomes/all/GCF/001/890/185/GCF_001890185.1_ASM189018v1	./Development/ThreeFold/data/external/Salmonella/GCF_001890185.1_ASM189018v1_genomic.fna.gz
GCF_001890445.1	PRJNA224116	SAMN05172401	na	na	na	na	108619	28901	Salmonella enterica subsp. enterica serovar Newport	strain=CFSAN003887	na	latest	Complete Genome	Major	Full	2016-12-07	ASM189044v1		GCA_001890445.1	identical	https://ftp.ncbi.nlm.nih.gov/genomes/all/GCF/001/890/445/GCF_001890445.1_ASM189044v1	./Development/ThreeFold/data/external/Salmonella/GCF_001890445.1_ASM189044v1_genomic.fna.gz
GCF_001922165.1	PRJNA224116	SAMN03744300	na	na	na	na	108619	28901	Salmonella enterica subsp. enterica serovar Newport	strain=0007-33	na	latest	Complete Genome	Major	Full	2016-12-27	ASM192216v1		GCA_001922165.1	identical	https://ftp.ncbi.nlm.nih.gov/genomes/all/GCF/001/922/165/GCF_001922165.1_ASM192216v1	./Development/ThreeFold/data/external/Salmonella/GCF_001922165.1_ASM192216v1_genomic.fna.gz
GCF_003200975.2	PRJNA224116	SAMN03463864	na	na	na	na	108619	28901	Salmonella enterica subsp. enterica serovar Newport	strain=CFSAN003353	na	latest	Complete Genome	Major	Full	2024-02-02	ASM320097v2		GCA_003200975.2	identical	https://ftp.ncbi.nlm.nih.gov/genomes/all/GCF/003/200/975/GCF_003200975.2_ASM320097v2	./Development/ThreeFold/data/external/Salmonella/GCF_003200975.2_ASM320097v2_genomic.fna.gz
GCF_004224885.1	PRJNA224116	SAMN09943626	na	na	na	na	108619	28901	Salmonella enterica subsp. enterica serovar Newport	strain=SAP18-8729	na	latest	Complete Genome	Major	Full	2019-07-01	ASM422488v2		GCA_004224885.2	identical	https://ftp.ncbi.nlm.nih.gov/genomes/all/GCF/004/224/885/GCF_004224885.1_ASM422488v2	./Development/ThreeFold/data/external/Salmonella/GCF_004224885.1_ASM422488v2_genomic.fna.gz
GCF_013376935.1	PRJNA224116	SAMN11355835	na	na	na	na	108619	28901	Salmonella enterica subsp. enterica serovar Newport	strain=VNSEC023	na	latest	Complete Genome	Major	Full	2020-06-30	ASM1337693v1		GCA_013376935.1	identical	https://ftp.ncbi.nlm.nih.gov/genomes/all/GCF/013/376/935/GCF_013376935.1_ASM1337693v1	./Development/ThreeFold/data/external/Salmonella/GCF_013376935.1_ASM1337693v1_genomic.fna.gz
GCF_016452065.1	PRJNA224116	SAMN14504894	na	na	na	na	108619	28901	Salmonella enterica subsp. enterica serovar Newport	strain=CVM 34530	na	latest	Complete Genome	Major	Full	2020-12-31	ASM1645206v1		GCA_016452065.1	identical	https://ftp.ncbi.nlm.nih.gov/genomes/all/GCF/016/452/065/GCF_016452065.1_ASM1645206v1	./Development/ThreeFold/data/external/Salmonella/GCF_016452065.1_ASM1645206v1_genomic.fna.gz
GCF_016454345.1	PRJNA224116	SAMN14504718	na	na	na	na	108619	28901	Salmonella enterica subsp. enterica serovar Newport	strain=CVM 24374	na	latest	Complete Genome	Major	Full	2020-12-31	ASM1645434v1		GCA_016454345.1	identical	https://ftp.ncbi.nlm.nih.gov/genomes/all/GCF/016/454/345/GCF_016454345.1_ASM1645434v1	./Development/ThreeFold/data/external/Salmonella/GCF_016454345.1_ASM1645434v1_genomic.fna.gz
GCF_024266245.1	PRJNA224116	SAMN11877932	na	na	na	na	108619	28901	Salmonella enterica subsp. enterica serovar Newport	strain=R18.0234	na	latest	Complete Genome	Major	Full	2022-07-14	ASM2426624v1		GCA_024266245.1	identical	https://ftp.ncbi.nlm.nih.gov/genomes/all/GCF/024/266/245/GCF_024266245.1_ASM2426624v1	./Development/ThreeFold/data/external/Salmonella/GCF_024266245.1_ASM2426624v1_genomic.fna.gz
GCF_024266265.1	PRJNA224116	SAMN11877931	na	na	na	na	108619	28901	Salmonella enterica subsp. enterica serovar Newport	strain=R18.0287	na	latest	Complete Genome	Major	Full	2022-07-14	ASM2426626v1		GCA_024266265.1	identical	https://ftp.ncbi.nlm.nih.gov/genomes/all/GCF/024/266/265/GCF_024266265.1_ASM2426626v1	./Development/ThreeFold/data/external/Salmonella/GCF_024266265.1_ASM2426626v1_genomic.fna.gz
GCF_028892635.1	PRJNA224116	SAMN32950783	na	na	na	na	108619	28901	Salmonella enterica subsp. enterica serovar Newport	strain=RM038	na	latest	Complete Genome	Major	Full	2023-03-01	ASM2889263v1		GCA_028892635.1	identical	https://ftp.ncbi.nlm.nih.gov/genomes/all/GCF/028/892/635/GCF_028892635.1_ASM2889263v1	./Development/ThreeFold/data/external/Salmonella/GCF_028892635.1_ASM2889263v1_genomic.fna.gz
GCF_028892665.1	PRJNA224116	SAMN32950782	na	na	na	na	108619	28901	Salmonella enterica subsp. enterica serovar Newport	strain=RM037	na	latest	Complete Genome	Major	Full	2023-03-01	ASM2889266v1		GCA_028892665.1	identical	https://ftp.ncbi.nlm.nih.gov/genomes/all/GCF/028/892/665/GCF_028892665.1_ASM2889266v1	./Development/ThreeFold/data/external/Salmonella/GCF_028892665.1_ASM2889266v1_genomic.fna.gz
GCF_028893055.1	PRJNA224116	SAMN32950805	na	na	na	na	108619	28901	Salmonella enterica subsp. enterica serovar Newport	strain=RM108	na	latest	Complete Genome	Major	Full	2023-03-01	ASM2889305v1		GCA_028893055.1	identical	https://ftp.ncbi.nlm.nih.gov/genomes/all/GCF/028/893/055/GCF_028893055.1_ASM2889305v1	./Development/ThreeFold/data/external/Salmonella/GCF_028893055.1_ASM2889305v1_genomic.fna.gz
GCF_028893375.1	PRJNA224116	SAMN32950789	na	na	na	na	108619	28901	Salmonella enterica subsp. enterica serovar Newport	strain=RM089	na	latest	Complete Genome	Major	Full	2023-03-01	ASM2889337v1		GCA_028893375.1	identical	https://ftp.ncbi.nlm.nih.gov/genomes/all/GCF/028/893/375/GCF_028893375.1_ASM2889337v1	./Development/ThreeFold/data/external/Salmonella/GCF_028893375.1_ASM2889337v1_genomic.fna.gz
GCF_028893435.1	PRJNA224116	SAMN32950786	na	na	na	na	108619	28901	Salmonella enterica subsp. enterica serovar Newport	strain=RM049	na	latest	Complete Genome	Major	Full	2023-03-01	ASM2889343v1		GCA_028893435.1	identical	https://ftp.ncbi.nlm.nih.gov/genomes/all/GCF/028/893/435/GCF_028893435.1_ASM2889343v1	./Development/ThreeFold/data/external/Salmonella/GCF_028893435.1_ASM2889343v1_genomic.fna.gz
GCF_028893475.1	PRJNA224116	SAMN32950784	na	na	na	na	108619	28901	Salmonella enterica subsp. enterica serovar Newport	strain=RM041	na	latest	Complete Genome	Major	Full	2023-03-01	ASM2889347v1		GCA_028893475.1	identical	https://ftp.ncbi.nlm.nih.gov/genomes/all/GCF/028/893/475/GCF_028893475.1_ASM2889347v1	./Development/ThreeFold/data/external/Salmonella/GCF_028893475.1_ASM2889347v1_genomic.fna.gz
GCF_003073595.1	PRJNA224116	SAMN04451264	na	na	na	na	115981	28901	Salmonella enterica subsp. enterica serovar Montevideo	strain=CFSAN045764	na	latest	Complete Genome	Major	Full	2018-04-30	ASM307359v1		GCA_003073595.1	identical	https://ftp.ncbi.nlm.nih.gov/genomes/all/GCF/003/073/595/GCF_003073595.1_ASM307359v1	./Development/ThreeFold/data/external/Salmonella/GCF_003073595.1_ASM307359v1_genomic.fna.gz
GCF_003130605.1	PRJNA224116	SAMN05181544	na	na	na	na	115981	28901	Salmonella enterica subsp. enterica serovar Montevideo	strain=CFSAN051296	na	latest	Complete Genome	Major	Full	2018-05-17	ASM313060v1		GCA_003130605.1	identical	https://ftp.ncbi.nlm.nih.gov/genomes/all/GCF/003/130/605/GCF_003130605.1_ASM313060v1	./Development/ThreeFold/data/external/Salmonella/GCF_003130605.1_ASM313060v1_genomic.fna.gz
GCF_003641285.1	PRJNA224116	SAMN10176436	na	na	na	na	115981	28901	Salmonella enterica subsp. enterica serovar Montevideo	strain=11TTUC-046	na	latest	Complete Genome	Major	Full	2018-10-15	ASM364128v1		GCA_003641285.1	identical	https://ftp.ncbi.nlm.nih.gov/genomes/all/GCF/003/641/285/GCF_003641285.1_ASM364128v1	./Development/ThreeFold/data/external/Salmonella/GCF_003641285.1_ASM364128v1_genomic.fna.gz
GCF_003864055.1	PRJNA224116	SAMN10485462	na	na	na	na	115981	28901	Salmonella enterica subsp. enterica serovar Montevideo	strain=ATCC 8387	na	latest	Complete Genome	Major	Full	2018-12-05	ASM386405v1		GCA_003864055.1	identical	https://ftp.ncbi.nlm.nih.gov/genomes/all/GCF/003/864/055/GCF_003864055.1_ASM386405v1	./Development/ThreeFold/data/external/Salmonella/GCF_003864055.1_ASM386405v1_genomic.fna.gz
GCF_005576575.1	PRJNA224116	SAMN02678532	na	na	na	na	115981	28901	Salmonella enterica subsp. enterica serovar Montevideo	strain=FCC0123	na	latest	Complete Genome	Major	Full	2019-05-22	ASM557657v1		GCA_005576575.1	identical	https://ftp.ncbi.nlm.nih.gov/genomes/all/GCF/005/576/575/GCF_005576575.1_ASM557657v1	./Development/ThreeFold/data/external/Salmonella/GCF_005576575.1_ASM557657v1_genomic.fna.gz
GCF_024266285.1	PRJNA224116	SAMN29431221	na	na	na	na	115981	28901	Salmonella enterica subsp. enterica serovar Montevideo	strain=R17.4849	na	latest	Complete Genome	Major	Full	2022-07-14	ASM2426628v1		GCA_024266285.1	identical	https://ftp.ncbi.nlm.nih.gov/genomes/all/GCF/024/266/285/GCF_024266285.1_ASM2426628v1	./Development/ThreeFold/data/external/Salmonella/GCF_024266285.1_ASM2426628v1_genomic.fna.gz
GCF_003325335.1	PRJNA224116	SAMN09237646	na	na	na	na	117541	28901	Salmonella enterica subsp. enterica serovar Ohio	strain=SA20120345	na	latest	Complete Genome	Major	Full	2018-07-17	ASM332533v1		GCA_003325335.1	identical	https://ftp.ncbi.nlm.nih.gov/genomes/all/GCF/003/325/335/GCF_003325335.1_ASM332533v1	./Development/ThreeFold/data/external/Salmonella/GCF_003325335.1_ASM332533v1_genomic.fna.gz
GCF_000742815.1	PRJNA224116	SAMN02741042	na	na	na	na	119912	28901	Salmonella enterica subsp. enterica serovar Choleraesuis	strain=C500	na	latest	Complete Genome	Major	Full	2014-08-21	ASM74281v1		GCA_000742815.1	identical	https://ftp.ncbi.nlm.nih.gov/genomes/all/GCF/000/742/815/GCF_000742815.1_ASM74281v1	./Development/ThreeFold/data/external/Salmonella/GCF_000742815.1_ASM74281v1_genomic.fna.gz
GCF_016454285.1	PRJNA224116	SAMN14504742	na	na	na	na	119912	28901	Salmonella enterica subsp. enterica serovar Choleraesuis	strain=CVM 28296	na	latest	Complete Genome	Major	Full	2020-12-31	ASM1645428v1		GCA_016454285.1	identical	https://ftp.ncbi.nlm.nih.gov/genomes/all/GCF/016/454/285/GCF_016454285.1_ASM1645428v1	./Development/ThreeFold/data/external/Salmonella/GCF_016454285.1_ASM1645428v1_genomic.fna.gz
GCF_008124445.1	PRJNA224116	SAMN12603253	na	na	na	na	134047	28901	Salmonella enterica subsp. enterica serovar Bredeney	strain=SA20114778WT	na	latest	Complete Genome	Major	Full	2019-08-29	ASM812444v1		GCA_008124445.1	identical	https://ftp.ncbi.nlm.nih.gov/genomes/all/GCF/008/124/445/GCF_008124445.1_ASM812444v1	./Development/ThreeFold/data/external/Salmonella/GCF_008124445.1_ASM812444v1_genomic.fna.gz
GCF_001535315.2	PRJNA224116	SAMN02261218	na	na	na	na	143221	28901	Salmonella enterica subsp. enterica serovar Tennessee	strain=CFSAN001387	na	latest	Complete Genome	Major	Full	2016-04-06	ASM153531v2		GCA_001535315.2	identical	https://ftp.ncbi.nlm.nih.gov/genomes/all/GCF/001/535/315/GCF_001535315.2_ASM153531v2	./Development/ThreeFold/data/external/Salmonella/GCF_001535315.2_ASM153531v2_genomic.fna.gz
GCF_002741905.1	PRJNA224116	SAMN07795414	na	na	na	na	143221	28901	Salmonella enterica subsp. enterica serovar Tennessee	strain=CFSAN070643; 4083H attTn7:: Ptrc-gfpUV-cat; bright fluorescence; 1 lactose operon	na	latest	Complete Genome	Major	Full	2017-11-02	ASM274190v1		GCA_002741905.1	identical	https://ftp.ncbi.nlm.nih.gov/genomes/all/GCF/002/741/905/GCF_002741905.1_ASM274190v1	./Development/ThreeFold/data/external/Salmonella/GCF_002741905.1_ASM274190v1_genomic.fna.gz
GCF_003031855.1	PRJNA224116	SAMN08125530	na	na	na	na	143221	28901	Salmonella enterica subsp. enterica serovar Tennessee	strain=PIR00537	na	latest	Complete Genome	Major	Full	2018-04-03	ASM303185v1		GCA_003031855.1	identical	https://ftp.ncbi.nlm.nih.gov/genomes/all/GCF/003/031/855/GCF_003031855.1_ASM303185v1	./Development/ThreeFold/data/external/Salmonella/GCF_003031855.1_ASM303185v1_genomic.fna.gz
GCF_003031875.1	PRJNA224116	SAMN08125528	na	na	na	na	143221	28901	Salmonella enterica subsp. enterica serovar Tennessee	strain=ATCC 10722	na	latest	Complete Genome	Major	Full	2018-04-03	ASM303187v1		GCA_003031875.1	identical	https://ftp.ncbi.nlm.nih.gov/genomes/all/GCF/003/031/875/GCF_003031875.1_ASM303187v1	./Development/ThreeFold/data/external/Salmonella/GCF_003031875.1_ASM303187v1_genomic.fna.gz
GCF_003710185.1	PRJNA224116	SAMN10272908	na	na	na	na	143221	28901	Salmonella enterica subsp. enterica serovar Tennessee	strain=CFSAN076210	na	latest	Complete Genome	Major	Full	2018-11-03	ASM371018v1		GCA_003710185.1	identical	https://ftp.ncbi.nlm.nih.gov/genomes/all/GCF/003/710/185/GCF_003710185.1_ASM371018v1	./Development/ThreeFold/data/external/Salmonella/GCF_003710185.1_ASM371018v1_genomic.fna.gz
GCF_022162985.1	PRJNA224116	SAMN25597006	na	na	na	na	143221	28901	Salmonella enterica subsp. enterica serovar Tennessee	strain=21-SA00318-0	na	latest	Complete Genome	Major	Full	2022-02-10	ASM2216298v1		GCA_022162985.1	identical	https://ftp.ncbi.nlm.nih.gov/genomes/all/GCF/022/162/985/GCF_022162985.1_ASM2216298v1	./Development/ThreeFold/data/external/Salmonella/GCF_022162985.1_ASM2216298v1_genomic.fna.gz
GCF_002209205.2	PRJNA224116	SAMN06173326	na	na	na	na	149385	28901	Salmonella enterica subsp. enterica serovar Hadar	strain=FDAARGOS_313	na	latest	Complete Genome	Minor	Full	2018-03-06	ASM220920v2		GCA_002209205.2	identical	https://ftp.ncbi.nlm.nih.gov/genomes/all/GCF/002/209/205/GCF_002209205.2_ASM220920v2	./Development/ThreeFold/data/external/Salmonella/GCF_002209205.2_ASM220920v2_genomic.fna.gz
GCF_004768645.1	PRJNA224116	SAMN06030204	na	na	na	na	149385	28901	Salmonella enterica subsp. enterica serovar Hadar	strain=12-2388	na	latest	Complete Genome	Major	Full	2019-04-10	ASM476864v1		GCA_004768645.1	identical	https://ftp.ncbi.nlm.nih.gov/genomes/all/GCF/004/768/645/GCF_004768645.1_ASM476864v1	./Development/ThreeFold/data/external/Salmonella/GCF_004768645.1_ASM476864v1_genomic.fna.gz
GCF_016454325.1	PRJNA224116	SAMN14504724	na	na	na	na	149385	28901	Salmonella enterica subsp. enterica serovar Hadar	strain=CVM 24392	na	latest	Complete Genome	Major	Full	2020-12-31	ASM1645432v1		GCA_016454325.1	identical	https://ftp.ncbi.nlm.nih.gov/genomes/all/GCF/016/454/325/GCF_016454325.1_ASM1645432v1	./Development/ThreeFold/data/external/Salmonella/GCF_016454325.1_ASM1645432v1_genomic.fna.gz
GCF_034491365.1	PRJNA224116	SAMN24009623	na	na	na	na	149385	28901	Salmonella enterica subsp. enterica serovar Hadar	strain=PNUSAS249879	na	latest	Complete Genome	Major	Full	2023-12-20	ASM3449136v1		GCA_034491365.1	identical	https://ftp.ncbi.nlm.nih.gov/genomes/all/GCF/034/491/365/GCF_034491365.1_ASM3449136v1	./Development/ThreeFold/data/external/Salmonella/GCF_034491365.1_ASM3449136v1_genomic.fna.gz
GCF_034493545.1	PRJNA224116	SAMN36182991	na	na	na	na	149385	28901	Salmonella enterica subsp. enterica serovar Hadar	strain=PNUSAS360131	na	latest	Complete Genome	Major	Full	2023-12-20	ASM3449354v1		GCA_034493545.1	identical	https://ftp.ncbi.nlm.nih.gov/genomes/all/GCF/034/493/545/GCF_034493545.1_ASM3449354v1	./Development/ThreeFold/data/external/Salmonella/GCF_034493545.1_ASM3449354v1_genomic.fna.gz
GCF_034494365.1	PRJNA224116	SAMN31822672	na	na	na	na	149385	28901	Salmonella enterica subsp. enterica serovar Hadar	strain=PNUSAS318075	na	latest	Complete Genome	Major	Full	2023-12-20	ASM3449436v1		GCA_034494365.1	identical	https://ftp.ncbi.nlm.nih.gov/genomes/all/GCF/034/494/365/GCF_034494365.1_ASM3449436v1	./Development/ThreeFold/data/external/Salmonella/GCF_034494365.1_ASM3449436v1_genomic.fna.gz
GCF_045040835.1	PRJNA224116	SAMN30524885	na	na	na	na	149385	28901	Salmonella enterica subsp. enterica serovar Hadar	strain=PNUSAS295274	na	latest	Complete Genome	Major	Full	2024-11-25	ASM4504083v1		GCA_045040835.1	identical	https://ftp.ncbi.nlm.nih.gov/genomes/all/GCF/045/040/835/GCF_045040835.1_ASM4504083v1	./Development/ThreeFold/data/external/Salmonella/GCF_045040835.1_ASM4504083v1_genomic.fna.gz
GCF_003324835.1	PRJNA224116	SAMN09237640	na	na	na	na	149387	28901	Salmonella enterica subsp. enterica serovar Brandenburg	strain=SA20113174	na	latest	Complete Genome	Major	Full	2018-07-17	ASM332483v1		GCA_003324835.1	identical	https://ftp.ncbi.nlm.nih.gov/genomes/all/GCF/003/324/835/GCF_003324835.1_ASM332483v1	./Development/ThreeFold/data/external/Salmonella/GCF_003324835.1_ASM332483v1_genomic.fna.gz
GCF_003324855.1	PRJNA224116	SAMN09237639	na	na	na	na	149387	28901	Salmonella enterica subsp. enterica serovar Brandenburg	strain=SA20064858	na	latest	Complete Genome	Major	Full	2018-07-17	ASM332485v1		GCA_003324855.1	identical	https://ftp.ncbi.nlm.nih.gov/genomes/all/GCF/003/324/855/GCF_003324855.1_ASM332485v1	./Development/ThreeFold/data/external/Salmonella/GCF_003324855.1_ASM332485v1_genomic.fna.gz
GCF_004328765.1	PRJNA224116	SAMN08150418	na	na	na	na	149387	28901	Salmonella enterica subsp. enterica serovar Brandenburg	strain=USDA-ARS-USMARC-60983	na	latest	Complete Genome	Major	Full	2019-03-06	ASM432876v1		GCA_004328765.1	identical	https://ftp.ncbi.nlm.nih.gov/genomes/all/GCF/004/328/765/GCF_004328765.1_ASM432876v1	./Development/ThreeFold/data/external/Salmonella/GCF_004328765.1_ASM432876v1_genomic.fna.gz
GCF_014524585.1	PRJNA224116	SAMN15637151	na	na	na	na	149390	28901	Salmonella enterica subsp. enterica serovar London	strain=HA3-IN1	na	latest	Complete Genome	Major	Full	2020-09-11	ASM1452458v1		GCA_014524585.1	identical	https://ftp.ncbi.nlm.nih.gov/genomes/all/GCF/014/524/585/GCF_014524585.1_ASM1452458v1	./Development/ThreeFold/data/external/Salmonella/GCF_014524585.1_ASM1452458v1_genomic.fna.gz
GCF_014524605.1	PRJNA224116	SAMN15637410	na	na	na	na	149390	28901	Salmonella enterica subsp. enterica serovar London	strain=HA1-SP5	na	latest	Complete Genome	Major	Full	2020-09-11	ASM1452460v1		GCA_014524605.1	identical	https://ftp.ncbi.nlm.nih.gov/genomes/all/GCF/014/524/605/GCF_014524605.1_ASM1452460v1	./Development/ThreeFold/data/external/Salmonella/GCF_014524605.1_ASM1452460v1_genomic.fna.gz
GCF_016452025.1	PRJNA224116	SAMN14504919	na	na	na	na	149390	28901	Salmonella enterica subsp. enterica serovar London	strain=CVM 35153	na	latest	Complete Genome	Major	Full	2020-12-31	ASM1645202v1		GCA_016452025.1	identical	https://ftp.ncbi.nlm.nih.gov/genomes/all/GCF/016/452/025/GCF_016452025.1_ASM1645202v1	./Development/ThreeFold/data/external/Salmonella/GCF_016452025.1_ASM1645202v1_genomic.fna.gz
GCF_024266345.1	PRJNA224116	SAMN29431228	na	na	na	na	149390	28901	Salmonella enterica subsp. enterica serovar London	strain=R18.1595	na	latest	Complete Genome	Major	Full	2022-07-14	ASM2426634v1		GCA_024266345.1	identical	https://ftp.ncbi.nlm.nih.gov/genomes/all/GCF/024/266/345/GCF_024266345.1_ASM2426634v1	./Development/ThreeFold/data/external/Salmonella/GCF_024266345.1_ASM2426634v1_genomic.fna.gz
GCF_025643195.1	PRJNA224116	SAMN20990803	na	na	na	na	149390	28901	Salmonella enterica subsp. enterica serovar London	na	N18-04674	latest	Complete Genome	Major	Full	2022-10-11	ASM2564319v1		GCA_025643195.1	identical	https://ftp.ncbi.nlm.nih.gov/genomes/all/GCF/025/643/195/GCF_025643195.1_ASM2564319v1	./Development/ThreeFold/data/external/Salmonella/GCF_025643195.1_ASM2564319v1_genomic.fna.gz
GCF_028623105.1	PRJNA224116	SAMN33062111	na	na	na	na	149390	28901	Salmonella enterica subsp. enterica serovar London	strain=L1	na	latest	Complete Genome	Major	Full	2023-02-15	ASM2862310v1		GCA_028623105.1	identical	https://ftp.ncbi.nlm.nih.gov/genomes/all/GCF/028/623/105/GCF_028623105.1_ASM2862310v1	./Development/ThreeFold/data/external/Salmonella/GCF_028623105.1_ASM2862310v1_genomic.fna.gz
GCF_028623125.1	PRJNA224116	SAMN33061817	na	na	na	na	149390	28901	Salmonella enterica subsp. enterica serovar London	strain=F1	na	latest	Complete Genome	Major	Full	2023-02-15	ASM2862312v1		GCA_028623125.1	identical	https://ftp.ncbi.nlm.nih.gov/genomes/all/GCF/028/623/125/GCF_028623125.1_ASM2862312v1	./Development/ThreeFold/data/external/Salmonella/GCF_028623125.1_ASM2862312v1_genomic.fna.gz
GCF_028623145.1	PRJNA224116	SAMN33062119	na	na	na	na	149390	28901	Salmonella enterica subsp. enterica serovar London	strain=S1	na	latest	Complete Genome	Major	Full	2023-02-15	ASM2862314v1		GCA_028623145.1	identical	https://ftp.ncbi.nlm.nih.gov/genomes/all/GCF/028/623/145/GCF_028623145.1_ASM2862314v1	./Development/ThreeFold/data/external/Salmonella/GCF_028623145.1_ASM2862314v1_genomic.fna.gz
GCF_035319905.1	PRJNA224116	SAMN39131366	na	na	na	na	149390	28901	Salmonella enterica subsp. enterica serovar London	strain=A132	na	latest	Complete Genome	Major	Full	2024-01-09	ASM3531990v1		GCA_035319905.1	identical	https://ftp.ncbi.nlm.nih.gov/genomes/all/GCF/035/319/905/GCF_035319905.1_ASM3531990v1	./Development/ThreeFold/data/external/Salmonella/GCF_035319905.1_ASM3531990v1_genomic.fna.gz
GCF_002234775.1	PRJNA224116	SAMN06044997	na	na	na	na	149391	28901	Salmonella enterica subsp. enterica serovar Braenderup	strain=SA20026289	na	latest	Complete Genome	Major	Full	2017-07-27	ASM223477v1		GCA_002234775.1	identical	https://ftp.ncbi.nlm.nih.gov/genomes/all/GCF/002/234/775/GCF_002234775.1_ASM223477v1	./Development/ThreeFold/data/external/Salmonella/GCF_002234775.1_ASM223477v1_genomic.fna.gz
GCF_007833775.1	PRJNA224116	SAMN09873985	na	na	na	na	149391	28901	Salmonella enterica subsp. enterica serovar Braenderup	strain=FORC93	na	latest	Complete Genome	Major	Full	2019-08-05	ASM783377v1		GCA_007833775.1	identical	https://ftp.ncbi.nlm.nih.gov/genomes/all/GCF/007/833/775/GCF_007833775.1_ASM783377v1	./Development/ThreeFold/data/external/Salmonella/GCF_007833775.1_ASM783377v1_genomic.fna.gz
GCF_000612325.1	PRJNA224116	SAMN02712059	na	na	na	na	149539	28901	Salmonella enterica subsp. enterica serovar Enteritidis	strain=Durban	na	latest	Complete Genome	Major	Full	2014-04-04	ASM61232v1		GCA_000612325.1	identical	https://ftp.ncbi.nlm.nih.gov/genomes/all/GCF/000/612/325/GCF_000612325.1_ASM61232v1	./Development/ThreeFold/data/external/Salmonella/GCF_000612325.1_ASM61232v1_genomic.fna.gz
GCF_000750215.1	PRJNA224116	SAMN02941163	na	na	na	na	149539	28901	Salmonella enterica subsp. enterica serovar Enteritidis	strain=OLF-SE7-100819	na	latest	Complete Genome	Major	Full	2014-09-09	ASM75021v1		GCA_000750215.1	identical	https://ftp.ncbi.nlm.nih.gov/genomes/all/GCF/000/750/215/GCF_000750215.1_ASM75021v1	./Development/ThreeFold/data/external/Salmonella/GCF_000750215.1_ASM75021v1_genomic.fna.gz
GCF_000750255.1	PRJNA224116	SAMN02941164	na	na	na	na	149539	28901	Salmonella enterica subsp. enterica serovar Enteritidis	strain=OLF-SE8-1021710	na	latest	Complete Genome	Major	Full	2014-09-09	ASM75025v1		GCA_000750255.1	identical	https://ftp.ncbi.nlm.nih.gov/genomes/all/GCF/000/750/255/GCF_000750255.1_ASM75025v1	./Development/ThreeFold/data/external/Salmonella/GCF_000750255.1_ASM75025v1_genomic.fna.gz
GCF_000750295.1	PRJNA224116	SAMN02941165	na	na	na	na	149539	28901	Salmonella enterica subsp. enterica serovar Enteritidis	strain=OLF-SE9-10012	na	latest	Complete Genome	Major	Full	2014-09-09	ASM75029v1		GCA_000750295.1	identical	https://ftp.ncbi.nlm.nih.gov/genomes/all/GCF/000/750/295/GCF_000750295.1_ASM75029v1	./Development/ThreeFold/data/external/Salmonella/GCF_000750295.1_ASM75029v1_genomic.fna.gz
GCF_000750335.1	PRJNA224116	SAMN02941166	na	na	na	na	149539	28901	Salmonella enterica subsp. enterica serovar Enteritidis	strain=OLF-SE10-10052	na	latest	Complete Genome	Major	Full	2014-09-09	ASM75033v1		GCA_000750335.1	identical	https://ftp.ncbi.nlm.nih.gov/genomes/all/GCF/000/750/335/GCF_000750335.1_ASM75033v1	./Development/ThreeFold/data/external/Salmonella/GCF_000750335.1_ASM75033v1_genomic.fna.gz
GCF_000750375.1	PRJNA224116	SAMN02941167	na	na	na	na	149539	28901	Salmonella enterica subsp. enterica serovar Enteritidis	strain=OLF-SE11-10058	na	latest	Complete Genome	Major	Full	2014-09-09	ASM75037v1		GCA_000750375.1	identical	https://ftp.ncbi.nlm.nih.gov/genomes/all/GCF/000/750/375/GCF_000750375.1_ASM75037v1	./Development/ThreeFold/data/external/Salmonella/GCF_000750375.1_ASM75037v1_genomic.fna.gz
GCF_000750395.2	PRJNA224116	SAMN02937349	na	na	na	na	149539	28901	Salmonella enterica subsp. enterica serovar Enteritidis	strain=OLF-SE3-98983-4	OLF-SE3	latest	Complete Genome	Major	Full	2015-02-06	ASM75039v2		GCA_000750395.2	identical	https://ftp.ncbi.nlm.nih.gov/genomes/all/GCF/000/750/395/GCF_000750395.2_ASM75039v2	./Development/ThreeFold/data/external/Salmonella/GCF_000750395.2_ASM75039v2_genomic.fna.gz
GCF_000750415.2	PRJNA224116	SAMN02937348	na	na	na	na	149539	28901	Salmonella enterica subsp. enterica serovar Enteritidis	strain=OLF-SE2-98984-6	OLF-SE2	latest	Complete Genome	Major	Full	2015-02-06	ASM75041v2		GCA_000750415.2	identical	https://ftp.ncbi.nlm.nih.gov/genomes/all/GCF/000/750/415/GCF_000750415.2_ASM75041v2	./Development/ThreeFold/data/external/Salmonella/GCF_000750415.2_ASM75041v2_genomic.fna.gz
GCF_000750435.1	PRJNA224116	SAMN02937350	na	na	na	na	149539	28901	Salmonella enterica subsp. enterica serovar Enteritidis	strain=OLF-SE4-0317-8	na	latest	Complete Genome	Major	Full	2014-09-09	ASM75043v1		GCA_000750435.1	identical	https://ftp.ncbi.nlm.nih.gov/genomes/all/GCF/000/750/435/GCF_000750435.1_ASM75043v1	./Development/ThreeFold/data/external/Salmonella/GCF_000750435.1_ASM75043v1_genomic.fna.gz
GCF_000750455.1	PRJNA224116	SAMN02937351	na	na	na	na	149539	28901	Salmonella enterica subsp. enterica serovar Enteritidis	strain=OLF-SE5-1104-2	na	latest	Complete Genome	Major	Full	2014-09-09	ASM75045v1		GCA_000750455.1	identical	https://ftp.ncbi.nlm.nih.gov/genomes/all/GCF/000/750/455/GCF_000750455.1_ASM75045v1	./Development/ThreeFold/data/external/Salmonella/GCF_000750455.1_ASM75045v1_genomic.fna.gz
GCF_000750475.1	PRJNA224116	SAMN02937347	na	na	na	na	149539	28901	Salmonella enterica subsp. enterica serovar Enteritidis	strain=OLF-SE1-1019-1	na	latest	Complete Genome	Major	Full	2014-09-09	ASM75047v1		GCA_000750475.1	identical	https://ftp.ncbi.nlm.nih.gov/genomes/all/GCF/000/750/475/GCF_000750475.1_ASM75047v1	./Development/ThreeFold/data/external/Salmonella/GCF_000750475.1_ASM75047v1_genomic.fna.gz
GCF_000750495.1	PRJNA224116	SAMN02937352	na	na	na	na	149539	28901	Salmonella enterica subsp. enterica serovar Enteritidis	strain=OLF-SE6-00219-16	na	latest	Complete Genome	Major	Full	2014-09-09	ASM75049v1		GCA_000750495.1	identical	https://ftp.ncbi.nlm.nih.gov/genomes/all/GCF/000/750/495/GCF_000750495.1_ASM75049v1	./Development/ThreeFold/data/external/Salmonella/GCF_000750495.1_ASM75049v1_genomic.fna.gz
GCF_000754375.1	PRJNA224116	SAMN02904629	na	na	na	na	149539	28901	Salmonella enterica subsp. enterica serovar Enteritidis	strain=SEJ	na	latest	Complete Genome	Major	Full	2014-09-12	ASM75437v1		GCA_000754375.1	identical	https://ftp.ncbi.nlm.nih.gov/genomes/all/GCF/000/754/375/GCF_000754375.1_ASM75437v1	./Development/ThreeFold/data/external/Salmonella/GCF_000754375.1_ASM75437v1_genomic.fna.gz
GCF_001185215.1	PRJNA224116	SAMN03465493	na	na	na	na	149539	28901	Salmonella enterica subsp. enterica serovar Enteritidis	strain=SEE1	na	latest	Complete Genome	Major	Full	2015-07-22	ASM118521v1		GCA_001185215.1	identical	https://ftp.ncbi.nlm.nih.gov/genomes/all/GCF/001/185/215/GCF_001185215.1_ASM118521v1	./Development/ThreeFold/data/external/Salmonella/GCF_001185215.1_ASM118521v1_genomic.fna.gz
GCF_001185245.1	PRJNA224116	SAMN03468068	na	na	na	na	149539	28901	Salmonella enterica subsp. enterica serovar Enteritidis	strain=SEE2	na	latest	Complete Genome	Major	Full	2015-07-22	ASM118524v1		GCA_001185245.1	identical	https://ftp.ncbi.nlm.nih.gov/genomes/all/GCF/001/185/245/GCF_001185245.1_ASM118524v1	./Development/ThreeFold/data/external/Salmonella/GCF_001185245.1_ASM118524v1_genomic.fna.gz
GCF_001305235.1	PRJNA224116	SAMN03140319	na	na	na	na	149539	28901	Salmonella enterica subsp. enterica serovar Enteritidis	strain=FORC_007	na	latest	Complete Genome	Major	Full	2015-10-01	ASM130523v1		GCA_001305235.1	identical	https://ftp.ncbi.nlm.nih.gov/genomes/all/GCF/001/305/235/GCF_001305235.1_ASM130523v1	./Development/ThreeFold/data/external/Salmonella/GCF_001305235.1_ASM130523v1_genomic.fna.gz
GCF_001484025.1	PRJNA224116	SAMN03837761	na	na	na	na	149539	28901	Salmonella enterica subsp. enterica serovar Enteritidis	strain=CMCC50041	na	latest	Complete Genome	Major	Full	2016-01-04	ASM148402v1		GCA_001484025.1	identical	https://ftp.ncbi.nlm.nih.gov/genomes/all/GCF/001/484/025/GCF_001484025.1_ASM148402v1	./Development/ThreeFold/data/external/Salmonella/GCF_001484025.1_ASM148402v1_genomic.fna.gz
GCF_001647045.1	PRJNA224116	SAMN03328998	na	na	na	na	149539	28901	Salmonella enterica subsp. enterica serovar Enteritidis	strain=OLF-00D989 87-1	na	latest	Complete Genome	Major	Full	2016-05-18	ASM164704v1		GCA_001647045.1	identical	https://ftp.ncbi.nlm.nih.gov/genomes/all/GCF/001/647/045/GCF_001647045.1_ASM164704v1	./Development/ThreeFold/data/external/Salmonella/GCF_001647045.1_ASM164704v1_genomic.fna.gz
GCF_001713515.2	PRJNA224116	SAMN05180023	na	na	na	na	149539	28901	Salmonella enterica subsp. enterica serovar Enteritidis	strain=CFSAN008104	na	latest	Complete Genome	Major	Full	2021-06-07	ASM171351v2		GCA_001713515.2	identical	https://ftp.ncbi.nlm.nih.gov/genomes/all/GCF/001/713/515/GCF_001713515.2_ASM171351v2	./Development/ThreeFold/data/external/Salmonella/GCF_001713515.2_ASM171351v2_genomic.fna.gz
GCF_001972545.2	PRJNA224116	SAMN05414469	na	na	na	na	149539	28901	Salmonella enterica subsp. enterica serovar Enteritidis	strain=CFSAN051890	na	latest	Complete Genome	Major	Full	2021-05-28	ASM197254v2		GCA_001972545.2	identical	https://ftp.ncbi.nlm.nih.gov/genomes/all/GCF/001/972/545/GCF_001972545.2_ASM197254v2	./Development/ThreeFold/data/external/Salmonella/GCF_001972545.2_ASM197254v2_genomic.fna.gz
GCF_001972625.2	PRJNA224116	SAMN05414461	na	na	na	na	149539	28901	Salmonella enterica subsp. enterica serovar Enteritidis	strain=CFSAN051882	na	latest	Complete Genome	Major	Full	2021-06-07	ASM197262v2		GCA_001972625.2	identical	https://ftp.ncbi.nlm.nih.gov/genomes/all/GCF/001/972/625/GCF_001972625.2_ASM197262v2	./Development/ThreeFold/data/external/Salmonella/GCF_001972625.2_ASM197262v2_genomic.fna.gz
GCF_001973275.2	PRJNA224116	SAMN05414452	na	na	na	na	149539	28901	Salmonella enterica subsp. enterica serovar Enteritidis	strain=CFSAN051873	na	latest	Complete Genome	Major	Full	2017-06-26	ASM197327v2		GCA_001973275.2	identical	https://ftp.ncbi.nlm.nih.gov/genomes/all/GCF/001/973/275/GCF_001973275.2_ASM197327v2	./Development/ThreeFold/data/external/Salmonella/GCF_001973275.2_ASM197327v2_genomic.fna.gz
GCF_001973785.2	PRJNA224116	SAMN05414408	na	na	na	na	149539	28901	Salmonella enterica subsp. enterica serovar Enteritidis	strain=CFSAN051827	na	latest	Complete Genome	Major	Full	2021-06-07	ASM197378v2		GCA_001973785.2	identical	https://ftp.ncbi.nlm.nih.gov/genomes/all/GCF/001/973/785/GCF_001973785.2_ASM197378v2	./Development/ThreeFold/data/external/Salmonella/GCF_001973785.2_ASM197378v2_genomic.fna.gz
GCF_002128365.1	PRJNA224116	SAMN03702839	na	na	na	na	149539	28901	Salmonella enterica subsp. enterica serovar Enteritidis	strain=CFSAN033543	na	latest	Complete Genome	Major	Full	2017-05-11	ASM212836v1		GCA_002128365.1	identical	https://ftp.ncbi.nlm.nih.gov/genomes/all/GCF/002/128/365/GCF_002128365.1_ASM212836v1	./Development/ThreeFold/data/external/Salmonella/GCF_002128365.1_ASM212836v1_genomic.fna.gz
GCF_002128385.1	PRJNA224116	SAMN03702837	na	na	na	na	149539	28901	Salmonella enterica subsp. enterica serovar Enteritidis	strain=CFSAN033541	na	latest	Complete Genome	Major	Full	2017-05-11	ASM212838v1		GCA_002128385.1	identical	https://ftp.ncbi.nlm.nih.gov/genomes/all/GCF/002/128/385/GCF_002128385.1_ASM212838v1	./Development/ThreeFold/data/external/Salmonella/GCF_002128385.1_ASM212838v1_genomic.fna.gz
GCF_002220345.1	PRJNA224116	SAMN05363482	na	na	na	na	149539	28901	Salmonella enterica subsp. enterica serovar Enteritidis	strain=FORC_052	na	latest	Complete Genome	Major	Full	2017-07-17	ASM222034v1		GCA_002220345.1	identical	https://ftp.ncbi.nlm.nih.gov/genomes/all/GCF/002/220/345/GCF_002220345.1_ASM222034v1	./Development/ThreeFold/data/external/Salmonella/GCF_002220345.1_ASM222034v1_genomic.fna.gz
GCF_002760915.1	PRJNA224116	SAMN06050726	na	na	na	na	149539	28901	Salmonella enterica subsp. enterica serovar Enteritidis	strain=56-3991	na	latest	Complete Genome	Major	Full	2017-11-07	ASM276091v1		GCA_002760915.1	identical	https://ftp.ncbi.nlm.nih.gov/genomes/all/GCF/002/760/915/GCF_002760915.1_ASM276091v1	./Development/ThreeFold/data/external/Salmonella/GCF_002760915.1_ASM276091v1_genomic.fna.gz
GCF_002760935.1	PRJNA224116	SAMN06050728	na	na	na	na	149539	28901	Salmonella enterica subsp. enterica serovar Enteritidis	strain=70-1605	na	latest	Complete Genome	Major	Full	2017-11-07	ASM276093v1		GCA_002760935.1	identical	https://ftp.ncbi.nlm.nih.gov/genomes/all/GCF/002/760/935/GCF_002760935.1_ASM276093v1	./Development/ThreeFold/data/external/Salmonella/GCF_002760935.1_ASM276093v1_genomic.fna.gz
GCF_002760955.1	PRJNA224116	SAMN06050729	na	na	na	na	149539	28901	Salmonella enterica subsp. enterica serovar Enteritidis	strain=74-1357	na	latest	Complete Genome	Major	Full	2017-11-07	ASM276095v1		GCA_002760955.1	identical	https://ftp.ncbi.nlm.nih.gov/genomes/all/GCF/002/760/955/GCF_002760955.1_ASM276095v1	./Development/ThreeFold/data/external/Salmonella/GCF_002760955.1_ASM276095v1_genomic.fna.gz
GCF_002760975.1	PRJNA224116	SAMN06050730	na	na	na	na	149539	28901	Salmonella enterica subsp. enterica serovar Enteritidis	strain=77-2980	na	latest	Complete Genome	Major	Full	2017-11-07	ASM276097v1		GCA_002760975.1	identical	https://ftp.ncbi.nlm.nih.gov/genomes/all/GCF/002/760/975/GCF_002760975.1_ASM276097v1	./Development/ThreeFold/data/external/Salmonella/GCF_002760975.1_ASM276097v1_genomic.fna.gz
GCF_002760995.1	PRJNA224116	SAMN06050731	na	na	na	na	149539	28901	Salmonella enterica subsp. enterica serovar Enteritidis	strain=79-2359	na	latest	Complete Genome	Major	Full	2017-11-07	ASM276099v1		GCA_002760995.1	identical	https://ftp.ncbi.nlm.nih.gov/genomes/all/GCF/002/760/995/GCF_002760995.1_ASM276099v1	./Development/ThreeFold/data/external/Salmonella/GCF_002760995.1_ASM276099v1_genomic.fna.gz
GCF_002761015.1	PRJNA224116	SAMN06050732	na	na	na	na	149539	28901	Salmonella enterica subsp. enterica serovar Enteritidis	strain=81-1435	na	latest	Complete Genome	Major	Full	2017-11-07	ASM276101v1		GCA_002761015.1	identical	https://ftp.ncbi.nlm.nih.gov/genomes/all/GCF/002/761/015/GCF_002761015.1_ASM276101v1	./Development/ThreeFold/data/external/Salmonella/GCF_002761015.1_ASM276101v1_genomic.fna.gz
GCF_002761035.1	PRJNA224116	SAMN06050735	na	na	na	na	149539	28901	Salmonella enterica subsp. enterica serovar Enteritidis	strain=81-1706	na	latest	Complete Genome	Major	Full	2017-11-07	ASM276103v1		GCA_002761035.1	identical	https://ftp.ncbi.nlm.nih.gov/genomes/all/GCF/002/761/035/GCF_002761035.1_ASM276103v1	./Development/ThreeFold/data/external/Salmonella/GCF_002761035.1_ASM276103v1_genomic.fna.gz
GCF_002761055.1	PRJNA224116	SAMN06050736	na	na	na	na	149539	28901	Salmonella enterica subsp. enterica serovar Enteritidis	strain=92-0392	na	latest	Complete Genome	Major	Full	2017-11-07	ASM276105v1		GCA_002761055.1	identical	https://ftp.ncbi.nlm.nih.gov/genomes/all/GCF/002/761/055/GCF_002761055.1_ASM276105v1	./Development/ThreeFold/data/external/Salmonella/GCF_002761055.1_ASM276105v1_genomic.fna.gz
GCF_002761075.1	PRJNA224116	SAMN06050737	na	na	na	na	149539	28901	Salmonella enterica subsp. enterica serovar Enteritidis	strain=93-0639	na	latest	Complete Genome	Major	Full	2017-11-07	ASM276107v1		GCA_002761075.1	identical	https://ftp.ncbi.nlm.nih.gov/genomes/all/GCF/002/761/075/GCF_002761075.1_ASM276107v1	./Development/ThreeFold/data/external/Salmonella/GCF_002761075.1_ASM276107v1_genomic.fna.gz
GCF_002761095.1	PRJNA224116	SAMN06050738	na	na	na	na	149539	28901	Salmonella enterica subsp. enterica serovar Enteritidis	strain=95-0621	na	latest	Complete Genome	Major	Full	2017-11-07	ASM276109v1		GCA_002761095.1	identical	https://ftp.ncbi.nlm.nih.gov/genomes/all/GCF/002/761/095/GCF_002761095.1_ASM276109v1	./Development/ThreeFold/data/external/Salmonella/GCF_002761095.1_ASM276109v1_genomic.fna.gz
GCF_002761115.1	PRJNA224116	SAMN06050725	na	na	na	na	149539	28901	Salmonella enterica subsp. enterica serovar Enteritidis	strain=49-2444	na	latest	Complete Genome	Major	Full	2017-11-07	ASM276111v1		GCA_002761115.1	identical	https://ftp.ncbi.nlm.nih.gov/genomes/all/GCF/002/761/115/GCF_002761115.1_ASM276111v1	./Development/ThreeFold/data/external/Salmonella/GCF_002761115.1_ASM276111v1_genomic.fna.gz
GCF_002761135.1	PRJNA224116	SAMN06050727	na	na	na	na	149539	28901	Salmonella enterica subsp. enterica serovar Enteritidis	strain=69-3861	na	latest	Complete Genome	Major	Full	2017-11-07	ASM276113v1		GCA_002761135.1	identical	https://ftp.ncbi.nlm.nih.gov/genomes/all/GCF/002/761/135/GCF_002761135.1_ASM276113v1	./Development/ThreeFold/data/external/Salmonella/GCF_002761135.1_ASM276113v1_genomic.fna.gz
GCF_002761155.1	PRJNA224116	SAMN06050733	na	na	na	na	149539	28901	Salmonella enterica subsp. enterica serovar Enteritidis	strain=81-1607	na	latest	Complete Genome	Major	Full	2017-11-07	ASM276115v1		GCA_002761155.1	identical	https://ftp.ncbi.nlm.nih.gov/genomes/all/GCF/002/761/155/GCF_002761155.1_ASM276115v1	./Development/ThreeFold/data/external/Salmonella/GCF_002761155.1_ASM276115v1_genomic.fna.gz
GCF_002763415.1	PRJNA224116	SAMN06050734	na	na	na	na	149539	28901	Salmonella enterica subsp. enterica serovar Enteritidis	strain=81-1705	na	latest	Complete Genome	Major	Full	2017-11-07	ASM276341v1		GCA_002763415.1	identical	https://ftp.ncbi.nlm.nih.gov/genomes/all/GCF/002/763/415/GCF_002763415.1_ASM276341v1	./Development/ThreeFold/data/external/Salmonella/GCF_002763415.1_ASM276341v1_genomic.fna.gz
GCF_002813975.1	PRJNA224116	SAMN04924824	na	na	na	na	149539	28901	Salmonella enterica subsp. enterica serovar Enteritidis	strain=SJTUF10978	na	latest	Complete Genome	Major	Full	2017-12-07	ASM281397v1		GCA_002813975.1	identical	https://ftp.ncbi.nlm.nih.gov/genomes/all/GCF/002/813/975/GCF_002813975.1_ASM281397v1	./Development/ThreeFold/data/external/Salmonella/GCF_002813975.1_ASM281397v1_genomic.fna.gz
GCF_002813995.1	PRJNA224116	SAMN04924825	na	na	na	na	149539	28901	Salmonella enterica subsp. enterica serovar Enteritidis	strain=SJTUF10984	na	latest	Complete Genome	Major	Full	2017-12-07	ASM281399v1		GCA_002813995.1	identical	https://ftp.ncbi.nlm.nih.gov/genomes/all/GCF/002/813/995/GCF_002813995.1_ASM281399v1	./Development/ThreeFold/data/external/Salmonella/GCF_002813995.1_ASM281399v1_genomic.fna.gz
GCF_002982095.1	PRJNA224116	SAMN06311389	na	na	na	na	149539	28901	Salmonella enterica subsp. enterica serovar Enteritidis	strain=SE86	na	latest	Complete Genome	Major	Full	2018-03-08	ASM298209v1		GCA_002982095.1	identical	https://ftp.ncbi.nlm.nih.gov/genomes/all/GCF/002/982/095/GCF_002982095.1_ASM298209v1	./Development/ThreeFold/data/external/Salmonella/GCF_002982095.1_ASM298209v1_genomic.fna.gz
GCF_003031995.1	PRJNA224116	SAMN08125532	na	na	na	na	149539	28901	Salmonella enterica subsp. enterica serovar Enteritidis	strain=ATCC BAA-708	na	latest	Complete Genome	Major	Full	2018-04-03	ASM303199v1		GCA_003031995.1	identical	https://ftp.ncbi.nlm.nih.gov/genomes/all/GCF/003/031/995/GCF_003031995.1_ASM303199v1	./Development/ThreeFold/data/external/Salmonella/GCF_003031995.1_ASM303199v1_genomic.fna.gz
GCF_003032035.1	PRJNA224116	SAMN08125525	na	na	na	na	149539	28901	Salmonella enterica subsp. enterica serovar Enteritidis	strain=PIR00532	na	latest	Complete Genome	Major	Full	2018-04-03	ASM303203v1		GCA_003032035.1	identical	https://ftp.ncbi.nlm.nih.gov/genomes/all/GCF/003/032/035/GCF_003032035.1_ASM303203v1	./Development/ThreeFold/data/external/Salmonella/GCF_003032035.1_ASM303203v1_genomic.fna.gz
GCF_003184325.1	PRJNA224116	SAMN08768800	na	na	na	na	149539	28901	Salmonella enterica subsp. enterica serovar Enteritidis	strain=RM4283	na	latest	Complete Genome	Major	Full	2018-06-04	ASM318432v1		GCA_003184325.1	identical	https://ftp.ncbi.nlm.nih.gov/genomes/all/GCF/003/184/325/GCF_003184325.1_ASM318432v1	./Development/ThreeFold/data/external/Salmonella/GCF_003184325.1_ASM318432v1_genomic.fna.gz
GCF_003312565.1	PRJNA224116	SAMN09534371	na	na	na	na	149539	28901	Salmonella enterica subsp. enterica serovar Enteritidis	strain=2017K-0021	na	latest	Complete Genome	Major	Full	2018-07-11	ASM331256v1		GCA_003312565.1	identical	https://ftp.ncbi.nlm.nih.gov/genomes/all/GCF/003/312/565/GCF_003312565.1_ASM331256v1	./Development/ThreeFold/data/external/Salmonella/GCF_003312565.1_ASM331256v1_genomic.fna.gz
GCF_003429365.1	PRJNA224116	SAMN07580859	na	na	na	na	149539	28901	Salmonella enterica subsp. enterica serovar Enteritidis	strain=FORC_075	na	latest	Complete Genome	Major	Full	2018-08-28	ASM342936v1		GCA_003429365.1	identical	https://ftp.ncbi.nlm.nih.gov/genomes/all/GCF/003/429/365/GCF_003429365.1_ASM342936v1	./Development/ThreeFold/data/external/Salmonella/GCF_003429365.1_ASM342936v1_genomic.fna.gz
GCF_003691385.1	PRJNA224116	SAMN10250222	na	na	na	na	149539	28901	Salmonella enterica subsp. enterica serovar Enteritidis	strain=SEO	na	latest	Complete Genome	Major	Full	2018-10-27	ASM369138v1		GCA_003691385.1	identical	https://ftp.ncbi.nlm.nih.gov/genomes/all/GCF/003/691/385/GCF_003691385.1_ASM369138v1	./Development/ThreeFold/data/external/Salmonella/GCF_003691385.1_ASM369138v1_genomic.fna.gz
GCF_003710165.1	PRJNA224116	SAMN10243028	na	na	na	na	149539	28901	Salmonella enterica subsp. enterica serovar Enteritidis	strain=CFSAN076214	na	latest	Complete Genome	Major	Full	2018-11-03	ASM371016v1		GCA_003710165.1	identical	https://ftp.ncbi.nlm.nih.gov/genomes/all/GCF/003/710/165/GCF_003710165.1_ASM371016v1	./Development/ThreeFold/data/external/Salmonella/GCF_003710165.1_ASM371016v1_genomic.fna.gz
GCF_005889955.1	PRJNA224116	SAMN09943619	na	na	na	na	149539	28901	Salmonella enterica subsp. enterica serovar Enteritidis	strain=SAP18-0432	na	latest	Complete Genome	Major	Full	2019-05-30	ASM588995v1		GCA_005889955.1	identical	https://ftp.ncbi.nlm.nih.gov/genomes/all/GCF/005/889/955/GCF_005889955.1_ASM588995v1	./Development/ThreeFold/data/external/Salmonella/GCF_005889955.1_ASM588995v1_genomic.fna.gz
GCF_005889975.1	PRJNA224116	SAMN09943628	na	na	na	na	149539	28901	Salmonella enterica subsp. enterica serovar Enteritidis	strain=SAP18-H9654	na	latest	Complete Genome	Major	Full	2019-05-30	ASM588997v1		GCA_005889975.1	identical	https://ftp.ncbi.nlm.nih.gov/genomes/all/GCF/005/889/975/GCF_005889975.1_ASM588997v1	./Development/ThreeFold/data/external/Salmonella/GCF_005889975.1_ASM588997v1_genomic.fna.gz
GCF_006517015.1	PRJNA224116	SAMN11979404	na	na	na	na	149539	28901	Salmonella enterica subsp. enterica serovar Enteritidis	strain=SJTUF12519v2	na	latest	Complete Genome	Major	Full	2019-06-30	ASM651701v1		GCA_006517015.1	identical	https://ftp.ncbi.nlm.nih.gov/genomes/all/GCF/006/517/015/GCF_006517015.1_ASM651701v1	./Development/ThreeFold/data/external/Salmonella/GCF_006517015.1_ASM651701v1_genomic.fna.gz
GCF_006517055.1	PRJNA224116	SAMN11979403	na	na	na	na	149539	28901	Salmonella enterica subsp. enterica serovar Enteritidis	strain=SJTUF12367v2	na	latest	Complete Genome	Major	Full	2019-06-30	ASM651705v1		GCA_006517055.1	identical	https://ftp.ncbi.nlm.nih.gov/genomes/all/GCF/006/517/055/GCF_006517055.1_ASM651705v1	./Development/ThreeFold/data/external/Salmonella/GCF_006517055.1_ASM651705v1_genomic.fna.gz
GCF_008313815.1	PRJNA224116	SAMN12634962	na	na	na	na	149539	28901	Salmonella enterica subsp. enterica serovar Enteritidis	strain=PT1	na	latest	Complete Genome	Major	Full	2019-09-06	ASM831381v1		GCA_008313815.1	identical	https://ftp.ncbi.nlm.nih.gov/genomes/all/GCF/008/313/815/GCF_008313815.1_ASM831381v1	./Development/ThreeFold/data/external/Salmonella/GCF_008313815.1_ASM831381v1_genomic.fna.gz
GCF_009664795.1	PRJNA224116	SAMN13191644	na	na	na	na	149539	28901	Salmonella enterica subsp. enterica serovar Enteritidis	strain=AUSMDU00010528	na	latest	Complete Genome	Major	Full	2019-11-17	ASM966479v1		GCA_009664795.1	identical	https://ftp.ncbi.nlm.nih.gov/genomes/all/GCF/009/664/795/GCF_009664795.1_ASM966479v1	./Development/ThreeFold/data/external/Salmonella/GCF_009664795.1_ASM966479v1_genomic.fna.gz
GCF_009664895.1	PRJNA224116	SAMN13191643	na	na	na	na	149539	28901	Salmonella enterica subsp. enterica serovar Enteritidis	strain=AUSMDU00010527	na	latest	Complete Genome	Major	Full	2019-11-17	ASM966489v1		GCA_009664895.1	identical	https://ftp.ncbi.nlm.nih.gov/genomes/all/GCF/009/664/895/GCF_009664895.1_ASM966489v1	./Development/ThreeFold/data/external/Salmonella/GCF_009664895.1_ASM966489v1_genomic.fna.gz
GCF_009884355.1	PRJNA224116	SAMN12340930	na	na	na	na	149539	28901	Salmonella enterica subsp. enterica serovar Enteritidis	strain=NCCP 16206	na	latest	Complete Genome	Major	Full	2020-01-15	ASM988435v1		GCA_009884355.1	identical	https://ftp.ncbi.nlm.nih.gov/genomes/all/GCF/009/884/355/GCF_009884355.1_ASM988435v1	./Development/ThreeFold/data/external/Salmonella/GCF_009884355.1_ASM988435v1_genomic.fna.gz
GCF_012049805.1	PRJNA224116	SAMN14450174	na	na	na	na	149539	28901	Salmonella enterica subsp. enterica serovar Enteritidis	strain=SE124	na	latest	Complete Genome	Major	Full	2020-04-06	ASM1204980v1		GCA_012049805.1	identical	https://ftp.ncbi.nlm.nih.gov/genomes/all/GCF/012/049/805/GCF_012049805.1_ASM1204980v1	./Development/ThreeFold/data/external/Salmonella/GCF_012049805.1_ASM1204980v1_genomic.fna.gz
GCF_012050205.1	PRJNA224116	SAMN14450173	na	na	na	na	149539	28901	Salmonella enterica subsp. enterica serovar Enteritidis	strain=SE109	na	latest	Complete Genome	Major	Full	2020-04-06	ASM1205020v1		GCA_012050205.1	identical	https://ftp.ncbi.nlm.nih.gov/genomes/all/GCF/012/050/205/GCF_012050205.1_ASM1205020v1	./Development/ThreeFold/data/external/Salmonella/GCF_012050205.1_ASM1205020v1_genomic.fna.gz
GCF_012050385.1	PRJNA224116	SAMN14450171	na	na	na	na	149539	28901	Salmonella enterica subsp. enterica serovar Enteritidis	strain=SE95	na	latest	Complete Genome	Major	Full	2020-04-06	ASM1205038v1		GCA_012050385.1	identical	https://ftp.ncbi.nlm.nih.gov/genomes/all/GCF/012/050/385/GCF_012050385.1_ASM1205038v1	./Development/ThreeFold/data/external/Salmonella/GCF_012050385.1_ASM1205038v1_genomic.fna.gz
GCF_012050525.1	PRJNA224116	SAMN14450172	na	na	na	na	149539	28901	Salmonella enterica subsp. enterica serovar Enteritidis	strain=SE104	na	latest	Complete Genome	Major	Full	2020-04-06	ASM1205052v1		GCA_012050525.1	identical	https://ftp.ncbi.nlm.nih.gov/genomes/all/GCF/012/050/525/GCF_012050525.1_ASM1205052v1	./Development/ThreeFold/data/external/Salmonella/GCF_012050525.1_ASM1205052v1_genomic.fna.gz
GCF_012050745.1	PRJNA224116	SAMN14450170	na	na	na	na	149539	28901	Salmonella enterica subsp. enterica serovar Enteritidis	strain=SE81	na	latest	Complete Genome	Major	Full	2020-04-06	ASM1205074v1		GCA_012050745.1	identical	https://ftp.ncbi.nlm.nih.gov/genomes/all/GCF/012/050/745/GCF_012050745.1_ASM1205074v1	./Development/ThreeFold/data/external/Salmonella/GCF_012050745.1_ASM1205074v1_genomic.fna.gz
GCF_012050905.1	PRJNA224116	SAMN14450169	na	na	na	na	149539	28901	Salmonella enterica subsp. enterica serovar Enteritidis	strain=SE74	na	latest	Complete Genome	Major	Full	2020-04-06	ASM1205090v1		GCA_012050905.1	identical	https://ftp.ncbi.nlm.nih.gov/genomes/all/GCF/012/050/905/GCF_012050905.1_ASM1205090v1	./Development/ThreeFold/data/external/Salmonella/GCF_012050905.1_ASM1205090v1_genomic.fna.gz
GCF_015074885.1	PRJNA224116	SAMN16450742	na	na	na	na	149539	28901	Salmonella enterica subsp. enterica serovar Enteritidis	strain=R17.4111	na	latest	Complete Genome	Major	Full	2020-10-29	ASM1507488v1		GCA_015074885.1	identical	https://ftp.ncbi.nlm.nih.gov/genomes/all/GCF/015/074/885/GCF_015074885.1_ASM1507488v1	./Development/ThreeFold/data/external/Salmonella/GCF_015074885.1_ASM1507488v1_genomic.fna.gz
GCF_015240635.1	PRJNA224116	SAMN16552335	na	na	na	na	149539	28901	Salmonella enterica subsp. enterica serovar Enteritidis	strain=P125109	na	latest	Complete Genome	Major	Full	2020-11-05	ASM1524063v1		GCA_015240635.1	identical	https://ftp.ncbi.nlm.nih.gov/genomes/all/GCF/015/240/635/GCF_015240635.1_ASM1524063v1	./Development/ThreeFold/data/external/Salmonella/GCF_015240635.1_ASM1524063v1_genomic.fna.gz
GCF_015240855.1	PRJNA224116	SAMN16552336	na	na	na	na	149539	28901	Salmonella enterica subsp. enterica serovar Enteritidis	strain=D7795	na	latest	Complete Genome	Major	Full	2020-11-05	ASM1524085v1		GCA_015240855.1	identical	https://ftp.ncbi.nlm.nih.gov/genomes/all/GCF/015/240/855/GCF_015240855.1_ASM1524085v1	./Development/ThreeFold/data/external/Salmonella/GCF_015240855.1_ASM1524085v1_genomic.fna.gz
GCF_015240995.1	PRJNA224116	SAMN16552337	na	na	na	na	149539	28901	Salmonella enterica subsp. enterica serovar Enteritidis	strain=CP255	na	latest	Complete Genome	Major	Full	2020-11-05	ASM1524099v1		GCA_015240995.1	identical	https://ftp.ncbi.nlm.nih.gov/genomes/all/GCF/015/240/995/GCF_015240995.1_ASM1524099v1	./Development/ThreeFold/data/external/Salmonella/GCF_015240995.1_ASM1524099v1_genomic.fna.gz
GCF_015241115.1	PRJNA224116	SAMN16552338	na	na	na	na	149539	28901	Salmonella enterica subsp. enterica serovar Enteritidis	strain=A1636	na	latest	Complete Genome	Major	Full	2020-11-05	ASM1524111v1		GCA_015241115.1	identical	https://ftp.ncbi.nlm.nih.gov/genomes/all/GCF/015/241/115/GCF_015241115.1_ASM1524111v1	./Development/ThreeFold/data/external/Salmonella/GCF_015241115.1_ASM1524111v1_genomic.fna.gz
GCF_020410865.1	PRJNA224116	SAMN21891814	na	na	na	na	149539	28901	Salmonella enterica subsp. enterica serovar Enteritidis	strain=SE211	na	latest	Complete Genome	Major	Full	2021-10-11	ASM2041086v1		GCA_020410865.1	identical	https://ftp.ncbi.nlm.nih.gov/genomes/all/GCF/020/410/865/GCF_020410865.1_ASM2041086v1	./Development/ThreeFold/data/external/Salmonella/GCF_020410865.1_ASM2041086v1_genomic.fna.gz
GCF_020714645.1	PRJNA224116	SAMN22446318	na	na	na	na	149539	28901	Salmonella enterica subsp. enterica serovar Enteritidis	strain=Poochyena	na	latest	Complete Genome	Major	Full	2021-11-02	ASM2071464v1		GCA_020714645.1	identical	https://ftp.ncbi.nlm.nih.gov/genomes/all/GCF/020/714/645/GCF_020714645.1_ASM2071464v1	./Development/ThreeFold/data/external/Salmonella/GCF_020714645.1_ASM2071464v1_genomic.fna.gz
GCF_020714725.1	PRJNA224116	SAMN22446319	na	na	na	na	149539	28901	Salmonella enterica subsp. enterica serovar Enteritidis	strain=Mightyena	na	latest	Complete Genome	Major	Full	2021-11-02	ASM2071472v1		GCA_020714725.1	identical	https://ftp.ncbi.nlm.nih.gov/genomes/all/GCF/020/714/725/GCF_020714725.1_ASM2071472v1	./Development/ThreeFold/data/external/Salmonella/GCF_020714725.1_ASM2071472v1_genomic.fna.gz
GCF_020714745.1	PRJNA224116	SAMN22446317	na	na	na	na	149539	28901	Salmonella enterica subsp. enterica serovar Enteritidis	strain=Greninja	na	latest	Complete Genome	Major	Full	2021-11-02	ASM2071474v1		GCA_020714745.1	identical	https://ftp.ncbi.nlm.nih.gov/genomes/all/GCF/020/714/745/GCF_020714745.1_ASM2071474v1	./Development/ThreeFold/data/external/Salmonella/GCF_020714745.1_ASM2071474v1_genomic.fna.gz
GCF_020714765.1	PRJNA224116	SAMN22446315	na	na	na	na	149539	28901	Salmonella enterica subsp. enterica serovar Enteritidis	strain=Froakie	na	latest	Complete Genome	Major	Full	2021-11-02	ASM2071476v1		GCA_020714765.1	identical	https://ftp.ncbi.nlm.nih.gov/genomes/all/GCF/020/714/765/GCF_020714765.1_ASM2071476v1	./Development/ThreeFold/data/external/Salmonella/GCF_020714765.1_ASM2071476v1_genomic.fna.gz
GCF_020714785.1	PRJNA224116	SAMN22446316	na	na	na	na	149539	28901	Salmonella enterica subsp. enterica serovar Enteritidis	strain=Frogadier	na	latest	Complete Genome	Major	Full	2021-11-02	ASM2071478v1		GCA_020714785.1	identical	https://ftp.ncbi.nlm.nih.gov/genomes/all/GCF/020/714/785/GCF_020714785.1_ASM2071478v1	./Development/ThreeFold/data/external/Salmonella/GCF_020714785.1_ASM2071478v1_genomic.fna.gz
GCF_020714805.1	PRJNA224116	SAMN22446314	na	na	na	na	149539	28901	Salmonella enterica subsp. enterica serovar Enteritidis	strain=Latios	na	latest	Complete Genome	Major	Full	2021-11-02	ASM2071480v1		GCA_020714805.1	identical	https://ftp.ncbi.nlm.nih.gov/genomes/all/GCF/020/714/805/GCF_020714805.1_ASM2071480v1	./Development/ThreeFold/data/external/Salmonella/GCF_020714805.1_ASM2071480v1_genomic.fna.gz
GCF_020714845.1	PRJNA224116	SAMN22446313	na	na	na	na	149539	28901	Salmonella enterica subsp. enterica serovar Enteritidis	strain=Latias	na	latest	Complete Genome	Major	Full	2021-11-02	ASM2071484v1		GCA_020714845.1	identical	https://ftp.ncbi.nlm.nih.gov/genomes/all/GCF/020/714/845/GCF_020714845.1_ASM2071484v1	./Development/ThreeFold/data/external/Salmonella/GCF_020714845.1_ASM2071484v1_genomic.fna.gz
GCF_020714865.1	PRJNA224116	SAMN22446297	na	na	na	na	149539	28901	Salmonella enterica subsp. enterica serovar Enteritidis	strain=Plusle	na	latest	Complete Genome	Major	Full	2021-11-02	ASM2071486v1		GCA_020714865.1	identical	https://ftp.ncbi.nlm.nih.gov/genomes/all/GCF/020/714/865/GCF_020714865.1_ASM2071486v1	./Development/ThreeFold/data/external/Salmonella/GCF_020714865.1_ASM2071486v1_genomic.fna.gz
GCF_020714905.1	PRJNA224116	SAMN22446312	na	na	na	na	149539	28901	Salmonella enterica subsp. enterica serovar Enteritidis	strain=Swellow	na	latest	Complete Genome	Major	Full	2021-11-02	ASM2071490v1		GCA_020714905.1	identical	https://ftp.ncbi.nlm.nih.gov/genomes/all/GCF/020/714/905/GCF_020714905.1_ASM2071490v1	./Development/ThreeFold/data/external/Salmonella/GCF_020714905.1_ASM2071490v1_genomic.fna.gz
GCF_020714925.1	PRJNA224116	SAMN22446298	na	na	na	na	149539	28901	Salmonella enterica subsp. enterica serovar Enteritidis	strain=Minun	na	latest	Complete Genome	Major	Full	2021-11-02	ASM2071492v1		GCA_020714925.1	identical	https://ftp.ncbi.nlm.nih.gov/genomes/all/GCF/020/714/925/GCF_020714925.1_ASM2071492v1	./Development/ThreeFold/data/external/Salmonella/GCF_020714925.1_ASM2071492v1_genomic.fna.gz
GCF_020715045.1	PRJNA224116	SAMN22446311	na	na	na	na	149539	28901	Salmonella enterica subsp. enterica serovar Enteritidis	strain=Taillow	na	latest	Complete Genome	Major	Full	2021-11-02	ASM2071504v1		GCA_020715045.1	identical	https://ftp.ncbi.nlm.nih.gov/genomes/all/GCF/020/715/045/GCF_020715045.1_ASM2071504v1	./Development/ThreeFold/data/external/Salmonella/GCF_020715045.1_ASM2071504v1_genomic.fna.gz
GCF_020715165.1	PRJNA224116	SAMN22446310	na	na	na	na	149539	28901	Salmonella enterica subsp. enterica serovar Enteritidis	strain=Wailord	na	latest	Complete Genome	Major	Full	2021-11-02	ASM2071516v1		GCA_020715165.1	identical	https://ftp.ncbi.nlm.nih.gov/genomes/all/GCF/020/715/165/GCF_020715165.1_ASM2071516v1	./Development/ThreeFold/data/external/Salmonella/GCF_020715165.1_ASM2071516v1_genomic.fna.gz
GCF_020715225.1	PRJNA224116	SAMN22446308	na	na	na	na	149539	28901	Salmonella enterica subsp. enterica serovar Enteritidis	strain=Glaceon	na	latest	Complete Genome	Major	Full	2021-11-02	ASM2071522v1		GCA_020715225.1	identical	https://ftp.ncbi.nlm.nih.gov/genomes/all/GCF/020/715/225/GCF_020715225.1_ASM2071522v1	./Development/ThreeFold/data/external/Salmonella/GCF_020715225.1_ASM2071522v1_genomic.fna.gz
GCF_020715265.1	PRJNA224116	SAMN22446309	na	na	na	na	149539	28901	Salmonella enterica subsp. enterica serovar Enteritidis	strain=Wailmer	na	latest	Complete Genome	Major	Full	2021-11-02	ASM2071526v1		GCA_020715265.1	identical	https://ftp.ncbi.nlm.nih.gov/genomes/all/GCF/020/715/265/GCF_020715265.1_ASM2071526v1	./Development/ThreeFold/data/external/Salmonella/GCF_020715265.1_ASM2071526v1_genomic.fna.gz
GCF_020715285.1	PRJNA224116	SAMN22446307	na	na	na	na	149539	28901	Salmonella enterica subsp. enterica serovar Enteritidis	strain=Leafeon	na	latest	Complete Genome	Major	Full	2021-11-02	ASM2071528v1		GCA_020715285.1	identical	https://ftp.ncbi.nlm.nih.gov/genomes/all/GCF/020/715/285/GCF_020715285.1_ASM2071528v1	./Development/ThreeFold/data/external/Salmonella/GCF_020715285.1_ASM2071528v1_genomic.fna.gz
GCF_020715305.1	PRJNA224116	SAMN22446306	na	na	na	na	149539	28901	Salmonella enterica subsp. enterica serovar Enteritidis	strain=Azumarill	na	latest	Complete Genome	Major	Full	2021-11-02	ASM2071530v1		GCA_020715305.1	identical	https://ftp.ncbi.nlm.nih.gov/genomes/all/GCF/020/715/305/GCF_020715305.1_ASM2071530v1	./Development/ThreeFold/data/external/Salmonella/GCF_020715305.1_ASM2071530v1_genomic.fna.gz
GCF_020715325.1	PRJNA224116	SAMN22446305	na	na	na	na	149539	28901	Salmonella enterica subsp. enterica serovar Enteritidis	strain=Marill	na	latest	Complete Genome	Major	Full	2021-11-02	ASM2071532v1		GCA_020715325.1	identical	https://ftp.ncbi.nlm.nih.gov/genomes/all/GCF/020/715/325/GCF_020715325.1_ASM2071532v1	./Development/ThreeFold/data/external/Salmonella/GCF_020715325.1_ASM2071532v1_genomic.fna.gz
GCF_020715385.1	PRJNA224116	SAMN22446296	na	na	na	na	149539	28901	Salmonella enterica subsp. enterica serovar Enteritidis	strain=Slowbro	na	latest	Complete Genome	Major	Full	2021-11-02	ASM2071538v1		GCA_020715385.1	identical	https://ftp.ncbi.nlm.nih.gov/genomes/all/GCF/020/715/385/GCF_020715385.1_ASM2071538v1	./Development/ThreeFold/data/external/Salmonella/GCF_020715385.1_ASM2071538v1_genomic.fna.gz
GCF_020715405.1	PRJNA224116	SAMN22446295	na	na	na	na	149539	28901	Salmonella enterica subsp. enterica serovar Enteritidis	strain=Slowpoke	na	latest	Complete Genome	Major	Full	2021-11-02	ASM2071540v1		GCA_020715405.1	identical	https://ftp.ncbi.nlm.nih.gov/genomes/all/GCF/020/715/405/GCF_020715405.1_ASM2071540v1	./Development/ThreeFold/data/external/Salmonella/GCF_020715405.1_ASM2071540v1_genomic.fna.gz
GCF_020715425.1	PRJNA224116	SAMN22446294	na	na	na	na	149539	28901	Salmonella enterica subsp. enterica serovar Enteritidis	strain=Clefable	na	latest	Complete Genome	Major	Full	2021-11-02	ASM2071542v1		GCA_020715425.1	identical	https://ftp.ncbi.nlm.nih.gov/genomes/all/GCF/020/715/425/GCF_020715425.1_ASM2071542v1	./Development/ThreeFold/data/external/Salmonella/GCF_020715425.1_ASM2071542v1_genomic.fna.gz
GCF_020715465.1	PRJNA224116	SAMN22446293	na	na	na	na	149539	28901	Salmonella enterica subsp. enterica serovar Enteritidis	strain=Clefairy	na	latest	Complete Genome	Major	Full	2021-11-02	ASM2071546v1		GCA_020715465.1	identical	https://ftp.ncbi.nlm.nih.gov/genomes/all/GCF/020/715/465/GCF_020715465.1_ASM2071546v1	./Development/ThreeFold/data/external/Salmonella/GCF_020715465.1_ASM2071546v1_genomic.fna.gz
GCF_020715505.1	PRJNA224116	SAMN22446289	na	na	na	na	149539	28901	Salmonella enterica subsp. enterica serovar Enteritidis	strain=Charmeleon	na	latest	Complete Genome	Major	Full	2021-11-02	ASM2071550v1		GCA_020715505.1	identical	https://ftp.ncbi.nlm.nih.gov/genomes/all/GCF/020/715/505/GCF_020715505.1_ASM2071550v1	./Development/ThreeFold/data/external/Salmonella/GCF_020715505.1_ASM2071550v1_genomic.fna.gz
GCF_020715525.1	PRJNA224116	SAMN22446288	na	na	na	na	149539	28901	Salmonella enterica subsp. enterica serovar Enteritidis	strain=Venusaur	na	latest	Complete Genome	Major	Full	2021-11-02	ASM2071552v1		GCA_020715525.1	identical	https://ftp.ncbi.nlm.nih.gov/genomes/all/GCF/020/715/525/GCF_020715525.1_ASM2071552v1	./Development/ThreeFold/data/external/Salmonella/GCF_020715525.1_ASM2071552v1_genomic.fna.gz
GCF_020715545.1	PRJNA224116	SAMN22446287	na	na	na	na	149539	28901	Salmonella enterica subsp. enterica serovar Enteritidis	strain=Ivysaur	na	latest	Complete Genome	Major	Full	2021-11-02	ASM2071554v1		GCA_020715545.1	identical	https://ftp.ncbi.nlm.nih.gov/genomes/all/GCF/020/715/545/GCF_020715545.1_ASM2071554v1	./Development/ThreeFold/data/external/Salmonella/GCF_020715545.1_ASM2071554v1_genomic.fna.gz
GCF_020716645.1	PRJNA224116	SAMN22446290	na	na	na	na	149539	28901	Salmonella enterica subsp. enterica serovar Enteritidis	strain=Charizard	na	latest	Complete Genome	Major	Full	2021-11-02	ASM2071664v1		GCA_020716645.1	identical	https://ftp.ncbi.nlm.nih.gov/genomes/all/GCF/020/716/645/GCF_020716645.1_ASM2071664v1	./Development/ThreeFold/data/external/Salmonella/GCF_020716645.1_ASM2071664v1_genomic.fna.gz
GCF_024137945.1	PRJNA224116	SAMN29340051	na	na	na	na	149539	28901	Salmonella enterica subsp. enterica serovar Enteritidis	strain=SE006	na	latest	Complete Genome	Major	Full	2022-07-05	ASM2413794v1		GCA_024137945.1	identical	https://ftp.ncbi.nlm.nih.gov/genomes/all/GCF/024/137/945/GCF_024137945.1_ASM2413794v1	./Development/ThreeFold/data/external/Salmonella/GCF_024137945.1_ASM2413794v1_genomic.fna.gz
GCF_024266125.1	PRJNA224116	SAMN29431229	na	na	na	na	149539	28901	Salmonella enterica subsp. enterica serovar Enteritidis	strain=R18.1630	na	latest	Complete Genome	Major	Full	2022-07-14	ASM2426612v1		GCA_024266125.1	identical	https://ftp.ncbi.nlm.nih.gov/genomes/all/GCF/024/266/125/GCF_024266125.1_ASM2426612v1	./Development/ThreeFold/data/external/Salmonella/GCF_024266125.1_ASM2426612v1_genomic.fna.gz
GCF_024266525.1	PRJNA224116	SAMN29431220	na	na	na	na	149539	28901	Salmonella enterica subsp. enterica serovar Enteritidis	strain=R17.1476	na	latest	Complete Genome	Major	Full	2022-07-14	ASM2426652v1		GCA_024266525.1	identical	https://ftp.ncbi.nlm.nih.gov/genomes/all/GCF/024/266/525/GCF_024266525.1_ASM2426652v1	./Development/ThreeFold/data/external/Salmonella/GCF_024266525.1_ASM2426652v1_genomic.fna.gz
GCF_026013745.1	PRJNA224116	SAMN31231980	na	na	na	na	149539	28901	Salmonella enterica subsp. enterica serovar Enteritidis	strain=MFDS1018147	na	latest	Complete Genome	Major	Full	2022-11-06	ASM2601374v1		GCA_026013745.1	identical	https://ftp.ncbi.nlm.nih.gov/genomes/all/GCF/026/013/745/GCF_026013745.1_ASM2601374v1	./Development/ThreeFold/data/external/Salmonella/GCF_026013745.1_ASM2601374v1_genomic.fna.gz
GCF_029866625.1	PRJNA224116	SAMN26754305	na	na	na	na	149539	28901	Salmonella enterica subsp. enterica serovar Enteritidis	strain=JL228	na	latest	Complete Genome	Major	Full	2023-04-25	ASM2986662v1		GCA_029866625.1	identical	https://ftp.ncbi.nlm.nih.gov/genomes/all/GCF/029/866/625/GCF_029866625.1_ASM2986662v1	./Development/ThreeFold/data/external/Salmonella/GCF_029866625.1_ASM2986662v1_genomic.fna.gz
GCF_030027965.1	PRJNA224116	SAMN34598608	na	na	na	na	149539	28901	Salmonella enterica subsp. enterica serovar Enteritidis	strain=sm140	na	latest	Complete Genome	Major	Full	2023-05-17	ASM3002796v1		GCA_030027965.1	identical	https://ftp.ncbi.nlm.nih.gov/genomes/all/GCF/030/027/965/GCF_030027965.1_ASM3002796v1	./Development/ThreeFold/data/external/Salmonella/GCF_030027965.1_ASM3002796v1_genomic.fna.gz
GCF_030122175.1	PRJNA224116	SAMN33677890	na	na	na	na	149539	28901	Salmonella enterica subsp. enterica serovar Enteritidis	strain=PS_Ent_3_2022	na	latest	Complete Genome	Major	Full	2023-05-26	ASM3012217v1		GCA_030122175.1	identical	https://ftp.ncbi.nlm.nih.gov/genomes/all/GCF/030/122/175/GCF_030122175.1_ASM3012217v1	./Development/ThreeFold/data/external/Salmonella/GCF_030122175.1_ASM3012217v1_genomic.fna.gz
GCF_030122195.1	PRJNA224116	SAMN33677889	na	na	na	na	149539	28901	Salmonella enterica subsp. enterica serovar Enteritidis	strain=PS_Ent_2_2022	na	latest	Complete Genome	Major	Full	2023-05-26	ASM3012219v1		GCA_030122195.1	identical	https://ftp.ncbi.nlm.nih.gov/genomes/all/GCF/030/122/195/GCF_030122195.1_ASM3012219v1	./Development/ThreeFold/data/external/Salmonella/GCF_030122195.1_ASM3012219v1_genomic.fna.gz
GCF_030122215.1	PRJNA224116	SAMN33677888	na	na	na	na	149539	28901	Salmonella enterica subsp. enterica serovar Enteritidis	strain=PS_Ent_1_2022	na	latest	Complete Genome	Major	Full	2023-05-26	ASM3012221v1		GCA_030122215.1	identical	https://ftp.ncbi.nlm.nih.gov/genomes/all/GCF/030/122/215/GCF_030122215.1_ASM3012221v1	./Development/ThreeFold/data/external/Salmonella/GCF_030122215.1_ASM3012221v1_genomic.fna.gz
GCF_030127085.1	PRJNA224116	SAMN35169325	na	na	na	na	149539	28901	Salmonella enterica subsp. enterica serovar Enteritidis	strain=DSE06	na	latest	Complete Genome	Major	Full	2023-05-29	ASM3012708v1		GCA_030127085.1	identical	https://ftp.ncbi.nlm.nih.gov/genomes/all/GCF/030/127/085/GCF_030127085.1_ASM3012708v1	./Development/ThreeFold/data/external/Salmonella/GCF_030127085.1_ASM3012708v1_genomic.fna.gz
GCF_031021005.1	PRJNA224116	SAMN37104682	na	na	na	na	149539	28901	Salmonella enterica subsp. enterica serovar Enteritidis	strain=BAA-1045	na	latest	Complete Genome	Major	Full	2023-08-31	ASM3102100v1		GCA_031021005.1	identical	https://ftp.ncbi.nlm.nih.gov/genomes/all/GCF/031/021/005/GCF_031021005.1_ASM3102100v1	./Development/ThreeFold/data/external/Salmonella/GCF_031021005.1_ASM3102100v1_genomic.fna.gz
GCF_031182125.1	PRJNA224116	SAMN37155315	na	na	na	na	149539	28901	Salmonella enterica subsp. enterica serovar Enteritidis	strain=SA606	na	latest	Complete Genome	Major	Full	2023-09-03	ASM3118212v1		GCA_031182125.1	identical	https://ftp.ncbi.nlm.nih.gov/genomes/all/GCF/031/182/125/GCF_031182125.1_ASM3118212v1	./Development/ThreeFold/data/external/Salmonella/GCF_031182125.1_ASM3118212v1_genomic.fna.gz
GCF_031183715.1	PRJNA224116	SAMN37156895	na	na	na	na	149539	28901	Salmonella enterica subsp. enterica serovar Enteritidis	strain=SA615	na	latest	Complete Genome	Major	Full	2023-09-03	ASM3118371v1		GCA_031183715.1	identical	https://ftp.ncbi.nlm.nih.gov/genomes/all/GCF/031/183/715/GCF_031183715.1_ASM3118371v1	./Development/ThreeFold/data/external/Salmonella/GCF_031183715.1_ASM3118371v1_genomic.fna.gz
GCF_031184215.1	PRJNA224116	SAMN37156981	na	na	na	na	149539	28901	Salmonella enterica subsp. enterica serovar Enteritidis	strain=SA616	na	latest	Complete Genome	Major	Full	2023-09-03	ASM3118421v1		GCA_031184215.1	identical	https://ftp.ncbi.nlm.nih.gov/genomes/all/GCF/031/184/215/GCF_031184215.1_ASM3118421v1	./Development/ThreeFold/data/external/Salmonella/GCF_031184215.1_ASM3118421v1_genomic.fna.gz
GCF_031184795.1	PRJNA224116	SAMN37156982	na	na	na	na	149539	28901	Salmonella enterica subsp. enterica serovar Enteritidis	strain=SA617	na	latest	Complete Genome	Major	Full	2023-09-03	ASM3118479v1		GCA_031184795.1	identical	https://ftp.ncbi.nlm.nih.gov/genomes/all/GCF/031/184/795/GCF_031184795.1_ASM3118479v1	./Development/ThreeFold/data/external/Salmonella/GCF_031184795.1_ASM3118479v1_genomic.fna.gz
GCF_031187125.1	PRJNA224116	SAMN37159800	na	na	na	na	149539	28901	Salmonella enterica subsp. enterica serovar Enteritidis	strain=SA607	na	latest	Complete Genome	Major	Full	2023-09-03	ASM3118712v1		GCA_031187125.1	identical	https://ftp.ncbi.nlm.nih.gov/genomes/all/GCF/031/187/125/GCF_031187125.1_ASM3118712v1	./Development/ThreeFold/data/external/Salmonella/GCF_031187125.1_ASM3118712v1_genomic.fna.gz
GCF_031188765.1	PRJNA224116	SAMN37160125	na	na	na	na	149539	28901	Salmonella enterica subsp. enterica serovar Enteritidis	strain=SA608	na	latest	Complete Genome	Major	Full	2023-09-03	ASM3118876v1		GCA_031188765.1	identical	https://ftp.ncbi.nlm.nih.gov/genomes/all/GCF/031/188/765/GCF_031188765.1_ASM3118876v1	./Development/ThreeFold/data/external/Salmonella/GCF_031188765.1_ASM3118876v1_genomic.fna.gz
GCF_032465775.1	PRJNA224116	SAMN36745158	na	na	na	na	149539	28901	Salmonella enterica subsp. enterica serovar Enteritidis	strain=JNQH952	na	latest	Complete Genome	Major	Full	2023-10-10	ASM3246577v1		GCA_032465775.1	identical	https://ftp.ncbi.nlm.nih.gov/genomes/all/GCF/032/465/775/GCF_032465775.1_ASM3246577v1	./Development/ThreeFold/data/external/Salmonella/GCF_032465775.1_ASM3246577v1_genomic.fna.gz
GCF_032465795.1	PRJNA224116	SAMN36745171	na	na	na	na	149539	28901	Salmonella enterica subsp. enterica serovar Enteritidis	strain=JNQH940	na	latest	Complete Genome	Major	Full	2023-10-10	ASM3246579v1		GCA_032465795.1	identical	https://ftp.ncbi.nlm.nih.gov/genomes/all/GCF/032/465/795/GCF_032465795.1_ASM3246579v1	./Development/ThreeFold/data/external/Salmonella/GCF_032465795.1_ASM3246579v1_genomic.fna.gz
GCF_037881315.1	PRJNA224116	SAMN40550007	na	na	na	na	149539	28901	Salmonella enterica subsp. enterica serovar Enteritidis	strain=S-10827	na	latest	Complete Genome	Major	Full	2024-04-05	s-10827		GCA_037881315.1	identical	https://ftp.ncbi.nlm.nih.gov/genomes/all/GCF/037/881/315/GCF_037881315.1_s-10827	./Development/ThreeFold/data/external/Salmonella/GCF_037881315.1_s-10827_genomic.fna.gz
GCF_045004185.1	PRJNA224116	SAMN44630387	na	na	na	na	149539	28901	Salmonella enterica subsp. enterica serovar Enteritidis	strain=S-28579	na	latest	Complete Genome	Major	Full	2024-11-22	ASM4500418v1		GCA_045004185.1	identical	https://ftp.ncbi.nlm.nih.gov/genomes/all/GCF/045/004/185/GCF_045004185.1_ASM4500418v1	./Development/ThreeFold/data/external/Salmonella/GCF_045004185.1_ASM4500418v1_genomic.fna.gz
GCF_045004215.1	PRJNA224116	SAMN44630348	na	na	na	na	149539	28901	Salmonella enterica subsp. enterica serovar Enteritidis	strain=S-28551	na	latest	Complete Genome	Major	Full	2024-11-25	ASM4500421v1		GCA_045004215.1	identical	https://ftp.ncbi.nlm.nih.gov/genomes/all/GCF/045/004/215/GCF_045004215.1_ASM4500421v1	./Development/ThreeFold/data/external/Salmonella/GCF_045004215.1_ASM4500421v1_genomic.fna.gz
GCF_045004235.1	PRJNA224116	SAMN44630147	na	na	na	na	149539	28901	Salmonella enterica subsp. enterica serovar Enteritidis	strain=S-28449	na	latest	Complete Genome	Major	Full	2024-11-22	ASM4500423v1		GCA_045004235.1	identical	https://ftp.ncbi.nlm.nih.gov/genomes/all/GCF/045/004/235/GCF_045004235.1_ASM4500423v1	./Development/ThreeFold/data/external/Salmonella/GCF_045004235.1_ASM4500423v1_genomic.fna.gz
GCF_045004255.1	PRJNA224116	SAMN44630401	na	na	na	na	149539	28901	Salmonella enterica subsp. enterica serovar Enteritidis	strain=S-28568	na	latest	Complete Genome	Major	Full	2024-11-22	ASM4500425v1		GCA_045004255.1	identical	https://ftp.ncbi.nlm.nih.gov/genomes/all/GCF/045/004/255/GCF_045004255.1_ASM4500425v1	./Development/ThreeFold/data/external/Salmonella/GCF_045004255.1_ASM4500425v1_genomic.fna.gz
GCF_045004275.1	PRJNA224116	SAMN44630390	na	na	na	na	149539	28901	Salmonella enterica subsp. enterica serovar Enteritidis	strain=S-28456	na	latest	Complete Genome	Major	Full	2024-11-22	ASM4500427v1		GCA_045004275.1	identical	https://ftp.ncbi.nlm.nih.gov/genomes/all/GCF/045/004/275/GCF_045004275.1_ASM4500427v1	./Development/ThreeFold/data/external/Salmonella/GCF_045004275.1_ASM4500427v1_genomic.fna.gz
GCF_045037845.1	PRJNA224116	SAMN44630367	na	na	na	na	149539	28901	Salmonella enterica subsp. enterica serovar Enteritidis	strain=S-28554	na	latest	Complete Genome	Major	Full	2024-11-25	ASM4503784v1		GCA_045037845.1	identical	https://ftp.ncbi.nlm.nih.gov/genomes/all/GCF/045/037/845/GCF_045037845.1_ASM4503784v1	./Development/ThreeFold/data/external/Salmonella/GCF_045037845.1_ASM4503784v1_genomic.fna.gz
GCF_045037885.1	PRJNA224116	SAMN44629858	na	na	na	na	149539	28901	Salmonella enterica subsp. enterica serovar Enteritidis	strain=S-28447	na	latest	Complete Genome	Major	Full	2024-11-25	ASM4503788v1		GCA_045037885.1	identical	https://ftp.ncbi.nlm.nih.gov/genomes/all/GCF/045/037/885/GCF_045037885.1_ASM4503788v1	./Development/ThreeFold/data/external/Salmonella/GCF_045037885.1_ASM4503788v1_genomic.fna.gz
GCF_045037895.1	PRJNA224116	SAMN44629860	na	na	na	na	149539	28901	Salmonella enterica subsp. enterica serovar Enteritidis	strain=S-28448	na	latest	Complete Genome	Major	Full	2024-11-25	ASM4503789v1		GCA_045037895.1	identical	https://ftp.ncbi.nlm.nih.gov/genomes/all/GCF/045/037/895/GCF_045037895.1_ASM4503789v1	./Development/ThreeFold/data/external/Salmonella/GCF_045037895.1_ASM4503789v1_genomic.fna.gz
GCF_045037905.1	PRJNA224116	SAMN44630359	na	na	na	na	149539	28901	Salmonella enterica subsp. enterica serovar Enteritidis	strain=S-28553	na	latest	Complete Genome	Major	Full	2024-11-25	ASM4503790v1		GCA_045037905.1	identical	https://ftp.ncbi.nlm.nih.gov/genomes/all/GCF/045/037/905/GCF_045037905.1_ASM4503790v1	./Development/ThreeFold/data/external/Salmonella/GCF_045037905.1_ASM4503790v1_genomic.fna.gz
GCF_045037915.1	PRJNA224116	SAMN44629837	na	na	na	na	149539	28901	Salmonella enterica subsp. enterica serovar Enteritidis	strain=S-28523	na	latest	Complete Genome	Major	Full	2024-11-25	ASM4503791v1		GCA_045037915.1	identical	https://ftp.ncbi.nlm.nih.gov/genomes/all/GCF/045/037/915/GCF_045037915.1_ASM4503791v1	./Development/ThreeFold/data/external/Salmonella/GCF_045037915.1_ASM4503791v1_genomic.fna.gz
GCF_045037925.1	PRJNA224116	SAMN44629845	na	na	na	na	149539	28901	Salmonella enterica subsp. enterica serovar Enteritidis	strain=S-28467	na	latest	Complete Genome	Major	Full	2024-11-25	ASM4503792v1		GCA_045037925.1	identical	https://ftp.ncbi.nlm.nih.gov/genomes/all/GCF/045/037/925/GCF_045037925.1_ASM4503792v1	./Development/ThreeFold/data/external/Salmonella/GCF_045037925.1_ASM4503792v1_genomic.fna.gz
GCF_045037935.1	PRJNA224116	SAMN44629847	na	na	na	na	149539	28901	Salmonella enterica subsp. enterica serovar Enteritidis	strain=S-28445	na	latest	Complete Genome	Major	Full	2024-11-25	ASM4503793v1		GCA_045037935.1	identical	https://ftp.ncbi.nlm.nih.gov/genomes/all/GCF/045/037/935/GCF_045037935.1_ASM4503793v1	./Development/ThreeFold/data/external/Salmonella/GCF_045037935.1_ASM4503793v1_genomic.fna.gz
GCF_045037955.1	PRJNA224116	SAMN44630389	na	na	na	na	149539	28901	Salmonella enterica subsp. enterica serovar Enteritidis	strain=S-28539	na	latest	Complete Genome	Major	Full	2024-11-25	ASM4503795v1		GCA_045037955.1	identical	https://ftp.ncbi.nlm.nih.gov/genomes/all/GCF/045/037/955/GCF_045037955.1_ASM4503795v1	./Development/ThreeFold/data/external/Salmonella/GCF_045037955.1_ASM4503795v1_genomic.fna.gz
GCF_016451985.1	PRJNA224116	SAMN14504941	na	na	na	na	165302	28901	Salmonella enterica subsp. enterica serovar Reading	strain=CVM 35189	na	latest	Complete Genome	Major	Full	2020-12-31	ASM1645198v1		GCA_016451985.1	identical	https://ftp.ncbi.nlm.nih.gov/genomes/all/GCF/016/451/985/GCF_016451985.1_ASM1645198v1	./Development/ThreeFold/data/external/Salmonella/GCF_016451985.1_ASM1645198v1_genomic.fna.gz
GCF_008727635.1	PRJNA224116	SAMN12648952	na	na	na	na	189201	28901	Salmonella enterica subsp. enterica serovar Cubana	strain=AR-0402	na	latest	Complete Genome	Major	Full	2019-09-29	ASM872763v1		GCA_008727635.1	identical	https://ftp.ncbi.nlm.nih.gov/genomes/all/GCF/008/727/635/GCF_008727635.1_ASM872763v1	./Development/ThreeFold/data/external/Salmonella/GCF_008727635.1_ASM872763v1_genomic.fna.gz
GCF_004194615.2	PRJNA224116	SAMN08848595	na	na	na	na	192953	28901	Salmonella enterica subsp. enterica serovar Stanley	strain=sg_wt8	na	latest	Complete Genome	Major	Full	2019-02-25	ASM419461v2		GCA_004194615.2	identical	https://ftp.ncbi.nlm.nih.gov/genomes/all/GCF/004/194/615/GCF_004194615.2_ASM419461v2	./Development/ThreeFold/data/external/Salmonella/GCF_004194615.2_ASM419461v2_genomic.fna.gz
GCF_008727615.1	PRJNA224116	SAMN12648953	na	na	na	na	192953	28901	Salmonella enterica subsp. enterica serovar Stanley	strain=AR-0403	na	latest	Complete Genome	Major	Full	2019-09-29	ASM872761v1		GCA_008727615.1	identical	https://ftp.ncbi.nlm.nih.gov/genomes/all/GCF/008/727/615/GCF_008727615.1_ASM872761v1	./Development/ThreeFold/data/external/Salmonella/GCF_008727615.1_ASM872761v1_genomic.fna.gz
GCF_002234515.1	PRJNA224116	SAMN06044996	na	na	na	na	192954	28901	Salmonella enterica subsp. enterica serovar Mbandaka	strain=SA20026234	na	latest	Complete Genome	Major	Full	2017-07-27	ASM223451v1		GCA_002234515.1	identical	https://ftp.ncbi.nlm.nih.gov/genomes/all/GCF/002/234/515/GCF_002234515.1_ASM223451v1	./Development/ThreeFold/data/external/Salmonella/GCF_002234515.1_ASM223451v1_genomic.fna.gz
GCF_003641305.1	PRJNA224116	SAMN10176435	na	na	na	na	192954	28901	Salmonella enterica subsp. enterica serovar Mbandaka	strain=11TTU1615b	na	latest	Complete Genome	Major	Full	2018-10-15	ASM364130v1		GCA_003641305.1	identical	https://ftp.ncbi.nlm.nih.gov/genomes/all/GCF/003/641/305/GCF_003641305.1_ASM364130v1	./Development/ThreeFold/data/external/Salmonella/GCF_003641305.1_ASM364130v1_genomic.fna.gz
GCF_003710205.1	PRJNA224116	SAMN10243030	na	na	na	na	192954	28901	Salmonella enterica subsp. enterica serovar Mbandaka	strain=CFSAN076213	na	latest	Complete Genome	Major	Full	2018-11-03	ASM371020v1		GCA_003710205.1	identical	https://ftp.ncbi.nlm.nih.gov/genomes/all/GCF/003/710/205/GCF_003710205.1_ASM371020v1	./Development/ThreeFold/data/external/Salmonella/GCF_003710205.1_ASM371020v1_genomic.fna.gz
GCF_024266165.1	PRJNA224116	SAMN29431219	na	na	na	na	192954	28901	Salmonella enterica subsp. enterica serovar Mbandaka	strain=R17.0904	na	latest	Complete Genome	Major	Full	2022-07-14	ASM2426616v1		GCA_024266165.1	identical	https://ftp.ncbi.nlm.nih.gov/genomes/all/GCF/024/266/165/GCF_024266165.1_ASM2426616v1	./Development/ThreeFold/data/external/Salmonella/GCF_024266165.1_ASM2426616v1_genomic.fna.gz
GCF_024266485.1	PRJNA224116	SAMN29431222	na	na	na	na	192954	28901	Salmonella enterica subsp. enterica serovar Mbandaka	strain=R17.4855	na	latest	Complete Genome	Major	Full	2022-07-14	ASM2426648v1		GCA_024266485.1	identical	https://ftp.ncbi.nlm.nih.gov/genomes/all/GCF/024/266/485/GCF_024266485.1_ASM2426648v1	./Development/ThreeFold/data/external/Salmonella/GCF_024266485.1_ASM2426648v1_genomic.fna.gz
GCF_024494525.1	PRJNA224116	SAMN29857753	na	na	na	na	192954	28901	Salmonella enterica subsp. enterica serovar Mbandaka	strain=SMEH	na	latest	Complete Genome	Major	Full	2022-07-30	ASM2449452v1		GCA_024494525.1	identical	https://ftp.ncbi.nlm.nih.gov/genomes/all/GCF/024/494/525/GCF_024494525.1_ASM2449452v1	./Development/ThreeFold/data/external/Salmonella/GCF_024494525.1_ASM2449452v1_genomic.fna.gz
GCF_028596065.2	PRJNA224116	SAMN32989812	na	na	na	na	192954	28901	Salmonella enterica subsp. enterica serovar Mbandaka	strain=SM_F28S	na	latest	Complete Genome	Major	Full	2024-07-09	ASM2859606v2		GCA_028596065.2	identical	https://ftp.ncbi.nlm.nih.gov/genomes/all/GCF/028/596/065/GCF_028596065.2_ASM2859606v2	./Development/ThreeFold/data/external/Salmonella/GCF_028596065.2_ASM2859606v2_genomic.fna.gz
GCF_028607065.2	PRJNA224116	SAMN32741785	na	na	na	na	192954	28901	Salmonella enterica subsp. enterica serovar Mbandaka	strain=SM-F22S	na	latest	Complete Genome	Major	Full	2023-11-17	ASM2860706v2		GCA_028607065.2	identical	https://ftp.ncbi.nlm.nih.gov/genomes/all/GCF/028/607/065/GCF_028607065.2_ASM2860706v2	./Development/ThreeFold/data/external/Salmonella/GCF_028607065.2_ASM2860706v2_genomic.fna.gz
GCF_028735935.2	PRJNA224116	SAMN33218593	na	na	na	na	192954	28901	Salmonella enterica subsp. enterica serovar Mbandaka	strain=SM_F22R	na	latest	Complete Genome	Major	Full	2023-12-01	ASM2873593v2		GCA_028735935.2	identical	https://ftp.ncbi.nlm.nih.gov/genomes/all/GCF/028/735/935/GCF_028735935.2_ASM2873593v2	./Development/ThreeFold/data/external/Salmonella/GCF_028735935.2_ASM2873593v2_genomic.fna.gz
GCF_028735955.1	PRJNA224116	SAMN33218603	na	na	na	na	192954	28901	Salmonella enterica subsp. enterica serovar Mbandaka	strain=SM_B30R	na	latest	Complete Genome	Major	Full	2023-02-19	ASM2873595v1		GCA_028735955.1	identical	https://ftp.ncbi.nlm.nih.gov/genomes/all/GCF/028/735/955/GCF_028735955.1_ASM2873595v1	./Development/ThreeFold/data/external/Salmonella/GCF_028735955.1_ASM2873595v1_genomic.fna.gz
GCF_028735975.1	PRJNA224116	SAMN33218604	na	na	na	na	192954	28901	Salmonella enterica subsp. enterica serovar Mbandaka	strain=SM_F28R	na	latest	Complete Genome	Major	Full	2023-02-19	ASM2873597v1		GCA_028735975.1	identical	https://ftp.ncbi.nlm.nih.gov/genomes/all/GCF/028/735/975/GCF_028735975.1_ASM2873597v1	./Development/ThreeFold/data/external/Salmonella/GCF_028735975.1_ASM2873597v1_genomic.fna.gz
GCF_032465755.1	PRJNA224116	SAMN36745161	na	na	na	na	192954	28901	Salmonella enterica subsp. enterica serovar Mbandaka	strain=JNQH948	na	latest	Complete Genome	Major	Full	2023-10-10	ASM3246575v1		GCA_032465755.1	identical	https://ftp.ncbi.nlm.nih.gov/genomes/all/GCF/032/465/755/GCF_032465755.1_ASM3246575v1	./Development/ThreeFold/data/external/Salmonella/GCF_032465755.1_ASM3246575v1_genomic.fna.gz
GCF_033613815.1	PRJNA224116	SAMN33769285	na	na	na	na	192954	28901	Salmonella enterica subsp. enterica serovar Mbandaka	strain=SM_F28R	na	latest	Complete Genome	Major	Full	2023-11-14	ASM3361381v1		GCA_033613815.1	identical	https://ftp.ncbi.nlm.nih.gov/genomes/all/GCF/033/613/815/GCF_033613815.1_ASM3361381v1	./Development/ThreeFold/data/external/Salmonella/GCF_033613815.1_ASM3361381v1_genomic.fna.gz
GCF_033615035.1	PRJNA224116	SAMN33769024	na	na	na	na	192954	28901	Salmonella enterica subsp. enterica serovar Mbandaka	strain=SM_B30R	na	latest	Complete Genome	Major	Full	2023-11-14	ASM3361503v1		GCA_033615035.1	identical	https://ftp.ncbi.nlm.nih.gov/genomes/all/GCF/033/615/035/GCF_033615035.1_ASM3361503v1	./Development/ThreeFold/data/external/Salmonella/GCF_033615035.1_ASM3361503v1_genomic.fna.gz
GCF_040784885.1	PRJNA224116	SAMN40213284	na	na	na	na	192954	28901	Salmonella enterica subsp. enterica serovar Mbandaka	strain=S22_2161	na	latest	Complete Genome	Major	Full	2024-07-21	S22_2161		GCA_040784885.1	identical	https://ftp.ncbi.nlm.nih.gov/genomes/all/GCF/040/784/885/GCF_040784885.1_S22_2161	./Development/ThreeFold/data/external/Salmonella/GCF_040784885.1_S22_2161_genomic.fna.gz
GCF_001479685.2	PRJNA224116	SAMN02699274	na	na	na	na	192955	28901	Salmonella enterica subsp. enterica serovar Kentucky	strain=CVM N38232	na	latest	Complete Genome	Major	Full	2023-06-14	ASM147968v2		GCA_001479685.2	identical	https://ftp.ncbi.nlm.nih.gov/genomes/all/GCF/001/479/685/GCF_001479685.2_ASM147968v2	./Development/ThreeFold/data/external/Salmonella/GCF_001479685.2_ASM147968v2_genomic.fna.gz
GCF_002952975.1	PRJNA224116	SAMN08322104	na	na	na	na	192955	28901	Salmonella enterica subsp. enterica serovar Kentucky	strain=PU131	na	latest	Complete Genome	Major	Full	2018-01-31	ASM295297v1		GCA_002952975.1	identical	https://ftp.ncbi.nlm.nih.gov/genomes/all/GCF/002/952/975/GCF_002952975.1_ASM295297v1	./Development/ThreeFold/data/external/Salmonella/GCF_002952975.1_ASM295297v1_genomic.fna.gz
GCF_009667765.1	PRJNA224116	SAMN12688791	na	na	na	na	192955	28901	Salmonella enterica subsp. enterica serovar Kentucky	strain=161365	na	latest	Complete Genome	Major	Full	2019-11-18	ASM966776v1		GCA_009667765.1	identical	https://ftp.ncbi.nlm.nih.gov/genomes/all/GCF/009/667/765/GCF_009667765.1_ASM966776v1	./Development/ThreeFold/data/external/Salmonella/GCF_009667765.1_ASM966776v1_genomic.fna.gz
GCF_009667835.1	PRJNA224116	SAMN12688792	na	na	na	na	192955	28901	Salmonella enterica subsp. enterica serovar Kentucky	strain=162835	na	latest	Complete Genome	Major	Full	2019-11-18	ASM966783v1		GCA_009667835.1	identical	https://ftp.ncbi.nlm.nih.gov/genomes/all/GCF/009/667/835/GCF_009667835.1_ASM966783v1	./Development/ThreeFold/data/external/Salmonella/GCF_009667835.1_ASM966783v1_genomic.fna.gz
GCF_013376955.1	PRJNA224116	SAMN11355825	na	na	na	na	192955	28901	Salmonella enterica subsp. enterica serovar Kentucky	strain=VNSEC013	na	latest	Complete Genome	Major	Full	2020-06-30	ASM1337695v1		GCA_013376955.1	identical	https://ftp.ncbi.nlm.nih.gov/genomes/all/GCF/013/376/955/GCF_013376955.1_ASM1337695v1	./Development/ThreeFold/data/external/Salmonella/GCF_013376955.1_ASM1337695v1_genomic.fna.gz
GCF_016454165.1	PRJNA224116	SAMN14504824	na	na	na	na	192955	28901	Salmonella enterica subsp. enterica serovar Kentucky	strain=CVM 30177	na	latest	Complete Genome	Major	Full	2020-12-31	ASM1645416v1		GCA_016454165.1	identical	https://ftp.ncbi.nlm.nih.gov/genomes/all/GCF/016/454/165/GCF_016454165.1_ASM1645416v1	./Development/ThreeFold/data/external/Salmonella/GCF_016454165.1_ASM1645416v1_genomic.fna.gz
GCF_019063905.1	PRJNA224116	SAMN19842584	na	na	na	na	192955	28901	Salmonella enterica subsp. enterica serovar Kentucky	strain=YZ20MCS16	na	latest	Complete Genome	Major	Full	2021-06-30	ASM1906390v1		GCA_019063905.1	identical	https://ftp.ncbi.nlm.nih.gov/genomes/all/GCF/019/063/905/GCF_019063905.1_ASM1906390v1	./Development/ThreeFold/data/external/Salmonella/GCF_019063905.1_ASM1906390v1_genomic.fna.gz
GCF_021266225.1	PRJNA224116	SAMN23451934	na	na	na	na	192955	28901	Salmonella enterica subsp. enterica serovar Kentucky	strain=ZTA19/00847	na	latest	Complete Genome	Major	Full	2021-12-22	ASM2126622v1		GCA_021266225.1	identical	https://ftp.ncbi.nlm.nih.gov/genomes/all/GCF/021/266/225/GCF_021266225.1_ASM2126622v1	./Development/ThreeFold/data/external/Salmonella/GCF_021266225.1_ASM2126622v1_genomic.fna.gz
GCF_021266245.1	PRJNA224116	SAMN23451933	na	na	na	na	192955	28901	Salmonella enterica subsp. enterica serovar Kentucky	strain=ZTA19/00831	na	latest	Complete Genome	Major	Full	2021-12-22	ASM2126624v1		GCA_021266245.1	identical	https://ftp.ncbi.nlm.nih.gov/genomes/all/GCF/021/266/245/GCF_021266245.1_ASM2126624v1	./Development/ThreeFold/data/external/Salmonella/GCF_021266245.1_ASM2126624v1_genomic.fna.gz
GCF_021266265.1	PRJNA224116	SAMN23451932	na	na	na	na	192955	28901	Salmonella enterica subsp. enterica serovar Kentucky	strain=ZTA19/00830	na	latest	Complete Genome	Major	Full	2021-12-22	ASM2126626v1		GCA_021266265.1	identical	https://ftp.ncbi.nlm.nih.gov/genomes/all/GCF/021/266/265/GCF_021266265.1_ASM2126626v1	./Development/ThreeFold/data/external/Salmonella/GCF_021266265.1_ASM2126626v1_genomic.fna.gz
GCF_021266285.1	PRJNA224116	SAMN23451931	na	na	na	na	192955	28901	Salmonella enterica subsp. enterica serovar Kentucky	strain=ZTA19/00820	na	latest	Complete Genome	Major	Full	2021-12-22	ASM2126628v1		GCA_021266285.1	identical	https://ftp.ncbi.nlm.nih.gov/genomes/all/GCF/021/266/285/GCF_021266285.1_ASM2126628v1	./Development/ThreeFold/data/external/Salmonella/GCF_021266285.1_ASM2126628v1_genomic.fna.gz
GCF_021266305.1	PRJNA224116	SAMN23451930	na	na	na	na	192955	28901	Salmonella enterica subsp. enterica serovar Kentucky	strain=ZTA19/00816	na	latest	Complete Genome	Major	Full	2021-12-22	ASM2126630v1		GCA_021266305.1	identical	https://ftp.ncbi.nlm.nih.gov/genomes/all/GCF/021/266/305/GCF_021266305.1_ASM2126630v1	./Development/ThreeFold/data/external/Salmonella/GCF_021266305.1_ASM2126630v1_genomic.fna.gz
GCF_021266345.1	PRJNA224116	SAMN23451928	na	na	na	na	192955	28901	Salmonella enterica subsp. enterica serovar Kentucky	strain=ZTA19/00814	na	latest	Complete Genome	Major	Full	2021-12-22	ASM2126634v1		GCA_021266345.1	identical	https://ftp.ncbi.nlm.nih.gov/genomes/all/GCF/021/266/345/GCF_021266345.1_ASM2126634v1	./Development/ThreeFold/data/external/Salmonella/GCF_021266345.1_ASM2126634v1_genomic.fna.gz
GCF_021266365.1	PRJNA224116	SAMN23451927	na	na	na	na	192955	28901	Salmonella enterica subsp. enterica serovar Kentucky	strain=ZTA19/00813	na	latest	Complete Genome	Major	Full	2021-12-22	ASM2126636v1		GCA_021266365.1	identical	https://ftp.ncbi.nlm.nih.gov/genomes/all/GCF/021/266/365/GCF_021266365.1_ASM2126636v1	./Development/ThreeFold/data/external/Salmonella/GCF_021266365.1_ASM2126636v1_genomic.fna.gz
GCF_021266405.1	PRJNA224116	SAMN23451925	na	na	na	na	192955	28901	Salmonella enterica subsp. enterica serovar Kentucky	strain=ZTA19/00790	na	latest	Complete Genome	Major	Full	2021-12-22	ASM2126640v1		GCA_021266405.1	identical	https://ftp.ncbi.nlm.nih.gov/genomes/all/GCF/021/266/405/GCF_021266405.1_ASM2126640v1	./Development/ThreeFold/data/external/Salmonella/GCF_021266405.1_ASM2126640v1_genomic.fna.gz
GCF_021266425.1	PRJNA224116	SAMN23451924	na	na	na	na	192955	28901	Salmonella enterica subsp. enterica serovar Kentucky	strain=ZTA19/00789	na	latest	Complete Genome	Major	Full	2021-12-22	ASM2126642v1		GCA_021266425.1	identical	https://ftp.ncbi.nlm.nih.gov/genomes/all/GCF/021/266/425/GCF_021266425.1_ASM2126642v1	./Development/ThreeFold/data/external/Salmonella/GCF_021266425.1_ASM2126642v1_genomic.fna.gz
GCF_021266445.1	PRJNA224116	SAMN23451923	na	na	na	na	192955	28901	Salmonella enterica subsp. enterica serovar Kentucky	strain=ZTA19/00785	na	latest	Complete Genome	Major	Full	2021-12-22	ASM2126644v1		GCA_021266445.1	identical	https://ftp.ncbi.nlm.nih.gov/genomes/all/GCF/021/266/445/GCF_021266445.1_ASM2126644v1	./Development/ThreeFold/data/external/Salmonella/GCF_021266445.1_ASM2126644v1_genomic.fna.gz
GCF_022936345.1	PRJNA224116	SAMN25644122	na	na	na	na	192955	28901	Salmonella enterica subsp. enterica serovar Kentucky	strain=N18-2092	na	latest	Complete Genome	Major	Full	2022-04-12	ASM2293634v1		GCA_022936345.1	identical	https://ftp.ncbi.nlm.nih.gov/genomes/all/GCF/022/936/345/GCF_022936345.1_ASM2293634v1	./Development/ThreeFold/data/external/Salmonella/GCF_022936345.1_ASM2293634v1_genomic.fna.gz
GCF_022936365.1	PRJNA224116	SAMN25644119	na	na	na	na	192955	28901	Salmonella enterica subsp. enterica serovar Kentucky	strain=N16-1393	na	latest	Complete Genome	Major	Full	2022-04-12	ASM2293636v1		GCA_022936365.1	identical	https://ftp.ncbi.nlm.nih.gov/genomes/all/GCF/022/936/365/GCF_022936365.1_ASM2293636v1	./Development/ThreeFold/data/external/Salmonella/GCF_022936365.1_ASM2293636v1_genomic.fna.gz
GCF_022936385.1	PRJNA224116	SAMN25644136	na	na	na	na	192955	28901	Salmonella enterica subsp. enterica serovar Kentucky	strain=N14-1660	na	latest	Complete Genome	Major	Full	2022-04-12	ASM2293638v1		GCA_022936385.1	identical	https://ftp.ncbi.nlm.nih.gov/genomes/all/GCF/022/936/385/GCF_022936385.1_ASM2293638v1	./Development/ThreeFold/data/external/Salmonella/GCF_022936385.1_ASM2293638v1_genomic.fna.gz
GCF_022936405.1	PRJNA224116	SAMN25644152	na	na	na	na	192955	28901	Salmonella enterica subsp. enterica serovar Kentucky	strain=N12-1542	na	latest	Complete Genome	Major	Full	2022-04-12	ASM2293640v1		GCA_022936405.1	identical	https://ftp.ncbi.nlm.nih.gov/genomes/all/GCF/022/936/405/GCF_022936405.1_ASM2293640v1	./Development/ThreeFold/data/external/Salmonella/GCF_022936405.1_ASM2293640v1_genomic.fna.gz
GCF_022936425.1	PRJNA224116	SAMN25644148	na	na	na	na	192955	28901	Salmonella enterica subsp. enterica serovar Kentucky	strain=N12-0931	na	latest	Complete Genome	Major	Full	2022-04-12	ASM2293642v1		GCA_022936425.1	identical	https://ftp.ncbi.nlm.nih.gov/genomes/all/GCF/022/936/425/GCF_022936425.1_ASM2293642v1	./Development/ThreeFold/data/external/Salmonella/GCF_022936425.1_ASM2293642v1_genomic.fna.gz
GCF_022936485.1	PRJNA224116	SAMN25644135	na	na	na	na	192955	28901	Salmonella enterica subsp. enterica serovar Kentucky	strain=N12-0259	na	latest	Complete Genome	Major	Full	2022-04-12	ASM2293648v1		GCA_022936485.1	identical	https://ftp.ncbi.nlm.nih.gov/genomes/all/GCF/022/936/485/GCF_022936485.1_ASM2293648v1	./Development/ThreeFold/data/external/Salmonella/GCF_022936485.1_ASM2293648v1_genomic.fna.gz
GCF_023159325.1	PRJNA224116	SAMN25644121	na	na	na	na	192955	28901	Salmonella enterica subsp. enterica serovar Kentucky	strain=N20-2289	na	latest	Complete Genome	Major	Full	2022-04-12	ASM2315932v1		GCA_023159325.1	identical	https://ftp.ncbi.nlm.nih.gov/genomes/all/GCF/023/159/325/GCF_023159325.1_ASM2315932v1	./Development/ThreeFold/data/external/Salmonella/GCF_023159325.1_ASM2315932v1_genomic.fna.gz
GCF_024442255.1	PRJNA224116	SAMN29723020	na	na	na	na	192955	28901	Salmonella enterica subsp. enterica serovar Kentucky	strain=KCID6	na	latest	Complete Genome	Major	Full	2022-07-26	ASM2444225v1		GCA_024442255.1	identical	https://ftp.ncbi.nlm.nih.gov/genomes/all/GCF/024/442/255/GCF_024442255.1_ASM2444225v1	./Development/ThreeFold/data/external/Salmonella/GCF_024442255.1_ASM2444225v1_genomic.fna.gz
GCF_024442275.1	PRJNA224116	SAMN29723019	na	na	na	na	192955	28901	Salmonella enterica subsp. enterica serovar Kentucky	strain=BCID6	na	latest	Complete Genome	Major	Full	2022-07-26	ASM2444227v1		GCA_024442275.1	identical	https://ftp.ncbi.nlm.nih.gov/genomes/all/GCF/024/442/275/GCF_024442275.1_ASM2444227v1	./Development/ThreeFold/data/external/Salmonella/GCF_024442275.1_ASM2444227v1_genomic.fna.gz
GCF_024722255.1	PRJNA224116	SAMN30275504	na	na	na	na	192955	28901	Salmonella enterica subsp. enterica serovar Kentucky	na	AH19MCS1	latest	Complete Genome	Major	Full	2022-08-21	ASM2472225v1		GCA_024722255.1	identical	https://ftp.ncbi.nlm.nih.gov/genomes/all/GCF/024/722/255/GCF_024722255.1_ASM2472225v1	./Development/ThreeFold/data/external/Salmonella/GCF_024722255.1_ASM2472225v1_genomic.fna.gz
GCF_024722455.1	PRJNA224116	SAMN30275502	na	na	na	na	192955	28901	Salmonella enterica subsp. enterica serovar Kentucky	strain=AH19MCS8	na	latest	Complete Genome	Major	Full	2022-08-21	ASM2472245v1		GCA_024722455.1	identical	https://ftp.ncbi.nlm.nih.gov/genomes/all/GCF/024/722/455/GCF_024722455.1_ASM2472245v1	./Development/ThreeFold/data/external/Salmonella/GCF_024722455.1_ASM2472245v1_genomic.fna.gz
GCF_024722475.1	PRJNA224116	SAMN30275503	na	na	na	na	192955	28901	Salmonella enterica subsp. enterica serovar Kentucky	na	AH19MCS11	latest	Complete Genome	Major	Full	2022-08-21	ASM2472247v1		GCA_024722475.1	identical	https://ftp.ncbi.nlm.nih.gov/genomes/all/GCF/024/722/475/GCF_024722475.1_ASM2472247v1	./Development/ThreeFold/data/external/Salmonella/GCF_024722475.1_ASM2472247v1_genomic.fna.gz
GCF_025159055.2	PRJNA224116	SAMN30448801	na	na	na	na	192955	28901	Salmonella enterica subsp. enterica serovar Kentucky	strain=Sal-FJ2064	na	latest	Complete Genome	Major	Full	2023-07-18	ASM2515905v2		GCA_025159055.2	identical	https://ftp.ncbi.nlm.nih.gov/genomes/all/GCF/025/159/055/GCF_025159055.2_ASM2515905v2	./Development/ThreeFold/data/external/Salmonella/GCF_025159055.2_ASM2515905v2_genomic.fna.gz
GCF_036820215.1	PRJNA224116	SAMN08386833	na	na	na	na	192955	28901	Salmonella enterica subsp. enterica serovar Kentucky	strain=SSSE-01	na	latest	Complete Genome	Major	Full	2024-04-05	ASM3682021v1		GCA_036820215.1	identical	https://ftp.ncbi.nlm.nih.gov/genomes/all/GCF/036/820/215/GCF_036820215.1_ASM3682021v1	./Development/ThreeFold/data/external/Salmonella/GCF_036820215.1_ASM3682021v1_genomic.fna.gz
GCF_036821985.1	PRJNA224116	SAMN08387019	na	na	na	na	192955	28901	Salmonella enterica subsp. enterica serovar Kentucky	strain=SSSE-03	na	latest	Complete Genome	Major	Full	2024-04-05	ASM3682198v1		GCA_036821985.1	identical	https://ftp.ncbi.nlm.nih.gov/genomes/all/GCF/036/821/985/GCF_036821985.1_ASM3682198v1	./Development/ThreeFold/data/external/Salmonella/GCF_036821985.1_ASM3682198v1_genomic.fna.gz
GCF_041117435.1	PRJNA224116	SAMN42927672	na	na	na	na	192955	28901	Salmonella enterica subsp. enterica serovar Kentucky	strain=H4	na	latest	Complete Genome	Major	Full	2024-08-09	ASM4111743v1		GCA_041117435.1	identical	https://ftp.ncbi.nlm.nih.gov/genomes/all/GCF/041/117/435/GCF_041117435.1_ASM4111743v1	./Development/ThreeFold/data/external/Salmonella/GCF_041117435.1_ASM4111743v1_genomic.fna.gz
GCF_000007545.1	PRJNA224116	SAMN02604095	na	na	na	assembly from synonym type material	209261	28901	Salmonella enterica subsp. enterica serovar Typhi str. Ty2	strain=Ty2	na	latest	Complete Genome	Major	Full	2003-03-21	ASM754v1		GCA_000007545.1	identical	https://ftp.ncbi.nlm.nih.gov/genomes/all/GCF/000/007/545/GCF_000007545.1_ASM754v1	./Development/ThreeFold/data/external/Salmonella/GCF_000007545.1_ASM754v1_genomic.fna.gz
GCF_901457615.1	PRJNA224116	SAMEA5577690	na	na	na	na	209261	28901	Salmonella enterica subsp. enterica serovar Typhi str. Ty2	strain=4316STDY6559669	na	latest	Complete Genome	Major	Full	2019-05-11	ERS3381924		GCA_901457615.1	identical	https://ftp.ncbi.nlm.nih.gov/genomes/all/GCF/901/457/615/GCF_901457615.1_ERS3381924	./Development/ThreeFold/data/external/Salmonella/GCF_901457615.1_ERS3381924_genomic.fna.gz
GCF_901457625.1	PRJNA224116	SAMEA5577693	na	na	na	na	209261	28901	Salmonella enterica subsp. enterica serovar Typhi str. Ty2	strain=4316STDY6559672	na	latest	Complete Genome	Major	Full	2019-05-11	ERS3381927		GCA_901457625.1	identical	https://ftp.ncbi.nlm.nih.gov/genomes/all/GCF/901/457/625/GCF_901457625.1_ERS3381927	./Development/ThreeFold/data/external/Salmonella/GCF_901457625.1_ERS3381927_genomic.fna.gz
GCF_004194605.3	PRJNA224116	SAMN08848549	na	na	na	na	211968	28901	Salmonella enterica subsp. enterica serovar Albany	strain=sg_wt5	na	latest	Complete Genome	Major	Full	2019-03-25	ASM419460v3		GCA_004194605.3	identical	https://ftp.ncbi.nlm.nih.gov/genomes/all/GCF/004/194/605/GCF_004194605.3_ASM419460v3	./Development/ThreeFold/data/external/Salmonella/GCF_004194605.3_ASM419460v3_genomic.fna.gz
GCF_014394985.2	PRJNA224116	SAMN15903639	na	na	na	na	211968	28901	Salmonella enterica subsp. enterica serovar Albany	strain=R17.5974	na	latest	Complete Genome	Major	Full	2021-01-11	ASM1439498v2		GCA_014394985.2	identical	https://ftp.ncbi.nlm.nih.gov/genomes/all/GCF/014/394/985/GCF_014394985.2_ASM1439498v2	./Development/ThreeFold/data/external/Salmonella/GCF_014394985.2_ASM1439498v2_genomic.fna.gz
GCF_014805785.2	PRJNA224116	SAMN15944967	na	na	na	na	211968	28901	Salmonella enterica subsp. enterica serovar Albany	strain=R16.0556	na	latest	Complete Genome	Major	Full	2021-02-24	ASM1480578v2		GCA_014805785.2	identical	https://ftp.ncbi.nlm.nih.gov/genomes/all/GCF/014/805/785/GCF_014805785.2_ASM1480578v2	./Development/ThreeFold/data/external/Salmonella/GCF_014805785.2_ASM1480578v2_genomic.fna.gz
GCF_014840915.2	PRJNA224116	SAMN15944976	na	na	na	na	211968	28901	Salmonella enterica subsp. enterica serovar Albany	strain=R16.0431	na	latest	Complete Genome	Major	Full	2021-02-24	ASM1484091v2		GCA_014840915.2	identical	https://ftp.ncbi.nlm.nih.gov/genomes/all/GCF/014/840/915/GCF_014840915.2_ASM1484091v2	./Development/ThreeFold/data/external/Salmonella/GCF_014840915.2_ASM1484091v2_genomic.fna.gz
GCF_015159575.1	PRJNA224116	SAMN10425333	na	na	na	na	211968	28901	Salmonella enterica subsp. enterica serovar Albany	strain=R17.2117	na	latest	Complete Genome	Major	Full	2020-10-31	ASM1515957v1		GCA_015159575.1	identical	https://ftp.ncbi.nlm.nih.gov/genomes/all/GCF/015/159/575/GCF_015159575.1_ASM1515957v1	./Development/ThreeFold/data/external/Salmonella/GCF_015159575.1_ASM1515957v1_genomic.fna.gz
GCF_015708295.1	PRJNA224116	SAMN10425354	na	na	na	na	211968	28901	Salmonella enterica subsp. enterica serovar Albany	strain=R17.4301	na	latest	Complete Genome	Major	Full	2020-12-01	ASM1570829v1		GCA_015708295.1	identical	https://ftp.ncbi.nlm.nih.gov/genomes/all/GCF/015/708/295/GCF_015708295.1_ASM1570829v1	./Development/ThreeFold/data/external/Salmonella/GCF_015708295.1_ASM1570829v1_genomic.fna.gz
GCF_016025375.1	PRJNA224116	SAMN10425280	na	na	na	na	211968	28901	Salmonella enterica subsp. enterica serovar Albany	strain=R15.2267	na	latest	Complete Genome	Major	Full	2020-12-14	ASM1602537v1		GCA_016025375.1	identical	https://ftp.ncbi.nlm.nih.gov/genomes/all/GCF/016/025/375/GCF_016025375.1_ASM1602537v1	./Development/ThreeFold/data/external/Salmonella/GCF_016025375.1_ASM1602537v1_genomic.fna.gz
GCF_016025395.1	PRJNA224116	SAMN16987172	na	na	na	na	211968	28901	Salmonella enterica subsp. enterica serovar Albany	strain=R13.1544	na	latest	Complete Genome	Major	Full	2020-12-14	ASM1602539v1		GCA_016025395.1	identical	https://ftp.ncbi.nlm.nih.gov/genomes/all/GCF/016/025/395/GCF_016025395.1_ASM1602539v1	./Development/ThreeFold/data/external/Salmonella/GCF_016025395.1_ASM1602539v1_genomic.fna.gz
GCF_016025435.1	PRJNA224116	SAMN16987445	na	na	na	na	211968	28901	Salmonella enterica subsp. enterica serovar Albany	strain=R16.1424	na	latest	Complete Genome	Major	Full	2020-12-14	ASM1602543v1		GCA_016025435.1	identical	https://ftp.ncbi.nlm.nih.gov/genomes/all/GCF/016/025/435/GCF_016025435.1_ASM1602543v1	./Development/ThreeFold/data/external/Salmonella/GCF_016025435.1_ASM1602543v1_genomic.fna.gz
GCF_000210855.2	PRJNA224116	SAMEA3138382	na	na	na	na	216597	28901	Salmonella enterica subsp. enterica serovar Typhimurium str. SL1344	strain=SL1344	na	latest	Complete Genome	Major	Full	2012-03-23	ASM21085v2		GCA_000210855.2	identical	https://ftp.ncbi.nlm.nih.gov/genomes/all/GCF/000/210/855/GCF_000210855.2_ASM21085v2	./Development/ThreeFold/data/external/Salmonella/GCF_000210855.2_ASM21085v2_genomic.fna.gz
GCF_000252995.1	PRJNA224116	SAMEA3138409	na	na	reference genome	assembly from type material	218493	54736	Salmonella bongori NCTC 12419	strain=NCTC 12419	na	latest	Complete Genome	Major	Full	2011-07-06	ASM25299v1		GCA_000252995.1	identical	https://ftp.ncbi.nlm.nih.gov/genomes/all/GCF/000/252/995/GCF_000252995.1_ASM25299v1	./Development/ThreeFold/data/external/Salmonella/GCF_000252995.1_ASM25299v1_genomic.fna.gz
GCF_000195995.1	PRJNA224116	SAMEA1705914	na	na	na	na	220341	28901	Salmonella enterica subsp. enterica serovar Typhi str. CT18	strain=CT18	na	latest	Complete Genome	Major	Full	2003-05-06	ASM19599v1		GCA_000195995.1	identical	https://ftp.ncbi.nlm.nih.gov/genomes/all/GCF/000/195/995/GCF_000195995.1_ASM19599v1	./Development/ThreeFold/data/external/Salmonella/GCF_000195995.1_ASM19599v1_genomic.fna.gz
GCF_014854835.1	PRJNA224116	SAMN16282620	na	na	na	na	224727	28901	Salmonella enterica subsp. enterica serovar Kottbus	strain=Kharkiv	na	latest	Complete Genome	Major	Full	2020-10-06	ASM1485483v1		GCA_014854835.1	identical	https://ftp.ncbi.nlm.nih.gov/genomes/all/GCF/014/854/835/GCF_014854835.1_ASM1485483v1	./Development/ThreeFold/data/external/Salmonella/GCF_014854835.1_ASM1485483v1_genomic.fna.gz
GCF_030127065.1	PRJNA224116	SAMN35175716	na	na	na	na	224727	28901	Salmonella enterica subsp. enterica serovar Kottbus	strain=DSK01	na	latest	Complete Genome	Major	Full	2023-05-29	ASM3012706v1		GCA_030127065.1	identical	https://ftp.ncbi.nlm.nih.gov/genomes/all/GCF/030/127/065/GCF_030127065.1_ASM3012706v1	./Development/ThreeFold/data/external/Salmonella/GCF_030127065.1_ASM3012706v1_genomic.fna.gz
GCF_900086565.1	PRJNA224116	SAMEA3468845	na	na	na	na	224729	28901	Salmonella enterica subsp. enterica serovar Java	strain=NCTC5706	na	latest	Complete Genome	Major	Full	2016-05-19	39641_H02		GCA_900086565.1	identical	https://ftp.ncbi.nlm.nih.gov/genomes/all/GCF/900/086/565/GCF_900086565.1_39641_H02	./Development/ThreeFold/data/external/Salmonella/GCF_900086565.1_39641_H02_genomic.fna.gz
GCF_004358925.1	PRJNA224116	SAMN11129919	na	na	na	na	260678	28901	Salmonella enterica subsp. enterica serovar Goldcoast	strain=R18.0877	na	latest	Complete Genome	Major	Full	2019-03-21	ASM435892v1		GCA_004358925.1	identical	https://ftp.ncbi.nlm.nih.gov/genomes/all/GCF/004/358/925/GCF_004358925.1_ASM435892v1	./Development/ThreeFold/data/external/Salmonella/GCF_004358925.1_ASM435892v1_genomic.fna.gz
GCF_006228345.1	PRJNA224116	SAMN11353131	na	na	na	na	260678	28901	Salmonella enterica subsp. enterica serovar Goldcoast	strain=Sal-5364	na	latest	Complete Genome	Major	Full	2019-06-11	ASM622834v1		GCA_006228345.1	identical	https://ftp.ncbi.nlm.nih.gov/genomes/all/GCF/006/228/345/GCF_006228345.1_ASM622834v1	./Development/ThreeFold/data/external/Salmonella/GCF_006228345.1_ASM622834v1_genomic.fna.gz
GCF_014858545.1	PRJNA224116	SAMN11546982	na	na	na	na	260678	28901	Salmonella enterica subsp. enterica serovar Goldcoast	strain=R18.1656	na	latest	Complete Genome	Major	Full	2020-10-07	ASM1485854v1		GCA_014858545.1	identical	https://ftp.ncbi.nlm.nih.gov/genomes/all/GCF/014/858/545/GCF_014858545.1_ASM1485854v1	./Development/ThreeFold/data/external/Salmonella/GCF_014858545.1_ASM1485854v1_genomic.fna.gz
GCF_014858565.1	PRJNA224116	SAMN11546980	na	na	na	na	260678	28901	Salmonella enterica subsp. enterica serovar Goldcoast	strain=R18.1074	na	latest	Complete Genome	Major	Full	2020-10-07	ASM1485856v1		GCA_014858565.1	identical	https://ftp.ncbi.nlm.nih.gov/genomes/all/GCF/014/858/565/GCF_014858565.1_ASM1485856v1	./Development/ThreeFold/data/external/Salmonella/GCF_014858565.1_ASM1485856v1_genomic.fna.gz
GCF_021397625.1	PRJNA224116	SAMN24108481	na	na	na	na	260678	28901	Salmonella enterica subsp. enterica serovar Goldcoast	strain=5ASAL05	na	latest	Complete Genome	Major	Full	2022-01-10	ASM2139762v1		GCA_021397625.1	identical	https://ftp.ncbi.nlm.nih.gov/genomes/all/GCF/021/397/625/GCF_021397625.1_ASM2139762v1	./Development/ThreeFold/data/external/Salmonella/GCF_021397625.1_ASM2139762v1_genomic.fna.gz
GCF_021397645.1	PRJNA224116	SAMN24108485	na	na	na	na	260678	28901	Salmonella enterica subsp. enterica serovar Goldcoast	strain=5ASAL09	na	latest	Complete Genome	Major	Full	2022-01-10	ASM2139764v1		GCA_021397645.1	identical	https://ftp.ncbi.nlm.nih.gov/genomes/all/GCF/021/397/645/GCF_021397645.1_ASM2139764v1	./Development/ThreeFold/data/external/Salmonella/GCF_021397645.1_ASM2139764v1_genomic.fna.gz
GCF_021397675.1	PRJNA224116	SAMN24108483	na	na	na	na	260678	28901	Salmonella enterica subsp. enterica serovar Goldcoast	strain=5ASAL07	na	latest	Complete Genome	Major	Full	2022-01-10	ASM2139767v1		GCA_021397675.1	identical	https://ftp.ncbi.nlm.nih.gov/genomes/all/GCF/021/397/675/GCF_021397675.1_ASM2139767v1	./Development/ThreeFold/data/external/Salmonella/GCF_021397675.1_ASM2139767v1_genomic.fna.gz
GCF_024266185.1	PRJNA224116	SAMN11546974	na	na	na	na	260678	28901	Salmonella enterica subsp. enterica serovar Goldcoast	strain=R18.0450	na	latest	Complete Genome	Major	Full	2022-07-14	ASM2426618v1		GCA_024266185.1	identical	https://ftp.ncbi.nlm.nih.gov/genomes/all/GCF/024/266/185/GCF_024266185.1_ASM2426618v1	./Development/ThreeFold/data/external/Salmonella/GCF_024266185.1_ASM2426618v1_genomic.fna.gz
GCF_024266205.1	PRJNA224116	SAMN11546981	na	na	na	na	260678	28901	Salmonella enterica subsp. enterica serovar Goldcoast	strain=R18.1297	na	latest	Complete Genome	Major	Full	2022-07-14	ASM2426620v1		GCA_024266205.1	identical	https://ftp.ncbi.nlm.nih.gov/genomes/all/GCF/024/266/205/GCF_024266205.1_ASM2426620v1	./Development/ThreeFold/data/external/Salmonella/GCF_024266205.1_ASM2426620v1_genomic.fna.gz
GCF_029166965.1	PRJNA224116	SAMN33329050	na	na	na	na	260678	28901	Salmonella enterica subsp. enterica serovar Goldcoast	na	Sal02792	latest	Complete Genome	Major	Full	2023-03-11	ASM2916696v1		GCA_029166965.1	identical	https://ftp.ncbi.nlm.nih.gov/genomes/all/GCF/029/166/965/GCF_029166965.1_ASM2916696v1	./Development/ThreeFold/data/external/Salmonella/GCF_029166965.1_ASM2916696v1_genomic.fna.gz
GCF_046838395.1	PRJNA224116	SAMN46004186	na	na	na	na	260678	28901	Salmonella enterica subsp. enterica serovar Goldcoast	strain=T67	na	latest	Complete Genome	Major	Full	2025-01-22	ASM4683839v1		GCA_046838395.1	identical	https://ftp.ncbi.nlm.nih.gov/genomes/all/GCF/046/838/395/GCF_046838395.1_ASM4683839v1	./Development/ThreeFold/data/external/Salmonella/GCF_046838395.1_ASM4683839v1_genomic.fna.gz
GCF_000807055.2	PRJNA224116	SAMN03079662	na	na	na	na	260680	28901	Salmonella enterica subsp. enterica serovar Livingstone	strain=CFSAN024717	na	latest	Complete Genome	Major	Full	2021-05-11	ASM80705v2		GCA_000807055.2	identical	https://ftp.ncbi.nlm.nih.gov/genomes/all/GCF/000/807/055/GCF_000807055.2_ASM80705v2	./Development/ThreeFold/data/external/Salmonella/GCF_000807055.2_ASM80705v2_genomic.fna.gz
GCF_002266325.2	PRJNA224116	SAMN07163933	na	na	na	na	286782	28901	Salmonella enterica subsp. enterica serovar Stanleyville	strain=CFSAN059881	na	latest	Complete Genome	Major	Full	2021-06-07	ASM226632v2		GCA_002266325.2	identical	https://ftp.ncbi.nlm.nih.gov/genomes/all/GCF/002/266/325/GCF_002266325.2_ASM226632v2	./Development/ThreeFold/data/external/Salmonella/GCF_002266325.2_ASM226632v2_genomic.fna.gz
GCF_002224405.1	PRJNA224116	SAMN07344413	na	na	na	na	286783	28901	Salmonella enterica subsp. enterica serovar Indiana	strain=D90	na	latest	Complete Genome	Major	Full	2017-07-24	ASM222440v1		GCA_002224405.1	identical	https://ftp.ncbi.nlm.nih.gov/genomes/all/GCF/002/224/405/GCF_002224405.1_ASM222440v1	./Development/ThreeFold/data/external/Salmonella/GCF_002224405.1_ASM222440v1_genomic.fna.gz
GCF_005221485.1	PRJNA224116	SAMN08724823	na	na	na	na	286783	28901	Salmonella enterica subsp. enterica serovar Indiana	strain=JT 01	na	latest	Complete Genome	Major	Full	2019-05-07	ASM522148v1		GCA_005221485.1	identical	https://ftp.ncbi.nlm.nih.gov/genomes/all/GCF/005/221/485/GCF_005221485.1_ASM522148v1	./Development/ThreeFold/data/external/Salmonella/GCF_005221485.1_ASM522148v1_genomic.fna.gz
GCF_006517035.1	PRJNA224116	SAMN11979402	na	na	na	na	286783	28901	Salmonella enterica subsp. enterica serovar Indiana	strain=SJTUF87912v2	food	latest	Complete Genome	Major	Full	2019-06-30	ASM651703v1		GCA_006517035.1	identical	https://ftp.ncbi.nlm.nih.gov/genomes/all/GCF/006/517/035/GCF_006517035.1_ASM651703v1	./Development/ThreeFold/data/external/Salmonella/GCF_006517035.1_ASM651703v1_genomic.fna.gz
GCF_006517075.1	PRJNA224116	SAMN11979401	na	na	na	na	286783	28901	Salmonella enterica subsp. enterica serovar Indiana	strain=SJTUF13520v2	food	latest	Complete Genome	Major	Full	2019-06-30	ASM651707v1		GCA_006517075.1	identical	https://ftp.ncbi.nlm.nih.gov/genomes/all/GCF/006/517/075/GCF_006517075.1_ASM651707v1	./Development/ThreeFold/data/external/Salmonella/GCF_006517075.1_ASM651707v1_genomic.fna.gz
GCF_008330205.1	PRJNA224116	SAMN12287751	na	na	na	na	286783	28901	Salmonella enterica subsp. enterica serovar Indiana	strain=FJC33	na	latest	Complete Genome	Major	Full	2019-09-09	ASM833020v1		GCA_008330205.1	identical	https://ftp.ncbi.nlm.nih.gov/genomes/all/GCF/008/330/205/GCF_008330205.1_ASM833020v1	./Development/ThreeFold/data/external/Salmonella/GCF_008330205.1_ASM833020v1_genomic.fna.gz
GCF_012052085.1	PRJNA224116	SAMN14450160	na	na	na	na	286783	28901	Salmonella enterica subsp. enterica serovar Indiana	strain=SI174	na	latest	Complete Genome	Major	Full	2020-04-06	ASM1205208v1		GCA_012052085.1	identical	https://ftp.ncbi.nlm.nih.gov/genomes/all/GCF/012/052/085/GCF_012052085.1_ASM1205208v1	./Development/ThreeFold/data/external/Salmonella/GCF_012052085.1_ASM1205208v1_genomic.fna.gz
GCF_012052445.1	PRJNA224116	SAMN14450159	na	na	na	na	286783	28901	Salmonella enterica subsp. enterica serovar Indiana	strain=SI173	na	latest	Complete Genome	Major	Full	2020-04-06	ASM1205244v1		GCA_012052445.1	identical	https://ftp.ncbi.nlm.nih.gov/genomes/all/GCF/012/052/445/GCF_012052445.1_ASM1205244v1	./Development/ThreeFold/data/external/Salmonella/GCF_012052445.1_ASM1205244v1_genomic.fna.gz
GCF_012052605.1	PRJNA224116	SAMN14450154	na	na	na	na	286783	28901	Salmonella enterica subsp. enterica serovar Indiana	strain=SI102	na	latest	Complete Genome	Major	Full	2020-04-06	ASM1205260v1		GCA_012052605.1	identical	https://ftp.ncbi.nlm.nih.gov/genomes/all/GCF/012/052/605/GCF_012052605.1_ASM1205260v1	./Development/ThreeFold/data/external/Salmonella/GCF_012052605.1_ASM1205260v1_genomic.fna.gz
GCF_012052805.1	PRJNA224116	SAMN14450157	na	na	na	na	286783	28901	Salmonella enterica subsp. enterica serovar Indiana	strain=SI115	na	latest	Complete Genome	Major	Full	2020-04-06	ASM1205280v1		GCA_012052805.1	identical	https://ftp.ncbi.nlm.nih.gov/genomes/all/GCF/012/052/805/GCF_012052805.1_ASM1205280v1	./Development/ThreeFold/data/external/Salmonella/GCF_012052805.1_ASM1205280v1_genomic.fna.gz
GCF_012052965.1	PRJNA224116	SAMN14450158	na	na	na	na	286783	28901	Salmonella enterica subsp. enterica serovar Indiana	strain=SI170	na	latest	Complete Genome	Major	Full	2020-04-06	ASM1205296v1		GCA_012052965.1	identical	https://ftp.ncbi.nlm.nih.gov/genomes/all/GCF/012/052/965/GCF_012052965.1_ASM1205296v1	./Development/ThreeFold/data/external/Salmonella/GCF_012052965.1_ASM1205296v1_genomic.fna.gz
GCF_012053145.1	PRJNA224116	SAMN14450156	na	na	na	na	286783	28901	Salmonella enterica subsp. enterica serovar Indiana	strain=SI111	na	latest	Complete Genome	Major	Full	2020-04-06	ASM1205314v1		GCA_012053145.1	identical	https://ftp.ncbi.nlm.nih.gov/genomes/all/GCF/012/053/145/GCF_012053145.1_ASM1205314v1	./Development/ThreeFold/data/external/Salmonella/GCF_012053145.1_ASM1205314v1_genomic.fna.gz
GCF_012053325.1	PRJNA224116	SAMN14450155	na	na	na	na	286783	28901	Salmonella enterica subsp. enterica serovar Indiana	strain=SI108	na	latest	Complete Genome	Major	Full	2020-04-06	ASM1205332v1		GCA_012053325.1	identical	https://ftp.ncbi.nlm.nih.gov/genomes/all/GCF/012/053/325/GCF_012053325.1_ASM1205332v1	./Development/ThreeFold/data/external/Salmonella/GCF_012053325.1_ASM1205332v1_genomic.fna.gz
GCF_012053525.1	PRJNA224116	SAMN14450153	na	na	na	na	286783	28901	Salmonella enterica subsp. enterica serovar Indiana	strain=SI96	na	latest	Complete Genome	Major	Full	2020-04-06	ASM1205352v1		GCA_012053525.1	identical	https://ftp.ncbi.nlm.nih.gov/genomes/all/GCF/012/053/525/GCF_012053525.1_ASM1205352v1	./Development/ThreeFold/data/external/Salmonella/GCF_012053525.1_ASM1205352v1_genomic.fna.gz
GCF_012053725.1	PRJNA224116	SAMN14450150	na	na	na	na	286783	28901	Salmonella enterica subsp. enterica serovar Indiana	strain=SI43	na	latest	Complete Genome	Major	Full	2020-04-06	ASM1205372v1		GCA_012053725.1	identical	https://ftp.ncbi.nlm.nih.gov/genomes/all/GCF/012/053/725/GCF_012053725.1_ASM1205372v1	./Development/ThreeFold/data/external/Salmonella/GCF_012053725.1_ASM1205372v1_genomic.fna.gz
GCF_012053905.1	PRJNA224116	SAMN14450151	na	na	na	na	286783	28901	Salmonella enterica subsp. enterica serovar Indiana	strain=SI67	na	latest	Complete Genome	Major	Full	2020-04-06	ASM1205390v1		GCA_012053905.1	identical	https://ftp.ncbi.nlm.nih.gov/genomes/all/GCF/012/053/905/GCF_012053905.1_ASM1205390v1	./Development/ThreeFold/data/external/Salmonella/GCF_012053905.1_ASM1205390v1_genomic.fna.gz
GCF_012054045.1	PRJNA224116	SAMN14450152	na	na	na	na	286783	28901	Salmonella enterica subsp. enterica serovar Indiana	strain=SI85	na	latest	Complete Genome	Major	Full	2020-04-06	ASM1205404v1		GCA_012054045.1	identical	https://ftp.ncbi.nlm.nih.gov/genomes/all/GCF/012/054/045/GCF_012054045.1_ASM1205404v1	./Development/ThreeFold/data/external/Salmonella/GCF_012054045.1_ASM1205404v1_genomic.fna.gz
GCF_014217955.1	PRJNA224116	SAMN09699339	na	na	na	na	286783	28901	Salmonella enterica subsp. enterica serovar Indiana	strain=222	na	latest	Complete Genome	Major	Full	2020-08-17	ASM1421795v1		GCA_014217955.1	identical	https://ftp.ncbi.nlm.nih.gov/genomes/all/GCF/014/217/955/GCF_014217955.1_ASM1421795v1	./Development/ThreeFold/data/external/Salmonella/GCF_014217955.1_ASM1421795v1_genomic.fna.gz
GCF_015697765.1	PRJNA224116	SAMN15962527	na	na	na	na	286783	28901	Salmonella enterica subsp. enterica serovar Indiana	strain=S530	na	latest	Complete Genome	Major	Full	2020-11-30	ASM1569776v1		GCA_015697765.1	identical	https://ftp.ncbi.nlm.nih.gov/genomes/all/GCF/015/697/765/GCF_015697765.1_ASM1569776v1	./Development/ThreeFold/data/external/Salmonella/GCF_015697765.1_ASM1569776v1_genomic.fna.gz
GCF_021228955.1	PRJNA224116	SAMN23799606	na	na	na	na	286783	28901	Salmonella enterica subsp. enterica serovar Indiana	strain=YZ21MCS4	na	latest	Complete Genome	Major	Full	2021-12-19	ASM2122895v1		GCA_021228955.1	identical	https://ftp.ncbi.nlm.nih.gov/genomes/all/GCF/021/228/955/GCF_021228955.1_ASM2122895v1	./Development/ThreeFold/data/external/Salmonella/GCF_021228955.1_ASM2122895v1_genomic.fna.gz
GCF_022350005.1	PRJNA224116	SAMN25873476	na	na	na	na	286783	28901	Salmonella enterica subsp. enterica serovar Indiana	strain=15	na	latest	Complete Genome	Major	Full	2022-02-21	ASM2235000v1		GCA_022350005.1	identical	https://ftp.ncbi.nlm.nih.gov/genomes/all/GCF/022/350/005/GCF_022350005.1_ASM2235000v1	./Development/ThreeFold/data/external/Salmonella/GCF_022350005.1_ASM2235000v1_genomic.fna.gz
GCF_023158855.1	PRJNA224116	SAMN27647540	na	na	na	na	286783	28901	Salmonella enterica subsp. enterica serovar Indiana	strain=22	na	latest	Complete Genome	Major	Full	2022-04-27	ASM2315885v1		GCA_023158855.1	identical	https://ftp.ncbi.nlm.nih.gov/genomes/all/GCF/023/158/855/GCF_023158855.1_ASM2315885v1	./Development/ThreeFold/data/external/Salmonella/GCF_023158855.1_ASM2315885v1_genomic.fna.gz
GCF_023848535.1	PRJNA224116	SAMN28950535	na	na	na	na	286783	28901	Salmonella enterica subsp. enterica serovar Indiana	strain=YZ20MCS6	na	latest	Complete Genome	Major	Full	2022-06-22	ASM2384853v1		GCA_023848535.1	identical	https://ftp.ncbi.nlm.nih.gov/genomes/all/GCF/023/848/535/GCF_023848535.1_ASM2384853v1	./Development/ThreeFold/data/external/Salmonella/GCF_023848535.1_ASM2384853v1_genomic.fna.gz
GCF_023848615.1	PRJNA224116	SAMN28950567	na	na	na	na	286783	28901	Salmonella enterica subsp. enterica serovar Indiana	strain=YZ20MCS14	na	latest	Complete Genome	Major	Full	2022-06-22	ASM2384861v1		GCA_023848615.1	identical	https://ftp.ncbi.nlm.nih.gov/genomes/all/GCF/023/848/615/GCF_023848615.1_ASM2384861v1	./Development/ThreeFold/data/external/Salmonella/GCF_023848615.1_ASM2384861v1_genomic.fna.gz
GCF_024731345.1	PRJNA224116	SAMN30306456	na	na	na	na	286783	28901	Salmonella enterica subsp. enterica serovar Indiana	strain=XZ14C1328	na	latest	Complete Genome	Major	Full	2022-08-22	ASM2473134v1		GCA_024731345.1	identical	https://ftp.ncbi.nlm.nih.gov/genomes/all/GCF/024/731/345/GCF_024731345.1_ASM2473134v1	./Development/ThreeFold/data/external/Salmonella/GCF_024731345.1_ASM2473134v1_genomic.fna.gz
GCF_029625035.1	PRJNA224116	SAMN33942062	na	na	na	na	286783	28901	Salmonella enterica subsp. enterica serovar Indiana	strain=S1467	na	latest	Complete Genome	Major	Full	2023-04-09	ASM2962503v1		GCA_029625035.1	identical	https://ftp.ncbi.nlm.nih.gov/genomes/all/GCF/029/625/035/GCF_029625035.1_ASM2962503v1	./Development/ThreeFold/data/external/Salmonella/GCF_029625035.1_ASM2962503v1_genomic.fna.gz
GCF_045278905.1	PRJNA224116	SAMN37527243	na	na	na	na	286783	28901	Salmonella enterica subsp. enterica serovar Indiana	strain=SJTUF14173V2	na	latest	Complete Genome	Major	Full	2024-11-26	ASM4527890v1		GCA_045278905.1	identical	https://ftp.ncbi.nlm.nih.gov/genomes/all/GCF/045/278/905/GCF_045278905.1_ASM4527890v1	./Development/ThreeFold/data/external/Salmonella/GCF_045278905.1_ASM4527890v1_genomic.fna.gz
GCF_045278915.1	PRJNA224116	SAMN37527244	na	na	na	na	286783	28901	Salmonella enterica subsp. enterica serovar Indiana	strain=SJTUF14184V2	na	latest	Complete Genome	Major	Full	2024-11-26	ASM4527891v1		GCA_045278915.1	identical	https://ftp.ncbi.nlm.nih.gov/genomes/all/GCF/045/278/915/GCF_045278915.1_ASM4527891v1	./Development/ThreeFold/data/external/Salmonella/GCF_045278915.1_ASM4527891v1_genomic.fna.gz
GCF_000011885.1	PRJNA224116	SAMN02604316	na	na	na	na	295319	28901	Salmonella enterica subsp. enterica serovar Paratyphi A str. ATCC 9150	strain=ATCC 9150	na	latest	Complete Genome	Major	Full	2004-11-30	ASM1188v1		GCA_000011885.1	identical	https://ftp.ncbi.nlm.nih.gov/genomes/all/GCF/000/011/885/GCF_000011885.1_ASM1188v1	./Development/ThreeFold/data/external/Salmonella/GCF_000011885.1_ASM1188v1_genomic.fna.gz
GCF_000008105.1	PRJNA224116	SAMN02603109	na	na	na	na	321314	28901	Salmonella enterica subsp. enterica serovar Choleraesuis str. SC-B67	strain=SC-B67	na	latest	Complete Genome	Major	Full	2005-04-01	ASM810v1		GCA_000008105.1	identical	https://ftp.ncbi.nlm.nih.gov/genomes/all/GCF/000/008/105/GCF_000008105.1_ASM810v1	./Development/ThreeFold/data/external/Salmonella/GCF_000008105.1_ASM810v1_genomic.fna.gz
GCF_001941405.1	PRJNA224116	SAMN02910521	na	na	na	na	340188	28901	Salmonella enterica subsp. enterica serovar Cerro	strain=87	na	latest	Complete Genome	Major	Full	2017-01-10	ASM194140v1		GCA_001941405.1	identical	https://ftp.ncbi.nlm.nih.gov/genomes/all/GCF/001/941/405/GCF_001941405.1_ASM194140v1	./Development/ThreeFold/data/external/Salmonella/GCF_001941405.1_ASM194140v1_genomic.fna.gz
GCF_002234795.1	PRJNA224116	SAMN06045126	na	na	na	na	340189	28901	Salmonella enterica subsp. enterica serovar Manhattan	strain=SA20084699	na	latest	Complete Genome	Major	Full	2017-07-27	ASM223479v1		GCA_002234795.1	identical	https://ftp.ncbi.nlm.nih.gov/genomes/all/GCF/002/234/795/GCF_002234795.1_ASM223479v1	./Development/ThreeFold/data/external/Salmonella/GCF_002234795.1_ASM223479v1_genomic.fna.gz
GCF_009387895.1	PRJNA224116	SAMN13031564	na	na	na	na	340190	28901	Salmonella enterica subsp. enterica serovar Schwarzengrund	strain=12888	na	latest	Complete Genome	Major	Full	2019-10-29	ASM938789v1		GCA_009387895.1	identical	https://ftp.ncbi.nlm.nih.gov/genomes/all/GCF/009/387/895/GCF_009387895.1_ASM938789v1	./Development/ThreeFold/data/external/Salmonella/GCF_009387895.1_ASM938789v1_genomic.fna.gz
GCF_009388185.1	PRJNA224116	SAMN13031563	na	na	na	na	340190	28901	Salmonella enterica subsp. enterica serovar Schwarzengrund	strain=9355	na	latest	Complete Genome	Major	Full	2019-10-29	ASM938818v1		GCA_009388185.1	identical	https://ftp.ncbi.nlm.nih.gov/genomes/all/GCF/009/388/185/GCF_009388185.1_ASM938818v1	./Development/ThreeFold/data/external/Salmonella/GCF_009388185.1_ASM938818v1_genomic.fna.gz
GCF_016454205.1	PRJNA224116	SAMN14504815	na	na	na	na	340190	28901	Salmonella enterica subsp. enterica serovar Schwarzengrund	strain=CVM 30168	na	latest	Complete Genome	Major	Full	2020-12-31	ASM1645420v1		GCA_016454205.1	identical	https://ftp.ncbi.nlm.nih.gov/genomes/all/GCF/016/454/205/GCF_016454205.1_ASM1645420v1	./Development/ThreeFold/data/external/Salmonella/GCF_016454205.1_ASM1645420v1_genomic.fna.gz
GCF_019797945.1	PRJNA224116	SAMN20892915	na	na	na	na	340190	28901	Salmonella enterica subsp. enterica serovar Schwarzengrund	strain=S16	na	latest	Complete Genome	Major	Full	2021-08-30	ASM1979794v1		GCA_019797945.1	identical	https://ftp.ncbi.nlm.nih.gov/genomes/all/GCF/019/797/945/GCF_019797945.1_ASM1979794v1	./Development/ThreeFold/data/external/Salmonella/GCF_019797945.1_ASM1979794v1_genomic.fna.gz
GCF_020714705.1	PRJNA224116	SAMN22446300	na	na	na	na	340190	28901	Salmonella enterica subsp. enterica serovar Schwarzengrund	strain=Zapdos	na	latest	Complete Genome	Major	Full	2021-11-02	ASM2071470v1		GCA_020714705.1	identical	https://ftp.ncbi.nlm.nih.gov/genomes/all/GCF/020/714/705/GCF_020714705.1_ASM2071470v1	./Development/ThreeFold/data/external/Salmonella/GCF_020714705.1_ASM2071470v1_genomic.fna.gz
GCF_020714825.1	PRJNA224116	SAMN22446301	na	na	na	na	340190	28901	Salmonella enterica subsp. enterica serovar Schwarzengrund	strain=Moltres	na	latest	Complete Genome	Major	Full	2021-11-02	ASM2071482v1		GCA_020714825.1	identical	https://ftp.ncbi.nlm.nih.gov/genomes/all/GCF/020/714/825/GCF_020714825.1_ASM2071482v1	./Development/ThreeFold/data/external/Salmonella/GCF_020714825.1_ASM2071482v1_genomic.fna.gz
GCF_020714885.1	PRJNA224116	SAMN22446299	na	na	na	na	340190	28901	Salmonella enterica subsp. enterica serovar Schwarzengrund	strain=Articuno	na	latest	Complete Genome	Major	Full	2021-11-02	ASM2071488v1		GCA_020714885.1	identical	https://ftp.ncbi.nlm.nih.gov/genomes/all/GCF/020/714/885/GCF_020714885.1_ASM2071488v1	./Development/ThreeFold/data/external/Salmonella/GCF_020714885.1_ASM2071488v1_genomic.fna.gz
GCF_030505735.1	PRJNA224116	SAMN35361206	na	na	na	na	340190	28901	Salmonella enterica subsp. enterica serovar Schwarzengrund	strain=SEWLSH-26	na	latest	Complete Genome	Major	Full	2023-07-19	ASM3050573v1		GCA_030505735.1	identical	https://ftp.ncbi.nlm.nih.gov/genomes/all/GCF/030/505/735/GCF_030505735.1_ASM3050573v1	./Development/ThreeFold/data/external/Salmonella/GCF_030505735.1_ASM3050573v1_genomic.fna.gz
GCF_030505755.1	PRJNA224116	SAMN35361205	na	na	na	na	340190	28901	Salmonella enterica subsp. enterica serovar Schwarzengrund	strain=SEWLSH-25	na	latest	Complete Genome	Major	Full	2023-07-19	ASM3050575v1		GCA_030505755.1	identical	https://ftp.ncbi.nlm.nih.gov/genomes/all/GCF/030/505/755/GCF_030505755.1_ASM3050575v1	./Development/ThreeFold/data/external/Salmonella/GCF_030505755.1_ASM3050575v1_genomic.fna.gz
GCF_030505775.1	PRJNA224116	SAMN35361203	na	na	na	na	340190	28901	Salmonella enterica subsp. enterica serovar Schwarzengrund	strain=SEWLSH-7	na	latest	Complete Genome	Major	Full	2023-07-19	ASM3050577v1		GCA_030505775.1	identical	https://ftp.ncbi.nlm.nih.gov/genomes/all/GCF/030/505/775/GCF_030505775.1_ASM3050577v1	./Development/ThreeFold/data/external/Salmonella/GCF_030505775.1_ASM3050577v1_genomic.fna.gz
GCF_030505815.1	PRJNA224116	SAMN35361201	na	na	na	na	340190	28901	Salmonella enterica subsp. enterica serovar Schwarzengrund	strain=SEMDH-29	na	latest	Complete Genome	Major	Full	2023-07-19	ASM3050581v1		GCA_030505815.1	identical	https://ftp.ncbi.nlm.nih.gov/genomes/all/GCF/030/505/815/GCF_030505815.1_ASM3050581v1	./Development/ThreeFold/data/external/Salmonella/GCF_030505815.1_ASM3050581v1_genomic.fna.gz
GCF_030505835.1	PRJNA224116	SAMN35361200	na	na	na	na	340190	28901	Salmonella enterica subsp. enterica serovar Schwarzengrund	strain=SECVM-17	na	latest	Complete Genome	Major	Full	2023-07-19	ASM3050583v1		GCA_030505835.1	identical	https://ftp.ncbi.nlm.nih.gov/genomes/all/GCF/030/505/835/GCF_030505835.1_ASM3050583v1	./Development/ThreeFold/data/external/Salmonella/GCF_030505835.1_ASM3050583v1_genomic.fna.gz
GCF_030505875.1	PRJNA224116	SAMN35361198	na	na	na	na	340190	28901	Salmonella enterica subsp. enterica serovar Schwarzengrund	strain=SECVM-15	na	latest	Complete Genome	Major	Full	2023-07-19	ASM3050587v1		GCA_030505875.1	identical	https://ftp.ncbi.nlm.nih.gov/genomes/all/GCF/030/505/875/GCF_030505875.1_ASM3050587v1	./Development/ThreeFold/data/external/Salmonella/GCF_030505875.1_ASM3050587v1_genomic.fna.gz
GCF_030505895.1	PRJNA224116	SAMN35361197	na	na	na	na	340190	28901	Salmonella enterica subsp. enterica serovar Schwarzengrund	strain=SECVM-14	na	latest	Complete Genome	Major	Full	2023-07-19	ASM3050589v1		GCA_030505895.1	identical	https://ftp.ncbi.nlm.nih.gov/genomes/all/GCF/030/505/895/GCF_030505895.1_ASM3050589v1	./Development/ThreeFold/data/external/Salmonella/GCF_030505895.1_ASM3050589v1_genomic.fna.gz
GCF_030505915.1	PRJNA224116	SAMN35361196	na	na	na	na	340190	28901	Salmonella enterica subsp. enterica serovar Schwarzengrund	strain=SECVM-13	na	latest	Complete Genome	Major	Full	2023-07-19	ASM3050591v1		GCA_030505915.1	identical	https://ftp.ncbi.nlm.nih.gov/genomes/all/GCF/030/505/915/GCF_030505915.1_ASM3050591v1	./Development/ThreeFold/data/external/Salmonella/GCF_030505915.1_ASM3050591v1_genomic.fna.gz
GCF_030505935.1	PRJNA224116	SAMN35361195	na	na	na	na	340190	28901	Salmonella enterica subsp. enterica serovar Schwarzengrund	strain=SE CVM-11	na	latest	Complete Genome	Major	Full	2023-07-19	ASM3050593v1		GCA_030505935.1	identical	https://ftp.ncbi.nlm.nih.gov/genomes/all/GCF/030/505/935/GCF_030505935.1_ASM3050593v1	./Development/ThreeFold/data/external/Salmonella/GCF_030505935.1_ASM3050593v1_genomic.fna.gz
GCF_030505955.1	PRJNA224116	SAMN35361194	na	na	na	na	340190	28901	Salmonella enterica subsp. enterica serovar Schwarzengrund	strain=SECVM-10	na	latest	Complete Genome	Major	Full	2023-07-19	ASM3050595v1		GCA_030505955.1	identical	https://ftp.ncbi.nlm.nih.gov/genomes/all/GCF/030/505/955/GCF_030505955.1_ASM3050595v1	./Development/ThreeFold/data/external/Salmonella/GCF_030505955.1_ASM3050595v1_genomic.fna.gz
GCF_030505995.1	PRJNA224116	SAMN35361192	na	na	na	na	340190	28901	Salmonella enterica subsp. enterica serovar Schwarzengrund	strain=SECVM-5	na	latest	Complete Genome	Major	Full	2023-07-19	ASM3050599v1		GCA_030505995.1	identical	https://ftp.ncbi.nlm.nih.gov/genomes/all/GCF/030/505/995/GCF_030505995.1_ASM3050599v1	./Development/ThreeFold/data/external/Salmonella/GCF_030505995.1_ASM3050599v1_genomic.fna.gz
GCF_030506155.1	PRJNA224116	SAMN35361204	na	na	na	na	340190	28901	Salmonella enterica subsp. enterica serovar Schwarzengrund	strain=SEWLSH-13	na	latest	Complete Genome	Major	Full	2023-07-19	ASM3050615v1		GCA_030506155.1	identical	https://ftp.ncbi.nlm.nih.gov/genomes/all/GCF/030/506/155/GCF_030506155.1_ASM3050615v1	./Development/ThreeFold/data/external/Salmonella/GCF_030506155.1_ASM3050615v1_genomic.fna.gz
GCF_030863765.1	PRJNA224116	SAMN11030399	na	na	na	na	353569	28901	Salmonella enterica subsp. enterica serovar 4,12:i:-	strain=CFIAFB20160237	na	latest	Complete Genome	Major	Full	2023-08-23	ASM3086376v1		GCA_030863765.1	identical	https://ftp.ncbi.nlm.nih.gov/genomes/all/GCF/030/863/765/GCF_030863765.1_ASM3086376v1	./Development/ThreeFold/data/external/Salmonella/GCF_030863765.1_ASM3086376v1_genomic.fna.gz
GCF_031182935.1	PRJNA224116	SAMN37156894	na	na	na	na	358771	28901	Salmonella enterica subsp. enterica serovar Kedougou	strain=SA613	na	latest	Complete Genome	Major	Full	2023-09-03	ASM3118293v1		GCA_031182935.1	identical	https://ftp.ncbi.nlm.nih.gov/genomes/all/GCF/031/182/935/GCF_031182935.1_ASM3118293v1	./Development/ThreeFold/data/external/Salmonella/GCF_031182935.1_ASM3118293v1_genomic.fna.gz
GCF_019931635.1	PRJNA224116	SAMN21166609	na	na	na	na	367181	28901	Salmonella enterica subsp. enterica serovar Newlands	strain=ZC-S1 3rd	na	latest	Complete Genome	Major	Full	2021-09-13	ASM1993163v1		GCA_019931635.1	identical	https://ftp.ncbi.nlm.nih.gov/genomes/all/GCF/019/931/635/GCF_019931635.1_ASM1993163v1	./Development/ThreeFold/data/external/Salmonella/GCF_019931635.1_ASM1993163v1_genomic.fna.gz
GCF_011057955.1	PRJNA224116	SAMN12657726	na	na	na	na	399587	28901	Salmonella enterica subsp. enterica serovar Rissen	strain=GJ0703-2	na	latest	Complete Genome	Major	Full	2020-03-02	ASM1105795v1		GCA_011057955.1	identical	https://ftp.ncbi.nlm.nih.gov/genomes/all/GCF/011/057/955/GCF_011057955.1_ASM1105795v1	./Development/ThreeFold/data/external/Salmonella/GCF_011057955.1_ASM1105795v1_genomic.fna.gz
GCF_030980035.1	PRJNA224116	SAMN37128092	na	na	na	na	399587	28901	Salmonella enterica subsp. enterica serovar Rissen	strain=D7	na	latest	Complete Genome	Major	Full	2023-08-30	ASM3098003v1		GCA_030980035.1	identical	https://ftp.ncbi.nlm.nih.gov/genomes/all/GCF/030/980/035/GCF_030980035.1_ASM3098003v1	./Development/ThreeFold/data/external/Salmonella/GCF_030980035.1_ASM3098003v1_genomic.fna.gz
GCF_031174645.1	PRJNA224116	SAMN37147803	na	na	na	na	399587	28901	Salmonella enterica subsp. enterica serovar Rissen	strain=D15	na	latest	Complete Genome	Major	Full	2023-09-03	ASM3117464v1		GCA_031174645.1	identical	https://ftp.ncbi.nlm.nih.gov/genomes/all/GCF/031/174/645/GCF_031174645.1_ASM3117464v1	./Development/ThreeFold/data/external/Salmonella/GCF_031174645.1_ASM3117464v1_genomic.fna.gz
GCF_949361545.1	PRJNA224116	SAMEA112702326	na	na	na	na	399587	28901	Salmonella enterica subsp. enterica serovar Rissen	na	pure strain	latest	Complete Genome	Major	Full	2023-03-10	GENOMIC20-002		GCA_949361545.1	identical	https://ftp.ncbi.nlm.nih.gov/genomes/all/GCF/949/361/545/GCF_949361545.1_GENOMIC20-002	./Development/ThreeFold/data/external/Salmonella/GCF_949361545.1_GENOMIC20-002_genomic.fna.gz
GCF_000016045.1	PRJNA224116	SAMN02604062	na	na	na	na	423368	28901	Salmonella enterica subsp. enterica serovar Newport str. SL254	strain=SL254	na	latest	Complete Genome	Major	Full	2008-07-24	ASM1604v1		GCA_000016045.1	identical	https://ftp.ncbi.nlm.nih.gov/genomes/all/GCF/000/016/045/GCF_000016045.1_ASM1604v1	./Development/ThreeFold/data/external/Salmonella/GCF_000016045.1_ASM1604v1_genomic.fna.gz
GCF_000020745.1	PRJNA224116	SAMN02604064	na	na	na	na	439843	28901	Salmonella enterica subsp. enterica serovar Schwarzengrund str. CVM19633	strain=CVM19633	na	latest	Complete Genome	Major	Full	2008-07-30	ASM2074v1		GCA_000020745.1	identical	https://ftp.ncbi.nlm.nih.gov/genomes/all/GCF/000/020/745/GCF_000020745.1_ASM2074v1	./Development/ThreeFold/data/external/Salmonella/GCF_000020745.1_ASM2074v1_genomic.fna.gz
GCF_000020925.1	PRJNA224116	SAMN02604065	na	na	na	na	439851	28901	Salmonella enterica subsp. enterica serovar Dublin str. CT_02021853	strain=CT_02021853	na	latest	Complete Genome	Major	Full	2008-09-04	ASM2092v1		GCA_000020925.1	identical	https://ftp.ncbi.nlm.nih.gov/genomes/all/GCF/000/020/925/GCF_000020925.1_ASM2092v1	./Development/ThreeFold/data/external/Salmonella/GCF_000020925.1_ASM2092v1_genomic.fna.gz
GCF_006874805.1	PRJNA224116	SAMN04088947	na	na	na	na	440524	28901	Salmonella enterica subsp. enterica serovar 4,[5],12:i:-	strain=USDA15WA-1	na	latest	Complete Genome	Major	Full	2019-07-11	ASM687480v1		GCA_006874805.1	identical	https://ftp.ncbi.nlm.nih.gov/genomes/all/GCF/006/874/805/GCF_006874805.1_ASM687480v1	./Development/ThreeFold/data/external/Salmonella/GCF_006874805.1_ASM687480v1_genomic.fna.gz
GCF_009756455.1	PRJNA224116	SAMN10953951	na	na	na	na	440524	28901	Salmonella enterica subsp. enterica serovar 4,[5],12:i:-	strain=PNCS009777	na	latest	Complete Genome	Major	Full	2019-12-16	ASM975645v1		GCA_009756455.1	identical	https://ftp.ncbi.nlm.nih.gov/genomes/all/GCF/009/756/455/GCF_009756455.1_ASM975645v1	./Development/ThreeFold/data/external/Salmonella/GCF_009756455.1_ASM975645v1_genomic.fna.gz
GCF_009756475.1	PRJNA224116	SAMN10953956	na	na	na	na	440524	28901	Salmonella enterica subsp. enterica serovar 4,[5],12:i:-	strain=PNCS014875	na	latest	Complete Genome	Major	Full	2019-12-16	ASM975647v1		GCA_009756475.1	identical	https://ftp.ncbi.nlm.nih.gov/genomes/all/GCF/009/756/475/GCF_009756475.1_ASM975647v1	./Development/ThreeFold/data/external/Salmonella/GCF_009756475.1_ASM975647v1_genomic.fna.gz
GCF_009756515.1	PRJNA224116	SAMN10953952	na	na	na	na	440524	28901	Salmonella enterica subsp. enterica serovar 4,[5],12:i:-	strain=PNCS014854	na	latest	Complete Genome	Major	Full	2019-12-16	ASM975651v1		GCA_009756515.1	identical	https://ftp.ncbi.nlm.nih.gov/genomes/all/GCF/009/756/515/GCF_009756515.1_ASM975651v1	./Development/ThreeFold/data/external/Salmonella/GCF_009756515.1_ASM975651v1_genomic.fna.gz
GCF_009756555.1	PRJNA224116	SAMN10953953	na	na	na	na	440524	28901	Salmonella enterica subsp. enterica serovar 4,[5],12:i:-	strain=PNCS015054	na	latest	Complete Genome	Major	Full	2019-12-16	ASM975655v1		GCA_009756555.1	identical	https://ftp.ncbi.nlm.nih.gov/genomes/all/GCF/009/756/555/GCF_009756555.1_ASM975655v1	./Development/ThreeFold/data/external/Salmonella/GCF_009756555.1_ASM975655v1_genomic.fna.gz
GCF_009756585.1	PRJNA224116	SAMN10953954	na	na	na	na	440524	28901	Salmonella enterica subsp. enterica serovar 4,[5],12:i:-	strain=PNCS014863	na	latest	Complete Genome	Major	Full	2019-12-16	ASM975658v1		GCA_009756585.1	identical	https://ftp.ncbi.nlm.nih.gov/genomes/all/GCF/009/756/585/GCF_009756585.1_ASM975658v1	./Development/ThreeFold/data/external/Salmonella/GCF_009756585.1_ASM975658v1_genomic.fna.gz
GCF_009756605.1	PRJNA224116	SAMN10953955	na	na	na	na	440524	28901	Salmonella enterica subsp. enterica serovar 4,[5],12:i:-	strain=PNCS009991	na	latest	Complete Genome	Major	Full	2019-12-16	ASM975660v1		GCA_009756605.1	identical	https://ftp.ncbi.nlm.nih.gov/genomes/all/GCF/009/756/605/GCF_009756605.1_ASM975660v1	./Development/ThreeFold/data/external/Salmonella/GCF_009756605.1_ASM975660v1_genomic.fna.gz
GCF_019670145.1	PRJNA224116	SAMD00097512	na	na	na	na	440524	28901	Salmonella enterica subsp. enterica serovar 4,[5],12:i:-	strain=L-3835	na	latest	Complete Genome	Major	Full	2021-05-26	ASM1967014v1		GCA_019670145.1	identical	https://ftp.ncbi.nlm.nih.gov/genomes/all/GCF/019/670/145/GCF_019670145.1_ASM1967014v1	./Development/ThreeFold/data/external/Salmonella/GCF_019670145.1_ASM1967014v1_genomic.fna.gz
GCF_019670165.1	PRJNA224116	SAMD00097506	na	na	na	na	440524	28901	Salmonella enterica subsp. enterica serovar 4,[5],12:i:-	strain=L-3837	na	latest	Complete Genome	Major	Full	2021-05-26	ASM1967016v1		GCA_019670165.1	identical	https://ftp.ncbi.nlm.nih.gov/genomes/all/GCF/019/670/165/GCF_019670165.1_ASM1967016v1	./Development/ThreeFold/data/external/Salmonella/GCF_019670165.1_ASM1967016v1_genomic.fna.gz
GCF_019670185.1	PRJNA224116	SAMD00097511	na	na	na	na	440524	28901	Salmonella enterica subsp. enterica serovar 4,[5],12:i:-	strain=L-3844	na	latest	Complete Genome	Major	Full	2021-05-26	ASM1967018v1		GCA_019670185.1	identical	https://ftp.ncbi.nlm.nih.gov/genomes/all/GCF/019/670/185/GCF_019670185.1_ASM1967018v1	./Development/ThreeFold/data/external/Salmonella/GCF_019670185.1_ASM1967018v1_genomic.fna.gz
GCF_019670225.1	PRJNA224116	SAMD00097500	na	na	na	na	440524	28901	Salmonella enterica subsp. enterica serovar 4,[5],12:i:-	strain=L-4233	na	latest	Complete Genome	Major	Full	2021-05-26	ASM1967022v1		GCA_019670225.1	identical	https://ftp.ncbi.nlm.nih.gov/genomes/all/GCF/019/670/225/GCF_019670225.1_ASM1967022v1	./Development/ThreeFold/data/external/Salmonella/GCF_019670225.1_ASM1967022v1_genomic.fna.gz
GCF_019670245.1	PRJNA224116	SAMD00097501	na	na	na	na	440524	28901	Salmonella enterica subsp. enterica serovar 4,[5],12:i:-	strain=L-4261	na	latest	Complete Genome	Major	Full	2021-05-26	ASM1967024v1		GCA_019670245.1	identical	https://ftp.ncbi.nlm.nih.gov/genomes/all/GCF/019/670/245/GCF_019670245.1_ASM1967024v1	./Development/ThreeFold/data/external/Salmonella/GCF_019670245.1_ASM1967024v1_genomic.fna.gz
GCF_019670265.1	PRJNA224116	SAMD00234580	na	na	na	na	440524	28901	Salmonella enterica subsp. enterica serovar 4,[5],12:i:-	strain=L-4334	na	latest	Complete Genome	Major	Full	2021-05-26	ASM1967026v1		GCA_019670265.1	identical	https://ftp.ncbi.nlm.nih.gov/genomes/all/GCF/019/670/265/GCF_019670265.1_ASM1967026v1	./Development/ThreeFold/data/external/Salmonella/GCF_019670265.1_ASM1967026v1_genomic.fna.gz
GCF_019670285.1	PRJNA224116	SAMD00234603	na	na	na	na	440524	28901	Salmonella enterica subsp. enterica serovar 4,[5],12:i:-	strain=L-4445	na	latest	Complete Genome	Major	Full	2021-05-26	ASM1967028v1		GCA_019670285.1	identical	https://ftp.ncbi.nlm.nih.gov/genomes/all/GCF/019/670/285/GCF_019670285.1_ASM1967028v1	./Development/ThreeFold/data/external/Salmonella/GCF_019670285.1_ASM1967028v1_genomic.fna.gz
GCF_019670305.1	PRJNA224116	SAMD00234616	na	na	na	na	440524	28901	Salmonella enterica subsp. enterica serovar 4,[5],12:i:-	strain=L-4526	na	latest	Complete Genome	Major	Full	2021-05-26	ASM1967030v1		GCA_019670305.1	identical	https://ftp.ncbi.nlm.nih.gov/genomes/all/GCF/019/670/305/GCF_019670305.1_ASM1967030v1	./Development/ThreeFold/data/external/Salmonella/GCF_019670305.1_ASM1967030v1_genomic.fna.gz
GCF_019670325.1	PRJNA224116	SAMD00234630	na	na	na	na	440524	28901	Salmonella enterica subsp. enterica serovar 4,[5],12:i:-	strain=L-4551	na	latest	Complete Genome	Major	Full	2021-05-26	ASM1967032v1		GCA_019670325.1	identical	https://ftp.ncbi.nlm.nih.gov/genomes/all/GCF/019/670/325/GCF_019670325.1_ASM1967032v1	./Development/ThreeFold/data/external/Salmonella/GCF_019670325.1_ASM1967032v1_genomic.fna.gz
GCF_019670345.1	PRJNA224116	SAMD00234645	na	na	na	na	440524	28901	Salmonella enterica subsp. enterica serovar 4,[5],12:i:-	strain=L-4567	na	latest	Complete Genome	Major	Full	2021-05-26	ASM1967034v1		GCA_019670345.1	identical	https://ftp.ncbi.nlm.nih.gov/genomes/all/GCF/019/670/345/GCF_019670345.1_ASM1967034v1	./Development/ThreeFold/data/external/Salmonella/GCF_019670345.1_ASM1967034v1_genomic.fna.gz
GCF_019670365.1	PRJNA224116	SAMD00234655	na	na	na	na	440524	28901	Salmonella enterica subsp. enterica serovar 4,[5],12:i:-	strain=L-4578	na	latest	Complete Genome	Major	Full	2021-05-26	ASM1967036v1		GCA_019670365.1	identical	https://ftp.ncbi.nlm.nih.gov/genomes/all/GCF/019/670/365/GCF_019670365.1_ASM1967036v1	./Development/ThreeFold/data/external/Salmonella/GCF_019670365.1_ASM1967036v1_genomic.fna.gz
GCF_019670385.1	PRJNA224116	SAMD00234670	na	na	na	na	440524	28901	Salmonella enterica subsp. enterica serovar 4,[5],12:i:-	strain=L-4596	na	latest	Complete Genome	Major	Full	2021-05-26	ASM1967038v1		GCA_019670385.1	identical	https://ftp.ncbi.nlm.nih.gov/genomes/all/GCF/019/670/385/GCF_019670385.1_ASM1967038v1	./Development/ThreeFold/data/external/Salmonella/GCF_019670385.1_ASM1967038v1_genomic.fna.gz
GCF_019670405.1	PRJNA224116	SAMD00234679	na	na	na	na	440524	28901	Salmonella enterica subsp. enterica serovar 4,[5],12:i:-	strain=L-4605	na	latest	Complete Genome	Major	Full	2021-05-26	ASM1967040v1		GCA_019670405.1	identical	https://ftp.ncbi.nlm.nih.gov/genomes/all/GCF/019/670/405/GCF_019670405.1_ASM1967040v1	./Development/ThreeFold/data/external/Salmonella/GCF_019670405.1_ASM1967040v1_genomic.fna.gz
GCF_019670425.1	PRJNA224116	SAMD00234684	na	na	na	na	440524	28901	Salmonella enterica subsp. enterica serovar 4,[5],12:i:-	strain=L-4614	na	latest	Complete Genome	Major	Full	2021-05-26	ASM1967042v1		GCA_019670425.1	identical	https://ftp.ncbi.nlm.nih.gov/genomes/all/GCF/019/670/425/GCF_019670425.1_ASM1967042v1	./Development/ThreeFold/data/external/Salmonella/GCF_019670425.1_ASM1967042v1_genomic.fna.gz
GCF_019670445.1	PRJNA224116	SAMD00234738	na	na	na	na	440524	28901	Salmonella enterica subsp. enterica serovar 4,[5],12:i:-	strain=L-4681	na	latest	Complete Genome	Major	Full	2021-05-26	ASM1967044v1		GCA_019670445.1	identical	https://ftp.ncbi.nlm.nih.gov/genomes/all/GCF/019/670/445/GCF_019670445.1_ASM1967044v1	./Development/ThreeFold/data/external/Salmonella/GCF_019670445.1_ASM1967044v1_genomic.fna.gz
GCF_019670465.1	PRJNA224116	SAMD00234746	na	na	na	na	440524	28901	Salmonella enterica subsp. enterica serovar 4,[5],12:i:-	strain=L-4741	na	latest	Complete Genome	Major	Full	2021-05-26	ASM1967046v1		GCA_019670465.1	identical	https://ftp.ncbi.nlm.nih.gov/genomes/all/GCF/019/670/465/GCF_019670465.1_ASM1967046v1	./Development/ThreeFold/data/external/Salmonella/GCF_019670465.1_ASM1967046v1_genomic.fna.gz
GCF_028893415.1	PRJNA224116	SAMN32950787	na	na	na	na	440524	28901	Salmonella enterica subsp. enterica serovar 4,[5],12:i:-	strain=RM054	na	latest	Complete Genome	Major	Full	2023-03-01	ASM2889341v1		GCA_028893415.1	identical	https://ftp.ncbi.nlm.nih.gov/genomes/all/GCF/028/893/415/GCF_028893415.1_ASM2889341v1	./Development/ThreeFold/data/external/Salmonella/GCF_028893415.1_ASM2889341v1_genomic.fna.gz
GCF_030440655.1	PRJNA224116	SAMN08386835	na	na	na	na	440524	28901	Salmonella enterica subsp. enterica serovar 4,[5],12:i:-	strain=H1 - 120	na	latest	Complete Genome	Major	Full	2023-07-12	ASM3044065v1		GCA_030440655.1	identical	https://ftp.ncbi.nlm.nih.gov/genomes/all/GCF/030/440/655/GCF_030440655.1_ASM3044065v1	./Development/ThreeFold/data/external/Salmonella/GCF_030440655.1_ASM3044065v1_genomic.fna.gz
GCF_036871005.1	PRJNA224116	SAMN39685133	na	na	na	na	440524	28901	Salmonella enterica subsp. enterica serovar 4,[5],12:i:-	strain=ZC055	na	latest	Complete Genome	Major	Full	2024-04-05	ASM3687100v1		GCA_036871005.1	identical	https://ftp.ncbi.nlm.nih.gov/genomes/all/GCF/036/871/005/GCF_036871005.1_ASM3687100v1	./Development/ThreeFold/data/external/Salmonella/GCF_036871005.1_ASM3687100v1_genomic.fna.gz
GCF_037821945.1	PRJNA224116	SAMN40440249	na	na	na	na	440524	28901	Salmonella enterica subsp. enterica serovar 4,[5],12:i:-	strain=Z1323SSL0064	na	latest	Complete Genome	Major	Full	2024-04-05	ASM3782194v1		GCA_037821945.1	identical	https://ftp.ncbi.nlm.nih.gov/genomes/all/GCF/037/821/945/GCF_037821945.1_ASM3782194v1	./Development/ThreeFold/data/external/Salmonella/GCF_037821945.1_ASM3782194v1_genomic.fna.gz
GCF_037822845.1	PRJNA224116	SAMN40440248	na	na	na	na	440524	28901	Salmonella enterica subsp. enterica serovar 4,[5],12:i:-	strain=Z1323SSL0063	na	latest	Complete Genome	Major	Full	2024-04-05	ASM3782284v1		GCA_037822845.1	identical	https://ftp.ncbi.nlm.nih.gov/genomes/all/GCF/037/822/845/GCF_037822845.1_ASM3782284v1	./Development/ThreeFold/data/external/Salmonella/GCF_037822845.1_ASM3782284v1_genomic.fna.gz
GCF_037823755.1	PRJNA224116	SAMN40440247	na	na	na	na	440524	28901	Salmonella enterica subsp. enterica serovar 4,[5],12:i:-	strain=Z1323SSL0062	na	latest	Complete Genome	Major	Full	2024-04-05	ASM3782375v1		GCA_037823755.1	identical	https://ftp.ncbi.nlm.nih.gov/genomes/all/GCF/037/823/755/GCF_037823755.1_ASM3782375v1	./Development/ThreeFold/data/external/Salmonella/GCF_037823755.1_ASM3782375v1_genomic.fna.gz
GCF_037824785.1	PRJNA224116	SAMN40440243	na	na	na	na	440524	28901	Salmonella enterica subsp. enterica serovar 4,[5],12:i:-	strain=Z1323SSL0056	na	latest	Complete Genome	Major	Full	2024-04-05	ASM3782478v1		GCA_037824785.1	identical	https://ftp.ncbi.nlm.nih.gov/genomes/all/GCF/037/824/785/GCF_037824785.1_ASM3782478v1	./Development/ThreeFold/data/external/Salmonella/GCF_037824785.1_ASM3782478v1_genomic.fna.gz
GCF_037825795.1	PRJNA224116	SAMN40440241	na	na	na	na	440524	28901	Salmonella enterica subsp. enterica serovar 4,[5],12:i:-	strain=Z1323SSL0054	na	latest	Complete Genome	Major	Full	2024-04-05	ASM3782579v1		GCA_037825795.1	identical	https://ftp.ncbi.nlm.nih.gov/genomes/all/GCF/037/825/795/GCF_037825795.1_ASM3782579v1	./Development/ThreeFold/data/external/Salmonella/GCF_037825795.1_ASM3782579v1_genomic.fna.gz
GCF_037826765.1	PRJNA224116	SAMN40440240	na	na	na	na	440524	28901	Salmonella enterica subsp. enterica serovar 4,[5],12:i:-	strain=Z1323SSL0053	na	latest	Complete Genome	Major	Full	2024-04-05	ASM3782676v1		GCA_037826765.1	identical	https://ftp.ncbi.nlm.nih.gov/genomes/all/GCF/037/826/765/GCF_037826765.1_ASM3782676v1	./Development/ThreeFold/data/external/Salmonella/GCF_037826765.1_ASM3782676v1_genomic.fna.gz
GCF_037827835.1	PRJNA224116	SAMN40440239	na	na	na	na	440524	28901	Salmonella enterica subsp. enterica serovar 4,[5],12:i:-	strain=Z1323SSL0052	na	latest	Complete Genome	Major	Full	2024-04-05	ASM3782783v1		GCA_037827835.1	identical	https://ftp.ncbi.nlm.nih.gov/genomes/all/GCF/037/827/835/GCF_037827835.1_ASM3782783v1	./Development/ThreeFold/data/external/Salmonella/GCF_037827835.1_ASM3782783v1_genomic.fna.gz
GCF_037828885.1	PRJNA224116	SAMN40440238	na	na	na	na	440524	28901	Salmonella enterica subsp. enterica serovar 4,[5],12:i:-	strain=Z1323SSL0051	na	latest	Complete Genome	Major	Full	2024-04-05	ASM3782888v1		GCA_037828885.1	identical	https://ftp.ncbi.nlm.nih.gov/genomes/all/GCF/037/828/885/GCF_037828885.1_ASM3782888v1	./Development/ThreeFold/data/external/Salmonella/GCF_037828885.1_ASM3782888v1_genomic.fna.gz
GCF_037829915.1	PRJNA224116	SAMN40440237	na	na	na	na	440524	28901	Salmonella enterica subsp. enterica serovar 4,[5],12:i:-	strain=Z1323SSL0050	na	latest	Complete Genome	Major	Full	2024-04-05	ASM3782991v1		GCA_037829915.1	identical	https://ftp.ncbi.nlm.nih.gov/genomes/all/GCF/037/829/915/GCF_037829915.1_ASM3782991v1	./Development/ThreeFold/data/external/Salmonella/GCF_037829915.1_ASM3782991v1_genomic.fna.gz
GCF_037831375.1	PRJNA224116	SAMN40440236	na	na	na	na	440524	28901	Salmonella enterica subsp. enterica serovar 4,[5],12:i:-	strain=Z1323SSL0049	na	latest	Complete Genome	Major	Full	2024-04-05	ASM3783137v1		GCA_037831375.1	identical	https://ftp.ncbi.nlm.nih.gov/genomes/all/GCF/037/831/375/GCF_037831375.1_ASM3783137v1	./Development/ThreeFold/data/external/Salmonella/GCF_037831375.1_ASM3783137v1_genomic.fna.gz
GCF_037832775.1	PRJNA224116	SAMN40440228	na	na	na	na	440524	28901	Salmonella enterica subsp. enterica serovar 4,[5],12:i:-	strain=Z1323HSL0094	na	latest	Complete Genome	Major	Full	2024-04-05	ASM3783277v1		GCA_037832775.1	identical	https://ftp.ncbi.nlm.nih.gov/genomes/all/GCF/037/832/775/GCF_037832775.1_ASM3783277v1	./Development/ThreeFold/data/external/Salmonella/GCF_037832775.1_ASM3783277v1_genomic.fna.gz
GCF_037834145.1	PRJNA224116	SAMN40440223	na	na	na	na	440524	28901	Salmonella enterica subsp. enterica serovar 4,[5],12:i:-	strain=Z1323HSL0050	na	latest	Complete Genome	Major	Full	2024-04-05	ASM3783414v1		GCA_037834145.1	identical	https://ftp.ncbi.nlm.nih.gov/genomes/all/GCF/037/834/145/GCF_037834145.1_ASM3783414v1	./Development/ThreeFold/data/external/Salmonella/GCF_037834145.1_ASM3783414v1_genomic.fna.gz
GCF_037834495.1	PRJNA224116	SAMN40440221	na	na	na	na	440524	28901	Salmonella enterica subsp. enterica serovar 4,[5],12:i:-	strain=Z1323HSL0045	na	latest	Complete Genome	Major	Full	2024-04-05	ASM3783449v1		GCA_037834495.1	identical	https://ftp.ncbi.nlm.nih.gov/genomes/all/GCF/037/834/495/GCF_037834495.1_ASM3783449v1	./Development/ThreeFold/data/external/Salmonella/GCF_037834495.1_ASM3783449v1_genomic.fna.gz
GCF_037835685.1	PRJNA224116	SAMN40440220	na	na	na	na	440524	28901	Salmonella enterica subsp. enterica serovar 4,[5],12:i:-	strain=Z1323HSL0041	na	latest	Complete Genome	Major	Full	2024-04-05	ASM3783568v1		GCA_037835685.1	identical	https://ftp.ncbi.nlm.nih.gov/genomes/all/GCF/037/835/685/GCF_037835685.1_ASM3783568v1	./Development/ThreeFold/data/external/Salmonella/GCF_037835685.1_ASM3783568v1_genomic.fna.gz
GCF_037837055.1	PRJNA224116	SAMN40440218	na	na	na	na	440524	28901	Salmonella enterica subsp. enterica serovar 4,[5],12:i:-	strain=Z1323HSL0018	na	latest	Complete Genome	Major	Full	2024-04-05	ASM3783705v1		GCA_037837055.1	identical	https://ftp.ncbi.nlm.nih.gov/genomes/all/GCF/037/837/055/GCF_037837055.1_ASM3783705v1	./Development/ThreeFold/data/external/Salmonella/GCF_037837055.1_ASM3783705v1_genomic.fna.gz
GCF_037838505.1	PRJNA224116	SAMN40440215	na	na	na	na	440524	28901	Salmonella enterica subsp. enterica serovar 4,[5],12:i:-	strain=Z1323HSL0005	na	latest	Complete Genome	Major	Full	2024-04-05	ASM3783850v1		GCA_037838505.1	identical	https://ftp.ncbi.nlm.nih.gov/genomes/all/GCF/037/838/505/GCF_037838505.1_ASM3783850v1	./Development/ThreeFold/data/external/Salmonella/GCF_037838505.1_ASM3783850v1_genomic.fna.gz
GCF_037839595.1	PRJNA224116	SAMN40440214	na	na	na	na	440524	28901	Salmonella enterica subsp. enterica serovar 4,[5],12:i:-	strain=Z1323HSL0001	na	latest	Complete Genome	Major	Full	2024-04-05	ASM3783959v1		GCA_037839595.1	identical	https://ftp.ncbi.nlm.nih.gov/genomes/all/GCF/037/839/595/GCF_037839595.1_ASM3783959v1	./Development/ThreeFold/data/external/Salmonella/GCF_037839595.1_ASM3783959v1_genomic.fna.gz
GCF_037840705.1	PRJNA224116	SAMN40440208	na	na	na	na	440524	28901	Salmonella enterica subsp. enterica serovar 4,[5],12:i:-	strain=Z1322HSL0038	na	latest	Complete Genome	Major	Full	2024-04-05	ASM3784070v1		GCA_037840705.1	identical	https://ftp.ncbi.nlm.nih.gov/genomes/all/GCF/037/840/705/GCF_037840705.1_ASM3784070v1	./Development/ThreeFold/data/external/Salmonella/GCF_037840705.1_ASM3784070v1_genomic.fna.gz
GCF_037841875.1	PRJNA224116	SAMN40440203	na	na	na	na	440524	28901	Salmonella enterica subsp. enterica serovar 4,[5],12:i:-	strain=Z1322HSL0026	na	latest	Complete Genome	Major	Full	2024-04-05	ASM3784187v1		GCA_037841875.1	identical	https://ftp.ncbi.nlm.nih.gov/genomes/all/GCF/037/841/875/GCF_037841875.1_ASM3784187v1	./Development/ThreeFold/data/external/Salmonella/GCF_037841875.1_ASM3784187v1_genomic.fna.gz
GCF_037843125.1	PRJNA224116	SAMN40440201	na	na	na	na	440524	28901	Salmonella enterica subsp. enterica serovar 4,[5],12:i:-	strain=Z1322HSL0011	na	latest	Complete Genome	Major	Full	2024-04-05	ASM3784312v1		GCA_037843125.1	identical	https://ftp.ncbi.nlm.nih.gov/genomes/all/GCF/037/843/125/GCF_037843125.1_ASM3784312v1	./Development/ThreeFold/data/external/Salmonella/GCF_037843125.1_ASM3784312v1_genomic.fna.gz
GCF_037844235.1	PRJNA224116	SAMN40440246	na	na	na	na	440524	28901	Salmonella enterica subsp. enterica serovar 4,[5],12:i:-	strain=Z1323SSL0061	na	latest	Complete Genome	Major	Full	2024-04-05	ASM3784423v1		GCA_037844235.1	identical	https://ftp.ncbi.nlm.nih.gov/genomes/all/GCF/037/844/235/GCF_037844235.1_ASM3784423v1	./Development/ThreeFold/data/external/Salmonella/GCF_037844235.1_ASM3784423v1_genomic.fna.gz
GCF_037844905.1	PRJNA224116	SAMN40440242	na	na	na	na	440524	28901	Salmonella enterica subsp. enterica serovar 4,[5],12:i:-	strain=Z1323SSL0055	na	latest	Complete Genome	Major	Full	2024-04-05	ASM3784490v1		GCA_037844905.1	identical	https://ftp.ncbi.nlm.nih.gov/genomes/all/GCF/037/844/905/GCF_037844905.1_ASM3784490v1	./Development/ThreeFold/data/external/Salmonella/GCF_037844905.1_ASM3784490v1_genomic.fna.gz
GCF_037846055.1	PRJNA224116	SAMN40440219	na	na	na	na	440524	28901	Salmonella enterica subsp. enterica serovar 4,[5],12:i:-	strain=Z1323HSL0022	na	latest	Complete Genome	Major	Full	2024-04-05	ASM3784605v1		GCA_037846055.1	identical	https://ftp.ncbi.nlm.nih.gov/genomes/all/GCF/037/846/055/GCF_037846055.1_ASM3784605v1	./Development/ThreeFold/data/external/Salmonella/GCF_037846055.1_ASM3784605v1_genomic.fna.gz
GCF_037957205.1	PRJNA224116	SAMN40440229	na	na	na	na	440524	28901	Salmonella enterica subsp. enterica serovar 4,[5],12:i:-	strain=Z1323SSL0013	na	latest	Complete Genome	Major	Full	2024-04-06	ASM3795720v1		GCA_037957205.1	identical	https://ftp.ncbi.nlm.nih.gov/genomes/all/GCF/037/957/205/GCF_037957205.1_ASM3795720v1	./Development/ThreeFold/data/external/Salmonella/GCF_037957205.1_ASM3795720v1_genomic.fna.gz
GCF_037957215.1	PRJNA224116	SAMN40440227	na	na	na	na	440524	28901	Salmonella enterica subsp. enterica serovar 4,[5],12:i:-	strain=Z1323HSL0090	na	latest	Complete Genome	Major	Full	2024-04-06	ASM3795721v1		GCA_037957215.1	identical	https://ftp.ncbi.nlm.nih.gov/genomes/all/GCF/037/957/215/GCF_037957215.1_ASM3795721v1	./Development/ThreeFold/data/external/Salmonella/GCF_037957215.1_ASM3795721v1_genomic.fna.gz
GCF_038380125.1	PRJNA224116	SAMN40440206	na	na	na	na	440524	28901	Salmonella enterica subsp. enterica serovar 4,[5],12:i:-	strain=Z1322HSL0033	na	latest	Complete Genome	Major	Full	2024-04-20	ASM3838012v1		GCA_038380125.1	identical	https://ftp.ncbi.nlm.nih.gov/genomes/all/GCF/038/380/125/GCF_038380125.1_ASM3838012v1	./Development/ThreeFold/data/external/Salmonella/GCF_038380125.1_ASM3838012v1_genomic.fna.gz
GCF_038381885.1	PRJNA224116	SAMN40440204	na	na	na	na	440524	28901	Salmonella enterica subsp. enterica serovar 4,[5],12:i:-	strain=Z1322HSL0029	na	latest	Complete Genome	Major	Full	2024-04-20	ASM3838188v1		GCA_038381885.1	identical	https://ftp.ncbi.nlm.nih.gov/genomes/all/GCF/038/381/885/GCF_038381885.1_ASM3838188v1	./Development/ThreeFold/data/external/Salmonella/GCF_038381885.1_ASM3838188v1_genomic.fna.gz
GCF_045343995.1	PRJNA224116	SAMN40440202	na	na	na	na	440524	28901	Salmonella enterica subsp. enterica serovar 4,[5],12:i:-	strain=Z1322HSL0022	na	latest	Complete Genome	Major	Full	2024-11-27	ASM4534399v1		GCA_045343995.1	identical	https://ftp.ncbi.nlm.nih.gov/genomes/all/GCF/045/343/995/GCF_045343995.1_ASM4534399v1	./Development/ThreeFold/data/external/Salmonella/GCF_045343995.1_ASM4534399v1_genomic.fna.gz
GCF_045344005.1	PRJNA224116	SAMN40440205	na	na	na	na	440524	28901	Salmonella enterica subsp. enterica serovar 4,[5],12:i:-	strain=Z1322HSL0031	na	latest	Complete Genome	Major	Full	2024-11-27	ASM4534400v1		GCA_045344005.1	identical	https://ftp.ncbi.nlm.nih.gov/genomes/all/GCF/045/344/005/GCF_045344005.1_ASM4534400v1	./Development/ThreeFold/data/external/Salmonella/GCF_045344005.1_ASM4534400v1_genomic.fna.gz
GCF_045344015.1	PRJNA224116	SAMN40440207	na	na	na	na	440524	28901	Salmonella enterica subsp. enterica serovar 4,[5],12:i:-	strain=Z1322HSL0037	na	latest	Complete Genome	Major	Full	2024-11-27	ASM4534401v1		GCA_045344015.1	identical	https://ftp.ncbi.nlm.nih.gov/genomes/all/GCF/045/344/015/GCF_045344015.1_ASM4534401v1	./Development/ThreeFold/data/external/Salmonella/GCF_045344015.1_ASM4534401v1_genomic.fna.gz
GCF_045344025.1	PRJNA224116	SAMN40440209	na	na	na	na	440524	28901	Salmonella enterica subsp. enterica serovar 4,[5],12:i:-	strain=Z1322HSL0042	na	latest	Complete Genome	Major	Full	2024-11-27	ASM4534402v1		GCA_045344025.1	identical	https://ftp.ncbi.nlm.nih.gov/genomes/all/GCF/045/344/025/GCF_045344025.1_ASM4534402v1	./Development/ThreeFold/data/external/Salmonella/GCF_045344025.1_ASM4534402v1_genomic.fna.gz
GCF_045344035.1	PRJNA224116	SAMN40440210	na	na	na	na	440524	28901	Salmonella enterica subsp. enterica serovar 4,[5],12:i:-	strain=Z1322HSL0047	na	latest	Complete Genome	Major	Full	2024-11-27	ASM4534403v1		GCA_045344035.1	identical	https://ftp.ncbi.nlm.nih.gov/genomes/all/GCF/045/344/035/GCF_045344035.1_ASM4534403v1	./Development/ThreeFold/data/external/Salmonella/GCF_045344035.1_ASM4534403v1_genomic.fna.gz
GCF_045344045.1	PRJNA224116	SAMN40440211	na	na	na	na	440524	28901	Salmonella enterica subsp. enterica serovar 4,[5],12:i:-	strain=Z1322HSL0048	na	latest	Complete Genome	Major	Full	2024-11-27	ASM4534404v1		GCA_045344045.1	identical	https://ftp.ncbi.nlm.nih.gov/genomes/all/GCF/045/344/045/GCF_045344045.1_ASM4534404v1	./Development/ThreeFold/data/external/Salmonella/GCF_045344045.1_ASM4534404v1_genomic.fna.gz
GCF_045344055.1	PRJNA224116	SAMN40440212	na	na	na	na	440524	28901	Salmonella enterica subsp. enterica serovar 4,[5],12:i:-	strain=Z1322HSL0066	na	latest	Complete Genome	Major	Full	2024-11-27	ASM4534405v1		GCA_045344055.1	identical	https://ftp.ncbi.nlm.nih.gov/genomes/all/GCF/045/344/055/GCF_045344055.1_ASM4534405v1	./Development/ThreeFold/data/external/Salmonella/GCF_045344055.1_ASM4534405v1_genomic.fna.gz
GCF_045344065.1	PRJNA224116	SAMN40440213	na	na	na	na	440524	28901	Salmonella enterica subsp. enterica serovar 4,[5],12:i:-	strain=Z1322HSL0070	na	latest	Complete Genome	Major	Full	2024-11-27	ASM4534406v1		GCA_045344065.1	identical	https://ftp.ncbi.nlm.nih.gov/genomes/all/GCF/045/344/065/GCF_045344065.1_ASM4534406v1	./Development/ThreeFold/data/external/Salmonella/GCF_045344065.1_ASM4534406v1_genomic.fna.gz
GCF_045344075.1	PRJNA224116	SAMN40440216	na	na	na	na	440524	28901	Salmonella enterica subsp. enterica serovar 4,[5],12:i:-	strain=Z1323HSL0009	na	latest	Complete Genome	Major	Full	2024-11-27	ASM4534407v1		GCA_045344075.1	identical	https://ftp.ncbi.nlm.nih.gov/genomes/all/GCF/045/344/075/GCF_045344075.1_ASM4534407v1	./Development/ThreeFold/data/external/Salmonella/GCF_045344075.1_ASM4534407v1_genomic.fna.gz
GCF_045344085.1	PRJNA224116	SAMN40440217	na	na	na	na	440524	28901	Salmonella enterica subsp. enterica serovar 4,[5],12:i:-	strain=Z1323HSL0013	na	latest	Complete Genome	Major	Full	2024-11-27	ASM4534408v1		GCA_045344085.1	identical	https://ftp.ncbi.nlm.nih.gov/genomes/all/GCF/045/344/085/GCF_045344085.1_ASM4534408v1	./Development/ThreeFold/data/external/Salmonella/GCF_045344085.1_ASM4534408v1_genomic.fna.gz
GCF_045344095.1	PRJNA224116	SAMN40440222	na	na	na	na	440524	28901	Salmonella enterica subsp. enterica serovar 4,[5],12:i:-	strain=Z1323HSL0047	na	latest	Complete Genome	Major	Full	2024-11-27	ASM4534409v1		GCA_045344095.1	identical	https://ftp.ncbi.nlm.nih.gov/genomes/all/GCF/045/344/095/GCF_045344095.1_ASM4534409v1	./Development/ThreeFold/data/external/Salmonella/GCF_045344095.1_ASM4534409v1_genomic.fna.gz
GCF_045344105.1	PRJNA224116	SAMN40440224	na	na	na	na	440524	28901	Salmonella enterica subsp. enterica serovar 4,[5],12:i:-	strain=Z1323HSL0069	na	latest	Complete Genome	Major	Full	2024-11-27	ASM4534410v1		GCA_045344105.1	identical	https://ftp.ncbi.nlm.nih.gov/genomes/all/GCF/045/344/105/GCF_045344105.1_ASM4534410v1	./Development/ThreeFold/data/external/Salmonella/GCF_045344105.1_ASM4534410v1_genomic.fna.gz
GCF_045344115.1	PRJNA224116	SAMN40440225	na	na	na	na	440524	28901	Salmonella enterica subsp. enterica serovar 4,[5],12:i:-	strain=Z1323HSL0072	na	latest	Complete Genome	Major	Full	2024-11-27	ASM4534411v1		GCA_045344115.1	identical	https://ftp.ncbi.nlm.nih.gov/genomes/all/GCF/045/344/115/GCF_045344115.1_ASM4534411v1	./Development/ThreeFold/data/external/Salmonella/GCF_045344115.1_ASM4534411v1_genomic.fna.gz
GCF_045344125.1	PRJNA224116	SAMN40440226	na	na	na	na	440524	28901	Salmonella enterica subsp. enterica serovar 4,[5],12:i:-	strain=Z1323HSL0089	na	latest	Complete Genome	Major	Full	2024-11-27	ASM4534412v1		GCA_045344125.1	identical	https://ftp.ncbi.nlm.nih.gov/genomes/all/GCF/045/344/125/GCF_045344125.1_ASM4534412v1	./Development/ThreeFold/data/external/Salmonella/GCF_045344125.1_ASM4534412v1_genomic.fna.gz
GCF_045344135.1	PRJNA224116	SAMN40440230	na	na	na	na	440524	28901	Salmonella enterica subsp. enterica serovar 4,[5],12:i:-	strain=Z1323SSL0016	na	latest	Complete Genome	Major	Full	2024-11-27	ASM4534413v1		GCA_045344135.1	identical	https://ftp.ncbi.nlm.nih.gov/genomes/all/GCF/045/344/135/GCF_045344135.1_ASM4534413v1	./Development/ThreeFold/data/external/Salmonella/GCF_045344135.1_ASM4534413v1_genomic.fna.gz
GCF_045344145.1	PRJNA224116	SAMN40440231	na	na	na	na	440524	28901	Salmonella enterica subsp. enterica serovar 4,[5],12:i:-	strain=Z1323SSL0017	na	latest	Complete Genome	Major	Full	2024-11-27	ASM4534414v1		GCA_045344145.1	identical	https://ftp.ncbi.nlm.nih.gov/genomes/all/GCF/045/344/145/GCF_045344145.1_ASM4534414v1	./Development/ThreeFold/data/external/Salmonella/GCF_045344145.1_ASM4534414v1_genomic.fna.gz
GCF_045344155.1	PRJNA224116	SAMN40440232	na	na	na	na	440524	28901	Salmonella enterica subsp. enterica serovar 4,[5],12:i:-	strain=Z1323SSL0018	na	latest	Complete Genome	Major	Full	2024-11-27	ASM4534415v1		GCA_045344155.1	identical	https://ftp.ncbi.nlm.nih.gov/genomes/all/GCF/045/344/155/GCF_045344155.1_ASM4534415v1	./Development/ThreeFold/data/external/Salmonella/GCF_045344155.1_ASM4534415v1_genomic.fna.gz
GCF_045344165.1	PRJNA224116	SAMN40440233	na	na	na	na	440524	28901	Salmonella enterica subsp. enterica serovar 4,[5],12:i:-	strain=Z1323SSL0019	na	latest	Complete Genome	Major	Full	2024-11-27	ASM4534416v1		GCA_045344165.1	identical	https://ftp.ncbi.nlm.nih.gov/genomes/all/GCF/045/344/165/GCF_045344165.1_ASM4534416v1	./Development/ThreeFold/data/external/Salmonella/GCF_045344165.1_ASM4534416v1_genomic.fna.gz
GCF_045344175.1	PRJNA224116	SAMN40440234	na	na	na	na	440524	28901	Salmonella enterica subsp. enterica serovar 4,[5],12:i:-	strain=Z1323SSL0020	na	latest	Complete Genome	Major	Full	2024-11-27	ASM4534417v1		GCA_045344175.1	identical	https://ftp.ncbi.nlm.nih.gov/genomes/all/GCF/045/344/175/GCF_045344175.1_ASM4534417v1	./Development/ThreeFold/data/external/Salmonella/GCF_045344175.1_ASM4534417v1_genomic.fna.gz
GCF_045344185.1	PRJNA224116	SAMN40440235	na	na	na	na	440524	28901	Salmonella enterica subsp. enterica serovar 4,[5],12:i:-	strain=Z1323SSL0048	na	latest	Complete Genome	Major	Full	2024-11-27	ASM4534418v1		GCA_045344185.1	identical	https://ftp.ncbi.nlm.nih.gov/genomes/all/GCF/045/344/185/GCF_045344185.1_ASM4534418v1	./Development/ThreeFold/data/external/Salmonella/GCF_045344185.1_ASM4534418v1_genomic.fna.gz
GCF_045344195.1	PRJNA224116	SAMN40440244	na	na	na	na	440524	28901	Salmonella enterica subsp. enterica serovar 4,[5],12:i:-	strain=Z1323SSL0059	na	latest	Complete Genome	Major	Full	2024-11-27	ASM4534419v1		GCA_045344195.1	identical	https://ftp.ncbi.nlm.nih.gov/genomes/all/GCF/045/344/195/GCF_045344195.1_ASM4534419v1	./Development/ThreeFold/data/external/Salmonella/GCF_045344195.1_ASM4534419v1_genomic.fna.gz
GCF_045344205.1	PRJNA224116	SAMN40440245	na	na	na	na	440524	28901	Salmonella enterica subsp. enterica serovar 4,[5],12:i:-	strain=Z1323SSL0060	na	latest	Complete Genome	Major	Full	2024-11-27	ASM4534420v1		GCA_045344205.1	identical	https://ftp.ncbi.nlm.nih.gov/genomes/all/GCF/045/344/205/GCF_045344205.1_ASM4534420v1	./Development/ThreeFold/data/external/Salmonella/GCF_045344205.1_ASM4534420v1_genomic.fna.gz
GCF_000020885.1	PRJNA224116	SAMN02604068	na	na	na	na	454166	28901	Salmonella enterica subsp. enterica serovar Agona str. SL483	strain=SL483	na	latest	Complete Genome	Major	Full	2008-08-22	ASM2088v1		GCA_000020885.1	identical	https://ftp.ncbi.nlm.nih.gov/genomes/all/GCF/000/020/885/GCF_000020885.1_ASM2088v1	./Development/ThreeFold/data/external/Salmonella/GCF_000020885.1_ASM2088v1_genomic.fna.gz
GCF_000020705.1	PRJNA224116	SAMN02604067	na	na	na	na	454169	28901	Salmonella enterica subsp. enterica serovar Heidelberg str. SL476	strain=SL476	na	latest	Complete Genome	Major	Full	2008-07-24	ASM2070v1		GCA_000020705.1	identical	https://ftp.ncbi.nlm.nih.gov/genomes/all/GCF/000/020/705/GCF_000020705.1_ASM2070v1	./Development/ThreeFold/data/external/Salmonella/GCF_000020705.1_ASM2070v1_genomic.fna.gz
GCF_000018385.1	PRJNA224116	SAMN02603245	na	na	na	na	476213	28901	Salmonella enterica subsp. enterica serovar Paratyphi C str. RKS4594	strain=RKS4594	na	latest	Complete Genome	Major	Full	2009-03-03	ASM1838v1		GCA_000018385.1	identical	https://ftp.ncbi.nlm.nih.gov/genomes/all/GCF/000/018/385/GCF_000018385.1_ASM1838v1	./Development/ThreeFold/data/external/Salmonella/GCF_000018385.1_ASM1838v1_genomic.fna.gz
GCF_003030265.1	PRJNA224116	SAMN08663446	na	na	na	na	483687	28901	Salmonella enterica subsp. enterica serovar Concord	strain=CFSAN018747	na	latest	Complete Genome	Major	Full	2018-04-02	ASM303026v1		GCA_003030265.1	identical	https://ftp.ncbi.nlm.nih.gov/genomes/all/GCF/003/030/265/GCF_003030265.1_ASM303026v1	./Development/ThreeFold/data/external/Salmonella/GCF_003030265.1_ASM303026v1_genomic.fna.gz
GCF_008727535.1	PRJNA224116	SAMN12648957	na	na	na	na	483687	28901	Salmonella enterica subsp. enterica serovar Concord	strain=AR-0407	na	latest	Complete Genome	Major	Full	2019-09-29	ASM872753v1		GCA_008727535.1	identical	https://ftp.ncbi.nlm.nih.gov/genomes/all/GCF/008/727/535/GCF_008727535.1_ASM872753v1	./Development/ThreeFold/data/external/Salmonella/GCF_008727535.1_ASM872753v1_genomic.fna.gz
GCF_002266205.2	PRJNA224116	SAMN07163931	na	na	na	na	486993	28901	Salmonella enterica subsp. enterica serovar Eastbourne	strain=CFSAN059883	na	latest	Complete Genome	Major	Full	2021-06-07	ASM226620v2		GCA_002266205.2	identical	https://ftp.ncbi.nlm.nih.gov/genomes/all/GCF/002/266/205/GCF_002266205.2_ASM226620v2	./Development/ThreeFold/data/external/Salmonella/GCF_002266205.2_ASM226620v2_genomic.fna.gz
GCF_009650055.1	PRJNA224116	SAMN05589873	na	na	na	na	486994	28901	Salmonella enterica subsp. enterica serovar Hvittingfoss	strain=AUSMDU00005056	na	latest	Complete Genome	Major	Full	2019-11-12	ASM965005v1		GCA_009650055.1	identical	https://ftp.ncbi.nlm.nih.gov/genomes/all/GCF/009/650/055/GCF_009650055.1_ASM965005v1	./Development/ThreeFold/data/external/Salmonella/GCF_009650055.1_ASM965005v1_genomic.fna.gz
GCF_016452045.1	PRJNA224116	SAMN14504909	na	na	na	na	487004	28901	Salmonella enterica subsp. enterica serovar Uganda	strain=CVM 35009	na	latest	Complete Genome	Major	Full	2020-12-31	ASM1645204v1		GCA_016452045.1	identical	https://ftp.ncbi.nlm.nih.gov/genomes/all/GCF/016/452/045/GCF_016452045.1_ASM1645204v1	./Development/ThreeFold/data/external/Salmonella/GCF_016452045.1_ASM1645204v1_genomic.fna.gz
GCF_016454525.1	PRJNA224116	SAMN14504595	na	na	na	na	487004	28901	Salmonella enterica subsp. enterica serovar Uganda	strain=CVM 22437	na	latest	Complete Genome	Major	Full	2020-12-31	ASM1645452v1		GCA_016454525.1	identical	https://ftp.ncbi.nlm.nih.gov/genomes/all/GCF/016/454/525/GCF_016454525.1_ASM1645452v1	./Development/ThreeFold/data/external/Salmonella/GCF_016454525.1_ASM1645452v1_genomic.fna.gz
GCF_016454545.1	PRJNA224116	SAMN14504594	na	na	na	na	487004	28901	Salmonella enterica subsp. enterica serovar Uganda	strain=CVM 22436	na	latest	Complete Genome	Major	Full	2020-12-31	ASM1645454v1		GCA_016454545.1	identical	https://ftp.ncbi.nlm.nih.gov/genomes/all/GCF/016/454/545/GCF_016454545.1_ASM1645454v1	./Development/ThreeFold/data/external/Salmonella/GCF_016454545.1_ASM1645454v1_genomic.fna.gz
GCF_016454725.1	PRJNA224116	SAMN14504525	na	na	na	na	487004	28901	Salmonella enterica subsp. enterica serovar Uganda	strain=CVM 20723	na	latest	Complete Genome	Major	Full	2020-12-31	ASM1645472v1		GCA_016454725.1	identical	https://ftp.ncbi.nlm.nih.gov/genomes/all/GCF/016/454/725/GCF_016454725.1_ASM1645472v1	./Development/ThreeFold/data/external/Salmonella/GCF_016454725.1_ASM1645472v1_genomic.fna.gz
GCF_028892685.1	PRJNA224116	SAMN32950781	na	na	na	na	487004	28901	Salmonella enterica subsp. enterica serovar Uganda	strain=RM018	na	latest	Complete Genome	Major	Full	2023-03-01	ASM2889268v1		GCA_028892685.1	identical	https://ftp.ncbi.nlm.nih.gov/genomes/all/GCF/028/892/685/GCF_028892685.1_ASM2889268v1	./Development/ThreeFold/data/external/Salmonella/GCF_028892685.1_ASM2889268v1_genomic.fna.gz
GCF_028892705.1	PRJNA224116	SAMN32950780	na	na	na	na	487004	28901	Salmonella enterica subsp. enterica serovar Uganda	strain=RM013	na	latest	Complete Genome	Major	Full	2023-03-01	ASM2889270v1		GCA_028892705.1	identical	https://ftp.ncbi.nlm.nih.gov/genomes/all/GCF/028/892/705/GCF_028892705.1_ASM2889270v1	./Development/ThreeFold/data/external/Salmonella/GCF_028892705.1_ASM2889270v1_genomic.fna.gz
GCF_028892725.1	PRJNA224116	SAMN32950779	na	na	na	na	487004	28901	Salmonella enterica subsp. enterica serovar Uganda	strain=RM011	na	latest	Complete Genome	Major	Full	2023-03-01	ASM2889272v1		GCA_028892725.1	identical	https://ftp.ncbi.nlm.nih.gov/genomes/all/GCF/028/892/725/GCF_028892725.1_ASM2889272v1	./Development/ThreeFold/data/external/Salmonella/GCF_028892725.1_ASM2889272v1_genomic.fna.gz
GCF_028892745.1	PRJNA224116	SAMN32950778	na	na	na	na	487004	28901	Salmonella enterica subsp. enterica serovar Uganda	strain=RM010	na	latest	Complete Genome	Major	Full	2023-03-01	ASM2889274v1		GCA_028892745.1	identical	https://ftp.ncbi.nlm.nih.gov/genomes/all/GCF/028/892/745/GCF_028892745.1_ASM2889274v1	./Development/ThreeFold/data/external/Salmonella/GCF_028892745.1_ASM2889274v1_genomic.fna.gz
GCF_028892765.1	PRJNA224116	SAMN32950777	na	na	na	na	487004	28901	Salmonella enterica subsp. enterica serovar Uganda	strain=RM008	na	latest	Complete Genome	Major	Full	2023-03-01	ASM2889276v1		GCA_028892765.1	identical	https://ftp.ncbi.nlm.nih.gov/genomes/all/GCF/028/892/765/GCF_028892765.1_ASM2889276v1	./Development/ThreeFold/data/external/Salmonella/GCF_028892765.1_ASM2889276v1_genomic.fna.gz
GCF_028892805.1	PRJNA224116	SAMN32950775	na	na	na	na	487004	28901	Salmonella enterica subsp. enterica serovar Uganda	strain=RM017	na	latest	Complete Genome	Major	Full	2023-03-01	ASM2889280v1		GCA_028892805.1	identical	https://ftp.ncbi.nlm.nih.gov/genomes/all/GCF/028/892/805/GCF_028892805.1_ASM2889280v1	./Development/ThreeFold/data/external/Salmonella/GCF_028892805.1_ASM2889280v1_genomic.fna.gz
GCF_028892825.1	PRJNA224116	SAMN32950774	na	na	na	na	487004	28901	Salmonella enterica subsp. enterica serovar Uganda	strain=RM016	na	latest	Complete Genome	Major	Full	2023-03-01	ASM2889282v1		GCA_028892825.1	identical	https://ftp.ncbi.nlm.nih.gov/genomes/all/GCF/028/892/825/GCF_028892825.1_ASM2889282v1	./Development/ThreeFold/data/external/Salmonella/GCF_028892825.1_ASM2889282v1_genomic.fna.gz
GCF_000385905.1	PRJNA224116	SAMN02603210	na	na	na	na	527001	28901	Salmonella enterica subsp. enterica serovar Typhi str. Ty21a	strain=Ty21a	na	latest	Complete Genome	Major	Full	2013-05-01	ASM38590v1		GCA_000385905.1	identical	https://ftp.ncbi.nlm.nih.gov/genomes/all/GCF/000/385/905/GCF_000385905.1_ASM38590v1	./Development/ThreeFold/data/external/Salmonella/GCF_000385905.1_ASM38590v1_genomic.fna.gz
GCF_000009505.1	PRJNA224116	SAMEA1705941	na	na	na	na	550537	28901	Salmonella enterica subsp. enterica serovar Enteritidis str. P125109	strain=P125109	na	latest	Complete Genome	Major	Full	2008-09-25	ASM950v1		GCA_000009505.1	identical	https://ftp.ncbi.nlm.nih.gov/genomes/all/GCF/000/009/505/GCF_000009505.1_ASM950v1	./Development/ThreeFold/data/external/Salmonella/GCF_000009505.1_ASM950v1_genomic.fna.gz
GCF_000009525.1	PRJNA224116	SAMEA1705927	na	na	na	na	550538	28901	Salmonella enterica subsp. enterica serovar Gallinarum str. 287/91	strain=287/91	na	latest	Complete Genome	Major	Full	2008-09-18	ASM952v1		GCA_000009525.1	identical	https://ftp.ncbi.nlm.nih.gov/genomes/all/GCF/000/009/525/GCF_000009525.1_ASM952v1	./Development/ThreeFold/data/external/Salmonella/GCF_000009525.1_ASM952v1_genomic.fna.gz
GCF_000026565.1	PRJNA224116	SAMEA1705953	na	na	na	na	554290	28901	Salmonella enterica subsp. enterica serovar Paratyphi A str. AKU_12601	strain=AKU_12601	na	latest	Complete Genome	Major	Full	2008-08-19	ASM2656v1		GCA_000026565.1	identical	https://ftp.ncbi.nlm.nih.gov/genomes/all/GCF/000/026/565/GCF_000026565.1_ASM2656v1	./Development/ThreeFold/data/external/Salmonella/GCF_000026565.1_ASM2656v1_genomic.fna.gz
GCF_000027025.1	PRJNA224116	SAMEA2272777	na	na	na	na	568708	28901	Salmonella enterica subsp. enterica serovar Typhimurium str. D23580	strain=D23580	na	latest	Complete Genome	Major	Full	2009-10-10	ASM2702v1		GCA_000027025.1	identical	https://ftp.ncbi.nlm.nih.gov/genomes/all/GCF/000/027/025/GCF_000027025.1_ASM2702v1	./Development/ThreeFold/data/external/Salmonella/GCF_000027025.1_ASM2702v1_genomic.fna.gz
GCF_000493535.2	PRJNA224116	SAMEA2272227	na	na	na	na	568709	28901	Salmonella enterica subsp. enterica serovar Typhimurium str. DT2	strain=DT2	na	latest	Complete Genome	Major	Full	2016-01-12	DT2		GCA_000493535.2	identical	https://ftp.ncbi.nlm.nih.gov/genomes/all/GCF/000/493/535/GCF_000493535.2_DT2	./Development/ThreeFold/data/external/Salmonella/GCF_000493535.2_DT2_genomic.fna.gz
GCF_000022165.1	PRJNA224116	SAMN02604137	na	na	na	na	588858	28901	Salmonella enterica subsp. enterica serovar Typhimurium str. 14028S	strain=14028S	na	latest	Complete Genome	Major	Full	2009-11-13	ASM2216v1		GCA_000022165.1	identical	https://ftp.ncbi.nlm.nih.gov/genomes/all/GCF/000/022/165/GCF_000022165.1_ASM2216v1	./Development/ThreeFold/data/external/Salmonella/GCF_000022165.1_ASM2216v1_genomic.fna.gz
GCF_008244785.1	PRJNA224116	SAMN12086474	na	na	na	na	588858	28901	Salmonella enterica subsp. enterica serovar Typhimurium str. 14028S	strain=14028S substr. GXS275	na	latest	Complete Genome	Major	Full	2019-09-03	ASM824478v1		GCA_008244785.1	identical	https://ftp.ncbi.nlm.nih.gov/genomes/all/GCF/008/244/785/GCF_008244785.1_ASM824478v1	./Development/ThreeFold/data/external/Salmonella/GCF_008244785.1_ASM824478v1_genomic.fna.gz
GCF_008244805.1	PRJNA224116	SAMN12086475	na	na	na	na	588858	28901	Salmonella enterica subsp. enterica serovar Typhimurium str. 14028S	strain=14028S substr. GXS259	na	latest	Complete Genome	Major	Full	2019-09-03	ASM824480v1		GCA_008244805.1	identical	https://ftp.ncbi.nlm.nih.gov/genomes/all/GCF/008/244/805/GCF_008244805.1_ASM824480v1	./Development/ThreeFold/data/external/Salmonella/GCF_008244805.1_ASM824480v1_genomic.fna.gz
GCF_008244825.1	PRJNA224116	SAMN12086476	na	na	na	na	588858	28901	Salmonella enterica subsp. enterica serovar Typhimurium str. 14028S	strain=14028S substr. GXS254	na	latest	Complete Genome	Major	Full	2019-09-03	ASM824482v1		GCA_008244825.1	identical	https://ftp.ncbi.nlm.nih.gov/genomes/all/GCF/008/244/825/GCF_008244825.1_ASM824482v1	./Development/ThreeFold/data/external/Salmonella/GCF_008244825.1_ASM824482v1_genomic.fna.gz
GCF_008244845.1	PRJNA224116	SAMN12086477	na	na	na	na	588858	28901	Salmonella enterica subsp. enterica serovar Typhimurium str. 14028S	strain=14028S substr. JY996	na	latest	Complete Genome	Major	Full	2019-09-03	ASM824484v1		GCA_008244845.1	identical	https://ftp.ncbi.nlm.nih.gov/genomes/all/GCF/008/244/845/GCF_008244845.1_ASM824484v1	./Development/ThreeFold/data/external/Salmonella/GCF_008244845.1_ASM824484v1_genomic.fna.gz
GCF_002265865.2	PRJNA224116	SAMN07163935	na	na	na	na	593905	28901	Salmonella enterica subsp. enterica serovar Corvallis	strain=CFSAN059903	na	latest	Complete Genome	Major	Full	2021-06-07	ASM226586v2		GCA_002265865.2	identical	https://ftp.ncbi.nlm.nih.gov/genomes/all/GCF/002/265/865/GCF_002265865.2_ASM226586v2	./Development/ThreeFold/data/external/Salmonella/GCF_002265865.2_ASM226586v2_genomic.fna.gz
GCF_003071545.1	PRJNA224116	SAMN08685598	na	na	na	na	593905	28901	Salmonella enterica subsp. enterica serovar Corvallis	strain=12-01738	na	latest	Complete Genome	Major	Full	2018-04-25	ASM307154v1		GCA_003071545.1	identical	https://ftp.ncbi.nlm.nih.gov/genomes/all/GCF/003/071/545/GCF_003071545.1_ASM307154v1	./Development/ThreeFold/data/external/Salmonella/GCF_003071545.1_ASM307154v1_genomic.fna.gz
GCF_008727555.1	PRJNA224116	SAMN12648956	na	na	na	na	593905	28901	Salmonella enterica subsp. enterica serovar Corvallis	strain=AR-0406	na	latest	Complete Genome	Major	Full	2019-09-29	ASM872755v1		GCA_008727555.1	identical	https://ftp.ncbi.nlm.nih.gov/genomes/all/GCF/008/727/555/GCF_008727555.1_ASM872755v1	./Development/ThreeFold/data/external/Salmonella/GCF_008727555.1_ASM872755v1_genomic.fna.gz
GCF_000335995.2	PRJNA224116	SAMN00811241	na	na	na	na	685040	28901	Salmonella enterica subsp. enterica serovar Gallinarum str. 9184	strain=9184	ATCC 9184	latest	Complete Genome	Major	Full	2017-01-26	ASM33599v2		GCA_000335995.2	identical	https://ftp.ncbi.nlm.nih.gov/genomes/all/GCF/000/335/995/GCF_000335995.2_ASM33599v2	./Development/ThreeFold/data/external/Salmonella/GCF_000335995.2_ASM33599v2_genomic.fna.gz
GCF_001953035.1	PRJNA224116	SAMN01041081	na	na	na	na	687860	28901	Salmonella enterica subsp. enterica serovar Dublin str. ATCC 39184	strain=ATCC 39184	na	latest	Complete Genome	Major	Full	2017-01-17	ASM195303v1		GCA_001953035.1	identical	https://ftp.ncbi.nlm.nih.gov/genomes/all/GCF/001/953/035/GCF_001953035.1_ASM195303v1	./Development/ThreeFold/data/external/Salmonella/GCF_001953035.1_ASM195303v1_genomic.fna.gz
GCF_000335875.2	PRJNA224116	SAMN01041085	na	na	na	na	696867	28901	Salmonella enterica subsp. enterica serovar Enteritidis str. 18569	strain=18569	na	latest	Complete Genome	Major	Full	2015-05-11	ASM33587v2		GCA_000335875.2	identical	https://ftp.ncbi.nlm.nih.gov/genomes/all/GCF/000/335/875/GCF_000335875.2_ASM33587v2	./Development/ThreeFold/data/external/Salmonella/GCF_000335875.2_ASM33587v2_genomic.fna.gz
GCF_003073575.1	PRJNA224116	SAMN00710627	na	na	na	na	745022	28901	Salmonella enterica subsp. enterica serovar Montevideo str. 531954	strain=531954	na	latest	Complete Genome	Major	Full	2018-04-30	ASM307357v1		GCA_003073575.1	identical	https://ftp.ncbi.nlm.nih.gov/genomes/all/GCF/003/073/575/GCF_003073575.1_ASM307357v1	./Development/ThreeFold/data/external/Salmonella/GCF_003073575.1_ASM307357v1_genomic.fna.gz
GCF_003073495.1	PRJNA224116	SAMN01816110	na	na	na	na	749965	28901	Salmonella enterica subsp. enterica serovar Senftenberg str. 361154004	strain=361154004	na	latest	Complete Genome	Major	Full	2018-04-30	ASM307349v1		GCA_003073495.1	identical	https://ftp.ncbi.nlm.nih.gov/genomes/all/GCF/003/073/495/GCF_003073495.1_ASM307349v1	./Development/ThreeFold/data/external/Salmonella/GCF_003073495.1_ASM307349v1_genomic.fna.gz
GCF_000238455.2	PRJNA224116	SAMN00754299	na	na	na	na	763921	28901	Salmonella enterica subsp. enterica serovar Montevideo str. 42N	strain=42N	na	latest	Complete Genome	Major	Full	2019-03-18	ASM23845v3		GCA_000238455.3	identical	https://ftp.ncbi.nlm.nih.gov/genomes/all/GCF/000/238/455/GCF_000238455.2_ASM23845v3	./Development/ThreeFold/data/external/Salmonella/GCF_000238455.2_ASM23845v3_genomic.fna.gz
GCF_000272535.2	PRJNA224116	SAMN01813479	na	na	na	na	789646	28901	Salmonella enterica subsp. enterica serovar Newport str. CVM 35188	strain=CVM 35188	na	latest	Complete Genome	Major	Full	2024-02-02	ASM27253v2		GCA_000272535.2	identical	https://ftp.ncbi.nlm.nih.gov/genomes/all/GCF/000/272/535/GCF_000272535.2_ASM27253v2	./Development/ThreeFold/data/external/Salmonella/GCF_000272535.2_ASM27253v2_genomic.fna.gz
GCF_000272775.4	PRJNA224116	SAMN01813481	na	na	na	na	796730	28901	Salmonella enterica subsp. enterica serovar Newport str. CVM 22425	strain=CVM 22425	na	latest	Complete Genome	Major	Full	2015-03-12	ASM27277v4		GCA_000272775.4	identical	https://ftp.ncbi.nlm.nih.gov/genomes/all/GCF/000/272/775/GCF_000272775.4_ASM27277v4	./Development/ThreeFold/data/external/Salmonella/GCF_000272775.4_ASM27277v4_genomic.fna.gz
GCF_000272755.4	PRJNA224116	SAMN01765628	na	na	na	na	796731	28901	Salmonella enterica subsp. enterica serovar Newport str. CVM 21538	strain=CVM 21538	na	latest	Complete Genome	Major	Full	2015-03-12	ASM27275v4		GCA_000272755.4	identical	https://ftp.ncbi.nlm.nih.gov/genomes/all/GCF/000/272/755/GCF_000272755.4_ASM27275v4	./Development/ThreeFold/data/external/Salmonella/GCF_000272755.4_ASM27275v4_genomic.fna.gz
GCF_000272735.4	PRJNA224116	SAMN01805325	na	na	na	na	796732	28901	Salmonella enterica subsp. enterica serovar Newport str. CVM 22513	strain=CVM 22513	na	latest	Complete Genome	Major	Full	2015-03-12	ASM27273v4		GCA_000272735.4	identical	https://ftp.ncbi.nlm.nih.gov/genomes/all/GCF/000/272/735/GCF_000272735.4_ASM27273v4	./Development/ThreeFold/data/external/Salmonella/GCF_000272735.4_ASM27273v4_genomic.fna.gz
GCF_000272715.4	PRJNA224116	SAMN01765627	na	na	na	na	796733	28901	Salmonella enterica subsp. enterica serovar Newport str. CVM 21550	strain=CVM 21550	na	latest	Complete Genome	Major	Full	2015-03-12	ASM27271v4		GCA_000272715.4	identical	https://ftp.ncbi.nlm.nih.gov/genomes/all/GCF/000/272/715/GCF_000272715.4_ASM27271v4	./Development/ThreeFold/data/external/Salmonella/GCF_000272715.4_ASM27271v4_genomic.fna.gz
GCF_000272895.2	PRJNA224116	SAMN01813482	na	na	na	na	858305	28901	Salmonella enterica subsp. enterica serovar Newport str. CVM 22462	strain=CVM 22462	na	latest	Complete Genome	Major	Full	2015-01-07	ASM27289v3		GCA_000272895.3	identical	https://ftp.ncbi.nlm.nih.gov/genomes/all/GCF/000/272/895/GCF_000272895.2_ASM27289v3	./Development/ThreeFold/data/external/Salmonella/GCF_000272895.2_ASM27289v3_genomic.fna.gz
GCF_000272815.2	PRJNA224116	SAMN01816117	na	na	na	na	858306	28901	Salmonella enterica subsp. enterica serovar Newport str. CVM N18486	strain=CVM N18486	na	latest	Complete Genome	Major	Full	2014-10-14	ASM27281v2		GCA_000272815.2	identical	https://ftp.ncbi.nlm.nih.gov/genomes/all/GCF/000/272/815/GCF_000272815.2_ASM27281v2	./Development/ThreeFold/data/external/Salmonella/GCF_000272815.2_ASM27281v2_genomic.fna.gz
GCF_000272835.5	PRJNA224116	SAMN01816118	na	na	na	na	858307	28901	Salmonella enterica subsp. enterica serovar Newport str. CVM N1543	strain=CVM N1543	CFSAN000926	latest	Complete Genome	Major	Full	2024-04-12	ASM27283v5		GCA_000272835.5	identical	https://ftp.ncbi.nlm.nih.gov/genomes/all/GCF/000/272/835/GCF_000272835.5_ASM27283v5	./Development/ThreeFold/data/external/Salmonella/GCF_000272835.5_ASM27283v5_genomic.fna.gz
GCF_000188955.2	PRJNA224116	SAMN00710608	na	na	na	na	859199	28901	Salmonella enterica subsp. enterica serovar Montevideo str. 507440-20	strain=507440-20	na	latest	Complete Genome	Major	Full	2014-04-04	ASM18895v5		GCA_000188955.5	identical	https://ftp.ncbi.nlm.nih.gov/genomes/all/GCF/000/188/955/GCF_000188955.2_ASM18895v5	./Development/ThreeFold/data/external/Salmonella/GCF_000188955.2_ASM18895v5_genomic.fna.gz
GCF_000430165.1	PRJNA224116	SAMN02212496	na	na	na	na	866913	28901	Salmonella enterica subsp. enterica serovar 4,[5],12:i:- str. 08-1736	strain=08-1736	na	latest	Complete Genome	Major	Full	2013-07-16	ASM43016v1		GCA_000430165.1	identical	https://ftp.ncbi.nlm.nih.gov/genomes/all/GCF/000/430/165/GCF_000430165.1_ASM43016v1	./Development/ThreeFold/data/external/Salmonella/GCF_000430165.1_ASM43016v1_genomic.fna.gz
GCF_000442415.1	PRJNA224116	SAMN02297856	na	na	na	na	877468	28901	Salmonella enterica subsp. enterica serovar Newport str. USMARC-S3124.1	strain=USMARC-S3124.1	na	latest	Complete Genome	Major	Full	2013-07-31	ASM44241v1		GCA_000442415.1	identical	https://ftp.ncbi.nlm.nih.gov/genomes/all/GCF/000/442/415/GCF_000442415.1_ASM44241v1	./Development/ThreeFold/data/external/Salmonella/GCF_000442415.1_ASM44241v1_genomic.fna.gz
GCF_000329365.2	PRJNA224116	SAMN01041170	na	na	na	na	886715	28901	Salmonella enterica subsp. enterica serovar Enteritidis str. CDC_2010K_0968	strain=CDC_2010K_0968	na	latest	Complete Genome	Major	Full	2014-04-04	ASM32936v2		GCA_000329365.2	identical	https://ftp.ncbi.nlm.nih.gov/genomes/all/GCF/000/329/365/GCF_000329365.2_ASM32936v2	./Development/ThreeFold/data/external/Salmonella/GCF_000329365.2_ASM32936v2_genomic.fna.gz
GCF_000188735.1	PRJNA224116	SAMN02602988	na	na	na	na	909946	28901	Salmonella enterica subsp. enterica serovar Typhimurium str. ST4/74	strain=ST4/74	na	latest	Complete Genome	Major	Full	2011-02-10	ASM18873v1		GCA_000188735.1	identical	https://ftp.ncbi.nlm.nih.gov/genomes/all/GCF/000/188/735/GCF_000188735.1_ASM18873v1	./Development/ThreeFold/data/external/Salmonella/GCF_000188735.1_ASM18873v1_genomic.fna.gz
GCF_002741885.1	PRJNA224116	SAMN07795410	na	na	na	na	913070	28901	Salmonella enterica subsp. enterica serovar Gaminara	strain=CFSAN070644; 24N attTn7:: Ptrc-gfpUV-cat; bright fluorescence	na	latest	Complete Genome	Major	Full	2017-11-02	ASM274188v1		GCA_002741885.1	identical	https://ftp.ncbi.nlm.nih.gov/genomes/all/GCF/002/741/885/GCF_002741885.1_ASM274188v1	./Development/ThreeFold/data/external/Salmonella/GCF_002741885.1_ASM274188v1_genomic.fna.gz
GCF_001834735.2	PRJNA224116	SAMN04961978	na	na	na	na	913074	28901	Salmonella enterica subsp. enterica serovar Inverness	strain=CFSAN044911	na	latest	Complete Genome	Major	Full	2021-06-07	ASM183473v2		GCA_001834735.2	identical	https://ftp.ncbi.nlm.nih.gov/genomes/all/GCF/001/834/735/GCF_001834735.2_ASM183473v2	./Development/ThreeFold/data/external/Salmonella/GCF_001834735.2_ASM183473v2_genomic.fna.gz
GCF_004328825.1	PRJNA224116	SAMN08150419	na	na	na	na	913076	28901	Salmonella enterica subsp. enterica serovar Johannesburg	strain=USDA-ARS-USMARC-60984	na	latest	Complete Genome	Major	Full	2019-03-06	ASM432882v1		GCA_004328825.1	identical	https://ftp.ncbi.nlm.nih.gov/genomes/all/GCF/004/328/825/GCF_004328825.1_ASM432882v1	./Development/ThreeFold/data/external/Salmonella/GCF_004328825.1_ASM432882v1_genomic.fna.gz
GCF_037099745.1	PRJNA224116	SAMN40213193	na	na	na	na	913085	28901	Salmonella enterica subsp. enterica serovar Wandsworth	strain=21-SA00706-0	na	latest	Complete Genome	Major	Full	2024-04-05	ASM3709974v1		GCA_037099745.1	identical	https://ftp.ncbi.nlm.nih.gov/genomes/all/GCF/037/099/745/GCF_037099745.1_ASM3709974v1	./Development/ThreeFold/data/external/Salmonella/GCF_037099745.1_ASM3709974v1_genomic.fna.gz
GCF_000280315.2	PRJNA224116	SAMN01041143	na	na	na	na	926034	28901	Salmonella enterica subsp. enterica serovar Enteritidis str. 77-1427	strain=77-1427	na	latest	Complete Genome	Major	Full	2014-05-06	ASM28031v2		GCA_000280315.2	identical	https://ftp.ncbi.nlm.nih.gov/genomes/all/GCF/000/280/315/GCF_000280315.2_ASM28031v2	./Development/ThreeFold/data/external/Salmonella/GCF_000280315.2_ASM28031v2_genomic.fna.gz
GCF_000271885.2	PRJNA224116	SAMN05172397	na	na	na	na	930778	28901	Salmonella enterica subsp. enterica serovar Newport str. Levine 1	strain=Levine 1	na	latest	Complete Genome	Major	Full	2016-12-06	ASM27188v2		GCA_000271885.2	identical	https://ftp.ncbi.nlm.nih.gov/genomes/all/GCF/000/271/885/GCF_000271885.2_ASM27188v2	./Development/ThreeFold/data/external/Salmonella/GCF_000271885.2_ASM27188v2_genomic.fna.gz
GCF_000271905.2	PRJNA224116	SAMN05172398	na	na	na	na	930779	28901	Salmonella enterica subsp. enterica serovar Newport str. Levine 15	strain=Levine 15	na	latest	Complete Genome	Major	Full	2016-12-06	ASM27190v2		GCA_000271905.2	identical	https://ftp.ncbi.nlm.nih.gov/genomes/all/GCF/000/271/905/GCF_000271905.2_ASM27190v2	./Development/ThreeFold/data/external/Salmonella/GCF_000271905.2_ASM27190v2_genomic.fna.gz
GCF_001975305.1	PRJNA224116	SAMN04160803	na	na	na	na	932733	28901	Salmonella enterica subsp. enterica serovar Bardo	strain=SA20113257	na	latest	Complete Genome	Major	Full	2017-01-30	ASM197530v1		GCA_001975305.1	identical	https://ftp.ncbi.nlm.nih.gov/genomes/all/GCF/001/975/305/GCF_001975305.1_ASM197530v1	./Development/ThreeFold/data/external/Salmonella/GCF_001975305.1_ASM197530v1_genomic.fna.gz
GCF_000486365.2	PRJNA224116	SAMN01823736	na	na	na	na	935705	28901	Salmonella enterica subsp. enterica serovar Thompson str. ATCC 8391	strain=ATCC 8391	CFSAN000736	latest	Complete Genome	Major	Full	2015-05-11	ASM48636v2		GCA_000486365.2	identical	https://ftp.ncbi.nlm.nih.gov/genomes/all/GCF/000/486/365/GCF_000486365.2_ASM48636v2	./Development/ThreeFold/data/external/Salmonella/GCF_000486365.2_ASM48636v2_genomic.fna.gz
GCF_001051625.2	PRJNA224116	SAMN01813904	na	na	na	na	935706	28901	Salmonella enterica subsp. enterica serovar Newport str. VA_R100804798	strain=VA_R100804798	na	latest	Complete Genome	Major	Full	2024-02-02	ASM105162v2		GCA_001051625.2	identical	https://ftp.ncbi.nlm.nih.gov/genomes/all/GCF/001/051/625/GCF_001051625.2_ASM105162v2	./Development/ThreeFold/data/external/Salmonella/GCF_001051625.2_ASM105162v2_genomic.fna.gz
GCF_000486445.2	PRJNA224116	SAMN01805326	na	na	na	na	938141	28901	Salmonella enterica subsp. enterica serovar Sloterdijk str. ATCC 15791	strain=ATCC 15791	na	latest	Complete Genome	Major	Full	2015-08-12	ASM48644v2		GCA_000486445.2	identical	https://ftp.ncbi.nlm.nih.gov/genomes/all/GCF/000/486/445/GCF_000486445.2_ASM48644v2	./Development/ThreeFold/data/external/Salmonella/GCF_000486445.2_ASM48644v2_genomic.fna.gz
GCF_000487295.3	PRJNA224116	SAMN01823712	na	na	na	na	938142	28901	Salmonella enterica subsp. enterica serovar Choleraesuis str. ATCC 10708	strain=ATCC 10708	na	latest	Complete Genome	Major	Full	2018-08-24	ASM48729v3		GCA_000487295.3	identical	https://ftp.ncbi.nlm.nih.gov/genomes/all/GCF/000/487/295/GCF_000487295.3_ASM48729v3	./Development/ThreeFold/data/external/Salmonella/GCF_000487295.3_ASM48729v3_genomic.fna.gz
GCF_000486585.2	PRJNA224116	SAMN01823732	na	na	na	na	938143	28901	Salmonella enterica subsp. enterica serovar Rubislaw str. ATCC 10717	strain=ATCC 10717	na	latest	Complete Genome	Major	Full	2017-01-17	ASM48658v2		GCA_000486585.2	identical	https://ftp.ncbi.nlm.nih.gov/genomes/all/GCF/000/486/585/GCF_000486585.2_ASM48658v2	./Development/ThreeFold/data/external/Salmonella/GCF_000486585.2_ASM48658v2_genomic.fna.gz
GCF_001051695.2	PRJNA224116	SAMN01813907	na	na	na	na	938144	28901	Salmonella enterica subsp. enterica serovar Newport str. DC_10-446	strain=DC_10-446	na	latest	Complete Genome	Major	Full	2024-02-02	ASM105169v2		GCA_001051695.2	identical	https://ftp.ncbi.nlm.nih.gov/genomes/all/GCF/001/051/695/GCF_001051695.2_ASM105169v2	./Development/ThreeFold/data/external/Salmonella/GCF_001051695.2_ASM105169v2_genomic.fna.gz
GCF_000487155.2	PRJNA224116	SAMN01823716	na	na	na	na	941187	28901	Salmonella enterica subsp. enterica serovar Inverness str. ATCC 10720	strain=ATCC 10720	na	latest	Complete Genome	Major	Full	2017-01-17	ASM48715v2		GCA_000487155.2	identical	https://ftp.ncbi.nlm.nih.gov/genomes/all/GCF/000/487/155/GCF_000487155.2_ASM48715v2	./Development/ThreeFold/data/external/Salmonella/GCF_000487155.2_ASM48715v2_genomic.fna.gz
GCF_000240905.2	PRJNA224116	SAMN00754430	na	na	na	na	941188	28901	Salmonella enterica subsp. enterica serovar Pomona str. ATCC 10729	strain=ATCC 10729	na	latest	Complete Genome	Major	Full	2018-01-05	ASM24090v3		GCA_000240905.3	identical	https://ftp.ncbi.nlm.nih.gov/genomes/all/GCF/000/240/905/GCF_000240905.2_ASM24090v3	./Development/ThreeFold/data/external/Salmonella/GCF_000240905.2_ASM24090v3_genomic.fna.gz
GCF_000486725.2	PRJNA224116	SAMN01823726	na	na	na	na	941189	28901	Salmonella enterica subsp. enterica serovar Paratyphi A str. ATCC 11511	strain=ATCC 11511	na	latest	Complete Genome	Major	Full	2017-01-17	ASM48672v2		GCA_000486725.2	identical	https://ftp.ncbi.nlm.nih.gov/genomes/all/GCF/000/486/725/GCF_000486725.2_ASM48672v2	./Development/ThreeFold/data/external/Salmonella/GCF_000486725.2_ASM48672v2_genomic.fna.gz
GCF_000487255.2	PRJNA224116	SAMN01823711	na	na	na	na	941190	28901	Salmonella enterica subsp. enterica serovar Chester str. ATCC 11997	strain=ATCC 11997	na	latest	Complete Genome	Major	Full	2017-01-17	ASM48725v2		GCA_000487255.2	identical	https://ftp.ncbi.nlm.nih.gov/genomes/all/GCF/000/487/255/GCF_000487255.2_ASM48725v2	./Development/ThreeFold/data/external/Salmonella/GCF_000487255.2_ASM48725v2_genomic.fna.gz
GCF_000487575.2	PRJNA224116	SAMN01813417	na	na	na	na	984211	28901	Salmonella enterica subsp. enterica serovar Anatum str. ATCC BAA-1592	strain=ATCC BAA-1592	na	latest	Complete Genome	Major	Full	2014-04-04	ASM48757v2		GCA_000487575.2	identical	https://ftp.ncbi.nlm.nih.gov/genomes/all/GCF/000/487/575/GCF_000487575.2_ASM48757v2	./Development/ThreeFold/data/external/Salmonella/GCF_000487575.2_ASM48757v2_genomic.fna.gz
GCF_000486915.2	PRJNA224116	SAMN01823720	na	na	na	na	984237	28901	Salmonella enterica subsp. enterica serovar Mbandaka str. ATCC 51958	strain=ATCC 51958	na	latest	Complete Genome	Major	Full	2017-01-17	ASM48691v2		GCA_000486915.2	identical	https://ftp.ncbi.nlm.nih.gov/genomes/all/GCF/000/486/915/GCF_000486915.2_ASM48691v2	./Development/ThreeFold/data/external/Salmonella/GCF_000486915.2_ASM48691v2_genomic.fna.gz
GCF_001051545.2	PRJNA224116	SAMN01816131	na	na	na	na	984247	28901	Salmonella enterica subsp. enterica serovar Newport str. 36804	strain=36804	na	latest	Complete Genome	Major	Full	2024-02-02	ASM105154v2		GCA_001051545.2	identical	https://ftp.ncbi.nlm.nih.gov/genomes/all/GCF/001/051/545/GCF_001051545.2_ASM105154v2	./Development/ThreeFold/data/external/Salmonella/GCF_001051545.2_ASM105154v2_genomic.fna.gz
GCF_001051815.2	PRJNA224116	SAMN01813912	na	na	na	na	984253	28901	Salmonella enterica subsp. enterica serovar Newport str. S103RVX	strain=S103RVX	na	latest	Complete Genome	Major	Full	2024-02-02	ASM105181v2		GCA_001051815.2	identical	https://ftp.ncbi.nlm.nih.gov/genomes/all/GCF/001/051/815/GCF_001051815.2_ASM105181v2	./Development/ThreeFold/data/external/Salmonella/GCF_001051815.2_ASM105181v2_genomic.fna.gz
GCF_000213635.1	PRJNA224116	SAMN02602986	na	na	na	na	990282	28901	Salmonella enterica subsp. enterica serovar Typhimurium str. UK-1	strain=UK-1	na	latest	Complete Genome	Major	Full	2011-05-13	ASM21363v1		GCA_000213635.1	identical	https://ftp.ncbi.nlm.nih.gov/genomes/all/GCF/000/213/635/GCF_000213635.1_ASM21363v1	./Development/ThreeFold/data/external/Salmonella/GCF_000213635.1_ASM21363v1_genomic.fna.gz
GCF_000486815.2	PRJNA224116	SAMN01805331	na	na	na	na	997333	28901	Salmonella enterica subsp. enterica serovar Oranienburg str. 0250	strain=0250	CFSAN001285	latest	Complete Genome	Major	Full	2018-01-05	ASM48681v2		GCA_000486815.2	identical	https://ftp.ncbi.nlm.nih.gov/genomes/all/GCF/000/486/815/GCF_000486815.2_ASM48681v2	./Development/ThreeFold/data/external/Salmonella/GCF_000486815.2_ASM48681v2_genomic.fna.gz
GCF_000483715.2	PRJNA224116	SAMN02415193	na	na	na	na	997339	28901	Salmonella enterica subsp. enterica serovar Newport str. WA_14882	strain=WA_14882	na	latest	Complete Genome	Major	Full	2016-12-05	ASM48371v2		GCA_000483715.2	identical	https://ftp.ncbi.nlm.nih.gov/genomes/all/GCF/000/483/715/GCF_000483715.2_ASM48371v2	./Development/ThreeFold/data/external/Salmonella/GCF_000483715.2_ASM48371v2_genomic.fna.gz
GCF_003184425.1	PRJNA224116	SAMN08768763	na	na	na	na	998822	28901	Salmonella enterica subsp. enterica serovar Enteritidis str. RM2968	strain=RM2968	na	latest	Complete Genome	Major	Full	2018-06-04	ASM318442v1		GCA_003184425.1	identical	https://ftp.ncbi.nlm.nih.gov/genomes/all/GCF/003/184/425/GCF_003184425.1_ASM318442v1	./Development/ThreeFold/data/external/Salmonella/GCF_003184425.1_ASM318442v1_genomic.fna.gz
GCF_000486405.2	PRJNA224116	SAMN01813424	na	na	na	na	1003191	28901	Salmonella enterica subsp. enterica serovar Tennessee str. TXSC_TXSC08-19	strain=TXSC_TXSC08-19	na	latest	Complete Genome	Major	Full	2014-03-28	ASM48640v2		GCA_000486405.2	identical	https://ftp.ncbi.nlm.nih.gov/genomes/all/GCF/000/486/405/GCF_000486405.2_ASM48640v2	./Development/ThreeFold/data/external/Salmonella/GCF_000486405.2_ASM48640v2_genomic.fna.gz
GCF_000252875.1	PRJNA224116	SAMN02604223	na	na	na	na	1008297	28901	Salmonella enterica subsp. enterica serovar Typhimurium str. 798	strain=798	na	latest	Complete Genome	Major	Full	2012-03-15	ASM25287v1		GCA_000252875.1	identical	https://ftp.ncbi.nlm.nih.gov/genomes/all/GCF/000/252/875/GCF_000252875.1_ASM25287v1	./Development/ThreeFold/data/external/Salmonella/GCF_000252875.1_ASM25287v1_genomic.fna.gz
GCF_000018705.1	PRJNA224116	SAMN02603951	na	na	na	na	1016998	28901	Salmonella enterica subsp. enterica serovar Paratyphi B str. SPB7	strain=SPB7	SGSC4150; SPB7	latest	Complete Genome	Major	Full	2007-11-30	ASM1870v1		GCA_000018705.1	identical	https://ftp.ncbi.nlm.nih.gov/genomes/all/GCF/000/018/705/GCF_000018705.1_ASM1870v1	./Development/ThreeFold/data/external/Salmonella/GCF_000018705.1_ASM1870v1_genomic.fna.gz
GCF_000486345.2	PRJNA224116	SAMN01823705	na	na	na	na	1029978	28901	Salmonella enterica subsp. enterica serovar Typhimurium str. SARA13	strain=SGSC 2193	na	latest	Complete Genome	Major	Full	2016-10-27	ASM48634v2		GCA_000486345.2	identical	https://ftp.ncbi.nlm.nih.gov/genomes/all/GCF/000/486/345/GCF_000486345.2_ASM48634v2	./Development/ThreeFold/data/external/Salmonella/GCF_000486345.2_ASM48634v2_genomic.fna.gz
GCF_000330485.2	PRJNA224116	SAMN01805317	na	na	na	na	1029979	28901	Salmonella enterica subsp. enterica serovar Pullorum str. ATCC 9120	strain=ATCC 9120	na	latest	Complete Genome	Major	Full	2015-08-12	ASM33048v2		GCA_000330485.2	identical	https://ftp.ncbi.nlm.nih.gov/genomes/all/GCF/000/330/485/GCF_000330485.2_ASM33048v2	./Development/ThreeFold/data/external/Salmonella/GCF_000330485.2_ASM33048v2_genomic.fna.gz
GCF_000487615.2	PRJNA224116	SAMN01823751	na	na	na	na	1029983	28901	Salmonella enterica subsp. enterica serovar Abony str. 0014	strain=ATCC 6017	na	latest	Complete Genome	Major	Full	2014-04-04	ASM48761v2		GCA_000487615.2	identical	https://ftp.ncbi.nlm.nih.gov/genomes/all/GCF/000/487/615/GCF_000487615.2_ASM48761v2	./Development/ThreeFold/data/external/Salmonella/GCF_000487615.2_ASM48761v2_genomic.fna.gz
GCF_000486045.2	PRJNA224116	SAMN01087969	na	na	na	na	1029997	28901	Salmonella enterica subsp. enterica serovar Heidelberg str. SARA35	strain=SGSC 2215	na	latest	Complete Genome	Major	Full	2017-01-17	ASM48604v2		GCA_000486045.2	identical	https://ftp.ncbi.nlm.nih.gov/genomes/all/GCF/000/486/045/GCF_000486045.2_ASM48604v2	./Development/ThreeFold/data/external/Salmonella/GCF_000486045.2_ASM48604v2_genomic.fna.gz
GCF_000473275.1	PRJNA224116	SAMN02604282	na	na	na	na	1064551	28901	Salmonella enterica subsp. enterica serovar Thompson str. RM6836	strain=RM6836	na	latest	Complete Genome	Major	Full	2013-09-30	ASM47327v1		GCA_000473275.1	identical	https://ftp.ncbi.nlm.nih.gov/genomes/all/GCF/000/473/275/GCF_000473275.1_ASM47327v1	./Development/ThreeFold/data/external/Salmonella/GCF_000473275.1_ASM47327v1_genomic.fna.gz
GCF_000494385.3	PRJNA224116	SAMN02415169	na	na	na	na	1072590	28901	Salmonella enterica subsp. enterica serovar Agona str. 392869-2	strain=392869-2	na	latest	Complete Genome	Major	Full	2019-08-22	ASM49438v3		GCA_000494385.3	identical	https://ftp.ncbi.nlm.nih.gov/genomes/all/GCF/000/494/385/GCF_000494385.3_ASM49438v3	./Development/ThreeFold/data/external/Salmonella/GCF_000494385.3_ASM49438v3_genomic.fna.gz
GCF_003590695.1	PRJNA224116	SAMN09791879	na	na	na	na	1077085	28901	Salmonella enterica subsp. enterica serovar Fresno	strain=USMARC-69835	na	latest	Complete Genome	Major	Full	2018-09-24	ASM359069v1		GCA_003590695.1	identical	https://ftp.ncbi.nlm.nih.gov/genomes/all/GCF/003/590/695/GCF_003590695.1_ASM359069v1	./Development/ThreeFold/data/external/Salmonella/GCF_003590695.1_ASM359069v1_genomic.fna.gz
GCF_000484195.3	PRJNA224116	SAMN02415150	na	na	na	na	1124917	28901	Salmonella enterica subsp. enterica serovar Agona str. 460004 2-1	strain=460004 2-1	na	latest	Complete Genome	Major	Full	2019-08-22	ASM48419v3		GCA_000484195.3	identical	https://ftp.ncbi.nlm.nih.gov/genomes/all/GCF/000/484/195/GCF_000484195.3_ASM48419v3	./Development/ThreeFold/data/external/Salmonella/GCF_000484195.3_ASM48419v3_genomic.fna.gz
GCF_000430105.1	PRJNA224116	SAMN01088008	na	na	na	na	1124936	28901	Salmonella enterica subsp. enterica serovar Heidelberg str. 41578	strain=41578	na	latest	Complete Genome	Major	Full	2013-07-16	ASM43010v1		GCA_000430105.1	identical	https://ftp.ncbi.nlm.nih.gov/genomes/all/GCF/000/430/105/GCF_000430105.1_ASM43010v1	./Development/ThreeFold/data/external/Salmonella/GCF_000430105.1_ASM43010v1_genomic.fna.gz
GCF_009648795.1	PRJNA224116	SAMN01088008	na	na	na	na	1124936	28901	Salmonella enterica subsp. enterica serovar Heidelberg str. 41578	strain=41578	na	latest	Complete Genome	Major	Full	2019-11-11	ASM964879v1		GCA_009648795.1	identical	https://ftp.ncbi.nlm.nih.gov/genomes/all/GCF/009/648/795/GCF_009648795.1_ASM964879v1	./Development/ThreeFold/data/external/Salmonella/GCF_009648795.1_ASM964879v1_genomic.fna.gz
GCF_000486855.2	PRJNA224116	SAMN01823721	na	na	na	na	1124956	28901	Salmonella enterica subsp. enterica serovar Minnesota str. ATCC 49284	strain=ATCC 49284	na	latest	Complete Genome	Major	Full	2017-01-17	ASM48685v2		GCA_000486855.2	identical	https://ftp.ncbi.nlm.nih.gov/genomes/all/GCF/000/486/855/GCF_000486855.2_ASM48685v2	./Development/ThreeFold/data/external/Salmonella/GCF_000486855.2_ASM48685v2_genomic.fna.gz
GCF_000487035.2	PRJNA224116	SAMN01805332	na	na	na	na	1124958	28901	Salmonella enterica subsp. enterica serovar Muenster str. 0315	strain=0315	na	latest	Complete Genome	Major	Full	2017-01-17	ASM48703v2		GCA_000487035.2	identical	https://ftp.ncbi.nlm.nih.gov/genomes/all/GCF/000/487/035/GCF_000487035.2_ASM48703v2	./Development/ThreeFold/data/external/Salmonella/GCF_000487035.2_ASM48703v2_genomic.fna.gz
GCF_000487015.2	PRJNA224116	SAMN01813420	na	na	na	na	1124959	28901	Salmonella enterica subsp. enterica serovar Muenster str. 420	strain=420	CFSAN001301	latest	Complete Genome	Major	Full	2018-01-05	ASM48701v2		GCA_000487015.2	identical	https://ftp.ncbi.nlm.nih.gov/genomes/all/GCF/000/487/015/GCF_000487015.2_ASM48701v2	./Development/ThreeFold/data/external/Salmonella/GCF_000487015.2_ASM48701v2_genomic.fna.gz
GCF_000486765.2	PRJNA224116	SAMN01805327	na	na	na	na	1124961	28901	Salmonella enterica subsp. enterica serovar Panama str. ATCC 7378	strain=ATCC 7378	na	latest	Complete Genome	Major	Full	2015-08-12	ASM48676v2		GCA_000486765.2	identical	https://ftp.ncbi.nlm.nih.gov/genomes/all/GCF/000/486/765/GCF_000486765.2_ASM48676v2	./Development/ThreeFold/data/external/Salmonella/GCF_000486765.2_ASM48676v2_genomic.fna.gz
GCF_000493295.2	PRJNA224116	SAMN01805328	na	na	na	na	1124962	28901	Salmonella enterica subsp. enterica serovar Poona str. ATCC BAA-1673	strain=ATCC BAA-1673	na	latest	Complete Genome	Major	Full	2018-01-05	ASM49329v2		GCA_000493295.2	identical	https://ftp.ncbi.nlm.nih.gov/genomes/all/GCF/000/493/295/GCF_000493295.2_ASM49329v2	./Development/ThreeFold/data/external/Salmonella/GCF_000493295.2_ASM49329v2_genomic.fna.gz
GCF_001975605.1	PRJNA224116	SAMN04160827	na	na	na	na	1129117	28901	Salmonella enterica subsp. enterica serovar Nitra	strain=S-1687	na	latest	Complete Genome	Major	Full	2017-01-30	ASM197560v1		GCA_001975605.1	identical	https://ftp.ncbi.nlm.nih.gov/genomes/all/GCF/001/975/605/GCF_001975605.1_ASM197560v1	./Development/ThreeFold/data/external/Salmonella/GCF_001975605.1_ASM197560v1_genomic.fna.gz
GCF_000245535.1	PRJNA224116	SAMN02603101	na	na	na	na	1132507	28901	Salmonella enterica subsp. enterica serovar Typhi str. P-stx-12	strain=P-stx-12	na	latest	Complete Genome	Major	Full	2012-02-01	ASM24553v1		GCA_000245535.1	identical	https://ftp.ncbi.nlm.nih.gov/genomes/all/GCF/000/245/535/GCF_000245535.1_ASM24553v1	./Development/ThreeFold/data/external/Salmonella/GCF_000245535.1_ASM24553v1_genomic.fna.gz
GCF_016864955.1	PRJNA224116	SAMN14150057	na	na	na	na	1151001	28901	Salmonella enterica subsp. enterica serovar Napoli	strain=16-174478	na	latest	Complete Genome	Major	Full	2021-02-11	ASM1686495v1		GCA_016864955.1	identical	https://ftp.ncbi.nlm.nih.gov/genomes/all/GCF/016/864/955/GCF_016864955.1_ASM1686495v1	./Development/ThreeFold/data/external/Salmonella/GCF_016864955.1_ASM1686495v1_genomic.fna.gz
GCF_000258365.1	PRJNA224116	SAMN02603149	na	na	na	na	1160717	28901	Salmonella enterica subsp. enterica serovar Heidelberg str. B182	strain=B182	na	latest	Complete Genome	Major	Full	2012-04-10	ASM25836v1		GCA_000258365.1	identical	https://ftp.ncbi.nlm.nih.gov/genomes/all/GCF/000/258/365/GCF_000258365.1_ASM25836v1	./Development/ThreeFold/data/external/Salmonella/GCF_000258365.1_ASM25836v1_genomic.fna.gz
GCF_027701665.1	PRJNA224116	SAMN32423452	na	na	na	na	1160736	28901	Salmonella enterica subsp. enterica serovar Bispebjerg	strain=20SAL-1342-3	na	latest	Complete Genome	Major	Full	2023-01-12	ASM2770166v1		GCA_027701665.1	identical	https://ftp.ncbi.nlm.nih.gov/genomes/all/GCF/027/701/665/GCF_027701665.1_ASM2770166v1	./Development/ThreeFold/data/external/Salmonella/GCF_027701665.1_ASM2770166v1_genomic.fna.gz
GCF_003073515.1	PRJNA224116	SAMN05181543	na	na	na	na	1160769	28901	Salmonella enterica subsp. enterica serovar Worthington	strain=CFSAN051295	na	latest	Complete Genome	Major	Full	2018-04-30	ASM307351v1		GCA_003073515.1	identical	https://ftp.ncbi.nlm.nih.gov/genomes/all/GCF/003/073/515/GCF_003073515.1_ASM307351v1	./Development/ThreeFold/data/external/Salmonella/GCF_003073515.1_ASM307351v1_genomic.fna.gz
GCF_004923395.1	PRJNA224116	SAMN11445819	na	na	na	na	1160769	28901	Salmonella enterica subsp. enterica serovar Worthington	strain=7101.67	na	latest	Complete Genome	Major	Full	2019-04-30	ASM492339v1		GCA_004923395.1	identical	https://ftp.ncbi.nlm.nih.gov/genomes/all/GCF/004/923/395/GCF_004923395.1_ASM492339v1	./Development/ThreeFold/data/external/Salmonella/GCF_004923395.1_ASM492339v1_genomic.fna.gz
GCF_004923415.2	PRJNA224116	SAMN11445820	na	na	na	na	1160769	28901	Salmonella enterica subsp. enterica serovar Worthington	strain=7102.58	na	latest	Complete Genome	Major	Full	2019-07-10	ASM492341v2		GCA_004923415.2	identical	https://ftp.ncbi.nlm.nih.gov/genomes/all/GCF/004/923/415/GCF_004923415.2_ASM492341v2	./Development/ThreeFold/data/external/Salmonella/GCF_004923415.2_ASM492341v2_genomic.fna.gz
GCF_016452125.1	PRJNA224116	SAMN14504865	na	na	na	na	1160769	28901	Salmonella enterica subsp. enterica serovar Worthington	strain=CVM 33836	na	latest	Complete Genome	Major	Full	2020-12-31	ASM1645212v1		GCA_016452125.1	identical	https://ftp.ncbi.nlm.nih.gov/genomes/all/GCF/016/452/125/GCF_016452125.1_ASM1645212v1	./Development/ThreeFold/data/external/Salmonella/GCF_016452125.1_ASM1645212v1_genomic.fna.gz
GCF_016454225.1	PRJNA224116	SAMN14504796	na	na	na	na	1160769	28901	Salmonella enterica subsp. enterica serovar Worthington	strain=CVM 30148	na	latest	Complete Genome	Major	Full	2020-12-31	ASM1645422v1		GCA_016454225.1	identical	https://ftp.ncbi.nlm.nih.gov/genomes/all/GCF/016/454/225/GCF_016454225.1_ASM1645422v1	./Development/ThreeFold/data/external/Salmonella/GCF_016454225.1_ASM1645422v1_genomic.fna.gz
GCF_000439415.2	PRJNA224116	SAMN01823701	na	na	na	na	1173427	28901	Salmonella enterica subsp. enterica serovar Bareilly str. CFSAN000189	strain=CFSAN000189	na	latest	Complete Genome	Major	Full	2019-04-24	ASM43941v2		GCA_000439415.2	identical	https://ftp.ncbi.nlm.nih.gov/genomes/all/GCF/000/439/415/GCF_000439415.2_ASM43941v2	./Development/ThreeFold/data/external/Salmonella/GCF_000439415.2_ASM43941v2_genomic.fna.gz
GCF_009648715.1	PRJNA224116	SAMN01823701	na	na	na	na	1173427	28901	Salmonella enterica subsp. enterica serovar Bareilly str. CFSAN000189	strain=CFSAN000189	na	latest	Complete Genome	Major	Full	2019-11-11	ASM964871v1		GCA_009648715.1	identical	https://ftp.ncbi.nlm.nih.gov/genomes/all/GCF/009/648/715/GCF_009648715.1_ASM964871v1	./Development/ThreeFold/data/external/Salmonella/GCF_009648715.1_ASM964871v1_genomic.fna.gz
GCF_009667855.1	PRJNA224116	SAMN04364135	na	na	na	na	1173427	28901	Salmonella enterica subsp. enterica serovar Bareilly str. CFSAN000189	strain=CFSAN000189	na	latest	Complete Genome	Major	Full	2019-11-15	ASM966785v1		GCA_009667855.1	identical	https://ftp.ncbi.nlm.nih.gov/genomes/all/GCF/009/667/855/GCF_009667855.1_ASM966785v1	./Development/ThreeFold/data/external/Salmonella/GCF_009667855.1_ASM966785v1_genomic.fna.gz
GCF_000748565.2	PRJNA224116	SAMN00862340	na	na	na	na	1173456	28901	Salmonella enterica subsp. enterica serovar Bareilly str. CFSAN000228	strain=CFSAN000228	na	latest	Complete Genome	Major	Full	2019-05-02	ASM74856v2		GCA_000748565.2	identical	https://ftp.ncbi.nlm.nih.gov/genomes/all/GCF/000/748/565/GCF_000748565.2_ASM74856v2	./Development/ThreeFold/data/external/Salmonella/GCF_000748565.2_ASM74856v2_genomic.fna.gz
GCF_003627015.2	PRJNA224116	SAMN00860590	na	na	na	na	1173457	28901	Salmonella enterica subsp. enterica serovar Bareilly str. CFSAN000191	strain=CFSAN000191	na	latest	Complete Genome	Major	Full	2019-05-06	ASM362701v2		GCA_003627015.2	identical	https://ftp.ncbi.nlm.nih.gov/genomes/all/GCF/003/627/015/GCF_003627015.2_ASM362701v2	./Development/ThreeFold/data/external/Salmonella/GCF_003627015.2_ASM362701v2_genomic.fna.gz
GCF_000698715.2	PRJNA224116	SAMN00989085	na	na	na	na	1173459	28901	Salmonella enterica subsp. enterica serovar Bareilly str. CFSAN000211	strain=CFSAN000211	na	latest	Complete Genome	Major	Full	2019-05-02	ASM69871v2		GCA_000698715.2	identical	https://ftp.ncbi.nlm.nih.gov/genomes/all/GCF/000/698/715/GCF_000698715.2_ASM69871v2	./Development/ThreeFold/data/external/Salmonella/GCF_000698715.2_ASM69871v2_genomic.fna.gz
GCF_000748245.2	PRJNA224116	SAMN00862341	na	na	na	na	1173461	28901	Salmonella enterica subsp. enterica serovar Bareilly str. CFSAN000212	strain=CFSAN000212	na	latest	Complete Genome	Major	Full	2019-05-02	ASM74824v2		GCA_000748245.2	identical	https://ftp.ncbi.nlm.nih.gov/genomes/all/GCF/000/748/245/GCF_000748245.2_ASM74824v2	./Development/ThreeFold/data/external/Salmonella/GCF_000748245.2_ASM74824v2_genomic.fna.gz
GCF_014338425.1	PRJNA224116	SAMN03700895	na	na	na	na	1173775	54736	Salmonella bongori serovar 40:z35:-	strain=CFSAN001045	na	latest	Complete Genome	Major	Full	2021-05-21	ASM1433842v3		GCA_014338425.3	identical	https://ftp.ncbi.nlm.nih.gov/genomes/all/GCF/014/338/425/GCF_014338425.1_ASM1433842v3	./Development/ThreeFold/data/external/Salmonella/GCF_014338425.1_ASM1433842v3_genomic.fna.gz
GCF_001832255.2	PRJNA224116	SAMN04961990	na	na	na	na	1173779	28901	Salmonella enterica subsp. diarizonae serovar 60:r:e,n,x,z15	strain=CFSAN044923	na	latest	Complete Genome	Major	Full	2021-06-07	ASM183225v2		GCA_001832255.2	identical	https://ftp.ncbi.nlm.nih.gov/genomes/all/GCF/001/832/255/GCF_001832255.2_ASM183225v2	./Development/ThreeFold/data/external/Salmonella/GCF_001832255.2_ASM183225v2_genomic.fna.gz
GCF_000487515.2	PRJNA224116	SAMN01823708	na	na	na	na	1173798	28901	Salmonella enterica subsp. enterica serovar Albany str. ATCC 51960	strain=ATCC 51960	na	latest	Complete Genome	Major	Full	2017-01-17	ASM48751v2		GCA_000487515.2	identical	https://ftp.ncbi.nlm.nih.gov/genomes/all/GCF/000/487/515/GCF_000487515.2_ASM48751v2	./Development/ThreeFold/data/external/Salmonella/GCF_000487515.2_ASM48751v2_genomic.fna.gz
GCF_001612515.1	PRJNA224116	SAMN02568587	na	na	na	na	1173939	28901	Salmonella enterica subsp. enterica serovar Weltevreden str. 1655	strain=1655	na	latest	Complete Genome	Major	Full	2016-04-06	ASM161251v1		GCA_001612515.1	identical	https://ftp.ncbi.nlm.nih.gov/genomes/all/GCF/001/612/515/GCF_001612515.1_ASM161251v1	./Development/ThreeFold/data/external/Salmonella/GCF_001612515.1_ASM161251v1_genomic.fna.gz
GCF_000698515.2	PRJNA224116	SAMN00991042	na	na	na	na	1182172	28901	Salmonella enterica subsp. enterica serovar Bareilly str. CFSAN000661	strain=CFSAN000661	na	latest	Complete Genome	Major	Full	2019-05-02	ASM69851v2		GCA_000698515.2	identical	https://ftp.ncbi.nlm.nih.gov/genomes/all/GCF/000/698/515/GCF_000698515.2_ASM69851v2	./Development/ThreeFold/data/external/Salmonella/GCF_000698515.2_ASM69851v2_genomic.fna.gz
GCF_009648835.1	PRJNA224116	SAMN00991042	na	na	na	na	1182172	28901	Salmonella enterica subsp. enterica serovar Bareilly str. CFSAN000661	strain=CFSAN000661	na	latest	Complete Genome	Major	Full	2019-11-11	ASM964883v1		GCA_009648835.1	identical	https://ftp.ncbi.nlm.nih.gov/genomes/all/GCF/009/648/835/GCF_009648835.1_ASM964883v1	./Development/ThreeFold/data/external/Salmonella/GCF_009648835.1_ASM964883v1_genomic.fna.gz
GCF_004848885.1	PRJNA224116	SAMN00991044	na	na	na	na	1182174	28901	Salmonella enterica subsp. enterica serovar Bareilly str. CFSAN000669	strain=CFSAN000669	na	latest	Complete Genome	Major	Full	2019-04-24	ASM484888v1		GCA_004848885.1	identical	https://ftp.ncbi.nlm.nih.gov/genomes/all/GCF/004/848/885/GCF_004848885.1_ASM484888v1	./Development/ThreeFold/data/external/Salmonella/GCF_004848885.1_ASM484888v1_genomic.fna.gz
GCF_009648755.1	PRJNA224116	SAMN00991044	na	na	na	na	1182174	28901	Salmonella enterica subsp. enterica serovar Bareilly str. CFSAN000669	strain=CFSAN000669	na	latest	Complete Genome	Major	Full	2019-11-11	ASM964875v1		GCA_009648755.1	identical	https://ftp.ncbi.nlm.nih.gov/genomes/all/GCF/009/648/755/GCF_009648755.1_ASM964875v1	./Development/ThreeFold/data/external/Salmonella/GCF_009648755.1_ASM964875v1_genomic.fna.gz
GCF_004848545.1	PRJNA224116	SAMN00991046	na	na	na	na	1182176	28901	Salmonella enterica subsp. enterica serovar Bareilly str. CFSAN000700	strain=CFSAN000700	na	latest	Complete Genome	Major	Full	2019-04-24	ASM484854v1		GCA_004848545.1	identical	https://ftp.ncbi.nlm.nih.gov/genomes/all/GCF/004/848/545/GCF_004848545.1_ASM484854v1	./Development/ThreeFold/data/external/Salmonella/GCF_004848545.1_ASM484854v1_genomic.fna.gz
GCF_004848685.1	PRJNA224116	SAMN00991047	na	na	na	na	1182177	28901	Salmonella enterica subsp. enterica serovar Bareilly str. CFSAN000752	strain=CFSAN000752	na	latest	Complete Genome	Major	Full	2019-04-24	ASM484868v1		GCA_004848685.1	identical	https://ftp.ncbi.nlm.nih.gov/genomes/all/GCF/004/848/685/GCF_004848685.1_ASM484868v1	./Development/ThreeFold/data/external/Salmonella/GCF_004848685.1_ASM484868v1_genomic.fna.gz
GCF_009648735.1	PRJNA224116	SAMN00991047	na	na	na	na	1182177	28901	Salmonella enterica subsp. enterica serovar Bareilly str. CFSAN000752	strain=CFSAN000752	na	latest	Complete Genome	Major	Full	2019-11-11	ASM964873v1		GCA_009648735.1	identical	https://ftp.ncbi.nlm.nih.gov/genomes/all/GCF/009/648/735/GCF_009648735.1_ASM964873v1	./Development/ThreeFold/data/external/Salmonella/GCF_009648735.1_ASM964873v1_genomic.fna.gz
GCF_004848405.1	PRJNA224116	SAMN00991048	na	na	na	na	1182178	28901	Salmonella enterica subsp. enterica serovar Bareilly str. CFSAN000753	strain=CFSAN000753	na	latest	Complete Genome	Major	Full	2019-04-24	ASM484840v1		GCA_004848405.1	identical	https://ftp.ncbi.nlm.nih.gov/genomes/all/GCF/004/848/405/GCF_004848405.1_ASM484840v1	./Development/ThreeFold/data/external/Salmonella/GCF_004848405.1_ASM484840v1_genomic.fna.gz
GCF_004847565.1	PRJNA224116	SAMN01942233	na	na	na	na	1182180	28901	Salmonella enterica subsp. enterica serovar Bareilly str. CFSAN000951	strain=CFSAN000951	na	latest	Complete Genome	Major	Full	2019-04-24	ASM484756v1		GCA_004847565.1	identical	https://ftp.ncbi.nlm.nih.gov/genomes/all/GCF/004/847/565/GCF_004847565.1_ASM484756v1	./Development/ThreeFold/data/external/Salmonella/GCF_004847565.1_ASM484756v1_genomic.fna.gz
GCF_004847585.1	PRJNA224116	SAMN01942313	na	na	na	na	1182181	28901	Salmonella enterica subsp. enterica serovar Bareilly str. CFSAN000952	strain=CFSAN000952	na	latest	Complete Genome	Major	Full	2019-04-24	ASM484758v1		GCA_004847585.1	identical	https://ftp.ncbi.nlm.nih.gov/genomes/all/GCF/004/847/585/GCF_004847585.1_ASM484758v1	./Development/ThreeFold/data/external/Salmonella/GCF_004847585.1_ASM484758v1_genomic.fna.gz
GCF_004847345.1	PRJNA224116	SAMN01942244	na	na	na	na	1182183	28901	Salmonella enterica subsp. enterica serovar Bareilly str. CFSAN000954	strain=CFSAN000954	na	latest	Complete Genome	Major	Full	2019-04-24	ASM484734v1		GCA_004847345.1	identical	https://ftp.ncbi.nlm.nih.gov/genomes/all/GCF/004/847/345/GCF_004847345.1_ASM484734v1	./Development/ThreeFold/data/external/Salmonella/GCF_004847345.1_ASM484734v1_genomic.fna.gz
GCF_004848145.1	PRJNA224116	SAMN01942300	na	na	na	na	1182188	28901	Salmonella enterica subsp. enterica serovar Bareilly str. CFSAN000958	strain=CFSAN000958	na	latest	Complete Genome	Major	Full	2019-04-24	ASM484814v1		GCA_004848145.1	identical	https://ftp.ncbi.nlm.nih.gov/genomes/all/GCF/004/848/145/GCF_004848145.1_ASM484814v1	./Development/ThreeFold/data/external/Salmonella/GCF_004848145.1_ASM484814v1_genomic.fna.gz
GCF_004847885.1	PRJNA224116	SAMN01942254	na	na	na	na	1182190	28901	Salmonella enterica subsp. enterica serovar Bareilly str. CFSAN000960	strain=CFSAN000960	na	latest	Complete Genome	Major	Full	2019-04-24	ASM484788v1		GCA_004847885.1	identical	https://ftp.ncbi.nlm.nih.gov/genomes/all/GCF/004/847/885/GCF_004847885.1_ASM484788v1	./Development/ThreeFold/data/external/Salmonella/GCF_004847885.1_ASM484788v1_genomic.fna.gz
GCF_004847745.1	PRJNA224116	SAMN01942253	na	na	na	na	1182191	28901	Salmonella enterica subsp. enterica serovar Bareilly str. CFSAN000961	strain=CFSAN000961	na	latest	Complete Genome	Major	Full	2019-04-24	ASM484774v1		GCA_004847745.1	identical	https://ftp.ncbi.nlm.nih.gov/genomes/all/GCF/004/847/745/GCF_004847745.1_ASM484774v1	./Development/ThreeFold/data/external/Salmonella/GCF_004847745.1_ASM484774v1_genomic.fna.gz
GCF_004847625.1	PRJNA224116	SAMN01942246	na	na	na	na	1182193	28901	Salmonella enterica subsp. enterica serovar Bareilly str. CFSAN000963	strain=CFSAN000963	na	latest	Complete Genome	Major	Full	2019-04-24	ASM484762v1		GCA_004847625.1	identical	https://ftp.ncbi.nlm.nih.gov/genomes/all/GCF/004/847/625/GCF_004847625.1_ASM484762v1	./Development/ThreeFold/data/external/Salmonella/GCF_004847625.1_ASM484762v1_genomic.fna.gz
GCF_004847605.1	PRJNA224116	SAMN01942268	na	na	na	na	1183391	28901	Salmonella enterica subsp. enterica serovar Bareilly str. CFSAN000968	strain=CFSAN000968	na	latest	Complete Genome	Major	Full	2019-04-24	ASM484760v1		GCA_004847605.1	identical	https://ftp.ncbi.nlm.nih.gov/genomes/all/GCF/004/847/605/GCF_004847605.1_ASM484760v1	./Development/ThreeFold/data/external/Salmonella/GCF_004847605.1_ASM484760v1_genomic.fna.gz
GCF_004847545.1	PRJNA224116	SAMN01942296	na	na	na	na	1183393	28901	Salmonella enterica subsp. enterica serovar Bareilly str. CFSAN000970	strain=CFSAN000970	na	latest	Complete Genome	Major	Full	2019-04-24	ASM484754v1		GCA_004847545.1	identical	https://ftp.ncbi.nlm.nih.gov/genomes/all/GCF/004/847/545/GCF_004847545.1_ASM484754v1	./Development/ThreeFold/data/external/Salmonella/GCF_004847545.1_ASM484754v1_genomic.fna.gz
GCF_003324755.1	PRJNA224116	SAMN09237644	na	na	na	na	1192842	28901	Salmonella enterica subsp. diarizonae serovar 48:i:z	strain=SA20121591	na	latest	Complete Genome	Major	Full	2018-07-17	ASM332475v1		GCA_003324755.1	identical	https://ftp.ncbi.nlm.nih.gov/genomes/all/GCF/003/324/755/GCF_003324755.1_ASM332475v1	./Development/ThreeFold/data/external/Salmonella/GCF_003324755.1_ASM332475v1_genomic.fna.gz
GCF_000487775.1	PRJNA224116	SAMN01813431	na	na	na	na	1194154	28901	Salmonella enterica subsp. enterica serovar Bredeney str. CFSAN001080	strain=CFSAN001080	na	latest	Complete Genome	Major	Full	2014-04-04	ASM48777v2		GCA_000487775.2	identical	https://ftp.ncbi.nlm.nih.gov/genomes/all/GCF/000/487/775/GCF_000487775.1_ASM48777v2	./Development/ThreeFold/data/external/Salmonella/GCF_000487775.1_ASM48777v2_genomic.fna.gz
GCF_000439255.1	PRJNA224116	SAMN02603391	na	na	na	na	1197719	54736	Salmonella bongori N268-08	strain=N268-08	na	latest	Complete Genome	Major	Full	2013-07-23	ASM43925v1		GCA_000439255.1	identical	https://ftp.ncbi.nlm.nih.gov/genomes/all/GCF/000/439/255/GCF_000439255.1_ASM43925v1	./Development/ThreeFold/data/external/Salmonella/GCF_000439255.1_ASM43925v1_genomic.fna.gz
GCF_000487915.2	PRJNA224116	SAMN01813419	na	na	na	na	1208611	28901	Salmonella enterica subsp. enterica serovar Abaetetuba str. ATCC 35640	strain=ATCC 35640	na	latest	Complete Genome	Major	Full	2014-04-04	ASM48791v2		GCA_000487915.2	identical	https://ftp.ncbi.nlm.nih.gov/genomes/all/GCF/000/487/915/GCF_000487915.2_ASM48791v2	./Development/ThreeFold/data/external/Salmonella/GCF_000487915.2_ASM48791v2_genomic.fna.gz
GCF_004847145.1	PRJNA224116	SAMN01816351	na	na	na	na	1208622	28901	Salmonella enterica subsp. enterica serovar Bareilly str. CFSAN001118	strain=CFSAN001118	na	latest	Complete Genome	Major	Full	2019-04-24	ASM484714v1		GCA_004847145.1	identical	https://ftp.ncbi.nlm.nih.gov/genomes/all/GCF/004/847/145/GCF_004847145.1_ASM484714v1	./Development/ThreeFold/data/external/Salmonella/GCF_004847145.1_ASM484714v1_genomic.fna.gz
GCF_004847005.1	PRJNA224116	SAMN01816352	na	na	na	na	1208623	28901	Salmonella enterica subsp. enterica serovar Bareilly str. CFSAN001140	strain=CFSAN001140	na	latest	Complete Genome	Major	Full	2019-04-24	ASM484700v1		GCA_004847005.1	identical	https://ftp.ncbi.nlm.nih.gov/genomes/all/GCF/004/847/005/GCF_004847005.1_ASM484700v1	./Development/ThreeFold/data/external/Salmonella/GCF_004847005.1_ASM484700v1_genomic.fna.gz
GCF_004847525.1	PRJNA224116	SAMN01816358	na	na	na	na	1208629	28901	Salmonella enterica subsp. enterica serovar Bareilly str. CFSAN001112	strain=CFSAN001112	na	latest	Complete Genome	Major	Full	2019-04-24	ASM484752v1		GCA_004847525.1	identical	https://ftp.ncbi.nlm.nih.gov/genomes/all/GCF/004/847/525/GCF_004847525.1_ASM484752v1	./Development/ThreeFold/data/external/Salmonella/GCF_004847525.1_ASM484752v1_genomic.fna.gz
GCF_004847505.1	PRJNA224116	SAMN01816359	na	na	na	na	1208630	28901	Salmonella enterica subsp. enterica serovar Bareilly str. CFSAN001115	strain=CFSAN001115	na	latest	Complete Genome	Major	Full	2019-04-24	ASM484750v1		GCA_004847505.1	identical	https://ftp.ncbi.nlm.nih.gov/genomes/all/GCF/004/847/505/GCF_004847505.1_ASM484750v1	./Development/ThreeFold/data/external/Salmonella/GCF_004847505.1_ASM484750v1_genomic.fna.gz
GCF_000462995.1	PRJNA224116	SAMN01884234	na	na	na	na	1225522	28901	Salmonella enterica subsp. enterica serovar Gallinarum/Pullorum str. CDC1983-67	strain=CDC1983-67	na	latest	Complete Genome	Major	Full	2013-08-30	ASM46299v1		GCA_000462995.1	identical	https://ftp.ncbi.nlm.nih.gov/genomes/all/GCF/000/462/995/GCF_000462995.1_ASM46299v1	./Development/ThreeFold/data/external/Salmonella/GCF_000462995.1_ASM46299v1_genomic.fna.gz
GCF_001975265.1	PRJNA224116	SAMN04160822	na	na	na	na	1240694	28901	Salmonella enterica subsp. enterica serovar Blegdam str. S-1824	strain=S-1824	na	latest	Complete Genome	Major	Full	2017-01-30	ASM197526v1		GCA_001975265.1	identical	https://ftp.ncbi.nlm.nih.gov/genomes/all/GCF/001/975/265/GCF_001975265.1_ASM197526v1	./Development/ThreeFold/data/external/Salmonella/GCF_001975265.1_ASM197526v1_genomic.fna.gz
GCF_001975325.1	PRJNA224116	SAMN04160814	na	na	na	na	1240708	28901	Salmonella enterica subsp. enterica serovar Bergen str. ST350	strain=ST350	na	latest	Complete Genome	Major	Full	2017-01-30	ASM197532v1		GCA_001975325.1	identical	https://ftp.ncbi.nlm.nih.gov/genomes/all/GCF/001/975/325/GCF_001975325.1_ASM197532v1	./Development/ThreeFold/data/external/Salmonella/GCF_001975325.1_ASM197532v1_genomic.fna.gz
GCF_001956735.1	PRJNA224116	SAMN04160831	na	na	na	na	1242087	28901	Salmonella enterica subsp. enterica serovar Antsalova str. S01-0511	strain=S01-0511	na	latest	Complete Genome	Major	Full	2017-01-18	ASM195673v1		GCA_001956735.1	identical	https://ftp.ncbi.nlm.nih.gov/genomes/all/GCF/001/956/735/GCF_001956735.1_ASM195673v1	./Development/ThreeFold/data/external/Salmonella/GCF_001956735.1_ASM195673v1_genomic.fna.gz
GCF_001975285.1	PRJNA224116	SAMN04160810	na	na	na	na	1242088	28901	Salmonella enterica subsp. enterica serovar Apapa str. SA20060561	strain=SA20060561	na	latest	Complete Genome	Major	Full	2017-01-30	ASM197528v1		GCA_001975285.1	identical	https://ftp.ncbi.nlm.nih.gov/genomes/all/GCF/001/975/285/GCF_001975285.1_ASM197528v1	./Development/ThreeFold/data/external/Salmonella/GCF_001975285.1_ASM197528v1_genomic.fna.gz
GCF_001975345.1	PRJNA224116	SAMN04160805	na	na	na	na	1242089	28901	Salmonella enterica subsp. enterica serovar Borreze str. SA20041063	strain=SA20041063	na	latest	Complete Genome	Major	Full	2017-01-30	ASM197534v1		GCA_001975345.1	identical	https://ftp.ncbi.nlm.nih.gov/genomes/all/GCF/001/975/345/GCF_001975345.1_ASM197534v1	./Development/ThreeFold/data/external/Salmonella/GCF_001975345.1_ASM197534v1_genomic.fna.gz
GCF_001975245.1	PRJNA224116	SAMN04160812	na	na	na	na	1242090	28901	Salmonella enterica subsp. enterica serovar Crossness str. 1422-74	strain=1422-74	na	latest	Complete Genome	Major	Full	2017-01-30	ASM197524v1		GCA_001975245.1	identical	https://ftp.ncbi.nlm.nih.gov/genomes/all/GCF/001/975/245/GCF_001975245.1_ASM197524v1	./Development/ThreeFold/data/external/Salmonella/GCF_001975245.1_ASM197524v1_genomic.fna.gz
GCF_001975365.1	PRJNA224116	SAMN04160823	na	na	na	na	1242091	28901	Salmonella enterica subsp. enterica serovar Djakarta str. S-1087	strain=S-1087	na	latest	Complete Genome	Major	Full	2017-01-30	ASM197536v1		GCA_001975365.1	identical	https://ftp.ncbi.nlm.nih.gov/genomes/all/GCF/001/975/365/GCF_001975365.1_ASM197536v1	./Development/ThreeFold/data/external/Salmonella/GCF_001975365.1_ASM197536v1_genomic.fna.gz
GCF_001448665.2	PRJNA224116	SAMN03470707	na	na	na	na	1242094	28901	Salmonella enterica subsp. enterica serovar Gaminara str. SA20063285	strain=SA20063285	na	latest	Complete Genome	Major	Full	2018-07-20	ASM144866v2		GCA_001448665.2	identical	https://ftp.ncbi.nlm.nih.gov/genomes/all/GCF/001/448/665/GCF_001448665.2_ASM144866v2	./Development/ThreeFold/data/external/Salmonella/GCF_001448665.2_ASM144866v2_genomic.fna.gz
GCF_001975385.1	PRJNA224116	SAMN04160821	na	na	na	na	1242096	28901	Salmonella enterica subsp. enterica serovar Hillingdon str. N1529-D3	strain=N1529-D3	na	latest	Complete Genome	Major	Full	2017-01-30	ASM197538v1		GCA_001975385.1	identical	https://ftp.ncbi.nlm.nih.gov/genomes/all/GCF/001/975/385/GCF_001975385.1_ASM197538v1	./Development/ThreeFold/data/external/Salmonella/GCF_001975385.1_ASM197538v1_genomic.fna.gz
GCF_001448705.2	PRJNA224116	SAMN03470763	na	na	na	na	1242097	28901	Salmonella enterica subsp. enterica serovar Hvittingfoss str. SA20014981	strain=SA20014981	na	latest	Complete Genome	Major	Full	2017-07-27	ASM144870v2		GCA_001448705.2	identical	https://ftp.ncbi.nlm.nih.gov/genomes/all/GCF/001/448/705/GCF_001448705.2_ASM144870v2	./Development/ThreeFold/data/external/Salmonella/GCF_001448705.2_ASM144870v2_genomic.fna.gz
GCF_002208195.1	PRJNA224116	SAMN04160811	na	na	na	na	1242098	28901	Salmonella enterica subsp. enterica serovar India str. SA20085604	strain=SA20085604	na	latest	Complete Genome	Major	Full	2017-06-26	ASM220819v1		GCA_002208195.1	identical	https://ftp.ncbi.nlm.nih.gov/genomes/all/GCF/002/208/195/GCF_002208195.1_ASM220819v1	./Development/ThreeFold/data/external/Salmonella/GCF_002208195.1_ASM220819v1_genomic.fna.gz
GCF_001975405.1	PRJNA224116	SAMN04160815	na	na	na	na	1242101	28901	Salmonella enterica subsp. enterica serovar Johannesburg str. ST203	strain=ST203	na	latest	Complete Genome	Major	Full	2017-01-30	ASM197540v1		GCA_001975405.1	identical	https://ftp.ncbi.nlm.nih.gov/genomes/all/GCF/001/975/405/GCF_001975405.1_ASM197540v1	./Development/ThreeFold/data/external/Salmonella/GCF_001975405.1_ASM197540v1_genomic.fna.gz
GCF_001448485.2	PRJNA224116	SAMN03485833	na	na	na	na	1242102	28901	Salmonella enterica subsp. enterica serovar Kentucky str. SA20030505	strain=SA20030505	na	latest	Complete Genome	Major	Full	2017-07-27	ASM144848v2		GCA_001448485.2	identical	https://ftp.ncbi.nlm.nih.gov/genomes/all/GCF/001/448/485/GCF_001448485.2_ASM144848v2	./Development/ThreeFold/data/external/Salmonella/GCF_001448485.2_ASM144848v2_genomic.fna.gz
GCF_001975425.1	PRJNA224116	SAMN04160824	na	na	na	na	1242105	28901	Salmonella enterica subsp. enterica serovar Koessen str. S-1501	strain=S-1501	na	latest	Complete Genome	Major	Full	2017-01-30	ASM197542v1		GCA_001975425.1	identical	https://ftp.ncbi.nlm.nih.gov/genomes/all/GCF/001/975/425/GCF_001975425.1_ASM197542v1	./Development/ThreeFold/data/external/Salmonella/GCF_001975425.1_ASM197542v1_genomic.fna.gz
GCF_001975445.1	PRJNA224116	SAMN04160800	na	na	na	na	1242106	28901	Salmonella enterica subsp. enterica serovar Krefeld str. SA20030536	strain=SA20030536	na	latest	Complete Genome	Major	Full	2017-01-30	ASM197544v1		GCA_001975445.1	identical	https://ftp.ncbi.nlm.nih.gov/genomes/all/GCF/001/975/445/GCF_001975445.1_ASM197544v1	./Development/ThreeFold/data/external/Salmonella/GCF_001975445.1_ASM197544v1_genomic.fna.gz
GCF_002211585.1	PRJNA224116	SAMN04160825	na	na	na	na	1242107	28901	Salmonella enterica subsp. enterica serovar Macclesfield str. S-1643	strain=S-1643	na	latest	Complete Genome	Major	Full	2017-06-30	ASM221158v1		GCA_002211585.1	identical	https://ftp.ncbi.nlm.nih.gov/genomes/all/GCF/002/211/585/GCF_002211585.1_ASM221158v1	./Development/ThreeFold/data/external/Salmonella/GCF_002211585.1_ASM221158v1_genomic.fna.gz
GCF_001975515.1	PRJNA224116	SAMN04160817	na	na	na	na	1242108	28901	Salmonella enterica subsp. enterica serovar Manchester str. ST278	strain=ST278	na	latest	Complete Genome	Major	Full	2017-01-30	ASM197551v1		GCA_001975515.1	identical	https://ftp.ncbi.nlm.nih.gov/genomes/all/GCF/001/975/515/GCF_001975515.1_ASM197551v1	./Development/ThreeFold/data/external/Salmonella/GCF_001975515.1_ASM197551v1_genomic.fna.gz
GCF_001448785.2	PRJNA224116	SAMN03485849	na	na	na	na	1243578	28901	Salmonella enterica subsp. enterica serovar Milwaukee str. SA19950795	strain=SA19950795	na	latest	Complete Genome	Major	Full	2018-07-20	ASM144878v2		GCA_001448785.2	identical	https://ftp.ncbi.nlm.nih.gov/genomes/all/GCF/001/448/785/GCF_001448785.2_ASM144878v2	./Development/ThreeFold/data/external/Salmonella/GCF_001448785.2_ASM144878v2_genomic.fna.gz
GCF_001975555.1	PRJNA224116	SAMN04160826	na	na	na	na	1243579	28901	Salmonella enterica subsp. enterica serovar Moscow str. S-1843	strain=S-1843	na	latest	Complete Genome	Major	Full	2017-01-30	ASM197555v1		GCA_001975555.1	identical	https://ftp.ncbi.nlm.nih.gov/genomes/all/GCF/001/975/555/GCF_001975555.1_ASM197555v1	./Development/ThreeFold/data/external/Salmonella/GCF_001975555.1_ASM197555v1_genomic.fna.gz
GCF_002208255.1	PRJNA224116	SAMN04160808	na	na	na	na	1243584	28901	Salmonella enterica subsp. enterica serovar Onderstepoort str. SA20060086	strain=SA20060086	na	latest	Complete Genome	Major	Full	2017-06-26	ASM220825v1		GCA_002208255.1	identical	https://ftp.ncbi.nlm.nih.gov/genomes/all/GCF/002/208/255/GCF_002208255.1_ASM220825v1	./Development/ThreeFold/data/external/Salmonella/GCF_002208255.1_ASM220825v1_genomic.fna.gz
GCF_002211565.1	PRJNA224116	SAMN04160801	na	na	na	na	1243586	28901	Salmonella enterica subsp. enterica serovar Ouakam str. SA20034636	strain=SA20034636	na	latest	Complete Genome	Major	Full	2017-06-30	ASM221156v1		GCA_002211565.1	identical	https://ftp.ncbi.nlm.nih.gov/genomes/all/GCF/002/211/565/GCF_002211565.1_ASM221156v1	./Development/ThreeFold/data/external/Salmonella/GCF_002211565.1_ASM221156v1_genomic.fna.gz
GCF_002208315.1	PRJNA224116	SAMN04160828	na	na	na	na	1243591	28901	Salmonella enterica subsp. enterica serovar Quebec str. S-1267	strain=S-1267	na	latest	Complete Genome	Major	Full	2017-06-26	ASM220831v1		GCA_002208315.1	identical	https://ftp.ncbi.nlm.nih.gov/genomes/all/GCF/002/208/315/GCF_002208315.1_ASM220831v1	./Development/ThreeFold/data/external/Salmonella/GCF_002208315.1_ASM220831v1_genomic.fna.gz
GCF_001975625.1	PRJNA224116	SAMN04160802	na	na	na	na	1243595	28901	Salmonella enterica subsp. enterica serovar Wandsworth str. SA20092095	strain=SA20092095	na	latest	Complete Genome	Major	Full	2017-01-30	ASM197562v1		GCA_001975625.1	identical	https://ftp.ncbi.nlm.nih.gov/genomes/all/GCF/001/975/625/GCF_001975625.1_ASM197562v1	./Development/ThreeFold/data/external/Salmonella/GCF_001975625.1_ASM197562v1_genomic.fna.gz
GCF_001975645.1	PRJNA224116	SAMN04160829	na	na	na	na	1243600	28901	Salmonella enterica subsp. enterica serovar Yovokome str. S-1850	strain=S-1850	na	latest	Complete Genome	Major	Full	2017-01-30	ASM197564v1		GCA_001975645.1	identical	https://ftp.ncbi.nlm.nih.gov/genomes/all/GCF/001/975/645/GCF_001975645.1_ASM197564v1	./Development/ThreeFold/data/external/Salmonella/GCF_001975645.1_ASM197564v1_genomic.fna.gz
GCF_002211865.1	PRJNA224116	SAMN04160813	na	na	na	na	1243602	28901	Salmonella enterica subsp. salamae serovar 55:k:z39 str. 1315K	strain=1315K	na	latest	Complete Genome	Major	Full	2017-06-30	ASM221186v1		GCA_002211865.1	identical	https://ftp.ncbi.nlm.nih.gov/genomes/all/GCF/002/211/865/GCF_002211865.1_ASM221186v1	./Development/ThreeFold/data/external/Salmonella/GCF_002211865.1_ASM221186v1_genomic.fna.gz
GCF_002211965.1	PRJNA224116	SAMN04160830	na	na	na	na	1243612	28901	Salmonella enterica subsp. diarizonae serovar 50:k:z str. MZ0080	strain=MZ0080	na	latest	Complete Genome	Major	Full	2017-06-30	ASM221196v1		GCA_002211965.1	identical	https://ftp.ncbi.nlm.nih.gov/genomes/all/GCF/002/211/965/GCF_002211965.1_ASM221196v1	./Development/ThreeFold/data/external/Salmonella/GCF_002211965.1_ASM221196v1_genomic.fna.gz
GCF_002211825.1	PRJNA224116	SAMN04160806	na	na	na	na	1243616	28901	Salmonella enterica subsp. diarizonae serovar 65:c:z str. SA20044251	strain=SA20044251	na	latest	Complete Genome	Major	Full	2017-06-30	ASM221182v1		GCA_002211825.1	identical	https://ftp.ncbi.nlm.nih.gov/genomes/all/GCF/002/211/825/GCF_002211825.1_ASM221182v1	./Development/ThreeFold/data/external/Salmonella/GCF_002211825.1_ASM221182v1_genomic.fna.gz
GCF_002211925.1	PRJNA224116	SAMN04160809	na	na	na	na	1243617	54736	Salmonella bongori serovar 66:z41:- str. SA19983605	strain=SA19983605	na	latest	Complete Genome	Major	Full	2017-06-30	ASM221192v1		GCA_002211925.1	identical	https://ftp.ncbi.nlm.nih.gov/genomes/all/GCF/002/211/925/GCF_002211925.1_ASM221192v1	./Development/ThreeFold/data/external/Salmonella/GCF_002211925.1_ASM221192v1_genomic.fna.gz
GCF_000626175.1	PRJNA224116	SAMN02384160	na	na	na	na	1243619	28901	Salmonella enterica subsp. enterica serovar Enteritidis str. EC20110354	strain=EC20110354	na	latest	Complete Genome	Major	Full	2014-04-02	ASM62617v1		GCA_000626175.1	identical	https://ftp.ncbi.nlm.nih.gov/genomes/all/GCF/000/626/175/GCF_000626175.1_ASM62617v1	./Development/ThreeFold/data/external/Salmonella/GCF_000626175.1_ASM62617v1_genomic.fna.gz
GCF_000626295.1	PRJNA224116	SAMN02384171	na	na	na	na	1243620	28901	Salmonella enterica subsp. enterica serovar Enteritidis str. EC20110355	strain=EC20110355	na	latest	Complete Genome	Major	Full	2014-04-02	ASM62629v1		GCA_000626295.1	identical	https://ftp.ncbi.nlm.nih.gov/genomes/all/GCF/000/626/295/GCF_000626295.1_ASM62629v1	./Development/ThreeFold/data/external/Salmonella/GCF_000626295.1_ASM62629v1_genomic.fna.gz
GCF_000623375.1	PRJNA224116	SAMN02384161	na	na	na	na	1243621	28901	Salmonella enterica subsp. enterica serovar Enteritidis str. EC20110356	strain=EC20110356	na	latest	Complete Genome	Major	Full	2014-04-01	ASM62337v1		GCA_000623375.1	identical	https://ftp.ncbi.nlm.nih.gov/genomes/all/GCF/000/623/375/GCF_000623375.1_ASM62337v1	./Development/ThreeFold/data/external/Salmonella/GCF_000623375.1_ASM62337v1_genomic.fna.gz
GCF_000623355.1	PRJNA224116	SAMN02384162	na	na	na	na	1244111	28901	Salmonella enterica subsp. enterica serovar Enteritidis str. EC20110357	strain=EC20110357	na	latest	Complete Genome	Major	Full	2014-04-01	ASM62335v1		GCA_000623355.1	identical	https://ftp.ncbi.nlm.nih.gov/genomes/all/GCF/000/623/355/GCF_000623355.1_ASM62335v1	./Development/ThreeFold/data/external/Salmonella/GCF_000623355.1_ASM62335v1_genomic.fna.gz
GCF_000623335.1	PRJNA224116	SAMN02384163	na	na	na	na	1244112	28901	Salmonella enterica subsp. enterica serovar Enteritidis str. EC20110358	strain=EC20110358	na	latest	Complete Genome	Major	Full	2014-04-01	ASM62333v1		GCA_000623335.1	identical	https://ftp.ncbi.nlm.nih.gov/genomes/all/GCF/000/623/335/GCF_000623335.1_ASM62333v1	./Development/ThreeFold/data/external/Salmonella/GCF_000623335.1_ASM62333v1_genomic.fna.gz
GCF_000623315.1	PRJNA224116	SAMN02384164	na	na	na	na	1244113	28901	Salmonella enterica subsp. enterica serovar Enteritidis str. EC20110359	strain=EC20110359	na	latest	Complete Genome	Major	Full	2014-04-01	ASM62331v1		GCA_000623315.1	identical	https://ftp.ncbi.nlm.nih.gov/genomes/all/GCF/000/623/315/GCF_000623315.1_ASM62331v1	./Development/ThreeFold/data/external/Salmonella/GCF_000623315.1_ASM62331v1_genomic.fna.gz
GCF_000623295.1	PRJNA224116	SAMN02384166	na	na	na	na	1244118	28901	Salmonella enterica subsp. enterica serovar Enteritidis str. EC20110360	strain=EC20110360	na	latest	Complete Genome	Major	Full	2014-04-01	ASM62329v1		GCA_000623295.1	identical	https://ftp.ncbi.nlm.nih.gov/genomes/all/GCF/000/623/295/GCF_000623295.1_ASM62329v1	./Development/ThreeFold/data/external/Salmonella/GCF_000623295.1_ASM62329v1_genomic.fna.gz
GCF_000623275.1	PRJNA224116	SAMN02384167	na	na	na	na	1244119	28901	Salmonella enterica subsp. enterica serovar Enteritidis str. EC20110361	strain=EC20110361	na	latest	Complete Genome	Major	Full	2014-04-01	ASM62327v1		GCA_000623275.1	identical	https://ftp.ncbi.nlm.nih.gov/genomes/all/GCF/000/623/275/GCF_000623275.1_ASM62327v1	./Development/ThreeFold/data/external/Salmonella/GCF_000623275.1_ASM62327v1_genomic.fna.gz
GCF_000626375.1	PRJNA224116	SAMN02384168	na	na	na	na	1244120	28901	Salmonella enterica subsp. enterica serovar Enteritidis str. EC20111095	strain=EC20111095	na	latest	Complete Genome	Major	Full	2014-04-02	ASM62637v1		GCA_000626375.1	identical	https://ftp.ncbi.nlm.nih.gov/genomes/all/GCF/000/626/375/GCF_000626375.1_ASM62637v1	./Development/ThreeFold/data/external/Salmonella/GCF_000626375.1_ASM62637v1_genomic.fna.gz
GCF_000626335.1	PRJNA224116	SAMN02384176	na	na	na	na	1244121	28901	Salmonella enterica subsp. enterica serovar Enteritidis str. EC20111175	strain=EC20111175	na	latest	Complete Genome	Major	Full	2014-04-02	ASM62633v1		GCA_000626335.1	identical	https://ftp.ncbi.nlm.nih.gov/genomes/all/GCF/000/626/335/GCF_000626335.1_ASM62633v1	./Development/ThreeFold/data/external/Salmonella/GCF_000626335.1_ASM62633v1_genomic.fna.gz
GCF_000626355.1	PRJNA224116	SAMN02384177	na	na	na	na	1244122	28901	Salmonella enterica subsp. enterica serovar Enteritidis str. EC20111174	strain=EC20111174	na	latest	Complete Genome	Major	Full	2014-04-02	ASM62635v1		GCA_000626355.1	identical	https://ftp.ncbi.nlm.nih.gov/genomes/all/GCF/000/626/355/GCF_000626355.1_ASM62635v1	./Development/ThreeFold/data/external/Salmonella/GCF_000626355.1_ASM62635v1_genomic.fna.gz
GCF_000341425.1	PRJNA224116	SAMN01832085	na	na	na	na	1267753	28901	Salmonella enterica subsp. enterica serovar Javiana str. CFSAN001992	strain=CFSAN001992	na	latest	Complete Genome	Major	Full	2013-02-20	ASM34142v1		GCA_000341425.1	identical	https://ftp.ncbi.nlm.nih.gov/genomes/all/GCF/000/341/425/GCF_000341425.1_ASM34142v1	./Development/ThreeFold/data/external/Salmonella/GCF_000341425.1_ASM34142v1_genomic.fna.gz
GCF_000430145.2	PRJNA224116	SAMN01832087	na	na	na	na	1271862	28901	Salmonella enterica subsp. enterica serovar Typhimurium var. 5- str. CFSAN001921	strain=CFSAN001921	11NY04CB01-S	latest	Complete Genome	Major	Full	2013-07-16	ASM43014v3		GCA_000430145.3	identical	https://ftp.ncbi.nlm.nih.gov/genomes/all/GCF/000/430/145/GCF_000430145.2_ASM43014v3	./Development/ThreeFold/data/external/Salmonella/GCF_000430145.2_ASM43014v3_genomic.fna.gz
GCF_000430125.1	PRJNA224116	SAMN01832088	na	na	na	na	1271863	28901	Salmonella enterica subsp. enterica serovar Cubana str. CFSAN002050	strain=CFSAN002050	na	latest	Complete Genome	Major	Full	2013-07-16	ASM43012v1		GCA_000430125.1	identical	https://ftp.ncbi.nlm.nih.gov/genomes/all/GCF/000/430/125/GCF_000430125.1_ASM43012v1	./Development/ThreeFold/data/external/Salmonella/GCF_000430125.1_ASM43012v1_genomic.fna.gz
GCF_000430085.2	PRJNA224116	SAMN01832089	na	na	na	na	1271864	28901	Salmonella enterica subsp. enterica serovar Heidelberg str. CFSAN002069	strain=CFSAN002069	na	latest	Complete Genome	Major	Full	2013-11-25	ASM43008v2		GCA_000430085.2	identical	https://ftp.ncbi.nlm.nih.gov/genomes/all/GCF/000/430/085/GCF_000430085.2_ASM43008v2	./Development/ThreeFold/data/external/Salmonella/GCF_000430085.2_ASM43008v2_genomic.fna.gz
GCF_000505705.1	PRJNA224116	SAMN01933202	na	na	na	na	1299044	28901	Salmonella enterica subsp. enterica serovar Heidelberg str. CFSAN002064	strain=CFSAN002064	na	latest	Complete Genome	Major	Full	2013-12-11	ASM50570v1		GCA_000505705.1	identical	https://ftp.ncbi.nlm.nih.gov/genomes/all/GCF/000/505/705/GCF_000505705.1_ASM50570v1	./Development/ThreeFold/data/external/Salmonella/GCF_000505705.1_ASM50570v1_genomic.fna.gz
GCF_003581245.2	PRJNA224116	SAMN01938963	na	na	na	na	1299166	28901	Salmonella enterica subsp. enterica serovar Newport str. CFSAN000827	strain=CFSAN000827	na	latest	Complete Genome	Major	Full	2021-05-24	ASM358124v2		GCA_003581245.2	identical	https://ftp.ncbi.nlm.nih.gov/genomes/all/GCF/003/581/245/GCF_003581245.2_ASM358124v2	./Development/ThreeFold/data/external/Salmonella/GCF_003581245.2_ASM358124v2_genomic.fna.gz
GCF_009648775.1	PRJNA224116	SAMN01933083	na	na	na	na	1299282	54736	Salmonella bongori CFSAN000510	strain=CFSAN000510	na	latest	Complete Genome	Major	Full	2019-11-11	ASM964877v1		GCA_009648775.1	identical	https://ftp.ncbi.nlm.nih.gov/genomes/all/GCF/009/648/775/GCF_009648775.1_ASM964877v1	./Development/ThreeFold/data/external/Salmonella/GCF_009648775.1_ASM964877v1_genomic.fna.gz
GCF_018338735.1	PRJNA224116	SAMN01933083	na	na	na	na	1299282	54736	Salmonella bongori CFSAN000510	strain=SGSC 3100	na	latest	Complete Genome	Major	Full	2021-05-11	ASM1833873v1		GCA_018338735.1	identical	https://ftp.ncbi.nlm.nih.gov/genomes/all/GCF/018/338/735/GCF_018338735.1_ASM1833873v1	./Development/ThreeFold/data/external/Salmonella/GCF_018338735.1_ASM1833873v1_genomic.fna.gz
GCF_002210025.1	PRJNA224116	SAMN06309456	na	na	na	na	1331664	28901	Salmonella enterica subsp. enterica serovar Typhimurium var. monophasic 4,5,12:i:-	strain=TW-Stm6	na	latest	Complete Genome	Major	Full	2017-06-28	ASM221002v1		GCA_002210025.1	identical	https://ftp.ncbi.nlm.nih.gov/genomes/all/GCF/002/210/025/GCF_002210025.1_ASM221002v1	./Development/ThreeFold/data/external/Salmonella/GCF_002210025.1_ASM221002v1_genomic.fna.gz
GCF_000709535.1	PRJNA224116	SAMN03081475	na	na	na	na	1382510	54736	Salmonella bongori serovar 48:z41:-- str. RKS3044	strain=RKS3044	na	latest	Complete Genome	Major	Full	2014-06-17	ASM70953v1		GCA_000709535.1	identical	https://ftp.ncbi.nlm.nih.gov/genomes/all/GCF/000/709/535/GCF_000709535.1_ASM70953v1	./Development/ThreeFold/data/external/Salmonella/GCF_000709535.1_ASM70953v1_genomic.fna.gz
GCF_047782845.1	PRJNA224116	SAMN46565706	na	na	na	na	1386015	28901	Salmonella enterica subsp. enterica serovar Isangi	strain=SAL01261	na	latest	Complete Genome	Major	Full	2025-02-17	ASM4778284v1		GCA_047782845.1	identical	https://ftp.ncbi.nlm.nih.gov/genomes/all/GCF/047/782/845/GCF_047782845.1_ASM4778284v1	./Development/ThreeFold/data/external/Salmonella/GCF_047782845.1_ASM4778284v1_genomic.fna.gz
GCF_047782855.1	PRJNA224116	SAMN46565705	na	na	na	na	1386015	28901	Salmonella enterica subsp. enterica serovar Isangi	strain=SAL01259	na	latest	Complete Genome	Major	Full	2025-02-17	ASM4778285v1		GCA_047782855.1	identical	https://ftp.ncbi.nlm.nih.gov/genomes/all/GCF/047/782/855/GCF_047782855.1_ASM4778285v1	./Development/ThreeFold/data/external/Salmonella/GCF_047782855.1_ASM4778285v1_genomic.fna.gz
GCF_006517155.1	PRJNA224116	SAMN02352684	na	na	na	na	1399029	28901	Salmonella enterica subsp. enterica serovar Anatum str. CFSAN003961	strain=CFSAN003961	na	latest	Complete Genome	Major	Full	2019-06-30	ASM651715v1		GCA_006517155.1	identical	https://ftp.ncbi.nlm.nih.gov/genomes/all/GCF/006/517/155/GCF_006517155.1_ASM651715v1	./Development/ThreeFold/data/external/Salmonella/GCF_006517155.1_ASM651715v1_genomic.fna.gz
GCF_004798785.1	PRJNA224116	SAMN02352702	na	na	na	na	1399047	28901	Salmonella enterica subsp. enterica serovar Senftenberg str. CFSAN004025	strain=CFSAN004025	na	latest	Complete Genome	Major	Full	2019-04-17	ASM479878v1		GCA_004798785.1	identical	https://ftp.ncbi.nlm.nih.gov/genomes/all/GCF/004/798/785/GCF_004798785.1_ASM479878v1	./Development/ThreeFold/data/external/Salmonella/GCF_004798785.1_ASM479878v1_genomic.fna.gz
GCF_000503845.1	PRJNA224116	SAMN02641385	na	na	na	na	1406860	28901	Salmonella enterica subsp. enterica serovar Agona str. 24249	strain=24249	na	latest	Complete Genome	Major	Full	2013-12-04	ASM50384v1		GCA_000503845.1	identical	https://ftp.ncbi.nlm.nih.gov/genomes/all/GCF/000/503/845/GCF_000503845.1_ASM50384v1	./Development/ThreeFold/data/external/Salmonella/GCF_000503845.1_ASM50384v1_genomic.fna.gz
GCF_000505365.2	PRJNA224116	SAMN02383555	na	na	na	na	1410916	28901	Salmonella enterica subsp. enterica serovar Cerro str. CFSAN001588	strain=CFSAN001588	na	latest	Complete Genome	Major	Full	2015-10-06	ASM50536v2		GCA_000505365.2	identical	https://ftp.ncbi.nlm.nih.gov/genomes/all/GCF/000/505/365/GCF_000505365.2_ASM50536v2	./Development/ThreeFold/data/external/Salmonella/GCF_000505365.2_ASM50536v2_genomic.fna.gz
GCF_000623455.2	PRJNA224116	SAMN02384169	na	na	na	na	1412452	28901	Salmonella enterica subsp. enterica serovar Enteritidis str. SA19992322	strain=SA19992322	na	latest	Complete Genome	Minor	Full	2016-02-16	ASM62345v2		GCA_000623455.2	identical	https://ftp.ncbi.nlm.nih.gov/genomes/all/GCF/000/623/455/GCF_000623455.2_ASM62345v2	./Development/ThreeFold/data/external/Salmonella/GCF_000623455.2_ASM62345v2_genomic.fna.gz
GCF_000626275.2	PRJNA224116	SAMN02384172	na	na	na	na	1412453	28901	Salmonella enterica subsp. enterica serovar Enteritidis str. EC20090641	strain=EC20090641	na	latest	Complete Genome	Major	Full	2015-07-20	ASM62627v2		GCA_000626275.2	identical	https://ftp.ncbi.nlm.nih.gov/genomes/all/GCF/000/626/275/GCF_000626275.2_ASM62627v2	./Development/ThreeFold/data/external/Salmonella/GCF_000626275.2_ASM62627v2_genomic.fna.gz
GCF_000626255.1	PRJNA224116	SAMN02384173	na	na	na	na	1412454	28901	Salmonella enterica subsp. enterica serovar Enteritidis str. EC20090698	strain=EC20090698	na	latest	Complete Genome	Major	Full	2014-04-02	ASM62625v1		GCA_000626255.1	identical	https://ftp.ncbi.nlm.nih.gov/genomes/all/GCF/000/626/255/GCF_000626255.1_ASM62625v1	./Development/ThreeFold/data/external/Salmonella/GCF_000626255.1_ASM62625v1_genomic.fna.gz
GCF_000626235.1	PRJNA224116	SAMN02384174	na	na	na	na	1412455	28901	Salmonella enterica subsp. enterica serovar Enteritidis str. EC20110221	strain=EC20110221	na	latest	Complete Genome	Major	Full	2014-04-02	ASM62623v1		GCA_000626235.1	identical	https://ftp.ncbi.nlm.nih.gov/genomes/all/GCF/000/626/235/GCF_000626235.1_ASM62623v1	./Development/ThreeFold/data/external/Salmonella/GCF_000626235.1_ASM62623v1_genomic.fna.gz
GCF_000626215.1	PRJNA224116	SAMN02384178	na	na	na	na	1412457	28901	Salmonella enterica subsp. enterica serovar Enteritidis str. EC20100101	strain=EC20100101	na	latest	Complete Genome	Major	Full	2014-04-02	ASM62621v1		GCA_000626215.1	identical	https://ftp.ncbi.nlm.nih.gov/genomes/all/GCF/000/626/215/GCF_000626215.1_ASM62621v1	./Development/ThreeFold/data/external/Salmonella/GCF_000626215.1_ASM62621v1_genomic.fna.gz
GCF_000624395.2	PRJNA224116	SAMN02384187	na	na	na	na	1412466	28901	Salmonella enterica subsp. enterica serovar Enteritidis str. EC20120002	strain=EC20120002	na	latest	Complete Genome	Major	Full	2015-07-20	ASM62439v2		GCA_000624395.2	identical	https://ftp.ncbi.nlm.nih.gov/genomes/all/GCF/000/624/395/GCF_000624395.2_ASM62439v2	./Development/ThreeFold/data/external/Salmonella/GCF_000624395.2_ASM62439v2_genomic.fna.gz
GCF_000623195.2	PRJNA224116	SAMN02384189	na	na	na	na	1412468	28901	Salmonella enterica subsp. enterica serovar Enteritidis str. EC20120005	strain=EC20120005	na	latest	Complete Genome	Major	Full	2015-07-20	ASM62319v2		GCA_000623195.2	identical	https://ftp.ncbi.nlm.nih.gov/genomes/all/GCF/000/623/195/GCF_000623195.2_ASM62319v2	./Development/ThreeFold/data/external/Salmonella/GCF_000623195.2_ASM62319v2_genomic.fna.gz
GCF_000626195.1	PRJNA224116	SAMN02384191	na	na	na	na	1412470	28901	Salmonella enterica subsp. enterica serovar Enteritidis str. EC20120008	strain=EC20120008	na	latest	Complete Genome	Major	Full	2014-04-02	ASM62619v1		GCA_000626195.1	identical	https://ftp.ncbi.nlm.nih.gov/genomes/all/GCF/000/626/195/GCF_000626195.1_ASM62619v1	./Development/ThreeFold/data/external/Salmonella/GCF_000626195.1_ASM62619v1_genomic.fna.gz
GCF_000623715.2	PRJNA224116	SAMN02384193	na	na	na	na	1412472	28901	Salmonella enterica subsp. enterica serovar Enteritidis str. SA19980677	strain=SA19980677	na	latest	Complete Genome	Minor	Full	2016-02-16	ASM62371v2		GCA_000623715.2	identical	https://ftp.ncbi.nlm.nih.gov/genomes/all/GCF/000/623/715/GCF_000623715.2_ASM62371v2	./Development/ThreeFold/data/external/Salmonella/GCF_000623715.2_ASM62371v2_genomic.fna.gz
GCF_000623655.2	PRJNA224116	SAMN02384194	na	na	na	na	1412473	28901	Salmonella enterica subsp. enterica serovar Enteritidis str. SA19970510	strain=SA19970510	na	latest	Complete Genome	Minor	Full	2016-02-16	ASM62365v2		GCA_000623655.2	identical	https://ftp.ncbi.nlm.nih.gov/genomes/all/GCF/000/623/655/GCF_000623655.2_ASM62365v2	./Development/ThreeFold/data/external/Salmonella/GCF_000623655.2_ASM62365v2_genomic.fna.gz
GCF_000623675.2	PRJNA224116	SAMN02384195	na	na	na	na	1412474	28901	Salmonella enterica subsp. enterica serovar Enteritidis str. SA19970769	strain=SA19970769	na	latest	Complete Genome	Minor	Full	2016-02-16	ASM62367v2		GCA_000623675.2	identical	https://ftp.ncbi.nlm.nih.gov/genomes/all/GCF/000/623/675/GCF_000623675.2_ASM62367v2	./Development/ThreeFold/data/external/Salmonella/GCF_000623675.2_ASM62367v2_genomic.fna.gz
GCF_000623735.2	PRJNA224116	SAMN02384206	na	na	na	na	1412485	28901	Salmonella enterica subsp. enterica serovar Enteritidis str. SA19981522	strain=SA19981522	na	latest	Complete Genome	Minor	Full	2016-02-16	ASM62373v2		GCA_000623735.2	identical	https://ftp.ncbi.nlm.nih.gov/genomes/all/GCF/000/623/735/GCF_000623735.2_ASM62373v2	./Development/ThreeFold/data/external/Salmonella/GCF_000623735.2_ASM62373v2_genomic.fna.gz
GCF_000623395.2	PRJNA224116	SAMN02384207	na	na	na	na	1412486	28901	Salmonella enterica subsp. enterica serovar Enteritidis str. SA19981857	strain=SA19981857	na	latest	Complete Genome	Minor	Full	2016-02-16	ASM62339v2		GCA_000623395.2	identical	https://ftp.ncbi.nlm.nih.gov/genomes/all/GCF/000/623/395/GCF_000623395.2_ASM62339v2	./Development/ThreeFold/data/external/Salmonella/GCF_000623395.2_ASM62339v2_genomic.fna.gz
GCF_000623615.2	PRJNA224116	SAMN02384208	na	na	na	na	1412487	28901	Salmonella enterica subsp. enterica serovar Enteritidis str. SA19960848	strain=SA19960848	na	latest	Complete Genome	Minor	Full	2016-02-16	ASM62361v2		GCA_000623615.2	identical	https://ftp.ncbi.nlm.nih.gov/genomes/all/GCF/000/623/615/GCF_000623615.2_ASM62361v2	./Development/ThreeFold/data/external/Salmonella/GCF_000623615.2_ASM62361v2_genomic.fna.gz
GCF_000625855.1	PRJNA224116	SAMN02384209	na	na	na	na	1412488	28901	Salmonella enterica subsp. enterica serovar Enteritidis str. SA20082034	strain=SA20082034	na	latest	Complete Genome	Major	Full	2016-03-04	ASM62585v2		GCA_000625855.2	identical	https://ftp.ncbi.nlm.nih.gov/genomes/all/GCF/000/625/855/GCF_000625855.1_ASM62585v2	./Development/ThreeFold/data/external/Salmonella/GCF_000625855.1_ASM62585v2_genomic.fna.gz
GCF_000624055.2	PRJNA224116	SAMN02384212	na	na	na	na	1412491	28901	Salmonella enterica subsp. enterica serovar Enteritidis str. SA20094352	strain=SA20094352	na	latest	Complete Genome	Major	Full	2016-02-22	ASM62405v2		GCA_000624055.2	identical	https://ftp.ncbi.nlm.nih.gov/genomes/all/GCF/000/624/055/GCF_000624055.2_ASM62405v2	./Development/ThreeFold/data/external/Salmonella/GCF_000624055.2_ASM62405v2_genomic.fna.gz
GCF_000623475.1	PRJNA224116	SAMN02384220	na	na	na	na	1412499	28901	Salmonella enterica subsp. enterica serovar Enteritidis str. SA19994216	strain=SA19994216	na	latest	Complete Genome	Major	Full	2016-02-16	ASM62347v2		GCA_000623475.2	identical	https://ftp.ncbi.nlm.nih.gov/genomes/all/GCF/000/623/475/GCF_000623475.1_ASM62347v2	./Development/ThreeFold/data/external/Salmonella/GCF_000623475.1_ASM62347v2_genomic.fna.gz
GCF_000626095.2	PRJNA224116	SAMN02384250	na	na	na	na	1412529	28901	Salmonella enterica subsp. enterica serovar Enteritidis str. EC20120200	strain=EC20120200	na	latest	Complete Genome	Minor	Full	2016-02-29	ASM62609v2		GCA_000626095.2	identical	https://ftp.ncbi.nlm.nih.gov/genomes/all/GCF/000/626/095/GCF_000626095.2_ASM62609v2	./Development/ThreeFold/data/external/Salmonella/GCF_000626095.2_ASM62609v2_genomic.fna.gz
GCF_000623055.1	PRJNA224116	SAMN02384313	na	na	na	na	1412592	28901	Salmonella enterica subsp. enterica serovar Enteritidis str. EC20121175	strain=EC20121175	na	latest	Complete Genome	Major	Full	2014-08-21	ASM62305v2		GCA_000623055.2	identical	https://ftp.ncbi.nlm.nih.gov/genomes/all/GCF/000/623/055/GCF_000623055.1_ASM62305v2	./Development/ThreeFold/data/external/Salmonella/GCF_000623055.1_ASM62305v2_genomic.fna.gz
GCF_000624175.1	PRJNA224116	SAMN02384315	na	na	na	na	1412594	28901	Salmonella enterica subsp. enterica serovar Enteritidis str. EC20121177	strain=EC20121177	na	latest	Complete Genome	Major	Full	2016-02-26	ASM62417v2		GCA_000624175.2	identical	https://ftp.ncbi.nlm.nih.gov/genomes/all/GCF/000/624/175/GCF_000624175.1_ASM62417v2	./Development/ThreeFold/data/external/Salmonella/GCF_000624175.1_ASM62417v2_genomic.fna.gz
GCF_000623095.1	PRJNA224116	SAMN02384316	na	na	na	na	1412595	28901	Salmonella enterica subsp. enterica serovar Enteritidis str. EC20121178	strain=EC20121178	na	latest	Complete Genome	Major	Full	2016-02-16	ASM62309v2		GCA_000623095.2	identical	https://ftp.ncbi.nlm.nih.gov/genomes/all/GCF/000/623/095/GCF_000623095.1_ASM62309v2	./Development/ThreeFold/data/external/Salmonella/GCF_000623095.1_ASM62309v2_genomic.fna.gz
GCF_000623115.2	PRJNA224116	SAMN02384317	na	na	na	na	1412596	28901	Salmonella enterica subsp. enterica serovar Enteritidis str. EC20121179	strain=EC20121179	na	latest	Complete Genome	Major	Full	2016-02-16	ASM62311v2		GCA_000623115.2	identical	https://ftp.ncbi.nlm.nih.gov/genomes/all/GCF/000/623/115/GCF_000623115.2_ASM62311v2	./Development/ThreeFold/data/external/Salmonella/GCF_000623115.2_ASM62311v2_genomic.fna.gz
GCF_000623135.1	PRJNA224116	SAMN02384318	na	na	na	na	1412597	28901	Salmonella enterica subsp. enterica serovar Enteritidis str. EC20121180	strain=EC20121180	na	latest	Complete Genome	Major	Full	2016-02-16	ASM62313v2		GCA_000623135.2	identical	https://ftp.ncbi.nlm.nih.gov/genomes/all/GCF/000/623/135/GCF_000623135.1_ASM62313v2	./Development/ThreeFold/data/external/Salmonella/GCF_000623135.1_ASM62313v2_genomic.fna.gz
GCF_000626695.2	PRJNA224116	SAMN02384321	na	na	na	na	1412600	28901	Salmonella enterica subsp. enterica serovar Enteritidis str. EC20100325	strain=EC20100325	na	latest	Complete Genome	Minor	Full	2016-02-26	ASM62669v2		GCA_000626695.2	identical	https://ftp.ncbi.nlm.nih.gov/genomes/all/GCF/000/626/695/GCF_000626695.2_ASM62669v2	./Development/ThreeFold/data/external/Salmonella/GCF_000626695.2_ASM62669v2_genomic.fna.gz
GCF_001620155.1	PRJNA224116	SAMN02716860	na	na	na	na	1454583	28901	Salmonella enterica subsp. enterica serovar Anatum str. USDA-ARS-USMARC-1783	strain=USDA-ARS-USMARC-1783	na	latest	Complete Genome	Major	Full	2016-04-15	ASM162015v1		GCA_001620155.1	identical	https://ftp.ncbi.nlm.nih.gov/genomes/all/GCF/001/620/155/GCF_001620155.1_ASM162015v1	./Development/ThreeFold/data/external/Salmonella/GCF_001620155.1_ASM162015v1_genomic.fna.gz
GCF_001620205.2	PRJNA224116	SAMN02716850	na	na	na	na	1454584	28901	Salmonella enterica subsp. enterica serovar Anatum str. USDA-ARS-USMARC-1727	strain=USDA-ARS-USMARC-1727	SAN1261-1	latest	Complete Genome	Major	Full	2017-02-24	ASM162020v2		GCA_001620205.2	identical	https://ftp.ncbi.nlm.nih.gov/genomes/all/GCF/001/620/205/GCF_001620205.2_ASM162020v2	./Development/ThreeFold/data/external/Salmonella/GCF_001620205.2_ASM162020v2_genomic.fna.gz
GCF_000988525.3	PRJNA224116	SAMN02716852	na	na	na	na	1454585	28901	Salmonella enterica subsp. enterica serovar Anatum str. USDA-ARS-USMARC-1735	strain=USDA-ARS-USMARC-1735	SAN2113-2	latest	Complete Genome	Minor	Full	2016-05-06	ASM98852v3		GCA_000988525.3	identical	https://ftp.ncbi.nlm.nih.gov/genomes/all/GCF/000/988/525/GCF_000988525.3_ASM98852v3	./Development/ThreeFold/data/external/Salmonella/GCF_000988525.3_ASM98852v3_genomic.fna.gz
GCF_001620115.1	PRJNA224116	SAMN02716853	na	na	na	na	1454586	28901	Salmonella enterica subsp. enterica serovar Anatum str. USDA-ARS-USMARC-1736	strain=USDA-ARS-USMARC-1736	na	latest	Complete Genome	Major	Full	2016-04-15	ASM162011v1		GCA_001620115.1	identical	https://ftp.ncbi.nlm.nih.gov/genomes/all/GCF/001/620/115/GCF_001620115.1_ASM162011v1	./Development/ThreeFold/data/external/Salmonella/GCF_001620115.1_ASM162011v1_genomic.fna.gz
GCF_001620225.1	PRJNA224116	SAMN02716848	na	na	na	na	1454587	28901	Salmonella enterica subsp. enterica serovar Anatum str. USDA-ARS-USMARC-1676	strain=USDA-ARS-USMARC-1676	SAN082	latest	Complete Genome	Major	Full	2016-04-15	ASM162022v1		GCA_001620225.1	identical	https://ftp.ncbi.nlm.nih.gov/genomes/all/GCF/001/620/225/GCF_001620225.1_ASM162022v1	./Development/ThreeFold/data/external/Salmonella/GCF_001620225.1_ASM162022v1_genomic.fna.gz
GCF_001623545.2	PRJNA224116	SAMN02716849	na	na	na	na	1454588	28901	Salmonella enterica subsp. enterica serovar Anatum str. USDA-ARS-USMARC-1677	strain=USDA-ARS-USMARC-1677	na	latest	Complete Genome	Minor	Full	2017-02-27	ASM162354v2		GCA_001623545.2	identical	https://ftp.ncbi.nlm.nih.gov/genomes/all/GCF/001/623/545/GCF_001623545.2_ASM162354v2	./Development/ThreeFold/data/external/Salmonella/GCF_001623545.2_ASM162354v2_genomic.fna.gz
GCF_001623585.1	PRJNA224116	SAMN02716851	na	na	na	na	1454589	28901	Salmonella enterica subsp. enterica serovar Anatum str. USDA-ARS-USMARC-1728	strain=USDA-ARS-USMARC-1728	na	latest	Complete Genome	Major	Full	2016-04-19	ASM162358v1		GCA_001623585.1	identical	https://ftp.ncbi.nlm.nih.gov/genomes/all/GCF/001/623/585/GCF_001623585.1_ASM162358v1	./Development/ThreeFold/data/external/Salmonella/GCF_001623585.1_ASM162358v1_genomic.fna.gz
GCF_000963535.2	PRJNA224116	SAMN02712199	na	na	na	na	1454590	28901	Salmonella enterica subsp. enterica serovar Anatum str. USDA-ARS-USMARC-1175	strain=USDA-ARS-USMARC-1175	na	latest	Complete Genome	Major	Full	2017-02-27	ASM96353v2		GCA_000963535.2	identical	https://ftp.ncbi.nlm.nih.gov/genomes/all/GCF/000/963/535/GCF_000963535.2_ASM96353v2	./Development/ThreeFold/data/external/Salmonella/GCF_000963535.2_ASM96353v2_genomic.fna.gz
GCF_000940895.2	PRJNA224116	SAMN02712195	na	na	na	na	1454592	28901	Salmonella enterica subsp. enterica serovar Anatum str. CDC 06-0532	strain=CDC 06-0532	na	latest	Complete Genome	Major	Full	2017-02-24	ASM94089v2		GCA_000940895.2	identical	https://ftp.ncbi.nlm.nih.gov/genomes/all/GCF/000/940/895/GCF_000940895.2_ASM94089v2	./Development/ThreeFold/data/external/Salmonella/GCF_000940895.2_ASM94089v2_genomic.fna.gz
GCF_001620135.2	PRJNA224116	SAMN02716855	na	na	na	na	1454593	28901	Salmonella enterica subsp. enterica serovar Anatum str. USDA-ARS-USMARC-1765	strain=USDA-ARS-USMARC-1765	na	latest	Complete Genome	Major	Full	2017-03-09	ASM162013v2		GCA_001620135.2	identical	https://ftp.ncbi.nlm.nih.gov/genomes/all/GCF/001/620/135/GCF_001620135.2_ASM162013v2	./Development/ThreeFold/data/external/Salmonella/GCF_001620135.2_ASM162013v2_genomic.fna.gz
GCF_001623625.1	PRJNA224116	SAMN02716856	na	na	na	na	1454594	28901	Salmonella enterica subsp. enterica serovar Anatum str. USDA-ARS-USMARC-1766	strain=USDA-ARS-USMARC-1766	na	latest	Complete Genome	Major	Full	2016-04-19	ASM162362v1		GCA_001623625.1	identical	https://ftp.ncbi.nlm.nih.gov/genomes/all/GCF/001/623/625/GCF_001623625.1_ASM162362v1	./Development/ThreeFold/data/external/Salmonella/GCF_001623625.1_ASM162362v1_genomic.fna.gz
GCF_001623665.2	PRJNA224116	SAMN02716858	na	na	na	na	1454596	28901	Salmonella enterica subsp. enterica serovar Anatum str. USDA-ARS-USMARC-1781	strain=USDA-ARS-USMARC-1781	na	latest	Complete Genome	Major	Full	2017-03-09	ASM162366v2		GCA_001623665.2	identical	https://ftp.ncbi.nlm.nih.gov/genomes/all/GCF/001/623/665/GCF_001623665.2_ASM162366v2	./Development/ThreeFold/data/external/Salmonella/GCF_001623665.2_ASM162366v2_genomic.fna.gz
GCF_002761355.1	PRJNA224116	SAMN02716873	na	na	na	na	1454598	28901	Salmonella enterica subsp. enterica serovar Montevideo str. USDA-ARS-USMARC-1901	strain=USDA-ARS-USMARC-1901	na	latest	Complete Genome	Major	Full	2017-11-07	ASM276135v1		GCA_002761355.1	identical	https://ftp.ncbi.nlm.nih.gov/genomes/all/GCF/002/761/355/GCF_002761355.1_ASM276135v1	./Development/ThreeFold/data/external/Salmonella/GCF_002761355.1_ASM276135v1_genomic.fna.gz
GCF_002761335.1	PRJNA224116	SAMN02716872	na	na	na	na	1454599	28901	Salmonella enterica subsp. enterica serovar Montevideo str. USDA-ARS-USMARC-1900	strain=USDA-ARS-USMARC-1900	na	latest	Complete Genome	Major	Full	2017-11-07	ASM276133v1		GCA_002761335.1	identical	https://ftp.ncbi.nlm.nih.gov/genomes/all/GCF/002/761/335/GCF_002761335.1_ASM276133v1	./Development/ThreeFold/data/external/Salmonella/GCF_002761335.1_ASM276133v1_genomic.fna.gz
GCF_002761395.1	PRJNA224116	SAMN02716882	na	na	na	na	1454600	28901	Salmonella enterica subsp. enterica serovar Montevideo str. USDA-ARS-USMARC-1912	strain=USDA-ARS-USMARC-1912	na	latest	Complete Genome	Major	Full	2017-11-07	ASM276139v1		GCA_002761395.1	identical	https://ftp.ncbi.nlm.nih.gov/genomes/all/GCF/002/761/395/GCF_002761395.1_ASM276139v1	./Development/ThreeFold/data/external/Salmonella/GCF_002761395.1_ASM276139v1_genomic.fna.gz
GCF_004328785.1	PRJNA224116	SAMN02716883	na	na	na	na	1454601	28901	Salmonella enterica subsp. enterica serovar Montevideo str. USDA-ARS-USMARC-1913	strain=USDA-ARS-USMARC-1913	na	latest	Complete Genome	Major	Full	2019-03-06	ASM432878v1		GCA_004328785.1	identical	https://ftp.ncbi.nlm.nih.gov/genomes/all/GCF/004/328/785/GCF_004328785.1_ASM432878v1	./Development/ThreeFold/data/external/Salmonella/GCF_004328785.1_ASM432878v1_genomic.fna.gz
GCF_000940975.1	PRJNA224116	SAMN02712197	na	na	na	na	1454603	28901	Salmonella enterica subsp. enterica serovar Montevideo str. USDA-ARS-USMARC-1903	strain=USDA-ARS-USMARC-1903	na	latest	Complete Genome	Major	Full	2015-03-04	ASM94097v1		GCA_000940975.1	identical	https://ftp.ncbi.nlm.nih.gov/genomes/all/GCF/000/940/975/GCF_000940975.1_ASM94097v1	./Development/ThreeFold/data/external/Salmonella/GCF_000940975.1_ASM94097v1_genomic.fna.gz
GCF_002761375.1	PRJNA224116	SAMN02716875	na	na	na	na	1454604	28901	Salmonella enterica subsp. enterica serovar Montevideo str. USDA-ARS-USMARC-1904	strain=USDA-ARS-USMARC-1904	na	latest	Complete Genome	Major	Full	2017-11-07	ASM276137v1		GCA_002761375.1	identical	https://ftp.ncbi.nlm.nih.gov/genomes/all/GCF/002/761/375/GCF_002761375.1_ASM276137v1	./Development/ThreeFold/data/external/Salmonella/GCF_002761375.1_ASM276137v1_genomic.fna.gz
GCF_000973665.2	PRJNA224116	SAMN02716891	na	na	na	na	1454606	28901	Salmonella enterica subsp. enterica serovar Montevideo str. CDC 86-0391	strain=CDC 86-0391	B94-007410	latest	Complete Genome	Minor	Full	2017-04-18	ASM97366v2		GCA_000973665.2	identical	https://ftp.ncbi.nlm.nih.gov/genomes/all/GCF/000/973/665/GCF_000973665.2_ASM97366v2	./Development/ThreeFold/data/external/Salmonella/GCF_000973665.2_ASM97366v2_genomic.fna.gz
GCF_002761415.1	PRJNA224116	SAMN02716884	na	na	na	na	1454607	28901	Salmonella enterica subsp. enterica serovar Montevideo str. CDC 07-0954	strain=CDC 07-0954	na	latest	Complete Genome	Major	Full	2017-11-07	ASM276141v1		GCA_002761415.1	identical	https://ftp.ncbi.nlm.nih.gov/genomes/all/GCF/002/761/415/GCF_002761415.1_ASM276141v1	./Development/ThreeFold/data/external/Salmonella/GCF_002761415.1_ASM276141v1_genomic.fna.gz
GCF_002761435.1	PRJNA224116	SAMN02716885	na	na	na	na	1454608	28901	Salmonella enterica subsp. enterica serovar Montevideo str. CDC 08-1942	strain=CDC 08-1942	na	latest	Complete Genome	Major	Full	2017-11-07	ASM276143v1		GCA_002761435.1	identical	https://ftp.ncbi.nlm.nih.gov/genomes/all/GCF/002/761/435/GCF_002761435.1_ASM276143v1	./Development/ThreeFold/data/external/Salmonella/GCF_002761435.1_ASM276143v1_genomic.fna.gz
GCF_003054535.1	PRJNA224116	SAMN02716886	na	na	na	na	1454609	28901	Salmonella enterica subsp. enterica serovar Montevideo str. CDC 2009K-0792	strain=CDC 2009K-0792	na	latest	Complete Genome	Major	Full	2018-04-17	ASM305453v1		GCA_003054535.1	identical	https://ftp.ncbi.nlm.nih.gov/genomes/all/GCF/003/054/535/GCF_003054535.1_ASM305453v1	./Development/ThreeFold/data/external/Salmonella/GCF_003054535.1_ASM305453v1_genomic.fna.gz
GCF_002761455.1	PRJNA224116	SAMN02716887	na	na	na	na	1454610	28901	Salmonella enterica subsp. enterica serovar Montevideo str. CDC 2011K-1674	strain=CDC 2011K-1674	na	latest	Complete Genome	Major	Full	2017-11-07	ASM276145v1		GCA_002761455.1	identical	https://ftp.ncbi.nlm.nih.gov/genomes/all/GCF/002/761/455/GCF_002761455.1_ASM276145v1	./Development/ThreeFold/data/external/Salmonella/GCF_002761455.1_ASM276145v1_genomic.fna.gz
GCF_002761475.1	PRJNA224116	SAMN02716888	na	na	na	na	1454611	28901	Salmonella enterica subsp. enterica serovar Montevideo str. CDC 2012K-1544	strain=CDC 2012K-1544	na	latest	Complete Genome	Major	Full	2017-11-07	ASM276147v1		GCA_002761475.1	identical	https://ftp.ncbi.nlm.nih.gov/genomes/all/GCF/002/761/475/GCF_002761475.1_ASM276147v1	./Development/ThreeFold/data/external/Salmonella/GCF_002761475.1_ASM276147v1_genomic.fna.gz
GCF_002761495.1	PRJNA224116	SAMN02716889	na	na	na	na	1454612	28901	Salmonella enterica subsp. enterica serovar Montevideo str. CDC 2013K-0218	strain=CDC 2013K-0218	na	latest	Complete Genome	Major	Full	2017-11-07	ASM276149v1		GCA_002761495.1	identical	https://ftp.ncbi.nlm.nih.gov/genomes/all/GCF/002/761/495/GCF_002761495.1_ASM276149v1	./Development/ThreeFold/data/external/Salmonella/GCF_002761495.1_ASM276149v1_genomic.fna.gz
GCF_003071485.1	PRJNA224116	SAMN02716890	na	na	na	na	1454613	28901	Salmonella enterica subsp. enterica serovar Montevideo str. CDC 2010K-0257	strain=CDC 2010K-0257	na	latest	Complete Genome	Major	Full	2018-04-25	ASM307148v1		GCA_003071485.1	identical	https://ftp.ncbi.nlm.nih.gov/genomes/all/GCF/003/071/485/GCF_003071485.1_ASM307148v1	./Development/ThreeFold/data/external/Salmonella/GCF_003071485.1_ASM307148v1_genomic.fna.gz
GCF_004136175.1	PRJNA224116	SAMN02716906	na	na	na	na	1454614	28901	Salmonella enterica subsp. enterica serovar Newport str. CDC 2012K-0938	strain=CDC 2012K-0938	na	latest	Complete Genome	Major	Full	2019-02-04	ASM413617v1		GCA_004136175.1	identical	https://ftp.ncbi.nlm.nih.gov/genomes/all/GCF/004/136/175/GCF_004136175.1_ASM413617v1	./Development/ThreeFold/data/external/Salmonella/GCF_004136175.1_ASM413617v1_genomic.fna.gz
GCF_004328805.1	PRJNA224116	SAMN02716893	na	na	na	na	1454616	28901	Salmonella enterica subsp. enterica serovar Newport str. USDA-ARS-USMARC-1923	strain=USDA-ARS-USMARC-1923	na	latest	Complete Genome	Major	Full	2019-03-06	ASM432880v1		GCA_004328805.1	identical	https://ftp.ncbi.nlm.nih.gov/genomes/all/GCF/004/328/805/GCF_004328805.1_ASM432880v1	./Development/ThreeFold/data/external/Salmonella/GCF_004328805.1_ASM432880v1_genomic.fna.gz
GCF_004136055.1	PRJNA224116	SAMN02716894	na	na	na	na	1454617	28901	Salmonella enterica subsp. enterica serovar Newport str. USDA-ARS-USMARC-1924	strain=USDA-ARS-USMARC-1924	na	latest	Complete Genome	Major	Full	2019-02-04	ASM413605v1		GCA_004136055.1	identical	https://ftp.ncbi.nlm.nih.gov/genomes/all/GCF/004/136/055/GCF_004136055.1_ASM413605v1	./Development/ThreeFold/data/external/Salmonella/GCF_004136055.1_ASM413605v1_genomic.fna.gz
GCF_004136075.1	PRJNA224116	SAMN02716895	na	na	na	na	1454618	28901	Salmonella enterica subsp. enterica serovar Newport str. USDA-ARS-USMARC-1925	strain=USDA-ARS-USMARC-1925	na	latest	Complete Genome	Major	Full	2019-02-04	ASM413607v1		GCA_004136075.1	identical	https://ftp.ncbi.nlm.nih.gov/genomes/all/GCF/004/136/075/GCF_004136075.1_ASM413607v1	./Development/ThreeFold/data/external/Salmonella/GCF_004136075.1_ASM413607v1_genomic.fna.gz
GCF_004136095.1	PRJNA224116	SAMN02716896	na	na	na	na	1454619	28901	Salmonella enterica subsp. enterica serovar Newport str. USDA-ARS-USMARC-1926	strain=USDA-ARS-USMARC-1926	na	latest	Complete Genome	Major	Full	2019-02-04	ASM413609v1		GCA_004136095.1	identical	https://ftp.ncbi.nlm.nih.gov/genomes/all/GCF/004/136/095/GCF_004136095.1_ASM413609v1	./Development/ThreeFold/data/external/Salmonella/GCF_004136095.1_ASM413609v1_genomic.fna.gz
GCF_000940935.2	PRJNA224116	SAMN02712196	na	na	na	na	1454620	28901	Salmonella enterica subsp. enterica serovar Newport str. USDA-ARS-USMARC-1927	strain=USDA-ARS-USMARC-1927	na	latest	Complete Genome	Minor	Full	2018-05-03	ASM94093v2		GCA_000940935.2	identical	https://ftp.ncbi.nlm.nih.gov/genomes/all/GCF/000/940/935/GCF_000940935.2_ASM94093v2	./Development/ThreeFold/data/external/Salmonella/GCF_000940935.2_ASM94093v2_genomic.fna.gz
GCF_004136135.1	PRJNA224116	SAMN02716897	na	na	na	na	1454621	28901	Salmonella enterica subsp. enterica serovar Newport str. USDA-ARS-USMARC-1928	strain=USDA-ARS-USMARC-1928	na	latest	Complete Genome	Major	Full	2019-02-04	ASM413613v1		GCA_004136135.1	identical	https://ftp.ncbi.nlm.nih.gov/genomes/all/GCF/004/136/135/GCF_004136135.1_ASM413613v1	./Development/ThreeFold/data/external/Salmonella/GCF_004136135.1_ASM413613v1_genomic.fna.gz
GCF_004136155.1	PRJNA224116	SAMN02716898	na	na	na	na	1454622	28901	Salmonella enterica subsp. enterica serovar Newport str. USDA-ARS-USMARC-1929	strain=USDA-ARS-USMARC-1929	na	latest	Complete Genome	Major	Full	2019-02-04	ASM413615v1		GCA_004136155.1	identical	https://ftp.ncbi.nlm.nih.gov/genomes/all/GCF/004/136/155/GCF_004136155.1_ASM413615v1	./Development/ThreeFold/data/external/Salmonella/GCF_004136155.1_ASM413615v1_genomic.fna.gz
GCF_004136035.1	PRJNA224116	SAMN02716901	na	na	na	na	1454625	28901	Salmonella enterica subsp. enterica serovar Newport str. CDC 2009K-1331	strain=CDC 2009K-1331	na	latest	Complete Genome	Major	Full	2019-02-04	ASM413603v1		GCA_004136035.1	identical	https://ftp.ncbi.nlm.nih.gov/genomes/all/GCF/004/136/035/GCF_004136035.1_ASM413603v1	./Development/ThreeFold/data/external/Salmonella/GCF_004136035.1_ASM413603v1_genomic.fna.gz
GCF_000973685.2	PRJNA224116	SAMN02716903	na	na	na	na	1454627	28901	Salmonella enterica subsp. enterica serovar Newport str. CDC 2010K-2159	strain=CDC 2010K-2159	na	latest	Complete Genome	Major	Full	2017-12-13	ASM97368v2		GCA_000973685.2	identical	https://ftp.ncbi.nlm.nih.gov/genomes/all/GCF/000/973/685/GCF_000973685.2_ASM97368v2	./Development/ThreeFold/data/external/Salmonella/GCF_000973685.2_ASM97368v2_genomic.fna.gz
GCF_004136115.1	PRJNA224116	SAMN02716905	na	na	na	na	1454629	28901	Salmonella enterica subsp. enterica serovar Newport str. CDC 2012K-0663	strain=CDC 2012K-0663	USDA-ARS-USMARC-1936	latest	Complete Genome	Major	Full	2019-02-04	ASM413611v1		GCA_004136115.1	identical	https://ftp.ncbi.nlm.nih.gov/genomes/all/GCF/004/136/115/GCF_004136115.1_ASM413611v1	./Development/ThreeFold/data/external/Salmonella/GCF_004136115.1_ASM413611v1_genomic.fna.gz
GCF_001623725.1	PRJNA224116	SAMN02716861	na	na	na	na	1454630	28901	Salmonella enterica subsp. enterica serovar Typhimurium str. USDA-ARS-USMARC-1808	strain=USDA-ARS-USMARC-1808	ST1126-1	latest	Complete Genome	Major	Full	2016-04-19	ASM162372v1		GCA_001623725.1	identical	https://ftp.ncbi.nlm.nih.gov/genomes/all/GCF/001/623/725/GCF_001623725.1_ASM162372v1	./Development/ThreeFold/data/external/Salmonella/GCF_001623725.1_ASM162372v1_genomic.fna.gz
GCF_001623705.1	PRJNA224116	SAMN02716867	na	na	na	na	1454634	28901	Salmonella enterica subsp. enterica serovar Typhimurium str. USDA-ARS-USMARC-1880	strain=USDA-ARS-USMARC-1880	ST13123	latest	Complete Genome	Major	Full	2016-04-19	ASM162370v1		GCA_001623705.1	identical	https://ftp.ncbi.nlm.nih.gov/genomes/all/GCF/001/623/705/GCF_001623705.1_ASM162370v1	./Development/ThreeFold/data/external/Salmonella/GCF_001623705.1_ASM162370v1_genomic.fna.gz
GCF_001623845.1	PRJNA224116	SAMN02716869	na	na	na	na	1454636	28901	Salmonella enterica subsp. enterica serovar Typhimurium str. USDA-ARS-USMARC-1896	strain=USDA-ARS-USMARC-1896	ST03-F34	latest	Complete Genome	Major	Full	2016-04-19	ASM162384v1		GCA_001623845.1	identical	https://ftp.ncbi.nlm.nih.gov/genomes/all/GCF/001/623/845/GCF_001623845.1_ASM162384v1	./Development/ThreeFold/data/external/Salmonella/GCF_001623845.1_ASM162384v1_genomic.fna.gz
GCF_001623765.2	PRJNA224116	SAMN02716871	na	na	na	na	1454638	28901	Salmonella enterica subsp. enterica serovar Typhimurium str. USDA-ARS-USMARC-1898	strain=USDA-ARS-USMARC-1898	ST073	latest	Complete Genome	Major	Full	2017-02-24	ASM162376v2		GCA_001623765.2	identical	https://ftp.ncbi.nlm.nih.gov/genomes/all/GCF/001/623/765/GCF_001623765.2_ASM162376v2	./Development/ThreeFold/data/external/Salmonella/GCF_001623765.2_ASM162376v2_genomic.fna.gz
GCF_000941015.2	PRJNA224116	SAMN02712198	na	na	na	na	1454639	28901	Salmonella enterica subsp. enterica serovar Typhimurium str. USDA-ARS-USMARC-1899	strain=USDA-ARS-USMARC-1899	na	latest	Complete Genome	Minor	Full	2017-02-27	ASM94101v2		GCA_000941015.2	identical	https://ftp.ncbi.nlm.nih.gov/genomes/all/GCF/000/941/015/GCF_000941015.2_ASM94101v2	./Development/ThreeFold/data/external/Salmonella/GCF_000941015.2_ASM94101v2_genomic.fna.gz
GCF_001623825.2	PRJNA224116	SAMN02716865	na	na	na	na	1454640	28901	Salmonella enterica subsp. enterica serovar Typhimurium str. CDC H2662	strain=CDC H2662	na	latest	Complete Genome	Major	Full	2017-02-24	ASM162382v2		GCA_001623825.2	identical	https://ftp.ncbi.nlm.nih.gov/genomes/all/GCF/001/623/825/GCF_001623825.2_ASM162382v2	./Development/ThreeFold/data/external/Salmonella/GCF_001623825.2_ASM162382v2_genomic.fna.gz
GCF_001623645.2	PRJNA224116	SAMN02716879	na	na	na	na	1454641	28901	Salmonella enterica subsp. enterica serovar Typhimurium str. CDC 2010K-1587	strain=CDC 2010K-1587	USDA-ARS-USMARC-1908	latest	Complete Genome	Major	Full	2016-04-21	ASM162364v2		GCA_001623645.2	identical	https://ftp.ncbi.nlm.nih.gov/genomes/all/GCF/001/623/645/GCF_001623645.2_ASM162364v2	./Development/ThreeFold/data/external/Salmonella/GCF_001623645.2_ASM162364v2_genomic.fna.gz
GCF_000973645.1	PRJNA224116	SAMN02712200	na	na	na	na	1454642	28901	Salmonella enterica subsp. enterica serovar Typhimurium str. CDC 2011K-0870	strain=CDC 2011K-0870	na	latest	Complete Genome	Major	Full	2015-04-20	ASM97364v1		GCA_000973645.1	identical	https://ftp.ncbi.nlm.nih.gov/genomes/all/GCF/000/973/645/GCF_000973645.1_ASM97364v1	./Development/ThreeFold/data/external/Salmonella/GCF_000973645.1_ASM97364v1_genomic.fna.gz
GCF_001623685.1	PRJNA224116	SAMN02716880	na	na	na	na	1454643	28901	Salmonella enterica subsp. enterica serovar Typhimurium str. CDC 2011K-1702	strain=CDC 2011K-1702	USDA-ARS-USMARC-1910	latest	Complete Genome	Major	Full	2016-04-19	ASM162368v1		GCA_001623685.1	identical	https://ftp.ncbi.nlm.nih.gov/genomes/all/GCF/001/623/685/GCF_001623685.1_ASM162368v1	./Development/ThreeFold/data/external/Salmonella/GCF_001623685.1_ASM162368v1_genomic.fna.gz
GCF_001623805.1	PRJNA224116	SAMN02716877	na	na	na	na	1454644	28901	Salmonella enterica subsp. enterica serovar Typhimurium str. CDC 2009K-1640	strain=CDC 2009K-1640	USDA-ARS-USMARC-1906	latest	Complete Genome	Major	Full	2016-04-19	ASM162380v1		GCA_001623805.1	identical	https://ftp.ncbi.nlm.nih.gov/genomes/all/GCF/001/623/805/GCF_001623805.1_ASM162380v1	./Development/ThreeFold/data/external/Salmonella/GCF_001623805.1_ASM162380v1_genomic.fna.gz
GCF_001623775.1	PRJNA224116	SAMN02716878	na	na	na	na	1454645	28901	Salmonella enterica subsp. enterica serovar Typhimurium str. CDC 2009K-2059	strain=CDC 2009K-2059	na	latest	Complete Genome	Major	Full	2016-04-19	ASM162377v1		GCA_001623775.1	identical	https://ftp.ncbi.nlm.nih.gov/genomes/all/GCF/001/623/775/GCF_001623775.1_ASM162377v1	./Development/ThreeFold/data/external/Salmonella/GCF_001623775.1_ASM162377v1_genomic.fna.gz
GCF_001623745.2	PRJNA224116	SAMN02716863	na	na	na	na	1454647	28901	Salmonella enterica subsp. enterica serovar Typhimurium str. USDA-ARS-USMARC-1810	strain=USDA-ARS-USMARC-1810	na	latest	Complete Genome	Major	Full	2017-02-24	ASM162374v2		GCA_001623745.2	identical	https://ftp.ncbi.nlm.nih.gov/genomes/all/GCF/001/623/745/GCF_001623745.2_ASM162374v2	./Development/ThreeFold/data/external/Salmonella/GCF_001623745.2_ASM162374v2_genomic.fna.gz
GCF_002208965.1	PRJNA224116	SAMN06173325	na	na	na	na	1620419	28901	Salmonella enterica subsp. enterica serovar Typhimurium var. 5-	strain=FDAARGOS_312	na	latest	Complete Genome	Major	Full	2018-03-06	ASM220896v2		GCA_002208965.2	identical	https://ftp.ncbi.nlm.nih.gov/genomes/all/GCF/002/208/965/GCF_002208965.1_ASM220896v2	./Development/ThreeFold/data/external/Salmonella/GCF_002208965.1_ASM220896v2_genomic.fna.gz
GCF_003986655.1	PRJNA224116	SAMN08737533	na	na	na	na	1620419	28901	Salmonella enterica subsp. enterica serovar Typhimurium var. 5-	strain=CFSAN067217	na	latest	Complete Genome	Major	Full	2018-12-31	ASM398665v1		GCA_003986655.1	identical	https://ftp.ncbi.nlm.nih.gov/genomes/all/GCF/003/986/655/GCF_003986655.1_ASM398665v1	./Development/ThreeFold/data/external/Salmonella/GCF_003986655.1_ASM398665v1_genomic.fna.gz
GCF_003986675.1	PRJNA224116	SAMN08274661	na	na	na	na	1620419	28901	Salmonella enterica subsp. enterica serovar Typhimurium var. 5-	strain=CFSAN067216	na	latest	Complete Genome	Major	Full	2018-12-31	ASM398667v1		GCA_003986675.1	identical	https://ftp.ncbi.nlm.nih.gov/genomes/all/GCF/003/986/675/GCF_003986675.1_ASM398667v1	./Development/ThreeFold/data/external/Salmonella/GCF_003986675.1_ASM398667v1_genomic.fna.gz
GCF_002234475.1	PRJNA224116	SAMN04160816	na	na	na	na	1710356	28901	Salmonella enterica subsp. salamae serovar 57:z29:z42	strain=ST114	na	latest	Complete Genome	Major	Full	2017-07-27	ASM223447v1		GCA_002234475.1	identical	https://ftp.ncbi.nlm.nih.gov/genomes/all/GCF/002/234/475/GCF_002234475.1_ASM223447v1	./Development/ThreeFold/data/external/Salmonella/GCF_002234475.1_ASM223447v1_genomic.fna.gz
GCF_002777175.1	PRJNA224116	SAMN04992706	na	na	na	na	1911681	28901	Salmonella enterica subsp. enterica serovar Hayindogo	strain=FDA957831-1-1	na	latest	Complete Genome	Major	Full	2017-11-16	ASM277717v1		GCA_002777175.1	identical	https://ftp.ncbi.nlm.nih.gov/genomes/all/GCF/002/777/175/GCF_002777175.1_ASM277717v1	./Development/ThreeFold/data/external/Salmonella/GCF_002777175.1_ASM277717v1_genomic.fna.gz
GCF_009664615.1	PRJNA224116	SAMN13191642	na	na	na	na	1962641	28901	Salmonella enterica subsp. enterica serovar Birkenhead	strain=AUSMDU00010532	na	latest	Complete Genome	Major	Full	2019-11-17	ASM966461v1		GCA_009664615.1	identical	https://ftp.ncbi.nlm.nih.gov/genomes/all/GCF/009/664/615/GCF_009664615.1_ASM966461v1	./Development/ThreeFold/data/external/Salmonella/GCF_009664615.1_ASM966461v1_genomic.fna.gz
GCF_008727655.1	PRJNA224116	SAMN12648951	na	na	na	na	1967643	28901	Salmonella enterica subsp. enterica serovar Albert	strain=AR-0401	na	latest	Complete Genome	Major	Full	2019-09-29	ASM872765v1		GCA_008727655.1	identical	https://ftp.ncbi.nlm.nih.gov/genomes/all/GCF/008/727/655/GCF_008727655.1_ASM872765v1	./Development/ThreeFold/data/external/Salmonella/GCF_008727655.1_ASM872765v1_genomic.fna.gz
GCF_013358425.1	PRJNA224116	SAMN14271042	na	na	na	na	2021403	28901	Salmonella enterica subsp. enterica serovar Adjame	strain=389598	na	latest	Complete Genome	Major	Full	2020-06-18	ASM1335842v1		GCA_013358425.1	identical	https://ftp.ncbi.nlm.nih.gov/genomes/all/GCF/013/358/425/GCF_013358425.1_ASM1335842v1	./Development/ThreeFold/data/external/Salmonella/GCF_013358425.1_ASM1335842v1_genomic.fna.gz
GCF_900477905.1	PRJNA224116	SAMEA4017717	na	na	na	na	2024273	28901	Salmonella enterica subsp. enterica serovar Sundsvall	strain=NCTC9787	na	latest	Complete Genome	Major	Full	2018-06-17	46983_G02		GCA_900477905.1	identical	https://ftp.ncbi.nlm.nih.gov/genomes/all/GCF/900/477/905/GCF_900477905.1_46983_G02	./Development/ThreeFold/data/external/Salmonella/GCF_900477905.1_46983_G02_genomic.fna.gz
GCF_003641265.1	PRJNA224116	SAMN10176433	na	na	na	na	2077273	28901	Salmonella enterica subsp. enterica serovar Lubbock	strain=10TTU468x	na	latest	Complete Genome	Major	Full	2018-10-15	ASM364126v1		GCA_003641265.1	identical	https://ftp.ncbi.nlm.nih.gov/genomes/all/GCF/003/641/265/GCF_003641265.1_ASM364126v1	./Development/ThreeFold/data/external/Salmonella/GCF_003641265.1_ASM364126v1_genomic.fna.gz
GCF_003641325.1	PRJNA224116	SAMN10176521	na	na	na	na	2077273	28901	Salmonella enterica subsp. enterica serovar Lubbock	strain=11TTU1590	na	latest	Complete Genome	Major	Full	2018-10-15	ASM364132v1		GCA_003641325.1	identical	https://ftp.ncbi.nlm.nih.gov/genomes/all/GCF/003/641/325/GCF_003641325.1_ASM364132v1	./Development/ThreeFold/data/external/Salmonella/GCF_003641325.1_ASM364132v1_genomic.fna.gz
GCF_025232695.1	PRJNA224116	SAMN09258664	na	na	na	na	2204208	2204208	Salmonella sp. FORC89	strain=FORC89	na	latest	Complete Genome	Major	Full	2022-09-16	ASM2523269v1		GCA_025232695.1	identical	https://ftp.ncbi.nlm.nih.gov/genomes/all/GCF/025/232/695/GCF_025232695.1_ASM2523269v1	./Development/ThreeFold/data/external/Salmonella/GCF_025232695.1_ASM2523269v1_genomic.fna.gz
GCF_003994635.1	PRJNA224116	SAMN10638893	na	na	na	na	2500152	28901	Salmonella enterica subsp. salamae serovar 42:r:-	strain=RSE09	na	latest	Complete Genome	Major	Full	2019-01-06	ASM399463v1		GCA_003994635.1	identical	https://ftp.ncbi.nlm.nih.gov/genomes/all/GCF/003/994/635/GCF_003994635.1_ASM399463v1	./Development/ThreeFold/data/external/Salmonella/GCF_003994635.1_ASM399463v1_genomic.fna.gz
GCF_003994675.1	PRJNA224116	SAMN10638926	na	na	na	na	2500152	28901	Salmonella enterica subsp. salamae serovar 42:r:-	strain=RSE42	na	latest	Complete Genome	Major	Full	2019-01-06	ASM399467v1		GCA_003994675.1	identical	https://ftp.ncbi.nlm.nih.gov/genomes/all/GCF/003/994/675/GCF_003994675.1_ASM399467v1	./Development/ThreeFold/data/external/Salmonella/GCF_003994675.1_ASM399467v1_genomic.fna.gz
GCF_045007905.1	PRJNA224116	SAMN10638924	na	na	na	na	2500153	28901	Salmonella enterica subsp. enterica serovar Karamoja	strain=RSE40	na	latest	Complete Genome	Major	Full	2024-11-25	ASM4500790v1		GCA_045007905.1	identical	https://ftp.ncbi.nlm.nih.gov/genomes/all/GCF/045/007/905/GCF_045007905.1_ASM4500790v1	./Development/ThreeFold/data/external/Salmonella/GCF_045007905.1_ASM4500790v1_genomic.fna.gz
GCF_044357075.1	PRJNA224116	SAMN10638892	na	na	na	na	2500154	28901	Salmonella enterica subsp. enterica serovar Moero	strain=RSE08	na	latest	Complete Genome	Major	Full	2024-11-07	ASM4435707v1		GCA_044357075.1	identical	https://ftp.ncbi.nlm.nih.gov/genomes/all/GCF/044/357/075/GCF_044357075.1_ASM4435707v1	./Development/ThreeFold/data/external/Salmonella/GCF_044357075.1_ASM4435707v1_genomic.fna.gz
GCF_044357285.1	PRJNA224116	SAMN10638912	na	na	na	na	2500154	28901	Salmonella enterica subsp. enterica serovar Moero	strain=RSE28	na	latest	Complete Genome	Major	Full	2024-11-07	ASM4435728v1		GCA_044357285.1	identical	https://ftp.ncbi.nlm.nih.gov/genomes/all/GCF/044/357/285/GCF_044357285.1_ASM4435728v1	./Development/ThreeFold/data/external/Salmonella/GCF_044357285.1_ASM4435728v1_genomic.fna.gz
GCF_044357315.1	PRJNA224116	SAMN10638913	na	na	na	na	2500154	28901	Salmonella enterica subsp. enterica serovar Moero	strain=RSE29	na	latest	Complete Genome	Major	Full	2024-11-07	ASM4435731v1		GCA_044357315.1	identical	https://ftp.ncbi.nlm.nih.gov/genomes/all/GCF/044/357/315/GCF_044357315.1_ASM4435731v1	./Development/ThreeFold/data/external/Salmonella/GCF_044357315.1_ASM4435731v1_genomic.fna.gz
GCF_004010735.1	PRJNA224116	SAMN10689135	na	na	na	na	2500542	2500542	Salmonella sp. SSDFZ54	strain=SSDFZ54	na	latest	Complete Genome	Major	Full	2019-01-10	ASM401073v1		GCA_004010735.1	identical	https://ftp.ncbi.nlm.nih.gov/genomes/all/GCF/004/010/735/GCF_004010735.1_ASM401073v1	./Development/ThreeFold/data/external/Salmonella/GCF_004010735.1_ASM401073v1_genomic.fna.gz
GCF_004010755.1	PRJNA224116	SAMN10689167	na	na	na	na	2500543	2500543	Salmonella sp. SSDFZ69	strain=SSDFZ69	na	latest	Complete Genome	Major	Full	2019-01-10	ASM401075v1		GCA_004010755.1	identical	https://ftp.ncbi.nlm.nih.gov/genomes/all/GCF/004/010/755/GCF_004010755.1_ASM401075v1	./Development/ThreeFold/data/external/Salmonella/GCF_004010755.1_ASM401075v1_genomic.fna.gz
GCF_004194635.3	PRJNA224116	SAMN08848556	na	na	na	na	2511819	28901	Salmonella enterica subsp. enterica serovar Brancaster	strain=sg_ww281	na	latest	Complete Genome	Major	Full	2019-03-25	ASM419463v5		GCA_004194635.5	identical	https://ftp.ncbi.nlm.nih.gov/genomes/all/GCF/004/194/635/GCF_004194635.3_ASM419463v5	./Development/ThreeFold/data/external/Salmonella/GCF_004194635.3_ASM419463v5_genomic.fna.gz
GCF_900477895.1	PRJNA224116	SAMEA4017719	na	na	na	na	2564310	28901	Salmonella enterica subsp. enterica serovar Carmel	strain=NCTC9872	na	latest	Complete Genome	Major	Full	2018-06-17	47022_G01		GCA_900477895.1	identical	https://ftp.ncbi.nlm.nih.gov/genomes/all/GCF/900/477/895/GCF_900477895.1_47022_G01	./Development/ThreeFold/data/external/Salmonella/GCF_900477895.1_47022_G01_genomic.fna.gz
GCF_018336435.1	PRJNA224116	SAMN13741975	na	na	na	na	2564349	28901	Salmonella enterica subsp. enterica serovar Dessau	strain=KUFSE-SAL0043	na	latest	Complete Genome	Major	Full	2021-05-11	ASM1833643v1		GCA_018336435.1	identical	https://ftp.ncbi.nlm.nih.gov/genomes/all/GCF/018/336/435/GCF_018336435.1_ASM1833643v1	./Development/ThreeFold/data/external/Salmonella/GCF_018336435.1_ASM1833643v1_genomic.fna.gz
GCF_030863605.1	PRJNA224116	SAMN14178317	na	na	na	na	2564474	28901	Salmonella enterica subsp. enterica serovar Gloucester	strain=GSJ/2017-Sal-014	na	latest	Complete Genome	Major	Full	2023-08-23	ASM3086360v1		GCA_030863605.1	identical	https://ftp.ncbi.nlm.nih.gov/genomes/all/GCF/030/863/605/GCF_030863605.1_ASM3086360v1	./Development/ThreeFold/data/external/Salmonella/GCF_030863605.1_ASM3086360v1_genomic.fna.gz
GCF_043148645.1	PRJNA224116	SAMN44089052	na	na	na	na	2564481	28901	Salmonella enterica subsp. enterica serovar Gombe	strain=S-27606	na	latest	Complete Genome	Major	Full	2024-10-17	ASM4314864v1		GCA_043148645.1	identical	https://ftp.ncbi.nlm.nih.gov/genomes/all/GCF/043/148/645/GCF_043148645.1_ASM4314864v1	./Development/ThreeFold/data/external/Salmonella/GCF_043148645.1_ASM4314864v1_genomic.fna.gz
GCF_023518175.1	PRJNA224116	SAMN23378276	na	na	na	na	2564534	28901	Salmonella enterica subsp. enterica serovar Hissar	strain=SCPM-O-B-4549	na	latest	Complete Genome	Major	Full	2022-05-23	ASM2351817v1		GCA_023518175.1	identical	https://ftp.ncbi.nlm.nih.gov/genomes/all/GCF/023/518/175/GCF_023518175.1_ASM2351817v1	./Development/ThreeFold/data/external/Salmonella/GCF_023518175.1_ASM2351817v1_genomic.fna.gz
GCF_047455995.1	PRJNA224116	SAMN46451454	na	na	na	na	2565061	28901	Salmonella enterica subsp. enterica serovar Strathcona	strain=N22-0456	na	latest	Complete Genome	Major	Full	2025-02-06	ASM4745599v1		GCA_047455995.1	identical	https://ftp.ncbi.nlm.nih.gov/genomes/all/GCF/047/455/995/GCF_047455995.1_ASM4745599v1	./Development/ThreeFold/data/external/Salmonella/GCF_047455995.1_ASM4745599v1_genomic.fna.gz
GCF_013138145.1	PRJNA224116	SAMN14832280	na	na	na	na	2577118	54736	Salmonella bongori serovar 48:z81:-	strain=08-0158	na	latest	Complete Genome	Major	Full	2020-05-21	ASM1313814v1		GCA_013138145.1	identical	https://ftp.ncbi.nlm.nih.gov/genomes/all/GCF/013/138/145/GCF_013138145.1_ASM1313814v1	./Development/ThreeFold/data/external/Salmonella/GCF_013138145.1_ASM1313814v1_genomic.fna.gz
GCF_003324815.1	PRJNA224116	SAMN09237641	na	na	na	na	2577858	28901	Salmonella enterica subsp. salamae serovar 56:b:[1,5]	strain=SA20053897	na	latest	Complete Genome	Major	Full	2018-07-17	ASM332481v1		GCA_003324815.1	identical	https://ftp.ncbi.nlm.nih.gov/genomes/all/GCF/003/324/815/GCF_003324815.1_ASM332481v1	./Development/ThreeFold/data/external/Salmonella/GCF_003324815.1_ASM332481v1_genomic.fna.gz
GCF_003324795.1	PRJNA224116	SAMN09237642	na	na	na	na	2577863	28901	Salmonella enterica subsp. salamae serovar 56:z10:e,n,x	strain=SA20011914	na	latest	Complete Genome	Major	Full	2018-07-17	ASM332479v1		GCA_003324795.1	identical	https://ftp.ncbi.nlm.nih.gov/genomes/all/GCF/003/324/795/GCF_003324795.1_ASM332479v1	./Development/ThreeFold/data/external/Salmonella/GCF_003324795.1_ASM332479v1_genomic.fna.gz
GCF_005537135.1	PRJNA224116	SAMN06030095	na	na	na	na	2579247	28901	Salmonella enterica subsp. enterica serovar Rough O:-:-	strain=PNCS009887	na	latest	Complete Genome	Major	Full	2019-05-21	ASM553713v1		GCA_005537135.1	identical	https://ftp.ncbi.nlm.nih.gov/genomes/all/GCF/005/537/135/GCF_005537135.1_ASM553713v1	./Development/ThreeFold/data/external/Salmonella/GCF_005537135.1_ASM553713v1_genomic.fna.gz
GCF_005890095.1	PRJNA224116	SAMN06030081	na	na	na	na	2579247	28901	Salmonella enterica subsp. enterica serovar Rough O:-:-	strain=PNCS009880	na	latest	Complete Genome	Major	Full	2019-05-30	ASM589009v1		GCA_005890095.1	identical	https://ftp.ncbi.nlm.nih.gov/genomes/all/GCF/005/890/095/GCF_005890095.1_ASM589009v1	./Development/ThreeFold/data/external/Salmonella/GCF_005890095.1_ASM589009v1_genomic.fna.gz
GCF_004792455.1	PRJNA224116	SAMN11333163	na	na	na	na	2583588	28901	Salmonella enterica subsp. enterica serovar 1,4,[5],12:i:-	strain=PNCS014866	na	latest	Complete Genome	Major	Full	2019-04-14	ASM479245v1		GCA_004792455.1	identical	https://ftp.ncbi.nlm.nih.gov/genomes/all/GCF/004/792/455/GCF_004792455.1_ASM479245v1	./Development/ThreeFold/data/external/Salmonella/GCF_004792455.1_ASM479245v1_genomic.fna.gz
GCF_004919145.1	PRJNA224116	SAMN11333141	na	na	na	na	2583588	28901	Salmonella enterica subsp. enterica serovar 1,4,[5],12:i:-	strain=PNCS014847	na	latest	Complete Genome	Major	Full	2019-04-28	ASM491914v1		GCA_004919145.1	identical	https://ftp.ncbi.nlm.nih.gov/genomes/all/GCF/004/919/145/GCF_004919145.1_ASM491914v1	./Development/ThreeFold/data/external/Salmonella/GCF_004919145.1_ASM491914v1_genomic.fna.gz
GCF_004919165.1	PRJNA224116	SAMN11333140	na	na	na	na	2583588	28901	Salmonella enterica subsp. enterica serovar 1,4,[5],12:i:-	strain=PNCS014846	na	latest	Complete Genome	Major	Full	2019-04-28	ASM491916v1		GCA_004919165.1	identical	https://ftp.ncbi.nlm.nih.gov/genomes/all/GCF/004/919/165/GCF_004919165.1_ASM491916v1	./Development/ThreeFold/data/external/Salmonella/GCF_004919165.1_ASM491916v1_genomic.fna.gz
GCF_004919185.1	PRJNA224116	SAMN11333143	na	na	na	na	2583588	28901	Salmonella enterica subsp. enterica serovar 1,4,[5],12:i:-	strain=PNCS014849	na	latest	Complete Genome	Major	Full	2019-04-28	ASM491918v1		GCA_004919185.1	identical	https://ftp.ncbi.nlm.nih.gov/genomes/all/GCF/004/919/185/GCF_004919185.1_ASM491918v1	./Development/ThreeFold/data/external/Salmonella/GCF_004919185.1_ASM491918v1_genomic.fna.gz
GCF_004919205.1	PRJNA224116	SAMN11333142	na	na	na	na	2583588	28901	Salmonella enterica subsp. enterica serovar 1,4,[5],12:i:-	strain=PNCS014848	na	latest	Complete Genome	Major	Full	2019-04-28	ASM491920v1		GCA_004919205.1	identical	https://ftp.ncbi.nlm.nih.gov/genomes/all/GCF/004/919/205/GCF_004919205.1_ASM491920v1	./Development/ThreeFold/data/external/Salmonella/GCF_004919205.1_ASM491920v1_genomic.fna.gz
GCF_004919225.1	PRJNA224116	SAMN11333149	na	na	na	na	2583588	28901	Salmonella enterica subsp. enterica serovar 1,4,[5],12:i:-	strain=PNCS014855	na	latest	Complete Genome	Major	Full	2019-04-28	ASM491922v1		GCA_004919225.1	identical	https://ftp.ncbi.nlm.nih.gov/genomes/all/GCF/004/919/225/GCF_004919225.1_ASM491922v1	./Development/ThreeFold/data/external/Salmonella/GCF_004919225.1_ASM491922v1_genomic.fna.gz
GCF_004919285.1	PRJNA224116	SAMN11333144	na	na	na	na	2583588	28901	Salmonella enterica subsp. enterica serovar 1,4,[5],12:i:-	strain=PNCS014850	na	latest	Complete Genome	Major	Full	2019-04-28	ASM491928v1		GCA_004919285.1	identical	https://ftp.ncbi.nlm.nih.gov/genomes/all/GCF/004/919/285/GCF_004919285.1_ASM491928v1	./Development/ThreeFold/data/external/Salmonella/GCF_004919285.1_ASM491928v1_genomic.fna.gz
GCF_004919305.1	PRJNA224116	SAMN11333146	na	na	na	na	2583588	28901	Salmonella enterica subsp. enterica serovar 1,4,[5],12:i:-	strain=PNCS014852	na	latest	Complete Genome	Major	Full	2019-04-28	ASM491930v1		GCA_004919305.1	identical	https://ftp.ncbi.nlm.nih.gov/genomes/all/GCF/004/919/305/GCF_004919305.1_ASM491930v1	./Development/ThreeFold/data/external/Salmonella/GCF_004919305.1_ASM491930v1_genomic.fna.gz
GCF_004919325.1	PRJNA224116	SAMN11333152	na	na	na	na	2583588	28901	Salmonella enterica subsp. enterica serovar 1,4,[5],12:i:-	strain=PNCS014857	na	latest	Complete Genome	Major	Full	2019-04-28	ASM491932v1		GCA_004919325.1	identical	https://ftp.ncbi.nlm.nih.gov/genomes/all/GCF/004/919/325/GCF_004919325.1_ASM491932v1	./Development/ThreeFold/data/external/Salmonella/GCF_004919325.1_ASM491932v1_genomic.fna.gz
GCF_004919345.1	PRJNA224116	SAMN11333154	na	na	na	na	2583588	28901	Salmonella enterica subsp. enterica serovar 1,4,[5],12:i:-	strain=PNCS014858	na	latest	Complete Genome	Major	Full	2019-04-28	ASM491934v1		GCA_004919345.1	identical	https://ftp.ncbi.nlm.nih.gov/genomes/all/GCF/004/919/345/GCF_004919345.1_ASM491934v1	./Development/ThreeFold/data/external/Salmonella/GCF_004919345.1_ASM491934v1_genomic.fna.gz
GCF_004919385.1	PRJNA224116	SAMN11333160	na	na	na	na	2583588	28901	Salmonella enterica subsp. enterica serovar 1,4,[5],12:i:-	strain=PNCS014863	na	latest	Complete Genome	Major	Full	2019-04-28	ASM491938v1		GCA_004919385.1	identical	https://ftp.ncbi.nlm.nih.gov/genomes/all/GCF/004/919/385/GCF_004919385.1_ASM491938v1	./Development/ThreeFold/data/external/Salmonella/GCF_004919385.1_ASM491938v1_genomic.fna.gz
GCF_004919405.1	PRJNA224116	SAMN11333162	na	na	na	na	2583588	28901	Salmonella enterica subsp. enterica serovar 1,4,[5],12:i:-	strain=PNCS014865	na	latest	Complete Genome	Major	Full	2019-04-28	ASM491940v1		GCA_004919405.1	identical	https://ftp.ncbi.nlm.nih.gov/genomes/all/GCF/004/919/405/GCF_004919405.1_ASM491940v1	./Development/ThreeFold/data/external/Salmonella/GCF_004919405.1_ASM491940v1_genomic.fna.gz
GCF_004919425.1	PRJNA224116	SAMN11333164	na	na	na	na	2583588	28901	Salmonella enterica subsp. enterica serovar 1,4,[5],12:i:-	strain=PNCS014867	na	latest	Complete Genome	Major	Full	2019-04-28	ASM491942v1		GCA_004919425.1	identical	https://ftp.ncbi.nlm.nih.gov/genomes/all/GCF/004/919/425/GCF_004919425.1_ASM491942v1	./Development/ThreeFold/data/external/Salmonella/GCF_004919425.1_ASM491942v1_genomic.fna.gz
GCF_004919445.1	PRJNA224116	SAMN11333165	na	na	na	na	2583588	28901	Salmonella enterica subsp. enterica serovar 1,4,[5],12:i:-	strain=PNCS014868	na	latest	Complete Genome	Major	Full	2019-04-28	ASM491944v1		GCA_004919445.1	identical	https://ftp.ncbi.nlm.nih.gov/genomes/all/GCF/004/919/445/GCF_004919445.1_ASM491944v1	./Development/ThreeFold/data/external/Salmonella/GCF_004919445.1_ASM491944v1_genomic.fna.gz
GCF_004919465.1	PRJNA224116	SAMN11333166	na	na	na	na	2583588	28901	Salmonella enterica subsp. enterica serovar 1,4,[5],12:i:-	strain=PNCS014873	na	latest	Complete Genome	Major	Full	2019-04-28	ASM491946v1		GCA_004919465.1	identical	https://ftp.ncbi.nlm.nih.gov/genomes/all/GCF/004/919/465/GCF_004919465.1_ASM491946v1	./Development/ThreeFold/data/external/Salmonella/GCF_004919465.1_ASM491946v1_genomic.fna.gz
GCF_004941405.1	PRJNA224116	SAMN11333167	na	na	na	na	2583588	28901	Salmonella enterica subsp. enterica serovar 1,4,[5],12:i:-	strain=PNCS014875	na	latest	Complete Genome	Major	Full	2019-04-30	ASM494140v1		GCA_004941405.1	identical	https://ftp.ncbi.nlm.nih.gov/genomes/all/GCF/004/941/405/GCF_004941405.1_ASM494140v1	./Development/ThreeFold/data/external/Salmonella/GCF_004941405.1_ASM494140v1_genomic.fna.gz
GCF_005094845.1	PRJNA224116	SAMN11333157	na	na	na	na	2583588	28901	Salmonella enterica subsp. enterica serovar 1,4,[5],12:i:-	strain=PNCS014861	na	latest	Complete Genome	Major	Full	2019-04-28	ASM509484v1		GCA_005094845.1	identical	https://ftp.ncbi.nlm.nih.gov/genomes/all/GCF/005/094/845/GCF_005094845.1_ASM509484v1	./Development/ThreeFold/data/external/Salmonella/GCF_005094845.1_ASM509484v1_genomic.fna.gz
GCF_005144925.1	PRJNA224116	SAMN11333147	na	na	na	na	2583588	28901	Salmonella enterica subsp. enterica serovar 1,4,[5],12:i:-	strain=PNCS014853	na	latest	Complete Genome	Major	Full	2019-05-05	ASM514492v1		GCA_005144925.1	identical	https://ftp.ncbi.nlm.nih.gov/genomes/all/GCF/005/144/925/GCF_005144925.1_ASM514492v1	./Development/ThreeFold/data/external/Salmonella/GCF_005144925.1_ASM514492v1_genomic.fna.gz
GCF_005144945.1	PRJNA224116	SAMN11333150	na	na	na	na	2583588	28901	Salmonella enterica subsp. enterica serovar 1,4,[5],12:i:-	strain=PNCS000211	na	latest	Complete Genome	Major	Full	2019-05-05	ASM514494v1		GCA_005144945.1	identical	https://ftp.ncbi.nlm.nih.gov/genomes/all/GCF/005/144/945/GCF_005144945.1_ASM514494v1	./Development/ThreeFold/data/external/Salmonella/GCF_005144945.1_ASM514494v1_genomic.fna.gz
GCF_005144985.1	PRJNA224116	SAMN11333156	na	na	na	na	2583588	28901	Salmonella enterica subsp. enterica serovar 1,4,[5],12:i:-	strain=PNCS014860	na	latest	Complete Genome	Major	Full	2019-05-05	ASM514498v1		GCA_005144985.1	identical	https://ftp.ncbi.nlm.nih.gov/genomes/all/GCF/005/144/985/GCF_005144985.1_ASM514498v1	./Development/ThreeFold/data/external/Salmonella/GCF_005144985.1_ASM514498v1_genomic.fna.gz
GCF_005160365.1	PRJNA224116	SAMN11333161	na	na	na	na	2583588	28901	Salmonella enterica subsp. enterica serovar 1,4,[5],12:i:-	strain=PNCS014864	na	latest	Complete Genome	Major	Full	2019-05-06	ASM516036v1		GCA_005160365.1	identical	https://ftp.ncbi.nlm.nih.gov/genomes/all/GCF/005/160/365/GCF_005160365.1_ASM516036v1	./Development/ThreeFold/data/external/Salmonella/GCF_005160365.1_ASM516036v1_genomic.fna.gz
GCF_005160385.1	PRJNA224116	SAMN11333168	na	na	na	na	2583588	28901	Salmonella enterica subsp. enterica serovar 1,4,[5],12:i:-	strain=PNCS014876	na	latest	Complete Genome	Major	Full	2019-05-06	ASM516038v1		GCA_005160385.1	identical	https://ftp.ncbi.nlm.nih.gov/genomes/all/GCF/005/160/385/GCF_005160385.1_ASM516038v1	./Development/ThreeFold/data/external/Salmonella/GCF_005160385.1_ASM516038v1_genomic.fna.gz
GCF_005160405.1	PRJNA224116	SAMN11333170	na	na	na	na	2583588	28901	Salmonella enterica subsp. enterica serovar 1,4,[5],12:i:-	strain=PNCS014880	na	latest	Complete Genome	Major	Full	2019-05-06	ASM516040v1		GCA_005160405.1	identical	https://ftp.ncbi.nlm.nih.gov/genomes/all/GCF/005/160/405/GCF_005160405.1_ASM516040v1	./Development/ThreeFold/data/external/Salmonella/GCF_005160405.1_ASM516040v1_genomic.fna.gz
GCF_005890175.1	PRJNA224116	SAMN10833327	na	na	na	na	2583588	28901	Salmonella enterica subsp. enterica serovar 1,4,[5],12:i:-	strain=SA20070548	na	latest	Complete Genome	Major	Full	2019-05-30	ASM589017v1		GCA_005890175.1	identical	https://ftp.ncbi.nlm.nih.gov/genomes/all/GCF/005/890/175/GCF_005890175.1_ASM589017v1	./Development/ThreeFold/data/external/Salmonella/GCF_005890175.1_ASM589017v1_genomic.fna.gz
GCF_005954705.1	PRJNA224116	SAMN10833328	na	na	na	na	2583588	28901	Salmonella enterica subsp. enterica serovar 1,4,[5],12:i:-	strain=SA20082869	na	latest	Complete Genome	Major	Full	2019-06-04	ASM595470v1		GCA_005954705.1	identical	https://ftp.ncbi.nlm.nih.gov/genomes/all/GCF/005/954/705/GCF_005954705.1_ASM595470v1	./Development/ThreeFold/data/external/Salmonella/GCF_005954705.1_ASM595470v1_genomic.fna.gz
GCF_006385115.1	PRJNA224116	SAMN10833329	na	na	na	na	2583588	28901	Salmonella enterica subsp. enterica serovar 1,4,[5],12:i:-	strain=SA20143792	na	latest	Complete Genome	Major	Full	2019-06-22	ASM638511v1		GCA_006385115.1	identical	https://ftp.ncbi.nlm.nih.gov/genomes/all/GCF/006/385/115/GCF_006385115.1_ASM638511v1	./Development/ThreeFold/data/external/Salmonella/GCF_006385115.1_ASM638511v1_genomic.fna.gz
GCF_009017295.1	PRJNA224116	SAMN11333153	na	na	na	na	2583588	28901	Salmonella enterica subsp. enterica serovar 1,4,[5],12:i:-	strain=PNCS007087	na	latest	Complete Genome	Major	Full	2019-10-13	ASM901729v1		GCA_009017295.1	identical	https://ftp.ncbi.nlm.nih.gov/genomes/all/GCF/009/017/295/GCF_009017295.1_ASM901729v1	./Development/ThreeFold/data/external/Salmonella/GCF_009017295.1_ASM901729v1_genomic.fna.gz
GCF_009017315.1	PRJNA224116	SAMN11333171	na	na	na	na	2583588	28901	Salmonella enterica subsp. enterica serovar 1,4,[5],12:i:-	strain=PNCS014881	na	latest	Complete Genome	Major	Full	2019-10-13	ASM901731v1		GCA_009017315.1	identical	https://ftp.ncbi.nlm.nih.gov/genomes/all/GCF/009/017/315/GCF_009017315.1_ASM901731v1	./Development/ThreeFold/data/external/Salmonella/GCF_009017315.1_ASM901731v1_genomic.fna.gz
GCF_009017335.1	PRJNA224116	SAMN11333159	na	na	na	na	2583588	28901	Salmonella enterica subsp. enterica serovar 1,4,[5],12:i:-	strain=PNCS007098	na	latest	Complete Genome	Major	Full	2019-10-13	ASM901733v1		GCA_009017335.1	identical	https://ftp.ncbi.nlm.nih.gov/genomes/all/GCF/009/017/335/GCF_009017335.1_ASM901733v1	./Development/ThreeFold/data/external/Salmonella/GCF_009017335.1_ASM901733v1_genomic.fna.gz
GCF_030064445.1	PRJNA224116	SAMN32643659	na	na	na	na	2583588	28901	Salmonella enterica subsp. enterica serovar 1,4,[5],12:i:-	strain=BL708	na	latest	Complete Genome	Major	Full	2023-05-23	ASM3006444v1		GCA_030064445.1	identical	https://ftp.ncbi.nlm.nih.gov/genomes/all/GCF/030/064/445/GCF_030064445.1_ASM3006444v1	./Development/ThreeFold/data/external/Salmonella/GCF_030064445.1_ASM3006444v1_genomic.fna.gz
GCF_013114975.1	PRJNA224116	SAMN14558686	na	na	na	na	2725417	2725417	Salmonella sp. SCFS4	strain=SCFS4	na	latest	Complete Genome	Major	Full	2020-05-18	ASM1311497v1		GCA_013114975.1	identical	https://ftp.ncbi.nlm.nih.gov/genomes/all/GCF/013/114/975/GCF_013114975.1_ASM1311497v1	./Development/ThreeFold/data/external/Salmonella/GCF_013114975.1_ASM1311497v1_genomic.fna.gz
GCF_016454305.1	PRJNA224116	SAMN14504730	na	na	na	na	2729104	28901	Salmonella enterica subsp. houtenae serovar 43:z4	strain=CVM 24399	na	latest	Complete Genome	Major	Full	2020-12-31	ASM1645430v1		GCA_016454305.1	identical	https://ftp.ncbi.nlm.nih.gov/genomes/all/GCF/016/454/305/GCF_016454305.1_ASM1645430v1	./Development/ThreeFold/data/external/Salmonella/GCF_016454305.1_ASM1645430v1_genomic.fna.gz
GCF_015534835.1	PRJNA224116	SAMN15296093	na	na	na	na	2745890	2745890	Salmonella sp. SJTUF14076	strain=SJTUF14076	na	latest	Complete Genome	Major	Full	2020-11-17	ASM1553483v1		GCA_015534835.1	identical	https://ftp.ncbi.nlm.nih.gov/genomes/all/GCF/015/534/835/GCF_015534835.1_ASM1553483v1	./Development/ThreeFold/data/external/Salmonella/GCF_015534835.1_ASM1553483v1_genomic.fna.gz
GCF_015534815.1	PRJNA224116	SAMN15296094	na	na	na	na	2745891	2745891	Salmonella sp. SJTUF14146	strain=SJTUF14146	na	latest	Complete Genome	Major	Full	2020-11-17	ASM1553481v1		GCA_015534815.1	identical	https://ftp.ncbi.nlm.nih.gov/genomes/all/GCF/015/534/815/GCF_015534815.1_ASM1553481v1	./Development/ThreeFold/data/external/Salmonella/GCF_015534815.1_ASM1553481v1_genomic.fna.gz
GCF_015534795.1	PRJNA224116	SAMN15296095	na	na	na	na	2745892	2745892	Salmonella sp. SJTUF14152	strain=SJTUF14152	na	latest	Complete Genome	Major	Full	2020-11-17	ASM1553479v1		GCA_015534795.1	identical	https://ftp.ncbi.nlm.nih.gov/genomes/all/GCF/015/534/795/GCF_015534795.1_ASM1553479v1	./Development/ThreeFold/data/external/Salmonella/GCF_015534795.1_ASM1553479v1_genomic.fna.gz
GCF_015534775.1	PRJNA224116	SAMN15296096	na	na	na	na	2745893	2745893	Salmonella sp. SJTUF14154	strain=SJTUF14154	na	latest	Complete Genome	Major	Full	2020-11-17	ASM1553477v1		GCA_015534775.1	identical	https://ftp.ncbi.nlm.nih.gov/genomes/all/GCF/015/534/775/GCF_015534775.1_ASM1553477v1	./Development/ThreeFold/data/external/Salmonella/GCF_015534775.1_ASM1553477v1_genomic.fna.gz
GCF_015534755.1	PRJNA224116	SAMN15296097	na	na	na	na	2745894	2745894	Salmonella sp. SJTUF14170	strain=SJTUF14170	na	latest	Complete Genome	Major	Full	2020-11-17	ASM1553475v1		GCA_015534755.1	identical	https://ftp.ncbi.nlm.nih.gov/genomes/all/GCF/015/534/755/GCF_015534755.1_ASM1553475v1	./Development/ThreeFold/data/external/Salmonella/GCF_015534755.1_ASM1553475v1_genomic.fna.gz
GCF_015534735.1	PRJNA224116	SAMN15296098	na	na	na	na	2745895	2745895	Salmonella sp. SJTUF14178	strain=SJTUF14178	na	latest	Complete Genome	Major	Full	2020-11-17	ASM1553473v1		GCA_015534735.1	identical	https://ftp.ncbi.nlm.nih.gov/genomes/all/GCF/015/534/735/GCF_015534735.1_ASM1553473v1	./Development/ThreeFold/data/external/Salmonella/GCF_015534735.1_ASM1553473v1_genomic.fna.gz
GCF_014123145.1	PRJNA224116	SAMN15683642	na	na	na	na	2760407	28901	Salmonella enterica subsp. diarizonae serovar b,50:-:-	strain=XXB1403	na	latest	Complete Genome	Major	Full	2020-08-10	ASM1412314v1		GCA_014123145.1	identical	https://ftp.ncbi.nlm.nih.gov/genomes/all/GCF/014/123/145/GCF_014123145.1_ASM1412314v1	./Development/ThreeFold/data/external/Salmonella/GCF_014123145.1_ASM1412314v1_genomic.fna.gz
GCF_030517155.1	PRJNA224116	SAMN32643670	na	na	na	na	2801390	28901	Salmonella enterica subsp. enterica serovar 1,4,12:i:-	strain=BL661	na	latest	Complete Genome	Major	Full	2023-07-21	ASM3051715v1		GCA_030517155.1	identical	https://ftp.ncbi.nlm.nih.gov/genomes/all/GCF/030/517/155/GCF_030517155.1_ASM3051715v1	./Development/ThreeFold/data/external/Salmonella/GCF_030517155.1_ASM3051715v1_genomic.fna.gz
GCF_017372255.1	PRJNA224116	SAMN18175062	na	na	na	na	2816951	2816951	Salmonella sp. SAL-045	strain=SAL-045	na	latest	Complete Genome	Major	Full	2021-03-17	ASM1737225v1		GCA_017372255.1	identical	https://ftp.ncbi.nlm.nih.gov/genomes/all/GCF/017/372/255/GCF_017372255.1_ASM1737225v1	./Development/ThreeFold/data/external/Salmonella/GCF_017372255.1_ASM1737225v1_genomic.fna.gz
GCF_017372375.1	PRJNA224116	SAMN18175052	na	na	na	na	2816952	2816952	Salmonella sp. SAL-007	strain=SAL-007	na	latest	Complete Genome	Major	Full	2021-03-17	ASM1737237v1		GCA_017372375.1	identical	https://ftp.ncbi.nlm.nih.gov/genomes/all/GCF/017/372/375/GCF_017372375.1_ASM1737237v1	./Development/ThreeFold/data/external/Salmonella/GCF_017372375.1_ASM1737237v1_genomic.fna.gz
GCF_017372215.1	PRJNA224116	SAMN18175061	na	na	na	na	2816953	2816953	Salmonella sp. SAL-020	strain=SAL-020	na	latest	Complete Genome	Major	Full	2021-03-17	ASM1737221v1		GCA_017372215.1	identical	https://ftp.ncbi.nlm.nih.gov/genomes/all/GCF/017/372/215/GCF_017372215.1_ASM1737221v1	./Development/ThreeFold/data/external/Salmonella/GCF_017372215.1_ASM1737221v1_genomic.fna.gz
GCF_018388585.1	PRJNA224116	SAMN18868251	na	na	na	na	2833771	2833771	Salmonella sp. SJTUF14523	strain=SJTUF14523	na	latest	Complete Genome	Major	Full	2021-05-17	ASM1838858v1		GCA_018388585.1	identical	https://ftp.ncbi.nlm.nih.gov/genomes/all/GCF/018/388/585/GCF_018388585.1_ASM1838858v1	./Development/ThreeFold/data/external/Salmonella/GCF_018388585.1_ASM1838858v1_genomic.fna.gz
GCF_018388565.1	PRJNA224116	SAMN18868252	na	na	na	na	2833772	2833772	Salmonella sp. SJTUF15034	strain=SJTUF15034	na	latest	Complete Genome	Major	Full	2021-05-17	ASM1838856v1		GCA_018388565.1	identical	https://ftp.ncbi.nlm.nih.gov/genomes/all/GCF/018/388/565/GCF_018388565.1_ASM1838856v1	./Development/ThreeFold/data/external/Salmonella/GCF_018388565.1_ASM1838856v1_genomic.fna.gz
GCF_020181675.1	PRJNA224116	SAMN21245058	na	na	na	na	2874627	2874627	Salmonella sp. A7	strain=A7	na	latest	Complete Genome	Major	Full	2021-09-30	ASM2018167v1		GCA_020181675.1	identical	https://ftp.ncbi.nlm.nih.gov/genomes/all/GCF/020/181/675/GCF_020181675.1_ASM2018167v1	./Development/ThreeFold/data/external/Salmonella/GCF_020181675.1_ASM2018167v1_genomic.fna.gz
GCF_020150755.1	PRJNA224116	SAMN21220878	na	na	na	na	2876620	2876620	Salmonella sp. A29-2	strain=A29-2	na	latest	Complete Genome	Major	Full	2021-09-26	ASM2015075v1		GCA_020150755.1	identical	https://ftp.ncbi.nlm.nih.gov/genomes/all/GCF/020/150/755/GCF_020150755.1_ASM2015075v1	./Development/ThreeFold/data/external/Salmonella/GCF_020150755.1_ASM2015075v1_genomic.fna.gz
GCF_020221795.1	PRJNA224116	SAMN21849513	na	na	na	na	2878546	2878546	Salmonella sp. A39	strain=A39	na	latest	Complete Genome	Major	Full	2021-10-04	ASM2022179v1		GCA_020221795.1	identical	https://ftp.ncbi.nlm.nih.gov/genomes/all/GCF/020/221/795/GCF_020221795.1_ASM2022179v1	./Development/ThreeFold/data/external/Salmonella/GCF_020221795.1_ASM2022179v1_genomic.fna.gz
GCF_020268625.1	PRJNA224116	SAMN21843235	na	na	na	na	2879113	2879113	Salmonella sp. JXY0409-18	strain=JXY0409-18	na	latest	Complete Genome	Major	Full	2021-10-05	ASM2026862v1		GCA_020268625.1	identical	https://ftp.ncbi.nlm.nih.gov/genomes/all/GCF/020/268/625/GCF_020268625.1_ASM2026862v1	./Development/ThreeFold/data/external/Salmonella/GCF_020268625.1_ASM2026862v1_genomic.fna.gz
GCF_030440615.1	PRJNA224116	SAMN16709262	na	na	na	na	2914792	28901	Salmonella enterica subsp. enterica serovar 4,[5],12:-	strain=H1-012	na	latest	Complete Genome	Major	Full	2023-07-12	ASM3044061v1		GCA_030440615.1	identical	https://ftp.ncbi.nlm.nih.gov/genomes/all/GCF/030/440/615/GCF_030440615.1_ASM3044061v1	./Development/ThreeFold/data/external/Salmonella/GCF_030440615.1_ASM3044061v1_genomic.fna.gz
GCF_030440635.1	PRJNA224116	SAMN16709263	na	na	na	na	2914792	28901	Salmonella enterica subsp. enterica serovar 4,[5],12:-	strain=H1-014	na	latest	Complete Genome	Major	Full	2023-07-12	ASM3044063v1		GCA_030440635.1	identical	https://ftp.ncbi.nlm.nih.gov/genomes/all/GCF/030/440/635/GCF_030440635.1_ASM3044063v1	./Development/ThreeFold/data/external/Salmonella/GCF_030440635.1_ASM3044063v1_genomic.fna.gz
GCF_022670835.1	PRJNA224116	SAMN26674805	na	na	na	na	2926665	28901	Salmonella enterica subsp. enterica serovar Abeokuta	strain=OG19FER4	na	latest	Complete Genome	Major	Full	2022-03-22	ASM2267083v1		GCA_022670835.1	identical	https://ftp.ncbi.nlm.nih.gov/genomes/all/GCF/022/670/835/GCF_022670835.1_ASM2267083v1	./Development/ThreeFold/data/external/Salmonella/GCF_022670835.1_ASM2267083v1_genomic.fna.gz
GCF_025426275.1	PRJNA224116	SAMN30929802	na	na	na	na	2979871	2979871	Salmonella sp. 3C	strain=3C	na	latest	Complete Genome	Major	Full	2022-09-27	ASM2542627v1		GCA_025426275.1	identical	https://ftp.ncbi.nlm.nih.gov/genomes/all/GCF/025/426/275/GCF_025426275.1_ASM2542627v1	./Development/ThreeFold/data/external/Salmonella/GCF_025426275.1_ASM2542627v1_genomic.fna.gz
GCF_026247685.1	PRJNA224116	SAMN31452954	na	na	na	na	2991700	2991700	Salmonella sp. 2018103	strain=2018103	na	latest	Complete Genome	Major	Full	2022-11-21	ASM2624768v1		GCA_026247685.1	identical	https://ftp.ncbi.nlm.nih.gov/genomes/all/GCF/026/247/685/GCF_026247685.1_ASM2624768v1	./Development/ThreeFold/data/external/Salmonella/GCF_026247685.1_ASM2624768v1_genomic.fna.gz
GCF_029962125.1	PRJNA224116	SAMN33419349	na	na	na	na	3030528	3030528	Salmonella sp. SA15303	strain=SA15303	na	latest	Complete Genome	Major	Full	2023-05-10	ASM2996212v1		GCA_029962125.1	identical	https://ftp.ncbi.nlm.nih.gov/genomes/all/GCF/029/962/125/GCF_029962125.1_ASM2996212v1	./Development/ThreeFold/data/external/Salmonella/GCF_029962125.1_ASM2996212v1_genomic.fna.gz
GCF_029866905.1	PRJNA224116	SAMN33419350	na	na	na	na	3030529	3030529	Salmonella sp. SA14318	strain=SA14318	na	latest	Complete Genome	Major	Full	2023-04-25	ASM2986690v1		GCA_029866905.1	identical	https://ftp.ncbi.nlm.nih.gov/genomes/all/GCF/029/866/905/GCF_029866905.1_ASM2986690v1	./Development/ThreeFold/data/external/Salmonella/GCF_029866905.1_ASM2986690v1_genomic.fna.gz
GCF_029866885.1	PRJNA224116	SAMN33419351	na	na	na	na	3030530	3030530	Salmonella sp. SA17155	strain=SA17155	na	latest	Complete Genome	Major	Full	2023-04-25	ASM2986688v1		GCA_029866885.1	identical	https://ftp.ncbi.nlm.nih.gov/genomes/all/GCF/029/866/885/GCF_029866885.1_ASM2986688v1	./Development/ThreeFold/data/external/Salmonella/GCF_029866885.1_ASM2986688v1_genomic.fna.gz
GCF_044793245.1	PRJNA224116	SAMN41987245	na	na	na	na	3229224	3229224	Salmonella sp. SJTUF15606	strain=SJTUF15606	na	latest	Complete Genome	Major	Full	2024-11-20	ASM4479324v1		GCA_044793245.1	identical	https://ftp.ncbi.nlm.nih.gov/genomes/all/GCF/044/793/245/GCF_044793245.1_ASM4479324v1	./Development/ThreeFold/data/external/Salmonella/GCF_044793245.1_ASM4479324v1_genomic.fna.gz
GCF_042604575.1	PRJNA224116	SAMN43681208	na	na	na	na	3344879	3344879	Salmonella sp. HY31	strain=HY31	na	latest	Complete Genome	Major	Full	2024-10-11	ASM4260457v1		GCA_042604575.1	identical	https://ftp.ncbi.nlm.nih.gov/genomes/all/GCF/042/604/575/GCF_042604575.1_ASM4260457v1	./Development/ThreeFold/data/external/Salmonella/GCF_042604575.1_ASM4260457v1_genomic.fna.gz
GCF_042932255.1	PRJNA224116	SAMN43948438	na	na	na	na	3366287	3366287	Salmonella sp. WC3	strain=WC3	na	latest	Complete Genome	Major	Full	2024-10-13	ASM4293225v1		GCA_042932255.1	identical	https://ftp.ncbi.nlm.nih.gov/genomes/all/GCF/042/932/255/GCF_042932255.1_ASM4293225v1	./Development/ThreeFold/data/external/Salmonella/GCF_042932255.1_ASM4293225v1_genomic.fna.gz
