assembly_accession	bioproject	biosample	wgs_master	excluded_from_refseq	refseq_category	relation_to_type_material	taxid	species_taxid	organism_name	infraspecific_name	isolate	version_status	assembly_level	release_type	genome_rep	seq_rel_date	asm_name	submitter	gbrs_paired_asm	paired_asm_comp	ftp_path	local_filename
GCF_000975245.1	PRJNA224116	SAMN03481691	na	na	na	na	614	614	Serratia liquefaciens	strain=HUMV-21	na	latest	Complete Genome	Major	Full	2015-04-21	ASM97524v1		GCA_000975245.1	identical	https://ftp.ncbi.nlm.nih.gov/genomes/all/GCF/000/975/245/GCF_000975245.1_ASM97524v1	./Development/ThreeFold/data/external/Serratia/GCF_000975245.1_ASM97524v1_genomic.fna.gz
GCF_001559135.2	PRJNA224116	SAMN03996271	na	na	na	na	614	614	Serratia liquefaciens	strain=FDAARGOS_125	na	latest	Complete Genome	Major	Full	2018-01-31	ASM155913v2		GCA_001559135.2	identical	https://ftp.ncbi.nlm.nih.gov/genomes/all/GCF/001/559/135/GCF_001559135.2_ASM155913v2	./Development/ThreeFold/data/external/Serratia/GCF_001559135.2_ASM155913v2_genomic.fna.gz
GCF_006970665.1	PRJNA224116	SAMN10413339	na	na	na	na	614	614	Serratia liquefaciens	strain=FG3	na	latest	Complete Genome	Major	Full	2019-07-15	ASM697066v1		GCA_006970665.1	identical	https://ftp.ncbi.nlm.nih.gov/genomes/all/GCF/006/970/665/GCF_006970665.1_ASM697066v1	./Development/ThreeFold/data/external/Serratia/GCF_006970665.1_ASM697066v1_genomic.fna.gz
GCF_008364325.2	PRJNA224116	SAMN12560213	na	na	na	na	614	614	Serratia liquefaciens	strain=S1	na	latest	Complete Genome	Major	Full	2020-02-26	ASM836432v2		GCA_008364325.2	identical	https://ftp.ncbi.nlm.nih.gov/genomes/all/GCF/008/364/325/GCF_008364325.2_ASM836432v2	./Development/ThreeFold/data/external/Serratia/GCF_008364325.2_ASM836432v2_genomic.fna.gz
GCF_014495865.1	PRJNA224116	SAMN15934672	na	na	na	na	614	614	Serratia liquefaciens	strain=MT49	na	latest	Complete Genome	Major	Full	2020-09-09	ASM1449586v1		GCA_014495865.1	identical	https://ftp.ncbi.nlm.nih.gov/genomes/all/GCF/014/495/865/GCF_014495865.1_ASM1449586v1	./Development/ThreeFold/data/external/Serratia/GCF_014495865.1_ASM1449586v1_genomic.fna.gz
GCF_016728005.1	PRJNA224116	SAMN16357250	na	na	na	na	614	614	Serratia liquefaciens	strain=FDAARGOS_1081	na	latest	Complete Genome	Major	Full	2021-01-20	ASM1672800v1		GCA_016728005.1	identical	https://ftp.ncbi.nlm.nih.gov/genomes/all/GCF/016/728/005/GCF_016728005.1_ASM1672800v1	./Development/ThreeFold/data/external/Serratia/GCF_016728005.1_ASM1672800v1_genomic.fna.gz
GCF_000783915.2	PRJNA224116	SAMN02934514	na	na	na	na	615	615	Serratia marcescens	strain=FDAARGOS_65	na	latest	Complete Genome	Major	Full	2018-01-29	ASM78391v2		GCA_000783915.2	identical	https://ftp.ncbi.nlm.nih.gov/genomes/all/GCF/000/783/915/GCF_000783915.2_ASM78391v2	./Development/ThreeFold/data/external/Serratia/GCF_000783915.2_ASM78391v2_genomic.fna.gz
GCF_001022215.1	PRJNA224116	SAMN03733805	na	na	na	na	615	615	Serratia marcescens	strain=CAV1492	na	latest	Complete Genome	Major	Full	2015-06-09	ASM102221v1		GCA_001022215.1	identical	https://ftp.ncbi.nlm.nih.gov/genomes/all/GCF/001/022/215/GCF_001022215.1_ASM102221v1	./Development/ThreeFold/data/external/Serratia/GCF_001022215.1_ASM102221v1_genomic.fna.gz
GCF_001280365.1	PRJNA224116	SAMN04029108	na	na	na	na	615	615	Serratia marcescens	strain=RSC-14	na	latest	Complete Genome	Major	Full	2015-09-09	ASM128036v1		GCA_001280365.1	identical	https://ftp.ncbi.nlm.nih.gov/genomes/all/GCF/001/280/365/GCF_001280365.1_ASM128036v1	./Development/ThreeFold/data/external/Serratia/GCF_001280365.1_ASM128036v1_genomic.fna.gz
GCF_001294565.1	PRJNA224116	SAMN03733572	na	na	na	na	615	615	Serratia marcescens	strain=SmUNAM836	na	latest	Complete Genome	Major	Full	2015-09-18	ASM129456v1		GCA_001294565.1	identical	https://ftp.ncbi.nlm.nih.gov/genomes/all/GCF/001/294/565/GCF_001294565.1_ASM129456v1	./Development/ThreeFold/data/external/Serratia/GCF_001294565.1_ASM129456v1_genomic.fna.gz
GCF_001417865.2	PRJNA224116	SAMN04214975	na	na	na	na	615	615	Serratia marcescens	strain=B3R3	na	latest	Complete Genome	Major	Full	2017-02-28	ASM141786v2		GCA_001417865.2	identical	https://ftp.ncbi.nlm.nih.gov/genomes/all/GCF/001/417/865/GCF_001417865.2_ASM141786v2	./Development/ThreeFold/data/external/Serratia/GCF_001417865.2_ASM141786v2_genomic.fna.gz
GCF_002220515.1	PRJNA224116	SAMN06164057	na	na	na	na	615	615	Serratia marcescens	strain=UMH2	na	latest	Complete Genome	Major	Full	2017-07-18	ASM222051v1		GCA_002220515.1	identical	https://ftp.ncbi.nlm.nih.gov/genomes/all/GCF/002/220/515/GCF_002220515.1_ASM222051v1	./Development/ThreeFold/data/external/Serratia/GCF_002220515.1_ASM222051v1_genomic.fna.gz
GCF_002220535.1	PRJNA224116	SAMN06164062	na	na	na	na	615	615	Serratia marcescens	strain=UMH8	na	latest	Complete Genome	Major	Full	2017-07-18	ASM222053v1		GCA_002220535.1	identical	https://ftp.ncbi.nlm.nih.gov/genomes/all/GCF/002/220/535/GCF_002220535.1_ASM222053v1	./Development/ThreeFold/data/external/Serratia/GCF_002220535.1_ASM222053v1_genomic.fna.gz
GCF_002220555.1	PRJNA224116	SAMN06164063	na	na	na	na	615	615	Serratia marcescens	strain=UMH9	na	latest	Complete Genome	Major	Full	2017-07-18	ASM222055v1		GCA_002220555.1	identical	https://ftp.ncbi.nlm.nih.gov/genomes/all/GCF/002/220/555/GCF_002220555.1_ASM222055v1	./Development/ThreeFold/data/external/Serratia/GCF_002220555.1_ASM222055v1_genomic.fna.gz
GCF_002220575.1	PRJNA224116	SAMN06164065	na	na	na	na	615	615	Serratia marcescens	strain=UMH11	na	latest	Complete Genome	Major	Full	2017-07-18	ASM222057v1		GCA_002220575.1	identical	https://ftp.ncbi.nlm.nih.gov/genomes/all/GCF/002/220/575/GCF_002220575.1_ASM222057v1	./Development/ThreeFold/data/external/Serratia/GCF_002220575.1_ASM222057v1_genomic.fna.gz
GCF_002220595.1	PRJNA224116	SAMN06164066	na	na	na	na	615	615	Serratia marcescens	strain=UMH12	na	latest	Complete Genome	Major	Full	2017-07-18	ASM222059v1		GCA_002220595.1	identical	https://ftp.ncbi.nlm.nih.gov/genomes/all/GCF/002/220/595/GCF_002220595.1_ASM222059v1	./Development/ThreeFold/data/external/Serratia/GCF_002220595.1_ASM222059v1_genomic.fna.gz
GCF_002220615.1	PRJNA224116	SAMN06164056	na	na	na	na	615	615	Serratia marcescens	strain=UMH1	na	latest	Complete Genome	Major	Full	2017-07-18	ASM222061v1		GCA_002220615.1	identical	https://ftp.ncbi.nlm.nih.gov/genomes/all/GCF/002/220/615/GCF_002220615.1_ASM222061v1	./Development/ThreeFold/data/external/Serratia/GCF_002220615.1_ASM222061v1_genomic.fna.gz
GCF_002220635.1	PRJNA224116	SAMN06164059	na	na	na	na	615	615	Serratia marcescens	strain=UMH5	na	latest	Complete Genome	Major	Full	2017-07-18	ASM222063v1		GCA_002220635.1	identical	https://ftp.ncbi.nlm.nih.gov/genomes/all/GCF/002/220/635/GCF_002220635.1_ASM222063v1	./Development/ThreeFold/data/external/Serratia/GCF_002220635.1_ASM222063v1_genomic.fna.gz
GCF_002220655.1	PRJNA224116	SAMN06164058	na	na	na	na	615	615	Serratia marcescens	strain=UMH3	na	latest	Complete Genome	Major	Full	2017-07-18	ASM222065v1		GCA_002220655.1	identical	https://ftp.ncbi.nlm.nih.gov/genomes/all/GCF/002/220/655/GCF_002220655.1_ASM222065v1	./Development/ThreeFold/data/external/Serratia/GCF_002220655.1_ASM222065v1_genomic.fna.gz
GCF_002220675.1	PRJNA224116	SAMN06164060	na	na	na	na	615	615	Serratia marcescens	strain=UMH6	na	latest	Complete Genome	Major	Full	2017-07-18	ASM222067v1		GCA_002220675.1	identical	https://ftp.ncbi.nlm.nih.gov/genomes/all/GCF/002/220/675/GCF_002220675.1_ASM222067v1	./Development/ThreeFold/data/external/Serratia/GCF_002220675.1_ASM222067v1_genomic.fna.gz
GCF_002220695.1	PRJNA224116	SAMN06164064	na	na	na	na	615	615	Serratia marcescens	strain=UMH10	na	latest	Complete Genome	Major	Full	2017-07-18	ASM222069v1		GCA_002220695.1	identical	https://ftp.ncbi.nlm.nih.gov/genomes/all/GCF/002/220/695/GCF_002220695.1_ASM222069v1	./Development/ThreeFold/data/external/Serratia/GCF_002220695.1_ASM222069v1_genomic.fna.gz
GCF_002220715.1	PRJNA224116	SAMN06164061	na	na	na	na	615	615	Serratia marcescens	strain=UMH7	na	latest	Complete Genome	Major	Full	2017-07-18	ASM222071v1		GCA_002220715.1	identical	https://ftp.ncbi.nlm.nih.gov/genomes/all/GCF/002/220/715/GCF_002220715.1_ASM222071v1	./Development/ThreeFold/data/external/Serratia/GCF_002220715.1_ASM222071v1_genomic.fna.gz
GCF_002810285.1	PRJNA224116	SAMN07452560	PEHA00000000.1	na	na	na	615	615	Serratia marcescens	strain=12TM	na	latest	Complete Genome	Major	Full	2017-12-21	ASM281028v1		GCA_002810285.1	identical	https://ftp.ncbi.nlm.nih.gov/genomes/all/GCF/002/810/285/GCF_002810285.1_ASM281028v1	./Development/ThreeFold/data/external/Serratia/GCF_002810285.1_ASM281028v1_genomic.fna.gz
GCF_002947235.1	PRJNA224116	SAMN04014868	na	na	na	na	615	615	Serratia marcescens	strain=AR_0027	na	latest	Complete Genome	Major	Full	2018-02-18	ASM294723v1		GCA_002947235.1	identical	https://ftp.ncbi.nlm.nih.gov/genomes/all/GCF/002/947/235/GCF_002947235.1_ASM294723v1	./Development/ThreeFold/data/external/Serratia/GCF_002947235.1_ASM294723v1_genomic.fna.gz
GCF_002996885.1	PRJNA224116	SAMN04014932	na	na	na	na	615	615	Serratia marcescens	strain=AR_0091	na	latest	Complete Genome	Major	Full	2018-03-14	ASM299688v1		GCA_002996885.1	identical	https://ftp.ncbi.nlm.nih.gov/genomes/all/GCF/002/996/885/GCF_002996885.1_ASM299688v1	./Development/ThreeFold/data/external/Serratia/GCF_002996885.1_ASM299688v1_genomic.fna.gz
GCF_002997125.1	PRJNA224116	SAMN04014940	na	na	na	na	615	615	Serratia marcescens	strain=AR_0099	na	latest	Complete Genome	Major	Full	2018-03-14	ASM299712v1		GCA_002997125.1	identical	https://ftp.ncbi.nlm.nih.gov/genomes/all/GCF/002/997/125/GCF_002997125.1_ASM299712v1	./Development/ThreeFold/data/external/Serratia/GCF_002997125.1_ASM299712v1_genomic.fna.gz
GCF_003031545.1	PRJNA224116	SAMN04022954	na	na	na	na	615	615	Serratia marcescens	strain=95	na	latest	Complete Genome	Major	Full	2018-04-03	ASM303154v1		GCA_003031545.1	identical	https://ftp.ncbi.nlm.nih.gov/genomes/all/GCF/003/031/545/GCF_003031545.1_ASM303154v1	./Development/ThreeFold/data/external/Serratia/GCF_003031545.1_ASM303154v1_genomic.fna.gz
GCF_003031645.1	PRJNA224116	SAMN04276915	na	na	na	na	615	615	Serratia marcescens	strain=BWH-35	na	latest	Complete Genome	Major	Full	2018-04-03	ASM303164v1		GCA_003031645.1	identical	https://ftp.ncbi.nlm.nih.gov/genomes/all/GCF/003/031/645/GCF_003031645.1_ASM303164v1	./Development/ThreeFold/data/external/Serratia/GCF_003031645.1_ASM303164v1_genomic.fna.gz
GCF_003032415.1	PRJNA224116	SAMN04276914	na	na	na	na	615	615	Serratia marcescens	strain=BWH-23	na	latest	Complete Genome	Major	Full	2018-04-03	ASM303241v1		GCA_003032415.1	identical	https://ftp.ncbi.nlm.nih.gov/genomes/all/GCF/003/032/415/GCF_003032415.1_ASM303241v1	./Development/ThreeFold/data/external/Serratia/GCF_003032415.1_ASM303241v1_genomic.fna.gz
GCF_003071565.1	PRJNA224116	SAMN04014965	na	na	na	na	615	615	Serratia marcescens	strain=AR_0124	na	latest	Complete Genome	Major	Full	2018-04-25	ASM307156v1		GCA_003071565.1	identical	https://ftp.ncbi.nlm.nih.gov/genomes/all/GCF/003/071/565/GCF_003071565.1_ASM307156v1	./Development/ThreeFold/data/external/Serratia/GCF_003071565.1_ASM307156v1_genomic.fna.gz
GCF_003071585.1	PRJNA224116	SAMN04014971	na	na	na	na	615	615	Serratia marcescens	strain=AR_0130	na	latest	Complete Genome	Major	Full	2018-04-25	ASM307158v1		GCA_003071585.1	identical	https://ftp.ncbi.nlm.nih.gov/genomes/all/GCF/003/071/585/GCF_003071585.1_ASM307158v1	./Development/ThreeFold/data/external/Serratia/GCF_003071585.1_ASM307158v1_genomic.fna.gz
GCF_003071605.1	PRJNA224116	SAMN04014964	na	na	na	na	615	615	Serratia marcescens	strain=AR_0123	na	latest	Complete Genome	Major	Full	2018-04-25	ASM307160v1		GCA_003071605.1	identical	https://ftp.ncbi.nlm.nih.gov/genomes/all/GCF/003/071/605/GCF_003071605.1_ASM307160v1	./Development/ThreeFold/data/external/Serratia/GCF_003071605.1_ASM307160v1_genomic.fna.gz
GCF_003071625.1	PRJNA224116	SAMN04014962	na	na	na	na	615	615	Serratia marcescens	strain=AR_0121	na	latest	Complete Genome	Major	Full	2018-04-25	ASM307162v1		GCA_003071625.1	identical	https://ftp.ncbi.nlm.nih.gov/genomes/all/GCF/003/071/625/GCF_003071625.1_ASM307162v1	./Development/ThreeFold/data/external/Serratia/GCF_003071625.1_ASM307162v1_genomic.fna.gz
GCF_003146705.1	PRJNA224116	SAMN09205456	na	na	na	na	615	615	Serratia marcescens	strain=CAV1761	na	latest	Complete Genome	Major	Full	2018-05-22	ASM314670v1		GCA_003146705.1	identical	https://ftp.ncbi.nlm.nih.gov/genomes/all/GCF/003/146/705/GCF_003146705.1_ASM314670v1	./Development/ThreeFold/data/external/Serratia/GCF_003146705.1_ASM314670v1_genomic.fna.gz
GCF_003182655.1	PRJNA224116	SAMN08222723	na	na	na	na	615	615	Serratia marcescens	strain=SGAir0764	na	latest	Complete Genome	Major	Full	2018-06-01	ASM318265v1		GCA_003182655.1	identical	https://ftp.ncbi.nlm.nih.gov/genomes/all/GCF/003/182/655/GCF_003182655.1_ASM318265v1	./Development/ThreeFold/data/external/Serratia/GCF_003182655.1_ASM318265v1_genomic.fna.gz
GCF_003186475.1	PRJNA224116	SAMN06311524	na	na	na	na	615	615	Serratia marcescens	strain=332	na	latest	Complete Genome	Major	Full	2018-06-05	ASM318647v1		GCA_003186475.1	identical	https://ftp.ncbi.nlm.nih.gov/genomes/all/GCF/003/186/475/GCF_003186475.1_ASM318647v1	./Development/ThreeFold/data/external/Serratia/GCF_003186475.1_ASM318647v1_genomic.fna.gz
GCF_003204075.1	PRJNA224116	SAMN04014972	na	na	na	na	615	615	Serratia marcescens	strain=AR_0131	na	latest	Complete Genome	Major	Full	2018-06-10	ASM320407v1		GCA_003204075.1	identical	https://ftp.ncbi.nlm.nih.gov/genomes/all/GCF/003/204/075/GCF_003204075.1_ASM320407v1	./Development/ThreeFold/data/external/Serratia/GCF_003204075.1_ASM320407v1_genomic.fna.gz
GCF_003204405.1	PRJNA224116	SAMN04014963	na	na	na	na	615	615	Serratia marcescens	strain=AR_0122	na	latest	Complete Genome	Major	Full	2018-06-10	ASM320440v1		GCA_003204405.1	identical	https://ftp.ncbi.nlm.nih.gov/genomes/all/GCF/003/204/405/GCF_003204405.1_ASM320440v1	./Development/ThreeFold/data/external/Serratia/GCF_003204405.1_ASM320440v1_genomic.fna.gz
GCF_003355135.1	PRJNA224116	SAMN09469079	na	na	na	na	615	615	Serratia marcescens	strain=N4-5	na	latest	Complete Genome	Major	Full	2018-08-05	ASM335513v1		GCA_003355135.1	identical	https://ftp.ncbi.nlm.nih.gov/genomes/all/GCF/003/355/135/GCF_003355135.1_ASM335513v1	./Development/ThreeFold/data/external/Serratia/GCF_003355135.1_ASM335513v1_genomic.fna.gz
GCF_003967055.1	PRJNA224116	SAMD00143521	na	na	na	na	615	615	Serratia marcescens	strain=AS-1	na	latest	Complete Genome	Major	Full	2018-11-05	ASM396705v1		GCA_003967055.1	identical	https://ftp.ncbi.nlm.nih.gov/genomes/all/GCF/003/967/055/GCF_003967055.1_ASM396705v1	./Development/ThreeFold/data/external/Serratia/GCF_003967055.1_ASM396705v1_genomic.fna.gz
GCF_006711105.1	PRJNA224116	SAMN11461878	na	na	na	na	615	615	Serratia marcescens	strain=WVU-003	na	latest	Complete Genome	Major	Full	2019-07-08	ASM671110v1		GCA_006711105.1	identical	https://ftp.ncbi.nlm.nih.gov/genomes/all/GCF/006/711/105/GCF_006711105.1_ASM671110v1	./Development/ThreeFold/data/external/Serratia/GCF_006711105.1_ASM671110v1_genomic.fna.gz
GCF_006711125.1	PRJNA224116	SAMN11894222	na	na	na	na	615	615	Serratia marcescens	strain=WVU-004	na	latest	Complete Genome	Major	Full	2019-07-08	ASM671112v1		GCA_006711125.1	identical	https://ftp.ncbi.nlm.nih.gov/genomes/all/GCF/006/711/125/GCF_006711125.1_ASM671112v1	./Development/ThreeFold/data/external/Serratia/GCF_006711125.1_ASM671112v1_genomic.fna.gz
GCF_006711245.1	PRJNA224116	SAMN11894224	na	na	na	na	615	615	Serratia marcescens	strain=WVU-006	na	latest	Complete Genome	Major	Full	2019-07-08	ASM671124v1		GCA_006711245.1	identical	https://ftp.ncbi.nlm.nih.gov/genomes/all/GCF/006/711/245/GCF_006711245.1_ASM671124v1	./Development/ThreeFold/data/external/Serratia/GCF_006711245.1_ASM671124v1_genomic.fna.gz
GCF_006711405.1	PRJNA224116	SAMN11894225	na	na	na	na	615	615	Serratia marcescens	strain=WVU-007	na	latest	Complete Genome	Major	Full	2019-07-08	ASM671140v1		GCA_006711405.1	identical	https://ftp.ncbi.nlm.nih.gov/genomes/all/GCF/006/711/405/GCF_006711405.1_ASM671140v1	./Development/ThreeFold/data/external/Serratia/GCF_006711405.1_ASM671140v1_genomic.fna.gz
GCF_006716725.1	PRJNA224116	SAMN11894227	na	na	na	na	615	615	Serratia marcescens	strain=WVU-009	na	latest	Complete Genome	Major	Full	2019-07-08	ASM671672v1		GCA_006716725.1	identical	https://ftp.ncbi.nlm.nih.gov/genomes/all/GCF/006/716/725/GCF_006716725.1_ASM671672v1	./Development/ThreeFold/data/external/Serratia/GCF_006716725.1_ASM671672v1_genomic.fna.gz
GCF_006716825.1	PRJNA224116	SAMN11894228	na	na	na	na	615	615	Serratia marcescens	strain=WVU-010	na	latest	Complete Genome	Major	Full	2019-07-08	ASM671682v1		GCA_006716825.1	identical	https://ftp.ncbi.nlm.nih.gov/genomes/all/GCF/006/716/825/GCF_006716825.1_ASM671682v1	./Development/ThreeFold/data/external/Serratia/GCF_006716825.1_ASM671682v1_genomic.fna.gz
GCF_006838705.1	PRJNA224116	SAMN11461876	na	na	na	na	615	615	Serratia marcescens	strain=WVU-001	na	latest	Complete Genome	Major	Full	2019-07-08	ASM683870v1		GCA_006838705.1	identical	https://ftp.ncbi.nlm.nih.gov/genomes/all/GCF/006/838/705/GCF_006838705.1_ASM683870v1	./Development/ThreeFold/data/external/Serratia/GCF_006838705.1_ASM683870v1_genomic.fna.gz
GCF_006842785.1	PRJNA224116	SAMN11461877	na	na	na	na	615	615	Serratia marcescens	strain=WVU-002	na	latest	Complete Genome	Major	Full	2019-07-08	ASM684278v1		GCA_006842785.1	identical	https://ftp.ncbi.nlm.nih.gov/genomes/all/GCF/006/842/785/GCF_006842785.1_ASM684278v1	./Development/ThreeFold/data/external/Serratia/GCF_006842785.1_ASM684278v1_genomic.fna.gz
GCF_008364265.2	PRJNA224116	SAMN12560215	na	na	na	na	615	615	Serratia marcescens	strain=S7.1	na	latest	Complete Genome	Major	Full	2020-06-17	ASM836426v2		GCA_008364265.2	identical	https://ftp.ncbi.nlm.nih.gov/genomes/all/GCF/008/364/265/GCF_008364265.2_ASM836426v2	./Development/ThreeFold/data/external/Serratia/GCF_008364265.2_ASM836426v2_genomic.fna.gz
GCF_008931425.1	PRJNA224116	SAMN12289419	na	na	na	na	615	615	Serratia marcescens	strain=E28	na	latest	Complete Genome	Major	Full	2019-10-09	ASM893142v1		GCA_008931425.1	identical	https://ftp.ncbi.nlm.nih.gov/genomes/all/GCF/008/931/425/GCF_008931425.1_ASM893142v1	./Development/ThreeFold/data/external/Serratia/GCF_008931425.1_ASM893142v1_genomic.fna.gz
GCF_009834305.1	PRJNA224116	SAMN10393815	na	na	na	na	615	615	Serratia marcescens	strain=N10A28	na	latest	Complete Genome	Major	Full	2020-01-08	ASM983430v1		GCA_009834305.1	identical	https://ftp.ncbi.nlm.nih.gov/genomes/all/GCF/009/834/305/GCF_009834305.1_ASM983430v1	./Development/ThreeFold/data/external/Serratia/GCF_009834305.1_ASM983430v1_genomic.fna.gz
GCF_009858195.1	PRJNA224116	SAMN13676638	na	na	na	na	615	615	Serratia marcescens	strain=1602	na	latest	Complete Genome	Major	Full	2020-01-13	ASM985819v1		GCA_009858195.1	identical	https://ftp.ncbi.nlm.nih.gov/genomes/all/GCF/009/858/195/GCF_009858195.1_ASM985819v1	./Development/ThreeFold/data/external/Serratia/GCF_009858195.1_ASM985819v1_genomic.fna.gz
GCF_009909345.1	PRJNA224116	SAMN13840998	na	na	na	na	615	615	Serratia marcescens	strain=4201	na	latest	Complete Genome	Major	Full	2020-01-21	ASM990934v1		GCA_009909345.1	identical	https://ftp.ncbi.nlm.nih.gov/genomes/all/GCF/009/909/345/GCF_009909345.1_ASM990934v1	./Development/ThreeFold/data/external/Serratia/GCF_009909345.1_ASM990934v1_genomic.fna.gz
GCF_009909365.1	PRJNA224116	SAMN13840997	na	na	na	na	615	615	Serratia marcescens	strain=3024	na	latest	Complete Genome	Major	Full	2020-01-21	ASM990936v1		GCA_009909365.1	identical	https://ftp.ncbi.nlm.nih.gov/genomes/all/GCF/009/909/365/GCF_009909365.1_ASM990936v1	./Development/ThreeFold/data/external/Serratia/GCF_009909365.1_ASM990936v1_genomic.fna.gz
GCF_009909385.1	PRJNA224116	SAMN13840995	na	na	na	na	615	615	Serratia marcescens	strain=1140-	na	latest	Complete Genome	Major	Full	2020-01-21	ASM990938v1		GCA_009909385.1	identical	https://ftp.ncbi.nlm.nih.gov/genomes/all/GCF/009/909/385/GCF_009909385.1_ASM990938v1	./Development/ThreeFold/data/external/Serratia/GCF_009909385.1_ASM990938v1_genomic.fna.gz
GCF_009909405.1	PRJNA224116	SAMN13840996	na	na	na	na	615	615	Serratia marcescens	strain=2838	na	latest	Complete Genome	Major	Full	2020-01-21	ASM990940v1		GCA_009909405.1	identical	https://ftp.ncbi.nlm.nih.gov/genomes/all/GCF/009/909/405/GCF_009909405.1_ASM990940v1	./Development/ThreeFold/data/external/Serratia/GCF_009909405.1_ASM990940v1_genomic.fna.gz
GCF_009909425.1	PRJNA224116	SAMN13840994	na	na	na	na	615	615	Serratia marcescens	strain=C110	na	latest	Complete Genome	Major	Full	2020-01-21	ASM990942v1		GCA_009909425.1	identical	https://ftp.ncbi.nlm.nih.gov/genomes/all/GCF/009/909/425/GCF_009909425.1_ASM990942v1	./Development/ThreeFold/data/external/Serratia/GCF_009909425.1_ASM990942v1_genomic.fna.gz
GCF_009936295.1	PRJNA224116	SAMD00191436	na	na	na	na	615	615	Serratia marcescens	strain=ATCC 274	na	latest	Complete Genome	Major	Full	2020-01-15	ASM993629v1		GCA_009936295.1	identical	https://ftp.ncbi.nlm.nih.gov/genomes/all/GCF/009/936/295/GCF_009936295.1_ASM993629v1	./Development/ThreeFold/data/external/Serratia/GCF_009936295.1_ASM993629v1_genomic.fna.gz
GCF_011602465.1	PRJNA224116	SAMN14360500	na	na	na	na	615	615	Serratia marcescens	strain=BP2	na	latest	Complete Genome	Major	Full	2020-03-21	ASM1160246v1		GCA_011602465.1	identical	https://ftp.ncbi.nlm.nih.gov/genomes/all/GCF/011/602/465/GCF_011602465.1_ASM1160246v1	./Development/ThreeFold/data/external/Serratia/GCF_011602465.1_ASM1160246v1_genomic.fna.gz
GCF_011769885.1	PRJNA224116	SAMN14265996	na	na	na	na	615	615	Serratia marcescens	strain=SER00094	na	latest	Complete Genome	Major	Full	2020-03-30	ASM1176988v1		GCA_011769885.1	identical	https://ftp.ncbi.nlm.nih.gov/genomes/all/GCF/011/769/885/GCF_011769885.1_ASM1176988v1	./Development/ThreeFold/data/external/Serratia/GCF_011769885.1_ASM1176988v1_genomic.fna.gz
GCF_013112395.1	PRJNA224116	SAMN14863985	na	na	na	na	615	615	Serratia marcescens	strain=FZSF02	na	latest	Complete Genome	Major	Full	2020-05-17	ASM1311239v1		GCA_013112395.1	identical	https://ftp.ncbi.nlm.nih.gov/genomes/all/GCF/013/112/395/GCF_013112395.1_ASM1311239v1	./Development/ThreeFold/data/external/Serratia/GCF_013112395.1_ASM1311239v1_genomic.fna.gz
GCF_013122155.1	PRJNA224116	SAMN14859508	na	na	na	na	615	615	Serratia marcescens	strain=FY	na	latest	Complete Genome	Major	Full	2020-05-19	ASM1312215v1		GCA_013122155.1	identical	https://ftp.ncbi.nlm.nih.gov/genomes/all/GCF/013/122/155/GCF_013122155.1_ASM1312215v1	./Development/ThreeFold/data/external/Serratia/GCF_013122155.1_ASM1312215v1_genomic.fna.gz
GCF_013256815.1	PRJNA224116	SAMN15009256	na	na	na	na	615	615	Serratia marcescens	strain=LY1	na	latest	Complete Genome	Major	Full	2020-06-03	ASM1325681v1		GCA_013256815.1	identical	https://ftp.ncbi.nlm.nih.gov/genomes/all/GCF/013/256/815/GCF_013256815.1_ASM1325681v1	./Development/ThreeFold/data/external/Serratia/GCF_013256815.1_ASM1325681v1_genomic.fna.gz
GCF_013367735.1	PRJNA224116	SAMN15196985	na	na	na	na	615	615	Serratia marcescens	strain=JW-CZ2	na	latest	Complete Genome	Major	Full	2020-06-23	ASM1336773v1		GCA_013367735.1	identical	https://ftp.ncbi.nlm.nih.gov/genomes/all/GCF/013/367/735/GCF_013367735.1_ASM1336773v1	./Development/ThreeFold/data/external/Serratia/GCF_013367735.1_ASM1336773v1_genomic.fna.gz
GCF_013377375.1	PRJNA224116	SAMN11633367	na	na	na	na	615	615	Serratia marcescens	strain=1912768R	na	latest	Complete Genome	Major	Full	2020-06-30	ASM1337737v1		GCA_013377375.1	identical	https://ftp.ncbi.nlm.nih.gov/genomes/all/GCF/013/377/375/GCF_013377375.1_ASM1337737v1	./Development/ThreeFold/data/external/Serratia/GCF_013377375.1_ASM1337737v1_genomic.fna.gz
GCF_013426135.1	PRJNA224116	SAMN14999148	na	na	na	na	615	615	Serratia marcescens	strain=12/2010	na	latest	Complete Genome	Major	Full	2020-07-20	ASM1342613v1		GCA_013426135.1	identical	https://ftp.ncbi.nlm.nih.gov/genomes/all/GCF/013/426/135/GCF_013426135.1_ASM1342613v1	./Development/ThreeFold/data/external/Serratia/GCF_013426135.1_ASM1342613v1_genomic.fna.gz
GCF_013426155.1	PRJNA224116	SAMN14998449	na	na	na	na	615	615	Serratia marcescens	strain=11/2010	na	latest	Complete Genome	Major	Full	2020-07-20	ASM1342615v1		GCA_013426155.1	identical	https://ftp.ncbi.nlm.nih.gov/genomes/all/GCF/013/426/155/GCF_013426155.1_ASM1342615v1	./Development/ThreeFold/data/external/Serratia/GCF_013426155.1_ASM1342615v1_genomic.fna.gz
GCF_015074945.1	PRJNA224116	SAMN14835601	na	na	na	na	615	615	Serratia marcescens	strain=SCH909	na	latest	Complete Genome	Major	Full	2020-10-29	ASM1507494v1		GCA_015074945.1	identical	https://ftp.ncbi.nlm.nih.gov/genomes/all/GCF/015/074/945/GCF_015074945.1_ASM1507494v1	./Development/ThreeFold/data/external/Serratia/GCF_015074945.1_ASM1507494v1_genomic.fna.gz
GCF_015160915.1	PRJNA224116	SAMN16268784	na	na	na	na	615	615	Serratia marcescens	strain=SCQ1	na	latest	Complete Genome	Major	Full	2020-11-01	ASM1516091v1		GCA_015160915.1	identical	https://ftp.ncbi.nlm.nih.gov/genomes/all/GCF/015/160/915/GCF_015160915.1_ASM1516091v1	./Development/ThreeFold/data/external/Serratia/GCF_015160915.1_ASM1516091v1_genomic.fna.gz
GCF_015708655.1	PRJNA224116	SAMN15078591	na	na	na	na	615	615	Serratia marcescens	strain=Byron	na	latest	Complete Genome	Major	Full	2020-12-01	ASM1570865v1		GCA_015708655.1	identical	https://ftp.ncbi.nlm.nih.gov/genomes/all/GCF/015/708/655/GCF_015708655.1_ASM1570865v1	./Development/ThreeFold/data/external/Serratia/GCF_015708655.1_ASM1570865v1_genomic.fna.gz
GCF_019344315.1	PRJNA224116	SAMN16456043	na	na	na	na	615	615	Serratia marcescens	strain=LVF3	na	latest	Complete Genome	Major	Full	2021-07-26	ASM1934431v1		GCA_019344315.1	identical	https://ftp.ncbi.nlm.nih.gov/genomes/all/GCF/019/344/315/GCF_019344315.1_ASM1934431v1	./Development/ThreeFold/data/external/Serratia/GCF_019344315.1_ASM1934431v1_genomic.fna.gz
GCF_019974075.1	PRJNA224116	SAMD00391659	na	na	na	na	615	615	Serratia marcescens	strain=2020-O-9	na	latest	Complete Genome	Major	Full	2021-07-22	ASM1997407v1		GCA_019974075.1	identical	https://ftp.ncbi.nlm.nih.gov/genomes/all/GCF/019/974/075/GCF_019974075.1_ASM1997407v1	./Development/ThreeFold/data/external/Serratia/GCF_019974075.1_ASM1997407v1_genomic.fna.gz
GCF_021398895.1	PRJNA224116	SAMN24372403	na	na	na	na	615	615	Serratia marcescens	strain=SMNSF-1	na	latest	Complete Genome	Major	Full	2022-01-10	ASM2139889v1		GCA_021398895.1	identical	https://ftp.ncbi.nlm.nih.gov/genomes/all/GCF/021/398/895/GCF_021398895.1_ASM2139889v1	./Development/ThreeFold/data/external/Serratia/GCF_021398895.1_ASM2139889v1_genomic.fna.gz
GCF_021496115.1	PRJNA224116	SAMN24852073	na	na	na	na	615	615	Serratia marcescens	strain=Sys06	na	latest	Complete Genome	Major	Full	2022-01-18	ASM2149611v1		GCA_021496115.1	identical	https://ftp.ncbi.nlm.nih.gov/genomes/all/GCF/021/496/115/GCF_021496115.1_ASM2149611v1	./Development/ThreeFold/data/external/Serratia/GCF_021496115.1_ASM2149611v1_genomic.fna.gz
GCF_021952645.1	PRJNA224116	SAMN22551389	na	na	na	na	615	615	Serratia marcescens	strain=MV-u1-SK1-O	na	latest	Complete Genome	Major	Full	2022-02-04	ASM2195264v1		GCA_021952645.1	identical	https://ftp.ncbi.nlm.nih.gov/genomes/all/GCF/021/952/645/GCF_021952645.1_ASM2195264v1	./Development/ThreeFold/data/external/Serratia/GCF_021952645.1_ASM2195264v1_genomic.fna.gz
GCF_022343985.1	PRJNA224116	SAMN25876440	na	na	na	na	615	615	Serratia marcescens	strain=YHYF1	na	latest	Complete Genome	Major	Full	2022-02-20	ASM2234398v1		GCA_022343985.1	identical	https://ftp.ncbi.nlm.nih.gov/genomes/all/GCF/022/343/985/GCF_022343985.1_ASM2234398v1	./Development/ThreeFold/data/external/Serratia/GCF_022343985.1_ASM2234398v1_genomic.fna.gz
GCF_022404795.1	PRJNA224116	SAMN15666260	na	na	na	na	615	615	Serratia marcescens	strain=M158-1-1	na	latest	Complete Genome	Major	Full	2022-02-28	ASM2240479v1		GCA_022404795.1	identical	https://ftp.ncbi.nlm.nih.gov/genomes/all/GCF/022/404/795/GCF_022404795.1_ASM2240479v1	./Development/ThreeFold/data/external/Serratia/GCF_022404795.1_ASM2240479v1_genomic.fna.gz
GCF_022439505.1	PRJNA224116	SAMN23485796	na	na	na	na	615	615	Serratia marcescens	strain=CM2012_028	na	latest	Complete Genome	Major	Full	2022-03-02	ASM2243950v1		GCA_022439505.1	identical	https://ftp.ncbi.nlm.nih.gov/genomes/all/GCF/022/439/505/GCF_022439505.1_ASM2243950v1	./Development/ThreeFold/data/external/Serratia/GCF_022439505.1_ASM2243950v1_genomic.fna.gz
GCF_022439525.1	PRJNA224116	SAMN23485809	na	na	na	na	615	615	Serratia marcescens	strain=CM2017_569	na	latest	Complete Genome	Major	Full	2022-03-02	ASM2243952v1		GCA_022439525.1	identical	https://ftp.ncbi.nlm.nih.gov/genomes/all/GCF/022/439/525/GCF_022439525.1_ASM2243952v1	./Development/ThreeFold/data/external/Serratia/GCF_022439525.1_ASM2243952v1_genomic.fna.gz
GCF_022439565.1	PRJNA224116	SAMN23485811	na	na	na	na	615	615	Serratia marcescens	strain=CM2019_254	na	latest	Complete Genome	Major	Full	2022-03-02	ASM2243956v1		GCA_022439565.1	identical	https://ftp.ncbi.nlm.nih.gov/genomes/all/GCF/022/439/565/GCF_022439565.1_ASM2243956v1	./Development/ThreeFold/data/external/Serratia/GCF_022439565.1_ASM2243956v1_genomic.fna.gz
GCF_022827865.1	PRJNA224116	SAMN19911184	na	na	na	na	615	615	Serratia marcescens	strain=RH10	na	latest	Complete Genome	Major	Full	2022-04-06	ASM2282786v1		GCA_022827865.1	identical	https://ftp.ncbi.nlm.nih.gov/genomes/all/GCF/022/827/865/GCF_022827865.1_ASM2282786v1	./Development/ThreeFold/data/external/Serratia/GCF_022827865.1_ASM2282786v1_genomic.fna.gz
GCF_022870585.1	PRJNA224116	SAMN15375773	na	na	na	na	615	615	Serratia marcescens	strain=ESE2014	na	latest	Complete Genome	Major	Full	2022-04-11	ASM2287058v1		GCA_022870585.1	identical	https://ftp.ncbi.nlm.nih.gov/genomes/all/GCF/022/870/585/GCF_022870585.1_ASM2287058v1	./Development/ThreeFold/data/external/Serratia/GCF_022870585.1_ASM2287058v1_genomic.fna.gz
GCF_024266665.1	PRJNA224116	SAMN29532084	na	na	na	na	615	615	Serratia marcescens	strain=SASK1000	na	latest	Complete Genome	Major	Full	2022-07-14	ASM2426666v1		GCA_024266665.1	identical	https://ftp.ncbi.nlm.nih.gov/genomes/all/GCF/024/266/665/GCF_024266665.1_ASM2426666v1	./Development/ThreeFold/data/external/Serratia/GCF_024266665.1_ASM2426666v1_genomic.fna.gz
GCF_025913695.1	PRJNA224116	SAMN31283467	na	na	na	na	615	615	Serratia marcescens	strain=SMBC31	na	latest	Complete Genome	Major	Full	2022-10-31	ASM2591369v1		GCA_025913695.1	identical	https://ftp.ncbi.nlm.nih.gov/genomes/all/GCF/025/913/695/GCF_025913695.1_ASM2591369v1	./Development/ThreeFold/data/external/Serratia/GCF_025913695.1_ASM2591369v1_genomic.fna.gz
GCF_025913715.1	PRJNA224116	SAMN31283566	na	na	na	na	615	615	Serratia marcescens	strain=SMBC50	na	latest	Complete Genome	Major	Full	2022-10-31	ASM2591371v1		GCA_025913715.1	identical	https://ftp.ncbi.nlm.nih.gov/genomes/all/GCF/025/913/715/GCF_025913715.1_ASM2591371v1	./Development/ThreeFold/data/external/Serratia/GCF_025913715.1_ASM2591371v1_genomic.fna.gz
GCF_025960205.1	PRJNA224116	SAMN31424710	na	na	na	na	615	615	Serratia marcescens	strain=SARVS06	na	latest	Complete Genome	Major	Full	2022-11-02	ASM2596020v1		GCA_025960205.1	identical	https://ftp.ncbi.nlm.nih.gov/genomes/all/GCF/025/960/205/GCF_025960205.1_ASM2596020v1	./Development/ThreeFold/data/external/Serratia/GCF_025960205.1_ASM2596020v1_genomic.fna.gz
GCF_028994195.1	PRJNA224116	SAMN33404193	na	na	na	na	615	615	Serratia marcescens	strain=AHRB3	na	latest	Complete Genome	Major	Full	2023-03-05	ASM2899419v1		GCA_028994195.1	identical	https://ftp.ncbi.nlm.nih.gov/genomes/all/GCF/028/994/195/GCF_028994195.1_ASM2899419v1	./Development/ThreeFold/data/external/Serratia/GCF_028994195.1_ASM2899419v1_genomic.fna.gz
GCF_029025665.1	PRJNA224116	SAMN33434791	na	na	na	na	615	615	Serratia marcescens	strain=RX11	na	latest	Complete Genome	Major	Full	2023-03-08	ASM2902566v1		GCA_029025665.1	identical	https://ftp.ncbi.nlm.nih.gov/genomes/all/GCF/029/025/665/GCF_029025665.1_ASM2902566v1	./Development/ThreeFold/data/external/Serratia/GCF_029025665.1_ASM2902566v1_genomic.fna.gz
GCF_029873375.1	PRJNA224116	SAMN34233932	na	na	na	na	615	615	Serratia marcescens	strain=RMCH-M26-N	na	latest	Complete Genome	Major	Full	2023-04-26	ASM2987337v1		GCA_029873375.1	identical	https://ftp.ncbi.nlm.nih.gov/genomes/all/GCF/029/873/375/GCF_029873375.1_ASM2987337v1	./Development/ThreeFold/data/external/Serratia/GCF_029873375.1_ASM2987337v1_genomic.fna.gz
GCF_029873435.1	PRJNA224116	SAMN34233929	na	na	na	na	615	615	Serratia marcescens	strain=RMCH-M16-N	na	latest	Complete Genome	Major	Full	2023-04-26	ASM2987343v1		GCA_029873435.1	identical	https://ftp.ncbi.nlm.nih.gov/genomes/all/GCF/029/873/435/GCF_029873435.1_ASM2987343v1	./Development/ThreeFold/data/external/Serratia/GCF_029873435.1_ASM2987343v1_genomic.fna.gz
GCF_030291735.1	PRJNA224116	SAMN35676739	na	na	reference genome	na	615	615	Serratia marcescens	strain=ELP1.10	na	latest	Complete Genome	Major	Full	2023-06-20	ASM3029173v1		GCA_030291735.1	identical	https://ftp.ncbi.nlm.nih.gov/genomes/all/GCF/030/291/735/GCF_030291735.1_ASM3029173v1	./Development/ThreeFold/data/external/Serratia/GCF_030291735.1_ASM3029173v1_genomic.fna.gz
GCF_030323325.3	PRJNA224116	SAMN31988537	na	na	na	na	615	615	Serratia marcescens	strain=AD-W2	na	latest	Complete Genome	Major	Full	2024-07-01	ASM3032332v3		GCA_030323325.3	identical	https://ftp.ncbi.nlm.nih.gov/genomes/all/GCF/030/323/325/GCF_030323325.3_ASM3032332v3	./Development/ThreeFold/data/external/Serratia/GCF_030323325.3_ASM3032332v3_genomic.fna.gz
GCF_030734145.1	PRJNA224116	SAMN26796324	na	na	na	na	615	615	Serratia marcescens	strain=F61211109	na	latest	Complete Genome	Major	Full	2023-08-15	ASM3073414v1		GCA_030734145.1	identical	https://ftp.ncbi.nlm.nih.gov/genomes/all/GCF/030/734/145/GCF_030734145.1_ASM3073414v1	./Development/ThreeFold/data/external/Serratia/GCF_030734145.1_ASM3073414v1_genomic.fna.gz
GCF_030758555.1	PRJNA224116	SAMN36908628	na	na	na	na	615	615	Serratia marcescens	strain=KZ11	na	latest	Complete Genome	Major	Full	2023-08-16	ASM3075855v1		GCA_030758555.1	identical	https://ftp.ncbi.nlm.nih.gov/genomes/all/GCF/030/758/555/GCF_030758555.1_ASM3075855v1	./Development/ThreeFold/data/external/Serratia/GCF_030758555.1_ASM3075855v1_genomic.fna.gz
GCF_033562355.1	PRJNA224116	SAMN36865123	na	na	na	na	615	615	Serratia marcescens	strain=GES6	na	latest	Complete Genome	Major	Full	2023-11-13	ASM3356235v1		GCA_033562355.1	identical	https://ftp.ncbi.nlm.nih.gov/genomes/all/GCF/033/562/355/GCF_033562355.1_ASM3356235v1	./Development/ThreeFold/data/external/Serratia/GCF_033562355.1_ASM3356235v1_genomic.fna.gz
GCF_033870335.1	PRJNA224116	SAMN28671178	na	na	na	na	615	615	Serratia marcescens	strain=Bup	na	latest	Complete Genome	Major	Full	2023-11-21	ASM3387033v1		GCA_033870335.1	identical	https://ftp.ncbi.nlm.nih.gov/genomes/all/GCF/033/870/335/GCF_033870335.1_ASM3387033v1	./Development/ThreeFold/data/external/Serratia/GCF_033870335.1_ASM3387033v1_genomic.fna.gz
GCF_036324685.1	PRJNA224116	SAMN38182635	na	na	na	na	615	615	Serratia marcescens	strain=2023CB-00608	na	latest	Complete Genome	Major	Full	2024-02-01	ASM3632468v1		GCA_036324685.1	identical	https://ftp.ncbi.nlm.nih.gov/genomes/all/GCF/036/324/685/GCF_036324685.1_ASM3632468v1	./Development/ThreeFold/data/external/Serratia/GCF_036324685.1_ASM3632468v1_genomic.fna.gz
GCF_036760465.1	PRJNA224116	SAMN39998258	na	na	na	na	615	615	Serratia marcescens	strain=2024CK-00127	na	latest	Complete Genome	Major	Full	2024-11-02	ASM3676046v2		GCA_036760465.2	identical	https://ftp.ncbi.nlm.nih.gov/genomes/all/GCF/036/760/465/GCF_036760465.1_ASM3676046v2	./Development/ThreeFold/data/external/Serratia/GCF_036760465.1_ASM3676046v2_genomic.fna.gz
GCF_037226435.1	PRJNA224116	SAMN40123736	na	na	na	na	615	615	Serratia marcescens	strain=GN02991	na	latest	Complete Genome	Major	Full	2024-04-05	ASM3722643v1		GCA_037226435.1	identical	https://ftp.ncbi.nlm.nih.gov/genomes/all/GCF/037/226/435/GCF_037226435.1_ASM3722643v1	./Development/ThreeFold/data/external/Serratia/GCF_037226435.1_ASM3722643v1_genomic.fna.gz
GCF_037227285.1	PRJNA224116	SAMN40123743	na	na	na	na	615	615	Serratia marcescens	strain=GN02673	na	latest	Complete Genome	Major	Full	2024-04-05	ASM3722728v1		GCA_037227285.1	identical	https://ftp.ncbi.nlm.nih.gov/genomes/all/GCF/037/227/285/GCF_037227285.1_ASM3722728v1	./Development/ThreeFold/data/external/Serratia/GCF_037227285.1_ASM3722728v1_genomic.fna.gz
GCF_037228405.1	PRJNA224116	SAMN40123745	na	na	na	na	615	615	Serratia marcescens	strain=GN03465	na	latest	Complete Genome	Major	Full	2024-04-05	ASM3722840v1		GCA_037228405.1	identical	https://ftp.ncbi.nlm.nih.gov/genomes/all/GCF/037/228/405/GCF_037228405.1_ASM3722840v1	./Development/ThreeFold/data/external/Serratia/GCF_037228405.1_ASM3722840v1_genomic.fna.gz
GCF_037270985.1	PRJNA224116	SAMN40123735	na	na	na	na	615	615	Serratia marcescens	strain=GN02777	na	latest	Complete Genome	Major	Full	2024-04-05	ASM3727098v1		GCA_037270985.1	identical	https://ftp.ncbi.nlm.nih.gov/genomes/all/GCF/037/270/985/GCF_037270985.1_ASM3727098v1	./Development/ThreeFold/data/external/Serratia/GCF_037270985.1_ASM3727098v1_genomic.fna.gz
GCF_037287385.1	PRJNA224116	SAMN40123744	na	na	na	na	615	615	Serratia marcescens	strain=GN03438	na	latest	Complete Genome	Major	Full	2024-04-05	ASM3728738v1		GCA_037287385.1	identical	https://ftp.ncbi.nlm.nih.gov/genomes/all/GCF/037/287/385/GCF_037287385.1_ASM3728738v1	./Development/ThreeFold/data/external/Serratia/GCF_037287385.1_ASM3728738v1_genomic.fna.gz
GCF_037287525.1	PRJNA224116	SAMN40123782	na	na	na	na	615	615	Serratia marcescens	strain=GN02966	na	latest	Complete Genome	Major	Full	2024-04-05	ASM3728752v1		GCA_037287525.1	identical	https://ftp.ncbi.nlm.nih.gov/genomes/all/GCF/037/287/525/GCF_037287525.1_ASM3728752v1	./Development/ThreeFold/data/external/Serratia/GCF_037287525.1_ASM3728752v1_genomic.fna.gz
GCF_037287555.1	PRJNA224116	SAMN40123781	na	na	na	na	615	615	Serratia marcescens	strain=GN02903	na	latest	Complete Genome	Major	Full	2024-04-05	ASM3728755v1		GCA_037287555.1	identical	https://ftp.ncbi.nlm.nih.gov/genomes/all/GCF/037/287/555/GCF_037287555.1_ASM3728755v1	./Development/ThreeFold/data/external/Serratia/GCF_037287555.1_ASM3728755v1_genomic.fna.gz
GCF_037478125.1	PRJNA224116	SAMN40355573	na	na	na	na	615	615	Serratia marcescens	na	60-6	latest	Complete Genome	Major	Full	2024-04-05	mutant_60_6_flye		GCA_037478125.1	identical	https://ftp.ncbi.nlm.nih.gov/genomes/all/GCF/037/478/125/GCF_037478125.1_mutant_60_6_flye	./Development/ThreeFold/data/external/Serratia/GCF_037478125.1_mutant_60_6_flye_genomic.fna.gz
GCF_038442725.1	PRJNA224116	SAMN38366970	na	na	na	na	615	615	Serratia marcescens	strain=S50079	na	latest	Complete Genome	Major	Full	2024-04-25	ASM3844272v1		GCA_038442725.1	identical	https://ftp.ncbi.nlm.nih.gov/genomes/all/GCF/038/442/725/GCF_038442725.1_ASM3844272v1	./Development/ThreeFold/data/external/Serratia/GCF_038442725.1_ASM3844272v1_genomic.fna.gz
GCF_040212265.1	PRJNA224116	SAMN41651214	na	na	na	na	615	615	Serratia marcescens	strain=KS10	na	latest	Complete Genome	Major	Full	2024-06-20	ASM4021226v1		GCA_040212265.1	identical	https://ftp.ncbi.nlm.nih.gov/genomes/all/GCF/040/212/265/GCF_040212265.1_ASM4021226v1	./Development/ThreeFold/data/external/Serratia/GCF_040212265.1_ASM4021226v1_genomic.fna.gz
GCF_041071625.1	PRJNA224116	SAMN42749631	na	na	na	na	615	615	Serratia marcescens	strain=XZ-A	na	latest	Complete Genome	Major	Full	2024-08-07	ASM4107162v1		GCA_041071625.1	identical	https://ftp.ncbi.nlm.nih.gov/genomes/all/GCF/041/071/625/GCF_041071625.1_ASM4107162v1	./Development/ThreeFold/data/external/Serratia/GCF_041071625.1_ASM4107162v1_genomic.fna.gz
GCF_041075055.1	PRJNA224116	SAMN42749739	na	na	na	na	615	615	Serratia marcescens	strain=XZ-60S	na	latest	Complete Genome	Major	Full	2024-08-07	ASM4107505v1		GCA_041075055.1	identical	https://ftp.ncbi.nlm.nih.gov/genomes/all/GCF/041/075/055/GCF_041075055.1_ASM4107505v1	./Development/ThreeFold/data/external/Serratia/GCF_041075055.1_ASM4107505v1_genomic.fna.gz
GCF_041153475.1	PRJNA224116	SAMN42780936	na	na	na	na	615	615	Serratia marcescens	strain=1.8.3	na	latest	Complete Genome	Major	Full	2024-08-10	Serratia marcescens 1.8.3		GCA_041153475.1	identical	https://ftp.ncbi.nlm.nih.gov/genomes/all/GCF/041/153/475/GCF_041153475.1_Serratia_marcescens_1.8.3	./Development/ThreeFold/data/external/Serratia/GCF_041153475.1_Serratia_marcescens_1.8.3_genomic.fna.gz
GCF_041937535.1	PRJNA224116	SAMN43374428	na	na	na	na	615	615	Serratia marcescens	strain=IFSMLMEK1	na	latest	Complete Genome	Major	Full	2024-09-17	ASM4193753v1		GCA_041937535.1	identical	https://ftp.ncbi.nlm.nih.gov/genomes/all/GCF/041/937/535/GCF_041937535.1_ASM4193753v1	./Development/ThreeFold/data/external/Serratia/GCF_041937535.1_ASM4193753v1_genomic.fna.gz
GCF_042465665.1	PRJNA224116	SAMN34110064	na	na	na	na	615	615	Serratia marcescens	strain=E1-2	na	latest	Complete Genome	Major	Full	2024-10-11	ASM4246566v1		GCA_042465665.1	identical	https://ftp.ncbi.nlm.nih.gov/genomes/all/GCF/042/465/665/GCF_042465665.1_ASM4246566v1	./Development/ThreeFold/data/external/Serratia/GCF_042465665.1_ASM4246566v1_genomic.fna.gz
GCF_043573515.1	PRJNA224116	SAMN44252832	na	na	na	na	615	615	Serratia marcescens	strain=Q20i	na	latest	Complete Genome	Major	Full	2024-10-24	Q20i		GCA_043573515.1	identical	https://ftp.ncbi.nlm.nih.gov/genomes/all/GCF/043/573/515/GCF_043573515.1_Q20i	./Development/ThreeFold/data/external/Serratia/GCF_043573515.1_Q20i_genomic.fna.gz
GCF_044359805.1	PRJNA224116	SAMN36830560	na	na	na	na	615	615	Serratia marcescens	strain=X1	na	latest	Complete Genome	Major	Full	2024-11-07	ASM4435980v1		GCA_044359805.1	identical	https://ftp.ncbi.nlm.nih.gov/genomes/all/GCF/044/359/805/GCF_044359805.1_ASM4435980v1	./Development/ThreeFold/data/external/Serratia/GCF_044359805.1_ASM4435980v1_genomic.fna.gz
GCF_045571395.1	PRJNA224116	SAMN33587933	na	na	na	na	615	615	Serratia marcescens	strain=K1030	na	latest	Complete Genome	Major	Full	2024-12-06	ASM4557139v1		GCA_045571395.1	identical	https://ftp.ncbi.nlm.nih.gov/genomes/all/GCF/045/571/395/GCF_045571395.1_ASM4557139v1	./Development/ThreeFold/data/external/Serratia/GCF_045571395.1_ASM4557139v1_genomic.fna.gz
GCF_047305505.1	PRJNA224116	SAMN15953187	na	na	na	na	615	615	Serratia marcescens	strain=9667	na	latest	Complete Genome	Major	Full	2025-01-31	ASM4730550v1		GCA_047305505.1	identical	https://ftp.ncbi.nlm.nih.gov/genomes/all/GCF/047/305/505/GCF_047305505.1_ASM4730550v1	./Development/ThreeFold/data/external/Serratia/GCF_047305505.1_ASM4730550v1_genomic.fna.gz
GCF_047305675.1	PRJNA224116	SAMN15953186	na	na	na	na	615	615	Serratia marcescens	strain=4526	na	latest	Complete Genome	Major	Full	2025-01-31	ASM4730567v1		GCA_047305675.1	identical	https://ftp.ncbi.nlm.nih.gov/genomes/all/GCF/047/305/675/GCF_047305675.1_ASM4730567v1	./Development/ThreeFold/data/external/Serratia/GCF_047305675.1_ASM4730567v1_genomic.fna.gz
GCF_047650335.1	PRJNA224116	SAMN46502749	na	na	na	na	615	615	Serratia marcescens	strain=149A43	na	latest	Complete Genome	Major	Full	2025-02-13	ASM4765033v1		GCA_047650335.1	identical	https://ftp.ncbi.nlm.nih.gov/genomes/all/GCF/047/650/335/GCF_047650335.1_ASM4765033v1	./Development/ThreeFold/data/external/Serratia/GCF_047650335.1_ASM4765033v1_genomic.fna.gz
GCF_904866365.1	PRJNA224116	SAMEA3357389	na	na	na	na	615	615	Serratia marcescens	strain=MSB1_9C	MSB1_9C	latest	Complete Genome	Major	Full	2020-11-01	MSB1_9C		GCA_904866365.1	identical	https://ftp.ncbi.nlm.nih.gov/genomes/all/GCF/904/866/365/GCF_904866365.1_MSB1_9C	./Development/ThreeFold/data/external/Serratia/GCF_904866365.1_MSB1_9C_genomic.fna.gz
GCF_905232415.2	PRJNA224116	SAMEA7962736	na	na	na	na	615	615	Serratia marcescens	na	0	latest	Complete Genome	Major	Full	2022-05-22	AI2618v1_cp		GCA_905232415.2	identical	https://ftp.ncbi.nlm.nih.gov/genomes/all/GCF/905/232/415/GCF_905232415.2_AI2618v1_cp	./Development/ThreeFold/data/external/Serratia/GCF_905232415.2_AI2618v1_cp_genomic.fna.gz
GCF_905232425.2	PRJNA224116	SAMEA7962734	na	na	na	na	615	615	Serratia marcescens	na	0	latest	Complete Genome	Major	Full	2022-05-22	AI2616v1_cp		GCA_905232425.2	identical	https://ftp.ncbi.nlm.nih.gov/genomes/all/GCF/905/232/425/GCF_905232425.2_AI2616v1_cp	./Development/ThreeFold/data/external/Serratia/GCF_905232425.2_AI2616v1_cp_genomic.fna.gz
GCF_905232465.2	PRJNA224116	SAMEA7962735	na	na	na	na	615	615	Serratia marcescens	na	0	latest	Complete Genome	Major	Full	2022-05-22	AI2617v1_cp		GCA_905232465.2	identical	https://ftp.ncbi.nlm.nih.gov/genomes/all/GCF/905/232/465/GCF_905232465.2_AI2617v1_cp	./Development/ThreeFold/data/external/Serratia/GCF_905232465.2_AI2617v1_cp_genomic.fna.gz
GCF_905233025.2	PRJNA224116	SAMEA7962811	na	na	na	na	615	615	Serratia marcescens	na	0	latest	Complete Genome	Major	Full	2022-05-22	AI2795v1_cp		GCA_905233025.2	identical	https://ftp.ncbi.nlm.nih.gov/genomes/all/GCF/905/233/025/GCF_905233025.2_AI2795v1_cp	./Development/ThreeFold/data/external/Serratia/GCF_905233025.2_AI2795v1_cp_genomic.fna.gz
GCF_905330265.2	PRJNA224116	SAMEA8065715	na	na	na	na	615	615	Serratia marcescens	na	0	latest	Complete Genome	Major	Full	2022-05-24	AI2857v1_cpp		GCA_905330265.2	identical	https://ftp.ncbi.nlm.nih.gov/genomes/all/GCF/905/330/265/GCF_905330265.2_AI2857v1_cpp	./Development/ThreeFold/data/external/Serratia/GCF_905330265.2_AI2857v1_cpp_genomic.fna.gz
GCF_905330385.2	PRJNA224116	SAMEA8065730	na	na	na	na	615	615	Serratia marcescens	na	0	latest	Complete Genome	Major	Full	2022-05-24	AI2872v1_cpp		GCA_905330385.2	identical	https://ftp.ncbi.nlm.nih.gov/genomes/all/GCF/905/330/385/GCF_905330385.2_AI2872v1_cpp	./Development/ThreeFold/data/external/Serratia/GCF_905330385.2_AI2872v1_cpp_genomic.fna.gz
GCF_905330515.2	PRJNA224116	SAMEA8065742	na	na	na	na	615	615	Serratia marcescens	na	0	latest	Complete Genome	Major	Full	2022-05-24	AI2884v1_cpp		GCA_905330515.2	identical	https://ftp.ncbi.nlm.nih.gov/genomes/all/GCF/905/330/515/GCF_905330515.2_AI2884v1_cpp	./Development/ThreeFold/data/external/Serratia/GCF_905330515.2_AI2884v1_cpp_genomic.fna.gz
GCF_905330555.1	PRJNA224116	SAMEA8065745	na	na	na	na	615	615	Serratia marcescens	na	0	latest	Complete Genome	Major	Full	2022-05-24	AI2887v1_cpp		GCA_905330555.2	identical	https://ftp.ncbi.nlm.nih.gov/genomes/all/GCF/905/330/555/GCF_905330555.1_AI2887v1_cpp	./Development/ThreeFold/data/external/Serratia/GCF_905330555.1_AI2887v1_cpp_genomic.fna.gz
GCF_946404695.1	PRJNA224116	SAMEA13201014	na	na	na	na	615	615	Serratia marcescens	strain=SJC1045	na	latest	Complete Genome	Major	Full	2022-08-27	SJC1045		GCA_946404695.1	identical	https://ftp.ncbi.nlm.nih.gov/genomes/all/GCF/946/404/695/GCF_946404695.1_SJC1045	./Development/ThreeFold/data/external/Serratia/GCF_946404695.1_SJC1045_genomic.fna.gz
GCF_946404965.1	PRJNA224116	SAMEA13201030	na	na	na	na	615	615	Serratia marcescens	strain=SJC1062	na	latest	Complete Genome	Major	Full	2022-08-27	SJC1062		GCA_946404965.1	identical	https://ftp.ncbi.nlm.nih.gov/genomes/all/GCF/946/404/965/GCF_946404965.1_SJC1062	./Development/ThreeFold/data/external/Serratia/GCF_946404965.1_SJC1062_genomic.fna.gz
GCF_946406125.1	PRJNA224116	SAMEA13201022	na	na	na	na	615	615	Serratia marcescens	strain=SJC1054	na	latest	Complete Genome	Major	Full	2022-08-27	SJC1054		GCA_946406125.1	identical	https://ftp.ncbi.nlm.nih.gov/genomes/all/GCF/946/406/125/GCF_946406125.1_SJC1054	./Development/ThreeFold/data/external/Serratia/GCF_946406125.1_SJC1054_genomic.fna.gz
GCF_946406225.1	PRJNA224116	SAMEA13201012	na	na	na	na	615	615	Serratia marcescens	strain=SJC1046	na	latest	Complete Genome	Major	Full	2022-08-27	SJC1046		GCA_946406225.1	identical	https://ftp.ncbi.nlm.nih.gov/genomes/all/GCF/946/406/225/GCF_946406225.1_SJC1046	./Development/ThreeFold/data/external/Serratia/GCF_946406225.1_SJC1046_genomic.fna.gz
GCF_946406265.1	PRJNA224116	SAMEA13201010	na	na	na	na	615	615	Serratia marcescens	strain=SJC1043	na	latest	Complete Genome	Major	Full	2022-08-27	SJC1043		GCA_946406265.1	identical	https://ftp.ncbi.nlm.nih.gov/genomes/all/GCF/946/406/265/GCF_946406265.1_SJC1043	./Development/ThreeFold/data/external/Serratia/GCF_946406265.1_SJC1043_genomic.fna.gz
GCF_946406635.1	PRJNA224116	SAMEA13201015	na	na	na	na	615	615	Serratia marcescens	strain=SJC1048	na	latest	Complete Genome	Major	Full	2022-08-27	SJC1048		GCA_946406635.1	identical	https://ftp.ncbi.nlm.nih.gov/genomes/all/GCF/946/406/635/GCF_946406635.1_SJC1048	./Development/ThreeFold/data/external/Serratia/GCF_946406635.1_SJC1048_genomic.fna.gz
GCF_946409225.1	PRJNA224116	SAMEA13201007	na	na	na	na	615	615	Serratia marcescens	strain=SJC1039	na	latest	Complete Genome	Major	Full	2022-08-27	SJC1039		GCA_946409225.1	identical	https://ftp.ncbi.nlm.nih.gov/genomes/all/GCF/946/409/225/GCF_946409225.1_SJC1039	./Development/ThreeFold/data/external/Serratia/GCF_946409225.1_SJC1039_genomic.fna.gz
GCF_946411625.1	PRJNA224116	SAMEA13201021	na	na	na	na	615	615	Serratia marcescens	strain=SJC1052	na	latest	Complete Genome	Major	Full	2022-08-27	SJC1052		GCA_946411625.1	identical	https://ftp.ncbi.nlm.nih.gov/genomes/all/GCF/946/411/625/GCF_946411625.1_SJC1052	./Development/ThreeFold/data/external/Serratia/GCF_946411625.1_SJC1052_genomic.fna.gz
GCF_946411905.1	PRJNA224116	SAMEA13201026	na	na	na	na	615	615	Serratia marcescens	strain=SJC1058	na	latest	Complete Genome	Major	Full	2022-08-27	SJC1058		GCA_946411905.1	identical	https://ftp.ncbi.nlm.nih.gov/genomes/all/GCF/946/411/905/GCF_946411905.1_SJC1058	./Development/ThreeFold/data/external/Serratia/GCF_946411905.1_SJC1058_genomic.fna.gz
GCF_946413195.1	PRJNA224116	SAMEA13201019	na	na	na	na	615	615	Serratia marcescens	strain=SJC1051	na	latest	Complete Genome	Major	Full	2022-08-27	SJC1051		GCA_946413195.1	identical	https://ftp.ncbi.nlm.nih.gov/genomes/all/GCF/946/413/195/GCF_946413195.1_SJC1051	./Development/ThreeFold/data/external/Serratia/GCF_946413195.1_SJC1051_genomic.fna.gz
GCF_946414065.1	PRJNA224116	SAMEA13201013	na	na	na	na	615	615	Serratia marcescens	strain=SJC1044	na	latest	Complete Genome	Major	Full	2022-08-27	SJC1044		GCA_946414065.1	identical	https://ftp.ncbi.nlm.nih.gov/genomes/all/GCF/946/414/065/GCF_946414065.1_SJC1044	./Development/ThreeFold/data/external/Serratia/GCF_946414065.1_SJC1044_genomic.fna.gz
GCF_946415285.1	PRJNA224116	SAMEA13201017	na	na	na	na	615	615	Serratia marcescens	strain=SJC1050	na	latest	Complete Genome	Major	Full	2022-08-27	SJC1050		GCA_946415285.1	identical	https://ftp.ncbi.nlm.nih.gov/genomes/all/GCF/946/415/285/GCF_946415285.1_SJC1050	./Development/ThreeFold/data/external/Serratia/GCF_946415285.1_SJC1050_genomic.fna.gz
GCF_963852065.1	PRJNA224116	SAMEA114857254	na	na	na	na	615	615	Serratia marcescens	na	SERMG	latest	Complete Genome	Major	Full	2024-02-10	ASM96385206v1		GCA_963852065.1	identical	https://ftp.ncbi.nlm.nih.gov/genomes/all/GCF/963/852/065/GCF_963852065.1_ASM96385206v1	./Development/ThreeFold/data/external/Serratia/GCF_963852065.1_ASM96385206v1_genomic.fna.gz
GCF_963853385.1	PRJNA224116	SAMEA114857469	na	na	na	na	615	615	Serratia marcescens	na	SERG	latest	Complete Genome	Major	Full	2024-02-10	ASM96385338v1		GCA_963853385.1	identical	https://ftp.ncbi.nlm.nih.gov/genomes/all/GCF/963/853/385/GCF_963853385.1_ASM96385338v1	./Development/ThreeFold/data/external/Serratia/GCF_963853385.1_ASM96385338v1_genomic.fna.gz
GCF_900635445.1	PRJNA224116	SAMEA2612492	na	na	na	assembly from type material	618	618	Serratia odorifera	strain=NCTC11214	na	latest	Complete Genome	Major	Full	2018-12-19	28869_A02		GCA_900635445.1	identical	https://ftp.ncbi.nlm.nih.gov/genomes/all/GCF/900/635/445/GCF_900635445.1_28869_A02	./Development/ThreeFold/data/external/Serratia/GCF_900635445.1_28869_A02_genomic.fna.gz
GCF_009660185.1	PRJNA224116	SAMN13182600	na	na	na	na	28151	28151	Serratia proteamaculans	strain=336X	na	latest	Complete Genome	Major	Full	2019-11-13	ASM966018v1		GCA_009660185.1	identical	https://ftp.ncbi.nlm.nih.gov/genomes/all/GCF/009/660/185/GCF_009660185.1_ASM966018v1	./Development/ThreeFold/data/external/Serratia/GCF_009660185.1_ASM966018v1_genomic.fna.gz
GCF_019295365.2	PRJNA224116	SAMN17103453	na	na	na	na	28151	28151	Serratia proteamaculans	strain=CD3406	na	latest	Complete Genome	Major	Full	2023-03-16	ASM1929536v2		GCA_019295365.2	identical	https://ftp.ncbi.nlm.nih.gov/genomes/all/GCF/019/295/365/GCF_019295365.2_ASM1929536v2	./Development/ThreeFold/data/external/Serratia/GCF_019295365.2_ASM1929536v2_genomic.fna.gz
GCF_949794035.1	PRJNA224116	SAMEA112774569	na	na	reference genome	na	28151	28151	Serratia proteamaculans	strain=EBP3064	EBP3064	latest	Complete Genome	Major	Full	2023-04-16	EBP3064_genome		GCA_949794035.1	identical	https://ftp.ncbi.nlm.nih.gov/genomes/all/GCF/949/794/035/GCF_949794035.1_EBP3064_genome	./Development/ThreeFold/data/external/Serratia/GCF_949794035.1_EBP3064_genome_genomic.fna.gz
GCF_021462285.1	PRJNA224116	SAMN19031985	na	na	reference genome	assembly from type material	42906	42906	Serratia entomophila	strain=A1	na	latest	Complete Genome	Major	Full	2022-01-13	ASM2146228v1		GCA_021462285.1	identical	https://ftp.ncbi.nlm.nih.gov/genomes/all/GCF/021/462/285/GCF_021462285.1_ASM2146228v1	./Development/ThreeFold/data/external/Serratia/GCF_021462285.1_ASM2146228v1_genomic.fna.gz
GCF_024086695.1	PRJNA224116	SAMN18917024	na	na	na	na	42906	42906	Serratia entomophila	strain=626	na	latest	Complete Genome	Major	Full	2022-06-30	ASM2408669v1		GCA_024086695.1	identical	https://ftp.ncbi.nlm.nih.gov/genomes/all/GCF/024/086/695/GCF_024086695.1_ASM2408669v1	./Development/ThreeFold/data/external/Serratia/GCF_024086695.1_ASM2408669v1_genomic.fna.gz
GCF_001006005.1	PRJNA224116	SAMN03450772	na	na	reference genome	assembly from type material	47917	47917	Serratia fonticola	strain=DSM 4576	na	latest	Complete Genome	Major	Full	2015-05-11	ASM100600v1		GCA_001006005.1	identical	https://ftp.ncbi.nlm.nih.gov/genomes/all/GCF/001/006/005/GCF_001006005.1_ASM100600v1	./Development/ThreeFold/data/external/Serratia/GCF_001006005.1_ASM100600v1_genomic.fna.gz
GCF_002588845.1	PRJNA224116	SAMN07312455	na	na	na	na	47917	47917	Serratia fonticola	strain=FDAARGOS_411	na	latest	Complete Genome	Major	Full	2017-10-18	ASM258884v1		GCA_002588845.1	identical	https://ftp.ncbi.nlm.nih.gov/genomes/all/GCF/002/588/845/GCF_002588845.1_ASM258884v1	./Development/ThreeFold/data/external/Serratia/GCF_002588845.1_ASM258884v1_genomic.fna.gz
GCF_005489985.1	PRJNA224116	SAMN11605912	na	na	na	na	47917	47917	Serratia fonticola	strain=MS5	na	latest	Complete Genome	Major	Full	2019-05-17	ASM548998v1		GCA_005489985.1	identical	https://ftp.ncbi.nlm.nih.gov/genomes/all/GCF/005/489/985/GCF_005489985.1_ASM548998v1	./Development/ThreeFold/data/external/Serratia/GCF_005489985.1_ASM548998v1_genomic.fna.gz
GCF_011691375.1	PRJNA224116	SAMN14353910	na	na	na	na	47917	47917	Serratia fonticola	strain=CPSE11	na	latest	Complete Genome	Major	Full	2020-03-24	ASM1169137v1		GCA_011691375.1	identical	https://ftp.ncbi.nlm.nih.gov/genomes/all/GCF/011/691/375/GCF_011691375.1_ASM1169137v1	./Development/ThreeFold/data/external/Serratia/GCF_011691375.1_ASM1169137v1_genomic.fna.gz
GCF_013284015.3	PRJNA224116	SAMN14258346	na	na	na	na	47917	47917	Serratia fonticola	strain=HH13	na	latest	Complete Genome	Major	Full	2022-06-24	ASM1328401v3		GCA_013284015.3	identical	https://ftp.ncbi.nlm.nih.gov/genomes/all/GCF/013/284/015/GCF_013284015.3_ASM1328401v3	./Development/ThreeFold/data/external/Serratia/GCF_013284015.3_ASM1328401v3_genomic.fna.gz
GCF_019252525.1	PRJNA224116	SAMN18592158	na	na	na	na	47917	47917	Serratia fonticola	strain=R28	na	latest	Complete Genome	Major	Full	2021-07-14	ASM1925252v1		GCA_019252525.1	identical	https://ftp.ncbi.nlm.nih.gov/genomes/all/GCF/019/252/525/GCF_019252525.1_ASM1925252v1	./Development/ThreeFold/data/external/Serratia/GCF_019252525.1_ASM1925252v1_genomic.fna.gz
GCF_031199525.1	PRJNA224116	SAMN37198867	na	na	na	na	47917	47917	Serratia fonticola	strain=NEB369	na	latest	Complete Genome	Major	Full	2023-09-06	ASM3119952v1		GCA_031199525.1	identical	https://ftp.ncbi.nlm.nih.gov/genomes/all/GCF/031/199/525/GCF_031199525.1_ASM3119952v1	./Development/ThreeFold/data/external/Serratia/GCF_031199525.1_ASM3119952v1_genomic.fna.gz
GCF_900187015.1	PRJNA224116	SAMEA4384070	na	na	reference genome	assembly from type material	61651	61651	Serratia ficaria	strain=NCTC12148	na	latest	Complete Genome	Major	Full	2017-08-15	50465_F01		GCA_900187015.1	identical	https://ftp.ncbi.nlm.nih.gov/genomes/all/GCF/900/187/015/GCF_900187015.1_50465_F01	./Development/ThreeFold/data/external/Serratia/GCF_900187015.1_50465_F01_genomic.fna.gz
GCF_001572725.1	PRJNA224116	SAMN04481172	na	na	na	na	61652	61652	Serratia rubidaea	strain=1122	na	latest	Complete Genome	Major	Full	2016-02-25	ASM157272v1		GCA_001572725.1	identical	https://ftp.ncbi.nlm.nih.gov/genomes/all/GCF/001/572/725/GCF_001572725.1_ASM157272v1	./Development/ThreeFold/data/external/Serratia/GCF_001572725.1_ASM157272v1_genomic.fna.gz
GCF_016026735.1	PRJNA224116	SAMN13450456	na	na	reference genome	assembly from type material	61652	61652	Serratia rubidaea	strain=FDAARGOS_926	na	latest	Complete Genome	Major	Full	2020-12-14	ASM1602673v1		GCA_016026735.1	identical	https://ftp.ncbi.nlm.nih.gov/genomes/all/GCF/016/026/735/GCF_016026735.1_ASM1602673v1	./Development/ThreeFold/data/external/Serratia/GCF_016026735.1_ASM1602673v1_genomic.fna.gz
GCF_021498225.1	PRJNA224116	SAMN12405233	na	na	na	na	61652	61652	Serratia rubidaea	strain=H469	na	latest	Complete Genome	Major	Full	2022-01-18	ASM2149822v1		GCA_021498225.1	identical	https://ftp.ncbi.nlm.nih.gov/genomes/all/GCF/021/498/225/GCF_021498225.1_ASM2149822v1	./Development/ThreeFold/data/external/Serratia/GCF_021498225.1_ASM2149822v1_genomic.fna.gz
GCF_021498245.1	PRJNA224116	SAMN12405232	na	na	na	na	61652	61652	Serratia rubidaea	strain=H440	na	latest	Complete Genome	Major	Full	2022-01-18	ASM2149824v1		GCA_021498245.1	identical	https://ftp.ncbi.nlm.nih.gov/genomes/all/GCF/021/498/245/GCF_021498245.1_ASM2149824v1	./Development/ThreeFold/data/external/Serratia/GCF_021498245.1_ASM2149824v1_genomic.fna.gz
GCF_027557545.1	PRJNA224116	SAMN31452408	na	na	na	na	61652	61652	Serratia rubidaea	strain=AO4-P6	na	latest	Complete Genome	Major	Full	2023-01-03	ASM2755754v1		GCA_027557545.1	identical	https://ftp.ncbi.nlm.nih.gov/genomes/all/GCF/027/557/545/GCF_027557545.1_ASM2755754v1	./Development/ThreeFold/data/external/Serratia/GCF_027557545.1_ASM2755754v1_genomic.fna.gz
GCF_042847125.1	PRJNA224116	SAMD00773217	na	na	na	na	61652	61652	Serratia rubidaea	strain=SR19	GGE1	latest	Complete Genome	Major	Full	2024-10-15	ASM4284712v1		GCA_042847125.1	identical	https://ftp.ncbi.nlm.nih.gov/genomes/all/GCF/042/847/125/GCF_042847125.1_ASM4284712v1	./Development/ThreeFold/data/external/Serratia/GCF_042847125.1_ASM4284712v1_genomic.fna.gz
GCF_900638005.1	PRJNA224116	SAMEA80460418	na	na	na	na	61652	61652	Serratia rubidaea	strain=NCTC10036	na	latest	Complete Genome	Major	Full	2018-12-20	53550_B01		GCA_900638005.1	identical	https://ftp.ncbi.nlm.nih.gov/genomes/all/GCF/900/638/005/GCF_900638005.1_53550_B01	./Development/ThreeFold/data/external/Serratia/GCF_900638005.1_53550_B01_genomic.fna.gz
GCF_001663115.1	PRJNA224116	SAMN03841799	na	na	na	na	82996	82996	Serratia plymuthica	strain=3Rp8	na	latest	Complete Genome	Major	Full	2016-06-15	ASM166311v1		GCA_001663115.1	identical	https://ftp.ncbi.nlm.nih.gov/genomes/all/GCF/001/663/115/GCF_001663115.1_ASM166311v1	./Development/ThreeFold/data/external/Serratia/GCF_001663115.1_ASM166311v1_genomic.fna.gz
GCF_001663135.1	PRJNA224116	SAMN03841798	na	na	na	na	82996	82996	Serratia plymuthica	strain=3Re4-18	na	latest	Complete Genome	Major	Full	2016-06-15	ASM166313v1		GCA_001663135.1	identical	https://ftp.ncbi.nlm.nih.gov/genomes/all/GCF/001/663/135/GCF_001663135.1_ASM166313v1	./Development/ThreeFold/data/external/Serratia/GCF_001663135.1_ASM166313v1_genomic.fna.gz
GCF_013122215.1	PRJNA224116	SAMN14852675	na	na	na	na	82996	82996	Serratia plymuthica	strain=C-1	na	latest	Complete Genome	Major	Full	2020-05-19	ASM1312221v1		GCA_013122215.1	identical	https://ftp.ncbi.nlm.nih.gov/genomes/all/GCF/013/122/215/GCF_013122215.1_ASM1312221v1	./Development/ThreeFold/data/external/Serratia/GCF_013122215.1_ASM1312221v1_genomic.fna.gz
GCF_016027115.1	PRJNA224116	SAMN13450437	na	na	na	na	82996	82996	Serratia plymuthica	strain=FDAARGOS_907	na	latest	Complete Genome	Major	Full	2020-12-14	ASM1602711v1		GCA_016027115.1	identical	https://ftp.ncbi.nlm.nih.gov/genomes/all/GCF/016/027/115/GCF_016027115.1_ASM1602711v1	./Development/ThreeFold/data/external/Serratia/GCF_016027115.1_ASM1602711v1_genomic.fna.gz
GCF_016027595.1	PRJNA224116	SAMN13450426	na	na	na	na	82996	82996	Serratia plymuthica	strain=FDAARGOS_896	na	latest	Complete Genome	Major	Full	2020-12-14	ASM1602759v1		GCA_016027595.1	identical	https://ftp.ncbi.nlm.nih.gov/genomes/all/GCF/016/027/595/GCF_016027595.1_ASM1602759v1	./Development/ThreeFold/data/external/Serratia/GCF_016027595.1_ASM1602759v1_genomic.fna.gz
GCF_016027675.1	PRJNA224116	SAMN13450425	na	na	na	assembly from type material	82996	82996	Serratia plymuthica	strain=FDAARGOS_895	na	latest	Complete Genome	Major	Full	2020-12-14	ASM1602767v1		GCA_016027675.1	identical	https://ftp.ncbi.nlm.nih.gov/genomes/all/GCF/016/027/675/GCF_016027675.1_ASM1602767v1	./Development/ThreeFold/data/external/Serratia/GCF_016027675.1_ASM1602767v1_genomic.fna.gz
GCF_016027835.1	PRJNA224116	SAMN13450419	na	na	na	na	82996	82996	Serratia plymuthica	strain=FDAARGOS_889	na	latest	Complete Genome	Major	Full	2020-12-14	ASM1602783v1		GCA_016027835.1	identical	https://ftp.ncbi.nlm.nih.gov/genomes/all/GCF/016/027/835/GCF_016027835.1_ASM1602783v1	./Development/ThreeFold/data/external/Serratia/GCF_016027835.1_ASM1602783v1_genomic.fna.gz
GCF_016726325.1	PRJNA224116	SAMN16357307	na	na	na	na	82996	82996	Serratia plymuthica	strain=FDAARGOS_1138	na	latest	Complete Genome	Major	Full	2021-01-20	ASM1672632v1		GCA_016726325.1	identical	https://ftp.ncbi.nlm.nih.gov/genomes/all/GCF/016/726/325/GCF_016726325.1_ASM1672632v1	./Development/ThreeFold/data/external/Serratia/GCF_016726325.1_ASM1672632v1_genomic.fna.gz
GCF_018336935.1	PRJNA224116	SAMN17369469	na	na	na	na	82996	82996	Serratia plymuthica	strain=UBCF_13	na	latest	Complete Genome	Major	Full	2021-05-11	ASM1833693v1		GCA_018336935.1	identical	https://ftp.ncbi.nlm.nih.gov/genomes/all/GCF/018/336/935/GCF_018336935.1_ASM1833693v1	./Development/ThreeFold/data/external/Serratia/GCF_018336935.1_ASM1833693v1_genomic.fna.gz
GCF_021498305.1	PRJNA224116	SAMN12405229	na	na	na	na	82996	82996	Serratia plymuthica	strain=A294	na	latest	Complete Genome	Major	Full	2022-01-18	ASM2149830v1		GCA_021498305.1	identical	https://ftp.ncbi.nlm.nih.gov/genomes/all/GCF/021/498/305/GCF_021498305.1_ASM2149830v1	./Development/ThreeFold/data/external/Serratia/GCF_021498305.1_ASM2149830v1_genomic.fna.gz
GCF_022637355.1	PRJNA224116	SAMN26520714	na	na	na	na	82996	82996	Serratia plymuthica	strain=B37/06	na	latest	Complete Genome	Major	Full	2022-03-21	ASM2263735v1		GCA_022637355.1	identical	https://ftp.ncbi.nlm.nih.gov/genomes/all/GCF/022/637/355/GCF_022637355.1_ASM2263735v1	./Development/ThreeFold/data/external/Serratia/GCF_022637355.1_ASM2263735v1_genomic.fna.gz
GCF_024296785.1	PRJNA224116	SAMN29532317	na	na	na	na	82996	82996	Serratia plymuthica	strain=SASK2000	na	latest	Complete Genome	Major	Full	2022-07-17	ASM2429678v1		GCA_024296785.1	identical	https://ftp.ncbi.nlm.nih.gov/genomes/all/GCF/024/296/785/GCF_024296785.1_ASM2429678v1	./Development/ThreeFold/data/external/Serratia/GCF_024296785.1_ASM2429678v1_genomic.fna.gz
GCF_004684265.1	PRJNA224116	SAMN11289602	na	na	na	na	137545	137545	Serratia quinivorans	strain=PKL:12	na	latest	Complete Genome	Major	Full	2019-04-07	ASM468426v1		GCA_004684265.1	identical	https://ftp.ncbi.nlm.nih.gov/genomes/all/GCF/004/684/265/GCF_004684265.1_ASM468426v1	./Development/ThreeFold/data/external/Serratia/GCF_004684265.1_ASM468426v1_genomic.fna.gz
GCF_900638135.1	PRJNA224116	SAMEA104200687	na	na	reference genome	na	137545	137545	Serratia quinivorans	strain=NCTC13188	na	latest	Complete Genome	Major	Full	2018-12-20	56433_G01		GCA_900638135.1	identical	https://ftp.ncbi.nlm.nih.gov/genomes/all/GCF/900/638/135/GCF_900638135.1_56433_G01	./Development/ThreeFold/data/external/Serratia/GCF_900638135.1_56433_G01_genomic.fna.gz
GCF_000821185.2	PRJNA224116	SAMEA2581874	na	na	reference genome	assembly from type material	138074	138074	Serratia symbiotica	strain=CWBI-2.3	na	latest	Complete Genome	Major	Full	2020-07-14	ASM82118v2		GCA_000821185.2	identical	https://ftp.ncbi.nlm.nih.gov/genomes/all/GCF/000/821/185/GCF_000821185.2_ASM82118v2	./Development/ThreeFold/data/external/Serratia/GCF_000821185.2_ASM82118v2_genomic.fna.gz
GCF_008370165.1	PRJNA224116	SAMD00160567	na	na	na	na	138074	138074	Serratia symbiotica	strain=IS	na	latest	Complete Genome	Major	Full	2019-03-18	ASM837016v1		GCA_008370165.1	identical	https://ftp.ncbi.nlm.nih.gov/genomes/all/GCF/008/370/165/GCF_008370165.1_ASM837016v1	./Development/ThreeFold/data/external/Serratia/GCF_008370165.1_ASM837016v1_genomic.fna.gz
GCF_009831665.3	PRJNA224116	SAMN13545458	na	na	na	na	138074	138074	Serratia symbiotica	strain=24.1	na	latest	Complete Genome	Major	Full	2021-04-07	ASM983166v3		GCA_009831665.3	identical	https://ftp.ncbi.nlm.nih.gov/genomes/all/GCF/009/831/665/GCF_009831665.3_ASM983166v3	./Development/ThreeFold/data/external/Serratia/GCF_009831665.3_ASM983166v3_genomic.fna.gz
GCF_024029875.1	PRJNA224116	SAMN28197095	na	na	na	na	138074	138074	Serratia symbiotica	strain=Pl-LLN	na	latest	Complete Genome	Major	Full	2022-06-29	ASM2402987v1		GCA_024029875.1	identical	https://ftp.ncbi.nlm.nih.gov/genomes/all/GCF/024/029/875/GCF_024029875.1_ASM2402987v1	./Development/ThreeFold/data/external/Serratia/GCF_024029875.1_ASM2402987v1_genomic.fna.gz
GCF_000513215.1	PRJNA224116	SAMEA3138834	na	na	na	na	273526	615	Serratia marcescens subsp. marcescens Db11	strain=Db11	na	latest	Complete Genome	Major	Full	2013-11-26	DB11		GCA_000513215.1	identical	https://ftp.ncbi.nlm.nih.gov/genomes/all/GCF/000/513/215/GCF_000513215.1_DB11	./Development/ThreeFold/data/external/Serratia/GCF_000513215.1_DB11_genomic.fna.gz
GCF_014304635.1	PRJNA224116	SAMN15735260	na	na	na	na	300181	300181	Serratia ureilytica	strain=CC119	na	latest	Complete Genome	Major	Full	2020-08-26	ASM1430463v1		GCA_014304635.1	identical	https://ftp.ncbi.nlm.nih.gov/genomes/all/GCF/014/304/635/GCF_014304635.1_ASM1430463v1	./Development/ThreeFold/data/external/Serratia/GCF_014304635.1_ASM1430463v1_genomic.fna.gz
GCF_016728045.1	PRJNA224116	SAMN16357258	na	na	na	na	300181	300181	Serratia ureilytica	strain=FDAARGOS_1089	na	latest	Complete Genome	Major	Full	2021-01-20	ASM1672804v1		GCA_016728045.1	identical	https://ftp.ncbi.nlm.nih.gov/genomes/all/GCF/016/728/045/GCF_016728045.1_ASM1672804v1	./Development/ThreeFold/data/external/Serratia/GCF_016728045.1_ASM1672804v1_genomic.fna.gz
GCF_017309605.1	PRJNA224116	SAMN18104335	na	na	reference genome	na	300181	300181	Serratia ureilytica	strain=T6	na	latest	Complete Genome	Major	Full	2021-03-09	ASM1730960v1		GCA_017309605.1	identical	https://ftp.ncbi.nlm.nih.gov/genomes/all/GCF/017/309/605/GCF_017309605.1_ASM1730960v1	./Development/ThreeFold/data/external/Serratia/GCF_017309605.1_ASM1730960v1_genomic.fna.gz
GCF_018966825.1	PRJNA224116	SAMN19678575	na	na	na	na	300181	300181	Serratia ureilytica	strain=S24	na	latest	Complete Genome	Major	Full	2021-06-20	ASM1896682v1		GCA_018966825.1	identical	https://ftp.ncbi.nlm.nih.gov/genomes/all/GCF/018/966/825/GCF_018966825.1_ASM1896682v1	./Development/ThreeFold/data/external/Serratia/GCF_018966825.1_ASM1896682v1_genomic.fna.gz
GCF_019968845.1	PRJNA224116	SAMN18917001	na	na	na	na	300181	300181	Serratia ureilytica	strain=JBIWA004	na	latest	Complete Genome	Major	Full	2021-09-14	ASM1996884v1		GCA_019968845.1	identical	https://ftp.ncbi.nlm.nih.gov/genomes/all/GCF/019/968/845/GCF_019968845.1_ASM1996884v1	./Development/ThreeFold/data/external/Serratia/GCF_019968845.1_ASM1996884v1_genomic.fna.gz
GCF_021391415.1	PRJNA224116	SAMN23644637	na	na	na	na	300181	300181	Serratia ureilytica	strain=W051	na	latest	Complete Genome	Major	Full	2022-01-09	ASM2139141v1		GCA_021391415.1	identical	https://ftp.ncbi.nlm.nih.gov/genomes/all/GCF/021/391/415/GCF_021391415.1_ASM2139141v1	./Development/ThreeFold/data/external/Serratia/GCF_021391415.1_ASM2139141v1_genomic.fna.gz
GCF_022439485.1	PRJNA224116	SAMN23485807	na	na	na	na	300181	300181	Serratia ureilytica	strain=CM2016_324	na	latest	Complete Genome	Major	Full	2022-03-02	ASM2243948v1		GCA_022439485.1	identical	https://ftp.ncbi.nlm.nih.gov/genomes/all/GCF/022/439/485/GCF_022439485.1_ASM2243948v1	./Development/ThreeFold/data/external/Serratia/GCF_022439485.1_ASM2243948v1_genomic.fna.gz
GCF_022559505.1	PRJNA224116	SAMN16287482	na	na	na	na	300181	300181	Serratia ureilytica	strain=AM923	na	latest	Complete Genome	Major	Full	2022-03-14	ASM2255950v1		GCA_022559505.1	identical	https://ftp.ncbi.nlm.nih.gov/genomes/all/GCF/022/559/505/GCF_022559505.1_ASM2255950v1	./Development/ThreeFold/data/external/Serratia/GCF_022559505.1_ASM2255950v1_genomic.fna.gz
GCF_024638015.1	PRJNA224116	SAMN28689428	na	na	na	na	300181	300181	Serratia ureilytica	strain=HNU47	na	latest	Complete Genome	Major	Full	2022-08-12	ASM2463801v1		GCA_024638015.1	identical	https://ftp.ncbi.nlm.nih.gov/genomes/all/GCF/024/638/015/GCF_024638015.1_ASM2463801v1	./Development/ThreeFold/data/external/Serratia/GCF_024638015.1_ASM2463801v1_genomic.fna.gz
GCF_028736255.1	PRJNA224116	SAMN33238824	na	na	na	na	300181	300181	Serratia ureilytica	strain=KML.E1	na	latest	Complete Genome	Major	Full	2023-02-19	ASM2873625v1		GCA_028736255.1	identical	https://ftp.ncbi.nlm.nih.gov/genomes/all/GCF/028/736/255/GCF_028736255.1_ASM2873625v1	./Development/ThreeFold/data/external/Serratia/GCF_028736255.1_ASM2873625v1_genomic.fna.gz
GCF_040932595.1	PRJNA224116	SAMN42021056	JBFQYL000000000.1	na	na	na	300181	300181	Serratia ureilytica	strain=AOBWEB	na	latest	Complete Genome	Major	Full	2024-07-28	ASM4093259v1		GCA_040932595.1	identical	https://ftp.ncbi.nlm.nih.gov/genomes/all/GCF/040/932/595/GCF_040932595.1_ASM4093259v1	./Development/ThreeFold/data/external/Serratia/GCF_040932595.1_ASM4093259v1_genomic.fna.gz
GCF_043291005.1	PRJNA224116	SAMN42529430	na	na	na	na	300181	300181	Serratia ureilytica	strain=C01-A	na	latest	Complete Genome	Major	Full	2024-10-18	ASM4329100v1		GCA_043291005.1	identical	https://ftp.ncbi.nlm.nih.gov/genomes/all/GCF/043/291/005/GCF_043291005.1_ASM4329100v1	./Development/ThreeFold/data/external/Serratia/GCF_043291005.1_ASM4329100v1_genomic.fna.gz
GCF_043291655.1	PRJNA224116	SAMN42529431	na	na	na	na	300181	300181	Serratia ureilytica	strain=S07	na	latest	Complete Genome	Major	Full	2024-10-18	ASM4329165v1		GCA_043291655.1	identical	https://ftp.ncbi.nlm.nih.gov/genomes/all/GCF/043/291/655/GCF_043291655.1_ASM4329165v1	./Development/ThreeFold/data/external/Serratia/GCF_043291655.1_ASM4329165v1_genomic.fna.gz
GCF_043292325.1	PRJNA224116	SAMN42529433	na	na	na	na	300181	300181	Serratia ureilytica	strain=CBA1	na	latest	Complete Genome	Major	Full	2024-10-18	ASM4329232v1		GCA_043292325.1	identical	https://ftp.ncbi.nlm.nih.gov/genomes/all/GCF/043/292/325/GCF_043292325.1_ASM4329232v1	./Development/ThreeFold/data/external/Serratia/GCF_043292325.1_ASM4329232v1_genomic.fna.gz
GCF_043293055.1	PRJNA224116	SAMN42529434	na	na	na	na	300181	300181	Serratia ureilytica	strain=CBD1	na	latest	Complete Genome	Major	Full	2024-10-18	ASM4329305v1		GCA_043293055.1	identical	https://ftp.ncbi.nlm.nih.gov/genomes/all/GCF/043/293/055/GCF_043293055.1_ASM4329305v1	./Development/ThreeFold/data/external/Serratia/GCF_043293055.1_ASM4329305v1_genomic.fna.gz
GCF_043293645.1	PRJNA224116	SAMN42529432	na	na	na	na	300181	300181	Serratia ureilytica	strain=Z07	na	latest	Complete Genome	Major	Full	2024-10-18	ASM4329364v1		GCA_043293645.1	identical	https://ftp.ncbi.nlm.nih.gov/genomes/all/GCF/043/293/645/GCF_043293645.1_ASM4329364v1	./Development/ThreeFold/data/external/Serratia/GCF_043293645.1_ASM4329364v1_genomic.fna.gz
GCF_047131245.1	PRJNA224116	SAMN21891815	na	na	na	na	300181	300181	Serratia ureilytica	strain=T1	na	latest	Complete Genome	Major	Full	2025-01-25	ASM4713124v1		GCA_047131245.1	identical	https://ftp.ncbi.nlm.nih.gov/genomes/all/GCF/047/131/245/GCF_047131245.1_ASM4713124v1	./Development/ThreeFold/data/external/Serratia/GCF_047131245.1_ASM4713124v1_genomic.fna.gz
GCF_047305685.1	PRJNA224116	SAMN15953184	na	na	na	na	300181	300181	Serratia ureilytica	strain=3457	na	latest	Complete Genome	Major	Full	2025-01-31	ASM4730568v1		GCA_047305685.1	identical	https://ftp.ncbi.nlm.nih.gov/genomes/all/GCF/047/305/685/GCF_047305685.1_ASM4730568v1	./Development/ThreeFold/data/external/Serratia/GCF_047305685.1_ASM4730568v1_genomic.fna.gz
GCF_047305695.1	PRJNA224116	SAMN15953183	na	na	na	na	300181	300181	Serratia ureilytica	strain=8927	na	latest	Complete Genome	Major	Full	2025-01-31	ASM4730569v1		GCA_047305695.1	identical	https://ftp.ncbi.nlm.nih.gov/genomes/all/GCF/047/305/695/GCF_047305695.1_ASM4730569v1	./Development/ThreeFold/data/external/Serratia/GCF_047305695.1_ASM4730569v1_genomic.fna.gz
GCF_000336425.1	PRJNA224116	SAMN02602965	na	na	na	na	435998	615	Serratia marcescens WW4	strain=WW4	na	latest	Complete Genome	Major	Full	2013-02-04	ASM33642v1		GCA_000336425.1	identical	https://ftp.ncbi.nlm.nih.gov/genomes/all/GCF/000/336/425/GCF_000336425.1_ASM33642v1	./Development/ThreeFold/data/external/Serratia/GCF_000336425.1_ASM33642v1_genomic.fna.gz
GCF_004768745.1	PRJNA224116	SAMN11312277	na	na	reference genome	na	458197	458197	Serratia nematodiphila	strain=DH-S01	na	latest	Complete Genome	Major	Full	2019-04-10	ASM476874v1		GCA_004768745.1	identical	https://ftp.ncbi.nlm.nih.gov/genomes/all/GCF/004/768/745/GCF_004768745.1_ASM476874v1	./Development/ThreeFold/data/external/Serratia/GCF_004768745.1_ASM476874v1_genomic.fna.gz
GCF_024296805.1	PRJNA224116	SAMN29532703	na	na	na	na	458197	458197	Serratia nematodiphila	strain=SASK3000	na	latest	Complete Genome	Major	Full	2022-07-17	ASM2429680v1		GCA_024296805.1	identical	https://ftp.ncbi.nlm.nih.gov/genomes/all/GCF/024/296/805/GCF_024296805.1_ASM2429680v1	./Development/ThreeFold/data/external/Serratia/GCF_024296805.1_ASM2429680v1_genomic.fna.gz
GCF_000747565.1	PRJNA224116	SAMN02990345	na	na	na	na	488142	488142	Serratia sp. SCBI	strain=SCBI	na	latest	Complete Genome	Major	Full	2014-09-04	ASM74756v1		GCA_000747565.1	identical	https://ftp.ncbi.nlm.nih.gov/genomes/all/GCF/000/747/565/GCF_000747565.1_ASM74756v1	./Development/ThreeFold/data/external/Serratia/GCF_000747565.1_ASM74756v1_genomic.fna.gz
GCF_000330865.1	PRJNA224116	SAMN02604288	na	na	na	na	671990	671990	Serratia sp. FGI94	strain=FGI94	na	latest	Complete Genome	Major	Full	2013-01-03	ASM33086v1		GCA_000330865.1	identical	https://ftp.ncbi.nlm.nih.gov/genomes/all/GCF/000/330/865/GCF_000330865.1_ASM33086v1	./Development/ThreeFold/data/external/Serratia/GCF_000330865.1_ASM33086v1_genomic.fna.gz
GCF_000176835.2	PRJNA224116	SAMN02603255	na	na	na	na	682634	82996	Serratia plymuthica 4Rx13	strain=4Rx13	na	latest	Complete Genome	Major	Full	2013-06-25	ASM17683v2		GCA_000176835.2	identical	https://ftp.ncbi.nlm.nih.gov/genomes/all/GCF/000/176/835/GCF_000176835.2_ASM17683v2	./Development/ThreeFold/data/external/Serratia/GCF_000176835.2_ASM17683v2_genomic.fna.gz
GCF_000214195.1	PRJNA224116	SAMN00713623	na	na	na	na	768490	768490	Serratia sp. AS12	strain=AS12	na	latest	Complete Genome	Major	Full	2011-05-20	ASM21419v1		GCA_000214195.1	identical	https://ftp.ncbi.nlm.nih.gov/genomes/all/GCF/000/214/195/GCF_000214195.1_ASM21419v1	./Development/ThreeFold/data/external/Serratia/GCF_000214195.1_ASM21419v1_genomic.fna.gz
GCF_000214235.1	PRJNA224116	SAMN00713621	na	na	reference genome	na	768492	82996	Serratia plymuthica AS9	strain=AS9	na	latest	Complete Genome	Major	Full	2011-05-20	ASM21423v1		GCA_000214235.1	identical	https://ftp.ncbi.nlm.nih.gov/genomes/all/GCF/000/214/235/GCF_000214235.1_ASM21423v1	./Development/ThreeFold/data/external/Serratia/GCF_000214235.1_ASM21423v1_genomic.fna.gz
GCF_000214805.1	PRJNA224116	SAMN00713631	na	na	na	na	768493	768493	Serratia sp. AS13	strain=AS13	na	latest	Complete Genome	Major	Full	2011-05-25	ASM21480v1		GCA_000214805.1	identical	https://ftp.ncbi.nlm.nih.gov/genomes/all/GCF/000/214/805/GCF_000214805.1_ASM21480v1	./Development/ThreeFold/data/external/Serratia/GCF_000214805.1_ASM21480v1_genomic.fna.gz
GCF_017298675.1	PRJNA224116	SAMEA7301506	na	na	na	na	911022	615	Serratia marcescens subsp. marcescens ATCC 13880	strain=ATCC 13880 substr. Sm_S94_jyu2015	na	latest	Complete Genome	Major	Full	2021-03-08	ASM1729867v1		GCA_017298675.1	identical	https://ftp.ncbi.nlm.nih.gov/genomes/all/GCF/017/298/675/GCF_017298675.1_ASM1729867v1	./Development/ThreeFold/data/external/Serratia/GCF_017298675.1_ASM1729867v1_genomic.fna.gz
GCF_017298695.1	PRJNA224116	SAMEA7301505	na	na	na	na	911022	615	Serratia marcescens subsp. marcescens ATCC 13880	strain=ATCC 13880 substr. Sm_S79_jyu2015	na	latest	Complete Genome	Major	Full	2021-03-08	ASM1729869v1		GCA_017298695.1	identical	https://ftp.ncbi.nlm.nih.gov/genomes/all/GCF/017/298/695/GCF_017298695.1_ASM1729869v1	./Development/ThreeFold/data/external/Serratia/GCF_017298695.1_ASM1729869v1_genomic.fna.gz
GCF_017298715.1	PRJNA224116	SAMEA7301503	na	na	na	na	911022	615	Serratia marcescens subsp. marcescens ATCC 13880	strain=ATCC 13880 substr. Sm_S4_jyu2015	na	latest	Complete Genome	Major	Full	2021-03-08	ASM1729871v1		GCA_017298715.1	identical	https://ftp.ncbi.nlm.nih.gov/genomes/all/GCF/017/298/715/GCF_017298715.1_ASM1729871v1	./Development/ThreeFold/data/external/Serratia/GCF_017298715.1_ASM1729871v1_genomic.fna.gz
GCF_017298735.1	PRJNA224116	SAMEA7301504	na	na	na	na	911022	615	Serratia marcescens subsp. marcescens ATCC 13880	strain=ATCC 13880 substr. Sm_S60_jyu2015	na	latest	Complete Genome	Major	Full	2021-03-08	ASM1729873v1		GCA_017298735.1	identical	https://ftp.ncbi.nlm.nih.gov/genomes/all/GCF/017/298/735/GCF_017298735.1_ASM1729873v1	./Development/ThreeFold/data/external/Serratia/GCF_017298735.1_ASM1729873v1_genomic.fna.gz
GCF_017298755.1	PRJNA224116	SAMEA7301502	na	na	na	na	911022	615	Serratia marcescens subsp. marcescens ATCC 13880	strain=ATCC 13880 substr. Sm_S54_jyu2015	na	latest	Complete Genome	Major	Full	2021-03-08	ASM1729875v1		GCA_017298755.1	identical	https://ftp.ncbi.nlm.nih.gov/genomes/all/GCF/017/298/755/GCF_017298755.1_ASM1729875v1	./Development/ThreeFold/data/external/Serratia/GCF_017298755.1_ASM1729875v1_genomic.fna.gz
GCF_017298775.1	PRJNA224116	SAMEA7301501	na	na	na	na	911022	615	Serratia marcescens subsp. marcescens ATCC 13880	strain=ATCC 13880 substr. Sm_S68_jyu2015	na	latest	Complete Genome	Major	Full	2021-03-08	ASM1729877v1		GCA_017298775.1	identical	https://ftp.ncbi.nlm.nih.gov/genomes/all/GCF/017/298/775/GCF_017298775.1_ASM1729877v1	./Development/ThreeFold/data/external/Serratia/GCF_017298775.1_ASM1729877v1_genomic.fna.gz
GCF_017298795.1	PRJNA224116	SAMEA7301500	na	na	na	na	911022	615	Serratia marcescens subsp. marcescens ATCC 13880	strain=ATCC 13880 substr. Sm_S96_jyu2015	na	latest	Complete Genome	Major	Full	2021-03-08	ASM1729879v1		GCA_017298795.1	identical	https://ftp.ncbi.nlm.nih.gov/genomes/all/GCF/017/298/795/GCF_017298795.1_ASM1729879v1	./Development/ThreeFold/data/external/Serratia/GCF_017298795.1_ASM1729879v1_genomic.fna.gz
GCF_017298815.1	PRJNA224116	SAMEA7301499	na	na	na	na	911022	615	Serratia marcescens subsp. marcescens ATCC 13880	strain=ATCC 13880 substr. Sm_S97_jyu2015	na	latest	Complete Genome	Major	Full	2021-03-08	ASM1729881v1		GCA_017298815.1	identical	https://ftp.ncbi.nlm.nih.gov/genomes/all/GCF/017/298/815/GCF_017298815.1_ASM1729881v1	./Development/ThreeFold/data/external/Serratia/GCF_017298815.1_ASM1729881v1_genomic.fna.gz
GCF_017298835.1	PRJNA224116	SAMEA7301498	na	na	na	na	911022	615	Serratia marcescens subsp. marcescens ATCC 13880	strain=ATCC 13880 substr. Sm_S6_jyu2015	na	latest	Complete Genome	Major	Full	2021-03-08	ASM1729883v1		GCA_017298835.1	identical	https://ftp.ncbi.nlm.nih.gov/genomes/all/GCF/017/298/835/GCF_017298835.1_ASM1729883v1	./Development/ThreeFold/data/external/Serratia/GCF_017298835.1_ASM1729883v1_genomic.fna.gz
GCF_017298855.1	PRJNA224116	SAMEA7301497	na	na	na	na	911022	615	Serratia marcescens subsp. marcescens ATCC 13880	strain=ATCC 13880 substr. Sm_S71_jyu2015	na	latest	Complete Genome	Major	Full	2021-03-08	ASM1729885v1		GCA_017298855.1	identical	https://ftp.ncbi.nlm.nih.gov/genomes/all/GCF/017/298/855/GCF_017298855.1_ASM1729885v1	./Development/ThreeFold/data/external/Serratia/GCF_017298855.1_ASM1729885v1_genomic.fna.gz
GCF_017298875.1	PRJNA224116	SAMEA7301496	na	na	na	na	911022	615	Serratia marcescens subsp. marcescens ATCC 13880	strain=ATCC 13880 substr. Sm_S81_jyu2015	na	latest	Complete Genome	Major	Full	2021-03-08	ASM1729887v1		GCA_017298875.1	identical	https://ftp.ncbi.nlm.nih.gov/genomes/all/GCF/017/298/875/GCF_017298875.1_ASM1729887v1	./Development/ThreeFold/data/external/Serratia/GCF_017298875.1_ASM1729887v1_genomic.fna.gz
GCF_017298895.1	PRJNA224116	SAMEA7301495	na	na	na	na	911022	615	Serratia marcescens subsp. marcescens ATCC 13880	strain=ATCC 13880 substr. Sm_S89_jyu2015	na	latest	Complete Genome	Major	Full	2021-03-08	ASM1729889v1		GCA_017298895.1	identical	https://ftp.ncbi.nlm.nih.gov/genomes/all/GCF/017/298/895/GCF_017298895.1_ASM1729889v1	./Development/ThreeFold/data/external/Serratia/GCF_017298895.1_ASM1729889v1_genomic.fna.gz
GCF_017298915.1	PRJNA224116	SAMEA7301494	na	na	na	na	911022	615	Serratia marcescens subsp. marcescens ATCC 13880	strain=ATCC 13880 substr. Sm_S50_jyu2015	na	latest	Complete Genome	Major	Full	2021-03-08	ASM1729891v1		GCA_017298915.1	identical	https://ftp.ncbi.nlm.nih.gov/genomes/all/GCF/017/298/915/GCF_017298915.1_ASM1729891v1	./Development/ThreeFold/data/external/Serratia/GCF_017298915.1_ASM1729891v1_genomic.fna.gz
GCF_017298935.1	PRJNA224116	SAMEA7301493	na	na	na	na	911022	615	Serratia marcescens subsp. marcescens ATCC 13880	strain=ATCC 13880 substr. Sm_SA_jyu2015	na	latest	Complete Genome	Major	Full	2021-03-08	ASM1729893v1		GCA_017298935.1	identical	https://ftp.ncbi.nlm.nih.gov/genomes/all/GCF/017/298/935/GCF_017298935.1_ASM1729893v1	./Development/ThreeFold/data/external/Serratia/GCF_017298935.1_ASM1729893v1_genomic.fna.gz
GCF_017298955.1	PRJNA224116	SAMEA7301492	na	na	na	na	911022	615	Serratia marcescens subsp. marcescens ATCC 13880	strain=ATCC 13880 substr. Sm_S24_jyu2015	na	latest	Complete Genome	Major	Full	2021-03-08	ASM1729895v1		GCA_017298955.1	identical	https://ftp.ncbi.nlm.nih.gov/genomes/all/GCF/017/298/955/GCF_017298955.1_ASM1729895v1	./Development/ThreeFold/data/external/Serratia/GCF_017298955.1_ASM1729895v1_genomic.fna.gz
GCF_017298975.1	PRJNA224116	SAMEA7301491	na	na	na	na	911022	615	Serratia marcescens subsp. marcescens ATCC 13880	strain=ATCC 13880 substr. Sm_S65_jyu2015	na	latest	Complete Genome	Major	Full	2021-03-08	ASM1729897v1		GCA_017298975.1	identical	https://ftp.ncbi.nlm.nih.gov/genomes/all/GCF/017/298/975/GCF_017298975.1_ASM1729897v1	./Development/ThreeFold/data/external/Serratia/GCF_017298975.1_ASM1729897v1_genomic.fna.gz
GCF_017298995.1	PRJNA224116	SAMEA7301489	na	na	na	na	911022	615	Serratia marcescens subsp. marcescens ATCC 13880	strain=ATCC 13880 substr. Sm_S28_jyu2015	na	latest	Complete Genome	Major	Full	2021-03-08	ASM1729899v1		GCA_017298995.1	identical	https://ftp.ncbi.nlm.nih.gov/genomes/all/GCF/017/298/995/GCF_017298995.1_ASM1729899v1	./Development/ThreeFold/data/external/Serratia/GCF_017298995.1_ASM1729899v1_genomic.fna.gz
GCF_017299015.1	PRJNA224116	SAMEA7301488	na	na	na	na	911022	615	Serratia marcescens subsp. marcescens ATCC 13880	strain=ATCC 13880 substr. Sm_S33_jyu2015	na	latest	Complete Genome	Major	Full	2021-03-08	ASM1729901v1		GCA_017299015.1	identical	https://ftp.ncbi.nlm.nih.gov/genomes/all/GCF/017/299/015/GCF_017299015.1_ASM1729901v1	./Development/ThreeFold/data/external/Serratia/GCF_017299015.1_ASM1729901v1_genomic.fna.gz
GCF_017299035.1	PRJNA224116	SAMEA7301487	na	na	na	na	911022	615	Serratia marcescens subsp. marcescens ATCC 13880	strain=ATCC 13880 substr. Sm_S22_jyu2015	na	latest	Complete Genome	Major	Full	2021-03-08	ASM1729903v1		GCA_017299035.1	identical	https://ftp.ncbi.nlm.nih.gov/genomes/all/GCF/017/299/035/GCF_017299035.1_ASM1729903v1	./Development/ThreeFold/data/external/Serratia/GCF_017299035.1_ASM1729903v1_genomic.fna.gz
GCF_017299175.1	PRJNA224116	SAMEA7301486	na	na	na	na	911022	615	Serratia marcescens subsp. marcescens ATCC 13880	strain=ATCC 13880 substr. Sm_S78_jyu2015	na	latest	Complete Genome	Major	Full	2021-03-08	ASM1729917v1		GCA_017299175.1	identical	https://ftp.ncbi.nlm.nih.gov/genomes/all/GCF/017/299/175/GCF_017299175.1_ASM1729917v1	./Development/ThreeFold/data/external/Serratia/GCF_017299175.1_ASM1729917v1_genomic.fna.gz
GCF_017299275.1	PRJNA224116	SAMEA7301484	na	na	na	na	911022	615	Serratia marcescens subsp. marcescens ATCC 13880	strain=ATCC 13880 substr. Sm_S67_jyu2015	na	latest	Complete Genome	Major	Full	2021-03-08	ASM1729927v1		GCA_017299275.1	identical	https://ftp.ncbi.nlm.nih.gov/genomes/all/GCF/017/299/275/GCF_017299275.1_ASM1729927v1	./Development/ThreeFold/data/external/Serratia/GCF_017299275.1_ASM1729927v1_genomic.fna.gz
GCF_017299315.1	PRJNA224116	SAMEA7301485	na	na	na	na	911022	615	Serratia marcescens subsp. marcescens ATCC 13880	strain=ATCC 13880 substr. Sm_S40_jyu2015	na	latest	Complete Genome	Major	Full	2021-03-08	ASM1729931v1		GCA_017299315.1	identical	https://ftp.ncbi.nlm.nih.gov/genomes/all/GCF/017/299/315/GCF_017299315.1_ASM1729931v1	./Development/ThreeFold/data/external/Serratia/GCF_017299315.1_ASM1729931v1_genomic.fna.gz
GCF_017299435.1	PRJNA224116	SAMEA7301483	na	na	na	na	911022	615	Serratia marcescens subsp. marcescens ATCC 13880	strain=ATCC 13880 substr. Sm_S95_jyu2015	na	latest	Complete Genome	Major	Full	2021-03-08	ASM1729943v1		GCA_017299435.1	identical	https://ftp.ncbi.nlm.nih.gov/genomes/all/GCF/017/299/435/GCF_017299435.1_ASM1729943v1	./Development/ThreeFold/data/external/Serratia/GCF_017299435.1_ASM1729943v1_genomic.fna.gz
GCF_017299535.1	PRJNA224116	SAMEA7301481	na	na	na	na	911022	615	Serratia marcescens subsp. marcescens ATCC 13880	strain=ATCC 13880 substr. Sm_S9_jyu2015	na	latest	Complete Genome	Major	Full	2021-03-08	ASM1729953v1		GCA_017299535.1	identical	https://ftp.ncbi.nlm.nih.gov/genomes/all/GCF/017/299/535/GCF_017299535.1_ASM1729953v1	./Development/ThreeFold/data/external/Serratia/GCF_017299535.1_ASM1729953v1_genomic.fna.gz
GCF_017299575.1	PRJNA224116	SAMEA7301480	na	na	na	na	911022	615	Serratia marcescens subsp. marcescens ATCC 13880	strain=ATCC 13880 substr. Sm_S64_jyu2015	na	latest	Complete Genome	Major	Full	2021-03-08	ASM1729957v1		GCA_017299575.1	identical	https://ftp.ncbi.nlm.nih.gov/genomes/all/GCF/017/299/575/GCF_017299575.1_ASM1729957v1	./Development/ThreeFold/data/external/Serratia/GCF_017299575.1_ASM1729957v1_genomic.fna.gz
GCF_017301255.1	PRJNA224116	SAMEA7301490	na	na	na	na	911022	615	Serratia marcescens subsp. marcescens ATCC 13880	strain=ATCC 13880 substr. Sm_S57_jyu2015	na	latest	Complete Genome	Major	Full	2021-03-08	ASM1730125v1		GCA_017301255.1	identical	https://ftp.ncbi.nlm.nih.gov/genomes/all/GCF/017/301/255/GCF_017301255.1_ASM1730125v1	./Development/ThreeFold/data/external/Serratia/GCF_017301255.1_ASM1730125v1_genomic.fna.gz
GCF_017301275.1	PRJNA224116	SAMEA7301482	na	na	na	assembly from type material	911022	615	Serratia marcescens subsp. marcescens ATCC 13880	strain=ATCC 13880 substr. Sm_S13_jyu2015	na	latest	Complete Genome	Major	Full	2021-03-08	ASM1730127v1		GCA_017301275.1	identical	https://ftp.ncbi.nlm.nih.gov/genomes/all/GCF/017/301/275/GCF_017301275.1_ASM1730127v1	./Development/ThreeFold/data/external/Serratia/GCF_017301275.1_ASM1730127v1_genomic.fna.gz
GCF_017301295.1	PRJNA224116	SAMEA7301479	na	na	na	na	911022	615	Serratia marcescens subsp. marcescens ATCC 13880	strain=ATCC 13880 substr. Sm_S55_jyu2015	na	latest	Complete Genome	Major	Full	2021-03-08	ASM1730129v1		GCA_017301295.1	identical	https://ftp.ncbi.nlm.nih.gov/genomes/all/GCF/017/301/295/GCF_017301295.1_ASM1730129v1	./Development/ThreeFold/data/external/Serratia/GCF_017301295.1_ASM1730129v1_genomic.fna.gz
GCF_017301315.1	PRJNA224116	SAMEA7301478	na	na	na	na	911022	615	Serratia marcescens subsp. marcescens ATCC 13880	strain=ATCC 13880 substr. Sm_S37_jyu2015	na	latest	Complete Genome	Major	Full	2021-03-08	ASM1730131v1		GCA_017301315.1	identical	https://ftp.ncbi.nlm.nih.gov/genomes/all/GCF/017/301/315/GCF_017301315.1_ASM1730131v1	./Development/ThreeFold/data/external/Serratia/GCF_017301315.1_ASM1730131v1_genomic.fna.gz
GCF_017654245.1	PRJNA224116	SAMN18473280	na	na	na	assembly from type material	911022	615	Serratia marcescens subsp. marcescens ATCC 13880	strain=ATCC 13880	na	latest	Complete Genome	Major	Full	2021-03-31	ASM1765424v1		GCA_017654245.1	identical	https://ftp.ncbi.nlm.nih.gov/genomes/all/GCF/017/654/245/GCF_017654245.1_ASM1765424v1	./Development/ThreeFold/data/external/Serratia/GCF_017654245.1_ASM1765424v1_genomic.fna.gz
GCF_034424255.1	PRJNA224116	SAMN38562723	na	na	na	assembly from type material	911022	615	Serratia marcescens subsp. marcescens ATCC 13880	strain=ATCC 13880	na	latest	Complete Genome	Major	Full	2023-12-17	ASM3442425v1		GCA_034424255.1	identical	https://ftp.ncbi.nlm.nih.gov/genomes/all/GCF/034/424/255/GCF_034424255.1_ASM3442425v1	./Development/ThreeFold/data/external/Serratia/GCF_034424255.1_ASM3442425v1_genomic.fna.gz
GCF_000478545.1	PRJNA224116	SAMN02440958	ARWD00000000.1	na	na	na	1006598	82996	Serratia plymuthica RVH1	strain=RVH1	na	latest	Complete Genome	Major	Full	2013-04-26	ASM47854v1		GCA_000478545.1	identical	https://ftp.ncbi.nlm.nih.gov/genomes/all/GCF/000/478/545/GCF_000478545.1_ASM47854v1	./Development/ThreeFold/data/external/Serratia/GCF_000478545.1_ASM47854v1_genomic.fna.gz
GCF_000261045.2	PRJNA224116	SAMN02470676	na	na	na	na	1154756	2338073	Serratia inhibens PRI-2C	strain=PRI-2C	na	latest	Complete Genome	Major	Full	2016-07-15	ASM26104v2		GCA_000261045.2	identical	https://ftp.ncbi.nlm.nih.gov/genomes/all/GCF/000/261/045/GCF_000261045.2_ASM26104v2	./Development/ThreeFold/data/external/Serratia/GCF_000261045.2_ASM26104v2_genomic.fna.gz
GCF_000695995.1	PRJNA224116	SAMN03081466	na	na	na	na	1327989	1327989	Serratia sp. FS14	strain=FS14	na	latest	Complete Genome	Major	Full	2014-05-27	ASM69599v1		GCA_000695995.1	identical	https://ftp.ncbi.nlm.nih.gov/genomes/all/GCF/000/695/995/GCF_000695995.1_ASM69599v1	./Development/ThreeFold/data/external/Serratia/GCF_000695995.1_ASM69599v1_genomic.fna.gz
GCF_000828775.1	PRJNA224116	SAMD00061009	na	na	na	na	1334564	615	Serratia marcescens SM39	strain=SM39	na	latest	Complete Genome	Major	Full	2014-01-09	ASM82877v1		GCA_000828775.1	identical	https://ftp.ncbi.nlm.nih.gov/genomes/all/GCF/000/828/775/GCF_000828775.1_ASM82877v1	./Development/ThreeFold/data/external/Serratia/GCF_000828775.1_ASM82877v1_genomic.fna.gz
GCF_000422085.1	PRJNA224116	SAMN02604177	na	na	reference genome	assembly from type material	1346614	614	Serratia liquefaciens ATCC 27592	strain=ATCC 27592	na	latest	Complete Genome	Major	Full	2013-07-11	ASM42208v1		GCA_000422085.1	identical	https://ftp.ncbi.nlm.nih.gov/genomes/all/GCF/000/422/085/GCF_000422085.1_ASM42208v1	./Development/ThreeFold/data/external/Serratia/GCF_000422085.1_ASM42208v1_genomic.fna.gz
GCF_000438825.1	PRJNA224116	SAMN02603297	na	na	na	na	1348660	82996	Serratia plymuthica S13	na	S13	latest	Complete Genome	Major	Full	2013-07-05	ASM43882v1		GCA_000438825.1	identical	https://ftp.ncbi.nlm.nih.gov/genomes/all/GCF/000/438/825/GCF_000438825.1_ASM43882v1	./Development/ThreeFold/data/external/Serratia/GCF_000438825.1_ASM43882v1_genomic.fna.gz
GCF_900029885.1	PRJNA224116	SAMEA3865280	na	na	na	na	1401254	615	Serratia marcescens SMB2099	strain=SMB2099	na	latest	Complete Genome	Major	Full	2017-01-05	Sm_SMB2099		GCA_900029885.1	identical	https://ftp.ncbi.nlm.nih.gov/genomes/all/GCF/900/029/885/GCF_900029885.1_Sm_SMB2099	./Development/ThreeFold/data/external/Serratia/GCF_900029885.1_Sm_SMB2099_genomic.fna.gz
GCF_044865145.1	PRJNA224116	SAMN44589911	na	na	reference genome	assembly from type material	1737515	1737515	Serratia aquatilis	strain=2015-2462-01	na	latest	Complete Genome	Major	Full	2024-11-20	ASM4486514v1		GCA_044865145.1	identical	https://ftp.ncbi.nlm.nih.gov/genomes/all/GCF/044/865/145/GCF_044865145.1_ASM4486514v1	./Development/ThreeFold/data/external/Serratia/GCF_044865145.1_ASM4486514v1_genomic.fna.gz
GCF_002935055.1	PRJNA224116	SAMN04287055	na	na	na	na	1758196	1758196	Serratia sp. SSNIH1	strain=SSNIH1	na	latest	Complete Genome	Major	Full	2018-02-04	ASM293505v1		GCA_002935055.1	identical	https://ftp.ncbi.nlm.nih.gov/genomes/all/GCF/002/935/055/GCF_002935055.1_ASM293505v1	./Development/ThreeFold/data/external/Serratia/GCF_002935055.1_ASM293505v1_genomic.fna.gz
GCF_002966855.1	PRJNA224116	SAMN07581420	na	na	na	na	2033438	2033438	Serratia sp. MYb239	strain=MYb239	na	latest	Complete Genome	Major	Full	2018-03-02	ASM296685v1		GCA_002966855.1	identical	https://ftp.ncbi.nlm.nih.gov/genomes/all/GCF/002/966/855/GCF_002966855.1_ASM296685v1	./Development/ThreeFold/data/external/Serratia/GCF_002966855.1_ASM296685v1_genomic.fna.gz
GCF_039719025.1	PRJNA224116	SAMN37595005	na	na	na	na	2338073	2338073	Serratia inhibens	strain=CCGG2742	na	latest	Complete Genome	Major	Full	2024-05-23	ASM3971902v1		GCA_039719025.1	identical	https://ftp.ncbi.nlm.nih.gov/genomes/all/GCF/039/719/025/GCF_039719025.1_ASM3971902v1	./Development/ThreeFold/data/external/Serratia/GCF_039719025.1_ASM3971902v1_genomic.fna.gz
GCF_003812745.1	PRJNA224116	SAMN10163200	na	na	na	na	2420306	2420306	Serratia sp. FDAARGOS_506	strain=FDAARGOS_506	na	latest	Complete Genome	Major	Full	2018-11-21	ASM381274v1		GCA_003812745.1	identical	https://ftp.ncbi.nlm.nih.gov/genomes/all/GCF/003/812/745/GCF_003812745.1_ASM381274v1	./Development/ThreeFold/data/external/Serratia/GCF_003812745.1_ASM381274v1_genomic.fna.gz
GCF_003641105.1	PRJNA224116	SAMN10139427	na	na	na	na	2447890	2447890	Serratia sp. 1D1416	strain=1D1416	na	latest	Complete Genome	Major	Full	2018-10-15	ASM364110v1		GCA_003641105.1	identical	https://ftp.ncbi.nlm.nih.gov/genomes/all/GCF/003/641/105/GCF_003641105.1_ASM364110v1	./Development/ThreeFold/data/external/Serratia/GCF_003641105.1_ASM364110v1_genomic.fna.gz
GCF_003668775.1	PRJNA224116	SAMN10216109	na	na	na	na	2448483	2448483	Serratia sp. 3ACOL1	na	3ACOL1	latest	Complete Genome	Major	Full	2018-10-22	ASM366877v1		GCA_003668775.1	identical	https://ftp.ncbi.nlm.nih.gov/genomes/all/GCF/003/668/775/GCF_003668775.1_ASM366877v1	./Development/ThreeFold/data/external/Serratia/GCF_003668775.1_ASM366877v1_genomic.fna.gz
GCF_003691565.1	PRJNA224116	SAMN10217871	na	na	na	na	2482769	2482769	Serratia sp. P2ACOL2	strain=P2ACOL2	na	latest	Complete Genome	Major	Full	2018-10-29	ASM369156v1		GCA_003691565.1	identical	https://ftp.ncbi.nlm.nih.gov/genomes/all/GCF/003/691/565/GCF_003691565.1_ASM369156v1	./Development/ThreeFold/data/external/Serratia/GCF_003691565.1_ASM369156v1_genomic.fna.gz
GCF_003719595.1	PRJNA224116	SAMN10351671	na	na	na	na	2485839	2485839	Serratia sp. LS-1	strain=LS-1	na	latest	Complete Genome	Major	Full	2018-11-10	ASM371959v1		GCA_003719595.1	identical	https://ftp.ncbi.nlm.nih.gov/genomes/all/GCF/003/719/595/GCF_003719595.1_ASM371959v1	./Development/ThreeFold/data/external/Serratia/GCF_003719595.1_ASM371959v1_genomic.fna.gz
GCF_009817885.1	PRJNA224116	SAMN12318923	na	na	reference genome	assembly from type material	2597702	2597702	Serratia rhizosphaerae	strain=KUDC3025	na	latest	Complete Genome	Major	Full	2019-12-31	ASM981788v1		GCA_009817885.1	identical	https://ftp.ncbi.nlm.nih.gov/genomes/all/GCF/009/817/885/GCF_009817885.1_ASM981788v1	./Development/ThreeFold/data/external/Serratia/GCF_009817885.1_ASM981788v1_genomic.fna.gz
GCF_010119335.3	PRJNA224116	SAMN13155787	na	na	na	na	2663241	2663241	Serratia sp. HRI	strain=HRI	na	latest	Complete Genome	Major	Full	2021-09-23	ASM1011933v3		GCA_010119335.3	identical	https://ftp.ncbi.nlm.nih.gov/genomes/all/GCF/010/119/335/GCF_010119335.3_ASM1011933v3	./Development/ThreeFold/data/external/Serratia/GCF_010119335.3_ASM1011933v3_genomic.fna.gz
GCF_009905295.1	PRJNA224116	SAMN13818260	na	na	na	na	2697369	2697369	Serratia sp. NGAS9	strain=NGAS9	na	latest	Complete Genome	Major	Full	2020-01-19	ASM990529v1		GCA_009905295.1	identical	https://ftp.ncbi.nlm.nih.gov/genomes/all/GCF/009/905/295/GCF_009905295.1_ASM990529v1	./Development/ThreeFold/data/external/Serratia/GCF_009905295.1_ASM990529v1_genomic.fna.gz
GCF_030179475.1	PRJNA224116	SAMN30974103	na	na	na	na	2703794	2703794	Serratia nevei	strain=2017-45-174	na	latest	Complete Genome	Major	Full	2023-06-06	ASM3017947v1		GCA_030179475.1	identical	https://ftp.ncbi.nlm.nih.gov/genomes/all/GCF/030/179/475/GCF_030179475.1_ASM3017947v1	./Development/ThreeFold/data/external/Serratia/GCF_030179475.1_ASM3017947v1_genomic.fna.gz
GCF_030863825.1	PRJNA224116	SAMN32262097	na	na	na	na	2703794	2703794	Serratia nevei	strain=CUVET18-1371	na	latest	Complete Genome	Major	Full	2023-08-23	ASM3086382v1		GCA_030863825.1	identical	https://ftp.ncbi.nlm.nih.gov/genomes/all/GCF/030/863/825/GCF_030863825.1_ASM3086382v1	./Development/ThreeFold/data/external/Serratia/GCF_030863825.1_ASM3086382v1_genomic.fna.gz
GCF_030863845.1	PRJNA224116	SAMN32262098	na	na	na	na	2703794	2703794	Serratia nevei	strain=CUVET18-1784	na	latest	Complete Genome	Major	Full	2023-08-23	ASM3086384v1		GCA_030863845.1	identical	https://ftp.ncbi.nlm.nih.gov/genomes/all/GCF/030/863/845/GCF_030863845.1_ASM3086384v1	./Development/ThreeFold/data/external/Serratia/GCF_030863845.1_ASM3086384v1_genomic.fna.gz
GCF_037948395.1	PRJNA224116	SAMN40188831	na	na	reference genome	assembly from type material	2703794	2703794	Serratia nevei	strain=LMG 31536	na	latest	Complete Genome	Major	Full	2024-04-06	ASM3794839v1		GCA_037948395.1	identical	https://ftp.ncbi.nlm.nih.gov/genomes/all/GCF/037/948/395/GCF_037948395.1_ASM3794839v1	./Development/ThreeFold/data/external/Serratia/GCF_037948395.1_ASM3794839v1_genomic.fna.gz
GCF_001642805.2	PRJNA224116	SAMN04226521	na	na	reference genome	assembly from type material	2741499	2741499	Serratia surfactantfaciens	strain=YD25	na	latest	Complete Genome	Major	Full	2016-08-23	ASM164280v2		GCA_001642805.2	identical	https://ftp.ncbi.nlm.nih.gov/genomes/all/GCF/001/642/805/GCF_001642805.2_ASM164280v2	./Development/ThreeFold/data/external/Serratia/GCF_001642805.2_ASM164280v2_genomic.fna.gz
GCF_046531865.1	PRJNA224116	SAMN15543001	na	na	na	na	2754727	2754727	Serratia sp. AXJ-M	strain=AXJ-M	na	latest	Complete Genome	Major	Full	2025-01-09	ASM4653186v1		GCA_046531865.1	identical	https://ftp.ncbi.nlm.nih.gov/genomes/all/GCF/046/531/865/GCF_046531865.1_ASM4653186v1	./Development/ThreeFold/data/external/Serratia/GCF_046531865.1_ASM4653186v1_genomic.fna.gz
GCF_905188235.1	PRJNA224116	SAMEA7322502	na	na	na	na	2773264	2773264	Serratia sp. Tan611	na	Serratia sp. Tan611	latest	Complete Genome	Major	Full	2021-02-01	ASM90518823v1		GCA_905188235.1	identical	https://ftp.ncbi.nlm.nih.gov/genomes/all/GCF/905/188/235/GCF_905188235.1_ASM90518823v1	./Development/ThreeFold/data/external/Serratia/GCF_905188235.1_ASM90518823v1_genomic.fna.gz
GCF_015689115.1	PRJNA224116	SAMN16704389	na	na	na	na	2785630	2785630	Serratia sp. CMO1	strain=CMO1	na	latest	Complete Genome	Major	Full	2020-11-25	ASM1568911v1		GCA_015689115.1	identical	https://ftp.ncbi.nlm.nih.gov/genomes/all/GCF/015/689/115/GCF_015689115.1_ASM1568911v1	./Development/ThreeFold/data/external/Serratia/GCF_015689115.1_ASM1568911v1_genomic.fna.gz
GCF_019968745.1	PRJNA224116	SAMN18917005	na	na	na	na	2831893	2831893	Serratia sp. JSRIV001	strain=JSRIV001	na	latest	Complete Genome	Major	Full	2021-09-14	ASM1996874v1		GCA_019968745.1	identical	https://ftp.ncbi.nlm.nih.gov/genomes/all/GCF/019/968/745/GCF_019968745.1_ASM1996874v1	./Development/ThreeFold/data/external/Serratia/GCF_019968745.1_ASM1996874v1_genomic.fna.gz
GCF_019968725.1	PRJNA224116	SAMN18917006	na	na	na	na	2831894	2831894	Serratia sp. JSRIV002	strain=JSRIV002	na	latest	Complete Genome	Major	Full	2021-09-14	ASM1996872v1		GCA_019968725.1	identical	https://ftp.ncbi.nlm.nih.gov/genomes/all/GCF/019/968/725/GCF_019968725.1_ASM1996872v1	./Development/ThreeFold/data/external/Serratia/GCF_019968725.1_ASM1996872v1_genomic.fna.gz
GCF_019968705.1	PRJNA224116	SAMN18917007	na	na	na	na	2831895	2831895	Serratia sp. JSRIV004	strain=JSRIV004	na	latest	Complete Genome	Major	Full	2021-09-14	ASM1996870v1		GCA_019968705.1	identical	https://ftp.ncbi.nlm.nih.gov/genomes/all/GCF/019/968/705/GCF_019968705.1_ASM1996870v1	./Development/ThreeFold/data/external/Serratia/GCF_019968705.1_ASM1996870v1_genomic.fna.gz
GCF_019968685.1	PRJNA224116	SAMN18917008	na	na	na	na	2831896	2831896	Serratia sp. JSRIV006	strain=JSRIV006	na	latest	Complete Genome	Major	Full	2021-09-14	ASM1996868v1		GCA_019968685.1	identical	https://ftp.ncbi.nlm.nih.gov/genomes/all/GCF/019/968/685/GCF_019968685.1_ASM1996868v1	./Development/ThreeFold/data/external/Serratia/GCF_019968685.1_ASM1996868v1_genomic.fna.gz
GCF_033095805.1	PRJNA224116	SAMN31258395	na	na	na	na	2986763	2986763	Serratia sp. UGAL515B_01	strain=UGAL515B_01	na	latest	Complete Genome	Major	Full	2023-10-27	ASM3309580v1		GCA_033095805.1	identical	https://ftp.ncbi.nlm.nih.gov/genomes/all/GCF/033/095/805/GCF_033095805.1_ASM3309580v1	./Development/ThreeFold/data/external/Serratia/GCF_033095805.1_ASM3309580v1_genomic.fna.gz
GCF_029962605.1	PRJNA224116	SAMN32727621	na	na	na	assembly from type material	3020826	3020826	Serratia sarumanii	strain=K-M0706	na	latest	Complete Genome	Major	Full	2023-05-10	ASM2996260v1		GCA_029962605.1	identical	https://ftp.ncbi.nlm.nih.gov/genomes/all/GCF/029/962/605/GCF_029962605.1_ASM2996260v1	./Development/ThreeFold/data/external/Serratia/GCF_029962605.1_ASM2996260v1_genomic.fna.gz
GCF_035749045.1	PRJNA224116	SAMN39290592	na	na	na	na	3020826	3020826	Serratia sarumanii	strain=K-M0260	na	latest	Complete Genome	Major	Full	2024-01-17	ASM3574904v1		GCA_035749045.1	identical	https://ftp.ncbi.nlm.nih.gov/genomes/all/GCF/035/749/045/GCF_035749045.1_ASM3574904v1	./Development/ThreeFold/data/external/Serratia/GCF_035749045.1_ASM3574904v1_genomic.fna.gz
GCF_035749905.1	PRJNA224116	SAMN39290590	na	na	reference genome	na	3020826	3020826	Serratia sarumanii	strain=K-M0228	na	latest	Complete Genome	Major	Full	2024-01-17	ASM3574990v1		GCA_035749905.1	identical	https://ftp.ncbi.nlm.nih.gov/genomes/all/GCF/035/749/905/GCF_035749905.1_ASM3574990v1	./Development/ThreeFold/data/external/Serratia/GCF_035749905.1_ASM3574990v1_genomic.fna.gz
GCF_035752725.1	PRJNA224116	SAMN39290591	na	na	na	na	3020826	3020826	Serratia sarumanii	strain=K-M0252	na	latest	Complete Genome	Major	Full	2024-01-17	ASM3575272v1		GCA_035752725.1	identical	https://ftp.ncbi.nlm.nih.gov/genomes/all/GCF/035/752/725/GCF_035752725.1_ASM3575272v1	./Development/ThreeFold/data/external/Serratia/GCF_035752725.1_ASM3575272v1_genomic.fna.gz
GCF_029962625.1	PRJNA224116	SAMN32762131	na	na	na	na	3021405	3021405	Serratia sp. K-E0102	strain=K-E0102	na	latest	Complete Genome	Major	Full	2023-05-10	ASM2996262v1		GCA_029962625.1	identical	https://ftp.ncbi.nlm.nih.gov/genomes/all/GCF/029/962/625/GCF_029962625.1_ASM2996262v1	./Development/ThreeFold/data/external/Serratia/GCF_029962625.1_ASM2996262v1_genomic.fna.gz
GCF_964019515.1	PRJNA224116	SAMEA114449987	na	na	na	na	3066236	138074	Serratia symbiotica (Periphyllus acericola)	na	54704	latest	Complete Genome	Major	Full	2024-04-05	ihPerAcec1.Serratia_sp_1.1		GCA_964019515.1	identical	https://ftp.ncbi.nlm.nih.gov/genomes/all/GCF/964/019/515/GCF_964019515.1_ihPerAcec1.Serratia_sp_1.1	./Development/ThreeFold/data/external/Serratia/GCF_964019515.1_ihPerAcec1.Serratia_sp_1.1_genomic.fna.gz
GCF_044594185.1	PRJNA224116	SAMN37207743	na	na	na	na	3375638	3375638	Serratia sp. szju	strain=szju	na	latest	Complete Genome	Major	Full	2024-11-09	ASM4459418v1		GCA_044594185.1	identical	https://ftp.ncbi.nlm.nih.gov/genomes/all/GCF/044/594/185/GCF_044594185.1_ASM4459418v1	./Development/ThreeFold/data/external/Serratia/GCF_044594185.1_ASM4459418v1_genomic.fna.gz
GCF_047456065.1	PRJNA224116	SAMN44451129	na	na	na	na	3376147	3376147	Serratia sp. BNK-10	strain=BNK-10	na	latest	Complete Genome	Major	Full	2025-02-06	ASM4745606v1		GCA_047456065.1	identical	https://ftp.ncbi.nlm.nih.gov/genomes/all/GCF/047/456/065/GCF_047456065.1_ASM4745606v1	./Development/ThreeFold/data/external/Serratia/GCF_047456065.1_ASM4745606v1_genomic.fna.gz
GCF_047456075.1	PRJNA224116	SAMN44451130	na	na	na	na	3376148	3376148	Serratia sp. BNK-11	strain=BNK-11	na	latest	Complete Genome	Major	Full	2025-02-06	ASM4745607v1		GCA_047456075.1	identical	https://ftp.ncbi.nlm.nih.gov/genomes/all/GCF/047/456/075/GCF_047456075.1_ASM4745607v1	./Development/ThreeFold/data/external/Serratia/GCF_047456075.1_ASM4745607v1_genomic.fna.gz
GCF_047456085.1	PRJNA224116	SAMN44451131	na	na	na	na	3376149	3376149	Serratia sp. BNK-12	strain=BNK-12	na	latest	Complete Genome	Major	Full	2025-02-06	ASM4745608v1		GCA_047456085.1	identical	https://ftp.ncbi.nlm.nih.gov/genomes/all/GCF/047/456/085/GCF_047456085.1_ASM4745608v1	./Development/ThreeFold/data/external/Serratia/GCF_047456085.1_ASM4745608v1_genomic.fna.gz
GCF_047456145.1	PRJNA224116	SAMN44451140	na	na	na	na	3376158	3376158	Serratia sp. BNK-23	strain=BNK-23	na	latest	Complete Genome	Major	Full	2025-02-06	ASM4745614v1		GCA_047456145.1	identical	https://ftp.ncbi.nlm.nih.gov/genomes/all/GCF/047/456/145/GCF_047456145.1_ASM4745614v1	./Development/ThreeFold/data/external/Serratia/GCF_047456145.1_ASM4745614v1_genomic.fna.gz
GCF_047456165.1	PRJNA224116	SAMN44451144	na	na	na	na	3376162	3376162	Serratia sp. BNK-26-a	strain=BNK-26-a	na	latest	Complete Genome	Major	Full	2025-02-06	ASM4745616v1		GCA_047456165.1	identical	https://ftp.ncbi.nlm.nih.gov/genomes/all/GCF/047/456/165/GCF_047456165.1_ASM4745616v1	./Development/ThreeFold/data/external/Serratia/GCF_047456165.1_ASM4745616v1_genomic.fna.gz
GCF_047456175.1	PRJNA224116	SAMN44451145	na	na	na	na	3376163	3376163	Serratia sp. BNK-26-b	strain=BNK-26-b	na	latest	Complete Genome	Major	Full	2025-02-06	ASM4745617v1		GCA_047456175.1	identical	https://ftp.ncbi.nlm.nih.gov/genomes/all/GCF/047/456/175/GCF_047456175.1_ASM4745617v1	./Development/ThreeFold/data/external/Serratia/GCF_047456175.1_ASM4745617v1_genomic.fna.gz
